input,output,category_name,operations
afghanistan,NATSINAHGFA,upper_reverse,uppercase+reverse
albania,AINABLA,upper_reverse,uppercase+reverse
algeria,AIREGLA,upper_reverse,uppercase+reverse
andorra,ARRODNA,upper_reverse,uppercase+reverse
angola,ALOGNA,upper_reverse,uppercase+reverse
argentina,ANITNEGRA,upper_reverse,uppercase+reverse
armenia,AINEMRA,upper_reverse,uppercase+reverse
australia,AILARTSUA,upper_reverse,uppercase+reverse
austria,AIRTSUA,upper_reverse,uppercase+reverse
azerbaijan,NAJIABREZA,upper_reverse,uppercase+reverse
bahamas,SAMAHAB,upper_reverse,uppercase+reverse
bahrain,NIARHAB,upper_reverse,uppercase+reverse
bangladesh,HSEDALGNAB,upper_reverse,uppercase+reverse
barbados,SODABRAB,upper_reverse,uppercase+reverse
belarus,SURALEB,upper_reverse,uppercase+reverse
belgium,MUIGLEB,upper_reverse,uppercase+reverse
belize,EZILEB,upper_reverse,uppercase+reverse
benin,NINEB,upper_reverse,uppercase+reverse
bhutan,NATUHB,upper_reverse,uppercase+reverse
bolivia,AIVILOB,upper_reverse,uppercase+reverse
botswana,ANAWSTOB,upper_reverse,uppercase+reverse
brazil,LIZARB,upper_reverse,uppercase+reverse
brunei,IENURB,upper_reverse,uppercase+reverse
bulgaria,AIRAGLUB,upper_reverse,uppercase+reverse
burundi,IDNURUB,upper_reverse,uppercase+reverse
cambodia,AIDOBMAC,upper_reverse,uppercase+reverse
cameroon,NOOREMAC,upper_reverse,uppercase+reverse
canada,ADANAC,upper_reverse,uppercase+reverse
chad,DAHC,upper_reverse,uppercase+reverse
chile,ELIHC,upper_reverse,uppercase+reverse
china,ANIHC,upper_reverse,uppercase+reverse
colombia,AIBMOLOC,upper_reverse,uppercase+reverse
comoros,SOROMOC,upper_reverse,uppercase+reverse
congo,OGNOC,upper_reverse,uppercase+reverse
croatia,AITAORC,upper_reverse,uppercase+reverse
cuba,ABUC,upper_reverse,uppercase+reverse
cyprus,SURPYC,upper_reverse,uppercase+reverse
denmark,KRAMNED,upper_reverse,uppercase+reverse
djibouti,ITUOBIJD,upper_reverse,uppercase+reverse
dominica,ACINIMOD,upper_reverse,uppercase+reverse
ecuador,RODAUCE,upper_reverse,uppercase+reverse
egypt,TPYGE,upper_reverse,uppercase+reverse
eritrea,AERTIRE,upper_reverse,uppercase+reverse
estonia,AINOTSE,upper_reverse,uppercase+reverse
eswatini,INITAWSE,upper_reverse,uppercase+reverse
ethiopia,AIPOIHTE,upper_reverse,uppercase+reverse
fiji,IJIF,upper_reverse,uppercase+reverse
finland,DNALNIF,upper_reverse,uppercase+reverse
france,ECNARF,upper_reverse,uppercase+reverse
gabon,NOBAG,upper_reverse,uppercase+reverse
gambia,AIBMAG,upper_reverse,uppercase+reverse
georgia,AIGROEG,upper_reverse,uppercase+reverse
germany,YNAMREG,upper_reverse,uppercase+reverse
ghana,ANAHG,upper_reverse,uppercase+reverse
greece,ECEERG,upper_reverse,uppercase+reverse
grenada,ADANERG,upper_reverse,uppercase+reverse
guatemala,ALAMETAUG,upper_reverse,uppercase+reverse
guinea,AENIUG,upper_reverse,uppercase+reverse
guyana,ANAYUG,upper_reverse,uppercase+reverse
haiti,ITIAH,upper_reverse,uppercase+reverse
honduras,SARUDNOH,upper_reverse,uppercase+reverse
hungary,YRAGNUH,upper_reverse,uppercase+reverse
iceland,DNALECI,upper_reverse,uppercase+reverse
india,AIDNI,upper_reverse,uppercase+reverse
indonesia,AISENODNI,upper_reverse,uppercase+reverse
iran,NARI,upper_reverse,uppercase+reverse
iraq,QARI,upper_reverse,uppercase+reverse
ireland,DNALERI,upper_reverse,uppercase+reverse
israel,LEARSI,upper_reverse,uppercase+reverse
italy,YLATI,upper_reverse,uppercase+reverse
jamaica,ACIAMAJ,upper_reverse,uppercase+reverse
japan,NAPAJ,upper_reverse,uppercase+reverse
jordan,NADROJ,upper_reverse,uppercase+reverse
kazakhstan,NATSHKAZAK,upper_reverse,uppercase+reverse
kenya,AYNEK,upper_reverse,uppercase+reverse
kiribati,ITABIRIK,upper_reverse,uppercase+reverse
kosovo,OVOSOK,upper_reverse,uppercase+reverse
kuwait,TIAWUK,upper_reverse,uppercase+reverse
kyrgyzstan,NATSZYGRYK,upper_reverse,uppercase+reverse
laos,SOAL,upper_reverse,uppercase+reverse
latvia,AIVTAL,upper_reverse,uppercase+reverse
lebanon,NONABEL,upper_reverse,uppercase+reverse
lesotho,OHTOSEL,upper_reverse,uppercase+reverse
liberia,AIREBIL,upper_reverse,uppercase+reverse
libya,AYBIL,upper_reverse,uppercase+reverse
liechtenstein,NIETSNETHCEIL,upper_reverse,uppercase+reverse
lithuania,AINAUHTIL,upper_reverse,uppercase+reverse
luxembourg,GRUOBMEXUL,upper_reverse,uppercase+reverse
madagascar,RACSAGADAM,upper_reverse,uppercase+reverse
malawi,IWALAM,upper_reverse,uppercase+reverse
malaysia,AISYALAM,upper_reverse,uppercase+reverse
maldives,SEVIDLAM,upper_reverse,uppercase+reverse
mali,ILAM,upper_reverse,uppercase+reverse
malta,ATLAM,upper_reverse,uppercase+reverse
mauritania,AINATIRUAM,upper_reverse,uppercase+reverse
mauritius,SUITIRUAM,upper_reverse,uppercase+reverse
mexico,OCIXEM,upper_reverse,uppercase+reverse
micronesia,AISENORCIM,upper_reverse,uppercase+reverse
moldova,AVODLOM,upper_reverse,uppercase+reverse
monaco,OCANOM,upper_reverse,uppercase+reverse
mongolia,AILOGNOM,upper_reverse,uppercase+reverse
montenegro,ORGENETNOM,upper_reverse,uppercase+reverse
morocco,OCCOROM,upper_reverse,uppercase+reverse
mozambique,EUQIBMAZOM,upper_reverse,uppercase+reverse
myanmar,RAMNAYM,upper_reverse,uppercase+reverse
namibia,AIBIMAN,upper_reverse,uppercase+reverse
nauru,URUAN,upper_reverse,uppercase+reverse
nepal,LAPEN,upper_reverse,uppercase+reverse
netherlands,SDNALREHTEN,upper_reverse,uppercase+reverse
nicaragua,AUGARACIN,upper_reverse,uppercase+reverse
niger,REGIN,upper_reverse,uppercase+reverse
nigeria,AIREGIN,upper_reverse,uppercase+reverse
norway,YAWRON,upper_reverse,uppercase+reverse
oman,NAMO,upper_reverse,uppercase+reverse
pakistan,NATSIKAP,upper_reverse,uppercase+reverse
palau,UALAP,upper_reverse,uppercase+reverse
palestine,ENITSELAP,upper_reverse,uppercase+reverse
panama,AMANAP,upper_reverse,uppercase+reverse
paraguay,YAUGARAP,upper_reverse,uppercase+reverse
peru,UREP,upper_reverse,uppercase+reverse
philippines,SENIPPILIHP,upper_reverse,uppercase+reverse
poland,DNALOP,upper_reverse,uppercase+reverse
portugal,LAGUTROP,upper_reverse,uppercase+reverse
qatar,RATAQ,upper_reverse,uppercase+reverse
romania,AINAMOR,upper_reverse,uppercase+reverse
russia,AISSUR,upper_reverse,uppercase+reverse
rwanda,ADNAWR,upper_reverse,uppercase+reverse
samoa,AOMAS,upper_reverse,uppercase+reverse
senegal,LAGENES,upper_reverse,uppercase+reverse
serbia,AIBRES,upper_reverse,uppercase+reverse
seychelles,SELLEHCYES,upper_reverse,uppercase+reverse
singapore,EROPAGNIS,upper_reverse,uppercase+reverse
slovakia,AIKAVOLS,upper_reverse,uppercase+reverse
slovenia,AINEVOLS,upper_reverse,uppercase+reverse
somalia,AILAMOS,upper_reverse,uppercase+reverse
spain,NIAPS,upper_reverse,uppercase+reverse
sudan,NADUS,upper_reverse,uppercase+reverse
suriname,EMANIRUS,upper_reverse,uppercase+reverse
sweden,NEDEWS,upper_reverse,uppercase+reverse
switzerland,DNALREZTIWS,upper_reverse,uppercase+reverse
syria,AIRYS,upper_reverse,uppercase+reverse
taiwan,NAWIAT,upper_reverse,uppercase+reverse
tajikistan,NATSIKIJAT,upper_reverse,uppercase+reverse
tanzania,AINAZNAT,upper_reverse,uppercase+reverse
thailand,DNALIAHT,upper_reverse,uppercase+reverse
togo,OGOT,upper_reverse,uppercase+reverse
tonga,AGNOT,upper_reverse,uppercase+reverse
tunisia,AISINUT,upper_reverse,uppercase+reverse
turkey,YEKRUT,upper_reverse,uppercase+reverse
turkmenistan,NATSINEMKRUT,upper_reverse,uppercase+reverse
tuvalu,ULAVUT,upper_reverse,uppercase+reverse
uae,EAU,upper_reverse,uppercase+reverse
uganda,ADNAGU,upper_reverse,uppercase+reverse
ukraine,ENIARKU,upper_reverse,uppercase+reverse
uruguay,YAUGURU,upper_reverse,uppercase+reverse
uzbekistan,NATSIKEBZU,upper_reverse,uppercase+reverse
vanuatu,UTAUNAV,upper_reverse,uppercase+reverse
venezuela,ALEUZENEV,upper_reverse,uppercase+reverse
vietnam,MANTEIV,upper_reverse,uppercase+reverse
yemen,NEMEY,upper_reverse,uppercase+reverse
zambia,AIBMAZ,upper_reverse,uppercase+reverse
zimbabwe,EWBABMIZ,upper_reverse,uppercase+reverse
abajo,OJABA,upper_reverse,uppercase+reverse
abierto,OTREIBA,upper_reverse,uppercase+reverse
abogado,ODAGOBA,upper_reverse,uppercase+reverse
abuela,ALEUBA,upper_reverse,uppercase+reverse
abuelo,OLEUBA,upper_reverse,uppercase+reverse
accelerate,ETARELECCA,upper_reverse,uppercase+reverse
achieve,EVEIHCA,upper_reverse,uppercase+reverse
activate,ETAVITCA,upper_reverse,uppercase+reverse
actor,ROTCA,upper_reverse,uppercase+reverse
actress,SSERTCA,upper_reverse,uppercase+reverse
adiós,SÓIDA,upper_reverse,uppercase+reverse
advertise,ESITREVDA,upper_reverse,uppercase+reverse
agua,AUGA,upper_reverse,uppercase+reverse
alto,OTLA,upper_reverse,uppercase+reverse
amarillo,OLLIRAMA,upper_reverse,uppercase+reverse
ami,IMA,upper_reverse,uppercase+reverse
amigo,OGIMA,upper_reverse,uppercase+reverse
an,NA,upper_reverse,uppercase+reverse
analysis,SISYLANA,upper_reverse,uppercase+reverse
ancho,OHCNA,upper_reverse,uppercase+reverse
anticipate,ETAPICITNA,upper_reverse,uppercase+reverse
apologize,EZIGOLOPA,upper_reverse,uppercase+reverse
apple,ELPPA,upper_reverse,uppercase+reverse
appreciate,ETAICERPPA,upper_reverse,uppercase+reverse
arbre,ERBRA,upper_reverse,uppercase+reverse
argue,EUGRA,upper_reverse,uppercase+reverse
arm,MRA,upper_reverse,uppercase+reverse
arriba,ABIRRA,upper_reverse,uppercase+reverse
arrive,EVIRRA,upper_reverse,uppercase+reverse
artery,YRETRA,upper_reverse,uppercase+reverse
artist,TSITRA,upper_reverse,uppercase+reverse
artista,ATSITRA,upper_reverse,uppercase+reverse
artiste,ETSITRA,upper_reverse,uppercase+reverse
atrás,SÁRTA,upper_reverse,uppercase+reverse
aunt,TNUA,upper_reverse,uppercase+reverse
avocat,TACOVA,upper_reverse,uppercase+reverse
axis,SIXA,upper_reverse,uppercase+reverse
ayer,REYA,upper_reverse,uppercase+reverse
azul,LUZA,upper_reverse,uppercase+reverse
azúcar,RACÚZA,upper_reverse,uppercase+reverse
año,OÑA,upper_reverse,uppercase+reverse
baby,YBAB,upper_reverse,uppercase+reverse
back,KCAB,upper_reverse,uppercase+reverse
bad,DAB,upper_reverse,uppercase+reverse
baile,ELIAB,upper_reverse,uppercase+reverse
bajo,OJAB,upper_reverse,uppercase+reverse
bake,EKAB,upper_reverse,uppercase+reverse
baker,REKAB,upper_reverse,uppercase+reverse
ball,LLAB,upper_reverse,uppercase+reverse
balle,ELLAB,upper_reverse,uppercase+reverse
banana,ANANAB,upper_reverse,uppercase+reverse
bas,SAB,upper_reverse,uppercase+reverse
basis,SISAB,upper_reverse,uppercase+reverse
bay,YAB,upper_reverse,uppercase+reverse
beach,HCAEB,upper_reverse,uppercase+reverse
beau,UAEB,upper_reverse,uppercase+reverse
beautiful,LUFITUAEB,upper_reverse,uppercase+reverse
bebé,ÉBEB,upper_reverse,uppercase+reverse
begin,NIGEB,upper_reverse,uppercase+reverse
belief,FEILEB,upper_reverse,uppercase+reverse
believe,EVEILEB,upper_reverse,uppercase+reverse
bend,DNEB,upper_reverse,uppercase+reverse
berry,YRREB,upper_reverse,uppercase+reverse
big,GIB,upper_reverse,uppercase+reverse
bike,EKIB,upper_reverse,uppercase+reverse
bird,DRIB,upper_reverse,uppercase+reverse
black,KCALB,upper_reverse,uppercase+reverse
blanc,CNALB,upper_reverse,uppercase+reverse
blanco,OCNALB,upper_reverse,uppercase+reverse
bleu,UELB,upper_reverse,uppercase+reverse
blue,EULB,upper_reverse,uppercase+reverse
boca,ACOB,upper_reverse,uppercase+reverse
body,YDOB,upper_reverse,uppercase+reverse
bon,NOB,upper_reverse,uppercase+reverse
bone,ENOB,upper_reverse,uppercase+reverse
bonjour,RUOJNOB,upper_reverse,uppercase+reverse
bonsoir,RIOSNOB,upper_reverse,uppercase+reverse
book,KOOB,upper_reverse,uppercase+reverse
bouche,EHCUOB,upper_reverse,uppercase+reverse
box,XOB,upper_reverse,uppercase+reverse
boy,YOB,upper_reverse,uppercase+reverse
brain,NIARB,upper_reverse,uppercase+reverse
bread,DAERB,upper_reverse,uppercase+reverse
brother,REHTORB,upper_reverse,uppercase+reverse
brown,NWORB,upper_reverse,uppercase+reverse
brush,HSURB,upper_reverse,uppercase+reverse
bueno,ONEUB,upper_reverse,uppercase+reverse
build,DLIUB,upper_reverse,uppercase+reverse
builder,REDLIUB,upper_reverse,uppercase+reverse
bus,SUB,upper_reverse,uppercase+reverse
butcher,REHCTUB,upper_reverse,uppercase+reverse
butterfly,YLFRETTUB,upper_reverse,uppercase+reverse
bébé,ÉBÉB,upper_reverse,uppercase+reverse
caballo,OLLABAC,upper_reverse,uppercase+reverse
cabeza,AZEBAC,upper_reverse,uppercase+reverse
café,ÉFAC,upper_reverse,uppercase+reverse
calculate,ETALUCLAC,upper_reverse,uppercase+reverse
calf,FLAC,upper_reverse,uppercase+reverse
caliente,ETNEILAC,upper_reverse,uppercase+reverse
calle,ELLAC,upper_reverse,uppercase+reverse
camp,PMAC,upper_reverse,uppercase+reverse
canción,NÓICNAC,upper_reverse,uppercase+reverse
cantante,ETNATNAC,upper_reverse,uppercase+reverse
car,RAC,upper_reverse,uppercase+reverse
care,ERAC,upper_reverse,uppercase+reverse
cargo,OGRAC,upper_reverse,uppercase+reverse
carry,YRRAC,upper_reverse,uppercase+reverse
carta,ATRAC,upper_reverse,uppercase+reverse
casa,ASAC,upper_reverse,uppercase+reverse
cat,TAC,upper_reverse,uppercase+reverse
catch,HCTAC,upper_reverse,uppercase+reverse
celebrate,ETARBELEC,upper_reverse,uppercase+reverse
cent,TNEC,upper_reverse,uppercase+reverse
cerca,ACREC,upper_reverse,uppercase+reverse
cerebro,ORBEREC,upper_reverse,uppercase+reverse
cerrado,ODARREC,upper_reverse,uppercase+reverse
cerveau,UAEVREC,upper_reverse,uppercase+reverse
chair,RIAHC,upper_reverse,uppercase+reverse
chaise,ESIAHC,upper_reverse,uppercase+reverse
change,EGNAHC,upper_reverse,uppercase+reverse
chanson,NOSNAHC,upper_reverse,uppercase+reverse
chat,TAHC,upper_reverse,uppercase+reverse
chaud,DUAHC,upper_reverse,uppercase+reverse
cheese,ESEEHC,upper_reverse,uppercase+reverse
chef,FEHC,upper_reverse,uppercase+reverse
cheval,LAVEHC,upper_reverse,uppercase+reverse
chief,FEIHC,upper_reverse,uppercase+reverse
chien,NEIHC,upper_reverse,uppercase+reverse
child,DLIHC,upper_reverse,uppercase+reverse
church,HCRUHC,upper_reverse,uppercase+reverse
cien,NEIC,upper_reverse,uppercase+reverse
cinco,OCNIC,upper_reverse,uppercase+reverse
cinq,QNIC,upper_reverse,uppercase+reverse
city,YTIC,upper_reverse,uppercase+reverse
ciudad,DADUIC,upper_reverse,uppercase+reverse
class,SSALC,upper_reverse,uppercase+reverse
clean,NAELC,upper_reverse,uppercase+reverse
clerk,KRELC,upper_reverse,uppercase+reverse
cliff,FFILC,upper_reverse,uppercase+reverse
climb,BMILC,upper_reverse,uppercase+reverse
close,ESOLC,upper_reverse,uppercase+reverse
closed,DESOLC,upper_reverse,uppercase+reverse
coche,EHCOC,upper_reverse,uppercase+reverse
coffee,EEFFOC,upper_reverse,uppercase+reverse
cold,DLOC,upper_reverse,uppercase+reverse
come,EMOC,upper_reverse,uppercase+reverse
comida,ADIMOC,upper_reverse,uppercase+reverse
communicate,ETACINUMMOC,upper_reverse,uppercase+reverse
compete,ETEPMOC,upper_reverse,uppercase+reverse
complete,ETELPMOC,upper_reverse,uppercase+reverse
computer,RETUPMOC,upper_reverse,uppercase+reverse
concentrate,ETARTNECNOC,upper_reverse,uppercase+reverse
contemplate,ETALPMETNOC,upper_reverse,uppercase+reverse
continue,EUNITNOC,upper_reverse,uppercase+reverse
cook,KOOC,upper_reverse,uppercase+reverse
cooperate,ETAREPOOC,upper_reverse,uppercase+reverse
coordinate,ETANIDROOC,upper_reverse,uppercase+reverse
corazón,NÓZAROC,upper_reverse,uppercase+reverse
corps,SPROC,upper_reverse,uppercase+reverse
corto,OTROC,upper_reverse,uppercase+reverse
country,YRTNUOC,upper_reverse,uppercase+reverse
court,TRUOC,upper_reverse,uppercase+reverse
cousin,NISUOC,upper_reverse,uppercase+reverse
create,ETAERC,upper_reverse,uppercase+reverse
crisis,SISIRC,upper_reverse,uppercase+reverse
criterion,NOIRETIRC,upper_reverse,uppercase+reverse
criticize,EZICITIRC,upper_reverse,uppercase+reverse
cry,YRC,upper_reverse,uppercase+reverse
cuatro,ORTAUC,upper_reverse,uppercase+reverse
cuerpo,OPREUC,upper_reverse,uppercase+reverse
cultivate,ETAVITLUC,upper_reverse,uppercase+reverse
cup,PUC,upper_reverse,uppercase+reverse
curriculum,MULUCIRRUC,upper_reverse,uppercase+reverse
cœur,RUŒC,upper_reverse,uppercase+reverse
dance,ECNAD,upper_reverse,uppercase+reverse
dancer,RECNAD,upper_reverse,uppercase+reverse
danse,ESNAD,upper_reverse,uppercase+reverse
datum,MUTAD,upper_reverse,uppercase+reverse
daughter,RETHGUAD,upper_reverse,uppercase+reverse
day,YAD,upper_reverse,uppercase+reverse
decide,EDICED,upper_reverse,uppercase+reverse
decorate,ETAROCED,upper_reverse,uppercase+reverse
dedans,SNADED,upper_reverse,uppercase+reverse
dedicate,ETACIDED,upper_reverse,uppercase+reverse
deer,REED,upper_reverse,uppercase+reverse
defeat,TAEFED,upper_reverse,uppercase+reverse
dehors,SROHED,upper_reverse,uppercase+reverse
delete,ETELED,upper_reverse,uppercase+reverse
demain,NIAMED,upper_reverse,uppercase+reverse
demonstrate,ETARTSNOMED,upper_reverse,uppercase+reverse
dentro,ORTNED,upper_reverse,uppercase+reverse
deporte,ETROPED,upper_reverse,uppercase+reverse
derecho,OHCERED,upper_reverse,uppercase+reverse
dernier,REINRED,upper_reverse,uppercase+reverse
derrière,ERÈIRRED,upper_reverse,uppercase+reverse
designate,ETANGISED,upper_reverse,uppercase+reverse
determine,ENIMRETED,upper_reverse,uppercase+reverse
deux,XUED,upper_reverse,uppercase+reverse
devant,TNAVED,upper_reverse,uppercase+reverse
deviate,ETAIVED,upper_reverse,uppercase+reverse
diez,ZEID,upper_reverse,uppercase+reverse
difficile,ELICIFFID,upper_reverse,uppercase+reverse
difficult,TLUCIFFID,upper_reverse,uppercase+reverse
difícil,LICÍFID,upper_reverse,uppercase+reverse
director,ROTCERID,upper_reverse,uppercase+reverse
dirty,YTRID,upper_reverse,uppercase+reverse
dish,HSID,upper_reverse,uppercase+reverse
dix,XID,upper_reverse,uppercase+reverse
doctor,ROTCOD,upper_reverse,uppercase+reverse
dog,GOD,upper_reverse,uppercase+reverse
dominate,ETANIMOD,upper_reverse,uppercase+reverse
door,ROOD,upper_reverse,uppercase+reverse
dos,SOD,upper_reverse,uppercase+reverse
down,NWOD,upper_reverse,uppercase+reverse
draw,WARD,upper_reverse,uppercase+reverse
drink,KNIRD,upper_reverse,uppercase+reverse
drive,EVIRD,upper_reverse,uppercase+reverse
driver,REVIRD,upper_reverse,uppercase+reverse
droit,TIORD,upper_reverse,uppercase+reverse
duchess,SSEHCUD,upper_reverse,uppercase+reverse
duke,EKUD,upper_reverse,uppercase+reverse
dwarf,FRAWD,upper_reverse,uppercase+reverse
débil,LIBÉD,upper_reverse,uppercase+reverse
día,AÍD,upper_reverse,uppercase+reverse
ear,RAE,upper_reverse,uppercase+reverse
easy,YSAE,upper_reverse,uppercase+reverse
eat,TAE,upper_reverse,uppercase+reverse
eau,UAE,upper_reverse,uppercase+reverse
echo,OHCE,upper_reverse,uppercase+reverse
educate,ETACUDE,upper_reverse,uppercase+reverse
eight,THGIE,upper_reverse,uppercase+reverse
elf,FLE,upper_reverse,uppercase+reverse
eliminate,ETANIMILE,upper_reverse,uppercase+reverse
emperor,ROREPME,upper_reverse,uppercase+reverse
empress,SSERPME,upper_reverse,uppercase+reverse
empty,YTPME,upper_reverse,uppercase+reverse
end,DNE,upper_reverse,uppercase+reverse
enfant,TNAFNE,upper_reverse,uppercase+reverse
enfermera,AREMREFNE,upper_reverse,uppercase+reverse
engineer,REENIGNE,upper_reverse,uppercase+reverse
escalate,ETALACSE,upper_reverse,uppercase+reverse
escuela,ALEUCSE,upper_reverse,uppercase+reverse
esposa,ASOPSE,upper_reverse,uppercase+reverse
esposo,OSOPSE,upper_reverse,uppercase+reverse
estrecho,OHCERTSE,upper_reverse,uppercase+reverse
estrella,ALLERTSE,upper_reverse,uppercase+reverse
estudiante,ETNAIDUTSE,upper_reverse,uppercase+reverse
evaluate,ETAULAVE,upper_reverse,uppercase+reverse
evaporate,ETAROPAVE,upper_reverse,uppercase+reverse
exaggerate,ETAREGGAXE,upper_reverse,uppercase+reverse
examine,ENIMAXE,upper_reverse,uppercase+reverse
excite,ETICXE,upper_reverse,uppercase+reverse
exercise,ESICREXE,upper_reverse,uppercase+reverse
explore,EROLPXE,upper_reverse,uppercase+reverse
eye,EYE,upper_reverse,uppercase+reverse
facile,ELICAF,upper_reverse,uppercase+reverse
faible,ELBIAF,upper_reverse,uppercase+reverse
familia,AILIMAF,upper_reverse,uppercase+reverse
famille,ELLIMAF,upper_reverse,uppercase+reverse
family,YLIMAF,upper_reverse,uppercase+reverse
far,RAF,upper_reverse,uppercase+reverse
farmer,REMRAF,upper_reverse,uppercase+reverse
fascinate,ETANICSAF,upper_reverse,uppercase+reverse
fast,TSAF,upper_reverse,uppercase+reverse
father,REHTAF,upper_reverse,uppercase+reverse
feel,LEEF,upper_reverse,uppercase+reverse
feliz,ZILEF,upper_reverse,uppercase+reverse
femme,EMMEF,upper_reverse,uppercase+reverse
fenêtre,ERTÊNEF,upper_reverse,uppercase+reverse
feo,OEF,upper_reverse,uppercase+reverse
fermier,REIMREF,upper_reverse,uppercase+reverse
fermé,ÉMREF,upper_reverse,uppercase+reverse
fille,ELLIF,upper_reverse,uppercase+reverse
fils,SLIF,upper_reverse,uppercase+reverse
finger,REGNIF,upper_reverse,uppercase+reverse
finish,HSINIF,upper_reverse,uppercase+reverse
first,TSRIF,upper_reverse,uppercase+reverse
fish,HSIF,upper_reverse,uppercase+reverse
five,EVIF,upper_reverse,uppercase+reverse
fleur,RUELF,upper_reverse,uppercase+reverse
flor,ROLF,upper_reverse,uppercase+reverse
flower,REWOLF,upper_reverse,uppercase+reverse
fly,YLF,upper_reverse,uppercase+reverse
food,DOOF,upper_reverse,uppercase+reverse
foot,TOOF,upper_reverse,uppercase+reverse
fork,KROF,upper_reverse,uppercase+reverse
fort,TROF,upper_reverse,uppercase+reverse
four,RUOF,upper_reverse,uppercase+reverse
fox,XOF,upper_reverse,uppercase+reverse
frase,ESARF,upper_reverse,uppercase+reverse
frente,ETNERF,upper_reverse,uppercase+reverse
friend,DNEIRF,upper_reverse,uppercase+reverse
froid,DIORF,upper_reverse,uppercase+reverse
fromage,EGAMORF,upper_reverse,uppercase+reverse
front,TNORF,upper_reverse,uppercase+reverse
frère,ERÈRF,upper_reverse,uppercase+reverse
frío,OÍRF,upper_reverse,uppercase+reverse
fuera,AREUF,upper_reverse,uppercase+reverse
fuerte,ETREUF,upper_reverse,uppercase+reverse
full,LLUF,upper_reverse,uppercase+reverse
fácil,LICÁF,upper_reverse,uppercase+reverse
game,EMAG,upper_reverse,uppercase+reverse
garçon,NOÇRAG,upper_reverse,uppercase+reverse
gato,OTAG,upper_reverse,uppercase+reverse
gauche,EHCUAG,upper_reverse,uppercase+reverse
generate,ETARENEG,upper_reverse,uppercase+reverse
girl,LRIG,upper_reverse,uppercase+reverse
give,EVIG,upper_reverse,uppercase+reverse
glass,SSALG,upper_reverse,uppercase+reverse
good,DOOG,upper_reverse,uppercase+reverse
goodbye,EYBDOOG,upper_reverse,uppercase+reverse
goose,ESOOG,upper_reverse,uppercase+reverse
gracias,SAICARG,upper_reverse,uppercase+reverse
grand,DNARG,upper_reverse,uppercase+reverse
grande,EDNARG,upper_reverse,uppercase+reverse
grandfather,REHTAFDNARG,upper_reverse,uppercase+reverse
grandmother,REHTOMDNARG,upper_reverse,uppercase+reverse
granjero,OREJNARG,upper_reverse,uppercase+reverse
gray,YARG,upper_reverse,uppercase+reverse
green,NEERG,upper_reverse,uppercase+reverse
greet,TEERG,upper_reverse,uppercase+reverse
grief,FEIRG,upper_reverse,uppercase+reverse
gris,SIRG,upper_reverse,uppercase+reverse
gulf,FLUG,upper_reverse,uppercase+reverse
guy,YUG,upper_reverse,uppercase+reverse
half,FLAH,upper_reverse,uppercase+reverse
hand,DNAH,upper_reverse,uppercase+reverse
happy,YPPAH,upper_reverse,uppercase+reverse
hate,ETAH,upper_reverse,uppercase+reverse
haut,TUAH,upper_reverse,uppercase+reverse
head,DAEH,upper_reverse,uppercase+reverse
hear,RAEH,upper_reverse,uppercase+reverse
heart,TRAEH,upper_reverse,uppercase+reverse
heavy,YVAEH,upper_reverse,uppercase+reverse
hello,OLLEH,upper_reverse,uppercase+reverse
help,PLEH,upper_reverse,uppercase+reverse
hermana,ANAMREH,upper_reverse,uppercase+reverse
hermano,ONAMREH,upper_reverse,uppercase+reverse
hermoso,OSOMREH,upper_reverse,uppercase+reverse
hero,OREH,upper_reverse,uppercase+reverse
heroine,ENIOREH,upper_reverse,uppercase+reverse
hesitate,ETATISEH,upper_reverse,uppercase+reverse
heureux,XUERUEH,upper_reverse,uppercase+reverse
hibernate,ETANREBIH,upper_reverse,uppercase+reverse
hier,REIH,upper_reverse,uppercase+reverse
high,HGIH,upper_reverse,uppercase+reverse
hija,AJIH,upper_reverse,uppercase+reverse
hijo,OJIH,upper_reverse,uppercase+reverse
hike,EKIH,upper_reverse,uppercase+reverse
hola,ALOH,upper_reverse,uppercase+reverse
hold,DLOH,upper_reverse,uppercase+reverse
hombre,ERBMOH,upper_reverse,uppercase+reverse
homme,EMMOH,upper_reverse,uppercase+reverse
hoof,FOOH,upper_reverse,uppercase+reverse
hope,EPOH,upper_reverse,uppercase+reverse
horse,ESROH,upper_reverse,uppercase+reverse
hot,TOH,upper_reverse,uppercase+reverse
house,ESUOH,upper_reverse,uppercase+reverse
hoy,YOH,upper_reverse,uppercase+reverse
huit,TIUH,upper_reverse,uppercase+reverse
hundred,DERDNUH,upper_reverse,uppercase+reverse
hunt,TNUH,upper_reverse,uppercase+reverse
husband,DNABSUH,upper_reverse,uppercase+reverse
illustrate,ETARTSULLI,upper_reverse,uppercase+reverse
imagine,ENIGAMI,upper_reverse,uppercase+reverse
imitate,ETATIMI,upper_reverse,uppercase+reverse
improve,EVORPMI,upper_reverse,uppercase+reverse
incorporate,ETAROPROCNI,upper_reverse,uppercase+reverse
infirmière,ERÈIMRIFNI,upper_reverse,uppercase+reverse
initiate,ETAITINI,upper_reverse,uppercase+reverse
innovate,ETAVONNI,upper_reverse,uppercase+reverse
inside,EDISNI,upper_reverse,uppercase+reverse
integrate,ETARGETNI,upper_reverse,uppercase+reverse
investigate,ETAGITSEVNI,upper_reverse,uppercase+reverse
invite,ETIVNI,upper_reverse,uppercase+reverse
irritate,ETATIRRI,upper_reverse,uppercase+reverse
issue,EUSSI,upper_reverse,uppercase+reverse
izquierdo,ODREIUQZI,upper_reverse,uppercase+reverse
jaune,ENUAJ,upper_reverse,uppercase+reverse
jeu,UEJ,upper_reverse,uppercase+reverse
jeune,ENUEJ,upper_reverse,uppercase+reverse
jour,RUOJ,upper_reverse,uppercase+reverse
joven,NEVOJ,upper_reverse,uppercase+reverse
juego,OGEUJ,upper_reverse,uppercase+reverse
jump,PMUJ,upper_reverse,uppercase+reverse
key,YEK,upper_reverse,uppercase+reverse
kidney,YENDIK,upper_reverse,uppercase+reverse
king,GNIK,upper_reverse,uppercase+reverse
kiss,SSIK,upper_reverse,uppercase+reverse
kneel,LEENK,upper_reverse,uppercase+reverse
knife,EFINK,upper_reverse,uppercase+reverse
knight,THGINK,upper_reverse,uppercase+reverse
lady,YDAL,upper_reverse,uppercase+reverse
laid,DIAL,upper_reverse,uppercase+reverse
lait,TIAL,upper_reverse,uppercase+reverse
large,EGRAL,upper_reverse,uppercase+reverse
largo,OGRAL,upper_reverse,uppercase+reverse
last,TSAL,upper_reverse,uppercase+reverse
laugh,HGUAL,upper_reverse,uppercase+reverse
lawyer,REYWAL,upper_reverse,uppercase+reverse
leaf,FAEL,upper_reverse,uppercase+reverse
learn,NRAEL,upper_reverse,uppercase+reverse
leave,EVAEL,upper_reverse,uppercase+reverse
leche,EHCEL,upper_reverse,uppercase+reverse
left,TFEL,upper_reverse,uppercase+reverse
leg,GEL,upper_reverse,uppercase+reverse
lejos,SOJEL,upper_reverse,uppercase+reverse
lent,TNEL,upper_reverse,uppercase+reverse
lento,OTNEL,upper_reverse,uppercase+reverse
letter,RETTEL,upper_reverse,uppercase+reverse
lettre,ERTTEL,upper_reverse,uppercase+reverse
library,YRARBIL,upper_reverse,uppercase+reverse
libro,ORBIL,upper_reverse,uppercase+reverse
lie,EIL,upper_reverse,uppercase+reverse
life,EFIL,upper_reverse,uppercase+reverse
ligero,OREGIL,upper_reverse,uppercase+reverse
light,THGIL,upper_reverse,uppercase+reverse
limpio,OIPMIL,upper_reverse,uppercase+reverse
listen,NETSIL,upper_reverse,uppercase+reverse
live,EVIL,upper_reverse,uppercase+reverse
liver,REVIL,upper_reverse,uppercase+reverse
livre,ERVIL,upper_reverse,uppercase+reverse
lleno,ONELL,upper_reverse,uppercase+reverse
loaf,FAOL,upper_reverse,uppercase+reverse
loin,NIOL,upper_reverse,uppercase+reverse
long,GNOL,upper_reverse,uppercase+reverse
lord,DROL,upper_reverse,uppercase+reverse
lourd,DRUOL,upper_reverse,uppercase+reverse
love,EVOL,upper_reverse,uppercase+reverse
low,WOL,upper_reverse,uppercase+reverse
luna,ANUL,upper_reverse,uppercase+reverse
lune,ENUL,upper_reverse,uppercase+reverse
lung,GNUL,upper_reverse,uppercase+reverse
léger,REGÉL,upper_reverse,uppercase+reverse
madre,ERDAM,upper_reverse,uppercase+reverse
main,NIAM,upper_reverse,uppercase+reverse
maison,NOSIAM,upper_reverse,uppercase+reverse
make,EKAM,upper_reverse,uppercase+reverse
malo,OLAM,upper_reverse,uppercase+reverse
man,NAM,upper_reverse,uppercase+reverse
manage,EGANAM,upper_reverse,uppercase+reverse
manager,REGANAM,upper_reverse,uppercase+reverse
mano,ONAM,upper_reverse,uppercase+reverse
manzana,ANAZNAM,upper_reverse,uppercase+reverse
mari,IRAM,upper_reverse,uppercase+reverse
marron,NORRAM,upper_reverse,uppercase+reverse
marrón,NÓRRAM,upper_reverse,uppercase+reverse
mauvais,SIAVUAM,upper_reverse,uppercase+reverse
mañana,ANAÑAM,upper_reverse,uppercase+reverse
meditate,ETATIDEM,upper_reverse,uppercase+reverse
medium,MUIDEM,upper_reverse,uppercase+reverse
meet,TEEM,upper_reverse,uppercase+reverse
merci,ICREM,upper_reverse,uppercase+reverse
mes,SEM,upper_reverse,uppercase+reverse
mesa,ASEM,upper_reverse,uppercase+reverse
mil,LIM,upper_reverse,uppercase+reverse
milk,KLIM,upper_reverse,uppercase+reverse
mille,ELLIM,upper_reverse,uppercase+reverse
mois,SIOM,upper_reverse,uppercase+reverse
monde,EDNOM,upper_reverse,uppercase+reverse
month,HTNOM,upper_reverse,uppercase+reverse
moon,NOOM,upper_reverse,uppercase+reverse
morado,ODAROM,upper_reverse,uppercase+reverse
mosquito,OTIUQSOM,upper_reverse,uppercase+reverse
mot,TOM,upper_reverse,uppercase+reverse
mother,REHTOM,upper_reverse,uppercase+reverse
motivate,ETAVITOM,upper_reverse,uppercase+reverse
mouse,ESUOM,upper_reverse,uppercase+reverse
mouth,HTUOM,upper_reverse,uppercase+reverse
move,EVOM,upper_reverse,uppercase+reverse
mujer,REJUM,upper_reverse,uppercase+reverse
mundo,ODNUM,upper_reverse,uppercase+reverse
muscle,ELCSUM,upper_reverse,uppercase+reverse
music,CISUM,upper_reverse,uppercase+reverse
musician,NAICISUM,upper_reverse,uppercase+reverse
musicien,NEICISUM,upper_reverse,uppercase+reverse
musique,EUQISUM,upper_reverse,uppercase+reverse
mère,ERÈM,upper_reverse,uppercase+reverse
médecin,NICEDÉM,upper_reverse,uppercase+reverse
médico,OCIDÉM,upper_reverse,uppercase+reverse
música,ACISÚM,upper_reverse,uppercase+reverse
músico,OCISÚM,upper_reverse,uppercase+reverse
naranja,AJNARAN,upper_reverse,uppercase+reverse
nariz,ZIRAN,upper_reverse,uppercase+reverse
narrow,WORRAN,upper_reverse,uppercase+reverse
navigate,ETAGIVAN,upper_reverse,uppercase+reverse
near,RAEN,upper_reverse,uppercase+reverse
negotiate,ETAITOGEN,upper_reverse,uppercase+reverse
negro,ORGEN,upper_reverse,uppercase+reverse
nerve,EVREN,upper_reverse,uppercase+reverse
neuf,FUEN,upper_reverse,uppercase+reverse
new,WEN,upper_reverse,uppercase+reverse
nez,ZEN,upper_reverse,uppercase+reverse
night,THGIN,upper_reverse,uppercase+reverse
nine,ENIN,upper_reverse,uppercase+reverse
niña,AÑIN,upper_reverse,uppercase+reverse
niño,OÑIN,upper_reverse,uppercase+reverse
no,ON,upper_reverse,uppercase+reverse
noche,EHCON,upper_reverse,uppercase+reverse
noir,RION,upper_reverse,uppercase+reverse
non,NON,upper_reverse,uppercase+reverse
nose,ESON,upper_reverse,uppercase+reverse
notice,ECITON,upper_reverse,uppercase+reverse
nourriture,ERUTIRRUON,upper_reverse,uppercase+reverse
nouveau,UAEVUON,upper_reverse,uppercase+reverse
nueve,EVEUN,upper_reverse,uppercase+reverse
nuevo,OVEUN,upper_reverse,uppercase+reverse
nuit,TIUN,upper_reverse,uppercase+reverse
nurse,ESRUN,upper_reverse,uppercase+reverse
oasis,SISAO,upper_reverse,uppercase+reverse
ocho,OHCO,upper_reverse,uppercase+reverse
officer,RECIFFO,upper_reverse,uppercase+reverse
oiseau,UAESIO,upper_reverse,uppercase+reverse
ojo,OJO,upper_reverse,uppercase+reverse
old,DLO,upper_reverse,uppercase+reverse
oncle,ELCNO,upper_reverse,uppercase+reverse
one,ENO,upper_reverse,uppercase+reverse
open,NEPO,upper_reverse,uppercase+reverse
operate,ETAREPO,upper_reverse,uppercase+reverse
orange,EGNARO,upper_reverse,uppercase+reverse
oreille,ELLIERO,upper_reverse,uppercase+reverse
oreja,AJERO,upper_reverse,uppercase+reverse
organize,EZINAGRO,upper_reverse,uppercase+reverse
oui,IUO,upper_reverse,uppercase+reverse
outside,EDISTUO,upper_reverse,uppercase+reverse
ouvert,TREVUO,upper_reverse,uppercase+reverse
ouvrier,REIRVUO,upper_reverse,uppercase+reverse
ox,XO,upper_reverse,uppercase+reverse
padre,ERDAP,upper_reverse,uppercase+reverse
page,EGAP,upper_reverse,uppercase+reverse
pain,NIAP,upper_reverse,uppercase+reverse
paint,TNIAP,upper_reverse,uppercase+reverse
painter,RETNIAP,upper_reverse,uppercase+reverse
palabra,ARBALAP,upper_reverse,uppercase+reverse
pan,NAP,upper_reverse,uppercase+reverse
paper,REPAP,upper_reverse,uppercase+reverse
parenthesis,SISEHTNERAP,upper_reverse,uppercase+reverse
participate,ETAPICITRAP,upper_reverse,uppercase+reverse
party,YTRAP,upper_reverse,uppercase+reverse
pauvre,ERVUAP,upper_reverse,uppercase+reverse
pays,SYAP,upper_reverse,uppercase+reverse
país,SÍAP,upper_reverse,uppercase+reverse
pelota,ATOLEP,upper_reverse,uppercase+reverse
pen,NEP,upper_reverse,uppercase+reverse
pencil,LICNEP,upper_reverse,uppercase+reverse
penetrate,ETARTENEP,upper_reverse,uppercase+reverse
pepper,REPPEP,upper_reverse,uppercase+reverse
pequeño,OÑEUQEP,upper_reverse,uppercase+reverse
perro,ORREP,upper_reverse,uppercase+reverse
person,NOSREP,upper_reverse,uppercase+reverse
pesado,ODASEP,upper_reverse,uppercase+reverse
petit,TITEP,upper_reverse,uppercase+reverse
pez,ZEP,upper_reverse,uppercase+reverse
phenomenon,NONEMONEHP,upper_reverse,uppercase+reverse
phone,ENOHP,upper_reverse,uppercase+reverse
photo,OTOHP,upper_reverse,uppercase+reverse
phrase,ESARHP,upper_reverse,uppercase+reverse
piano,ONAIP,upper_reverse,uppercase+reverse
pie,EIP,upper_reverse,uppercase+reverse
pied,DEIP,upper_reverse,uppercase+reverse
pilot,TOLIP,upper_reverse,uppercase+reverse
pimienta,ATNEIMIP,upper_reverse,uppercase+reverse
pink,KNIP,upper_reverse,uppercase+reverse
plate,ETALP,upper_reverse,uppercase+reverse
play,YALP,upper_reverse,uppercase+reverse
player,REYALP,upper_reverse,uppercase+reverse
please,ESAELP,upper_reverse,uppercase+reverse
plein,NIELP,upper_reverse,uppercase+reverse
pobre,ERBOP,upper_reverse,uppercase+reverse
poisson,NOSSIOP,upper_reverse,uppercase+reverse
poivre,ERVIOP,upper_reverse,uppercase+reverse
police,ECILOP,upper_reverse,uppercase+reverse
policía,AÍCILOP,upper_reverse,uppercase+reverse
pomme,EMMOP,upper_reverse,uppercase+reverse
poor,ROOP,upper_reverse,uppercase+reverse
porte,ETROP,upper_reverse,uppercase+reverse
potato,OTATOP,upper_reverse,uppercase+reverse
practice,ECITCARP,upper_reverse,uppercase+reverse
premier,REIMERP,upper_reverse,uppercase+reverse
president,TNEDISERP,upper_reverse,uppercase+reverse
primero,OREMIRP,upper_reverse,uppercase+reverse
primo,OMIRP,upper_reverse,uppercase+reverse
prince,ECNIRP,upper_reverse,uppercase+reverse
princesa,ASECNIRP,upper_reverse,uppercase+reverse
princess,SSECNIRP,upper_reverse,uppercase+reverse
princesse,ESSECNIRP,upper_reverse,uppercase+reverse
profesor,ROSEFORP,upper_reverse,uppercase+reverse
professeur,RUESSEFORP,upper_reverse,uppercase+reverse
promise,ESIMORP,upper_reverse,uppercase+reverse
proof,FOORP,upper_reverse,uppercase+reverse
propre,ERPORP,upper_reverse,uppercase+reverse
près,SÈRP,upper_reverse,uppercase+reverse
príncipe,EPICNÍRP,upper_reverse,uppercase+reverse
puerta,ATREUP,upper_reverse,uppercase+reverse
pull,LLUP,upper_reverse,uppercase+reverse
purple,ELPRUP,upper_reverse,uppercase+reverse
pursue,EUSRUP,upper_reverse,uppercase+reverse
push,HSUP,upper_reverse,uppercase+reverse
página,ANIGÁP,upper_reverse,uppercase+reverse
pájaro,ORAJÁP,upper_reverse,uppercase+reverse
père,ERÈP,upper_reverse,uppercase+reverse
quatre,ERTAUQ,upper_reverse,uppercase+reverse
queen,NEEUQ,upper_reverse,uppercase+reverse
queso,OSEUQ,upper_reverse,uppercase+reverse
radiate,ETAIDAR,upper_reverse,uppercase+reverse
radio,OIDAR,upper_reverse,uppercase+reverse
rapide,EDIPAR,upper_reverse,uppercase+reverse
ray,YAR,upper_reverse,uppercase+reverse
read,DAER,upper_reverse,uppercase+reverse
realize,EZILAER,upper_reverse,uppercase+reverse
receive,EVIECER,upper_reverse,uppercase+reverse
recognize,EZINGOCER,upper_reverse,uppercase+reverse
red,DER,upper_reverse,uppercase+reverse
reef,FEER,upper_reverse,uppercase+reverse
reina,ANIER,upper_reverse,uppercase+reverse
reine,ENIER,upper_reverse,uppercase+reverse
relate,ETALER,upper_reverse,uppercase+reverse
relax,XALER,upper_reverse,uppercase+reverse
repeat,TAEPER,upper_reverse,uppercase+reverse
rescue,EUCSER,upper_reverse,uppercase+reverse
rest,TSER,upper_reverse,uppercase+reverse
rey,YER,upper_reverse,uppercase+reverse
rich,HCIR,upper_reverse,uppercase+reverse
riche,EHCIR,upper_reverse,uppercase+reverse
rico,OCIR,upper_reverse,uppercase+reverse
right,THGIR,upper_reverse,uppercase+reverse
roi,IOR,upper_reverse,uppercase+reverse
rojo,OJOR,upper_reverse,uppercase+reverse
roof,FOOR,upper_reverse,uppercase+reverse
rosa,ASOR,upper_reverse,uppercase+reverse
rose,ESOR,upper_reverse,uppercase+reverse
rotate,ETATOR,upper_reverse,uppercase+reverse
rouge,EGUOR,upper_reverse,uppercase+reverse
rue,EUR,upper_reverse,uppercase+reverse
run,NUR,upper_reverse,uppercase+reverse
runner,RENNUR,upper_reverse,uppercase+reverse
rápido,ODIPÁR,upper_reverse,uppercase+reverse
sad,DAS,upper_reverse,uppercase+reverse
safe,EFAS,upper_reverse,uppercase+reverse
sail,LIAS,upper_reverse,uppercase+reverse
sailor,ROLIAS,upper_reverse,uppercase+reverse
sal,LAS,upper_reverse,uppercase+reverse
sale,ELAS,upper_reverse,uppercase+reverse
salt,TLAS,upper_reverse,uppercase+reverse
scarf,FRACS,upper_reverse,uppercase+reverse
school,LOOHCS,upper_reverse,uppercase+reverse
scientist,TSITNEICS,upper_reverse,uppercase+reverse
see,EES,upper_reverse,uppercase+reverse
seis,SIES,upper_reverse,uppercase+reverse
sel,LES,upper_reverse,uppercase+reverse
self,FLES,upper_reverse,uppercase+reverse
semaine,ENIAMES,upper_reverse,uppercase+reverse
semana,ANAMES,upper_reverse,uppercase+reverse
sentence,ECNETNES,upper_reverse,uppercase+reverse
separate,ETARAPES,upper_reverse,uppercase+reverse
sept,TPES,upper_reverse,uppercase+reverse
seven,NEVES,upper_reverse,uppercase+reverse
share,ERAHS,upper_reverse,uppercase+reverse
sheep,PEEHS,upper_reverse,uppercase+reverse
shelf,FLEHS,upper_reverse,uppercase+reverse
short,TROHS,upper_reverse,uppercase+reverse
shout,TUOHS,upper_reverse,uppercase+reverse
siete,ETEIS,upper_reverse,uppercase+reverse
silla,ALLIS,upper_reverse,uppercase+reverse
sing,GNIS,upper_reverse,uppercase+reverse
singer,REGNIS,upper_reverse,uppercase+reverse
sister,RETSIS,upper_reverse,uppercase+reverse
sit,TIS,upper_reverse,uppercase+reverse
six,XIS,upper_reverse,uppercase+reverse
skate,ETAKS,upper_reverse,uppercase+reverse
ski,IKS,upper_reverse,uppercase+reverse
sleep,PEELS,upper_reverse,uppercase+reverse
slow,WOLS,upper_reverse,uppercase+reverse
small,LLAMS,upper_reverse,uppercase+reverse
smell,LLEMS,upper_reverse,uppercase+reverse
smile,ELIMS,upper_reverse,uppercase+reverse
sol,LOS,upper_reverse,uppercase+reverse
soldado,ODADLOS,upper_reverse,uppercase+reverse
soldat,TADLOS,upper_reverse,uppercase+reverse
soldier,REIDLOS,upper_reverse,uppercase+reverse
soleil,LIELOS,upper_reverse,uppercase+reverse
son,NOS,upper_reverse,uppercase+reverse
song,GNOS,upper_reverse,uppercase+reverse
spoon,NOOPS,upper_reverse,uppercase+reverse
sport,TROPS,upper_reverse,uppercase+reverse
stand,DNATS,upper_reverse,uppercase+reverse
star,RATS,upper_reverse,uppercase+reverse
start,TRATS,upper_reverse,uppercase+reverse
stimulate,ETALUMITS,upper_reverse,uppercase+reverse
stomach,HCAMOTS,upper_reverse,uppercase+reverse
stop,POTS,upper_reverse,uppercase+reverse
story,YROTS,upper_reverse,uppercase+reverse
street,TEERTS,upper_reverse,uppercase+reverse
stretch,HCTERTS,upper_reverse,uppercase+reverse
strong,GNORTS,upper_reverse,uppercase+reverse
student,TNEDUTS,upper_reverse,uppercase+reverse
studio,OIDUTS,upper_reverse,uppercase+reverse
study,YDUTS,upper_reverse,uppercase+reverse
sucio,OICUS,upper_reverse,uppercase+reverse
sucre,ERCUS,upper_reverse,uppercase+reverse
sugar,RAGUS,upper_reverse,uppercase+reverse
sun,NUS,upper_reverse,uppercase+reverse
surprise,ESIRPRUS,upper_reverse,uppercase+reverse
swim,MIWS,upper_reverse,uppercase+reverse
swimmer,REMMIWS,upper_reverse,uppercase+reverse
sí,ÍS,upper_reverse,uppercase+reverse
sœur,RUŒS,upper_reverse,uppercase+reverse
table,ELBAT,upper_reverse,uppercase+reverse
tailor,ROLIAT,upper_reverse,uppercase+reverse
take,EKAT,upper_reverse,uppercase+reverse
talk,KLAT,upper_reverse,uppercase+reverse
tante,ETNAT,upper_reverse,uppercase+reverse
taste,ETSAT,upper_reverse,uppercase+reverse
tea,AET,upper_reverse,uppercase+reverse
teach,HCAET,upper_reverse,uppercase+reverse
teacher,REHCAET,upper_reverse,uppercase+reverse
temps,SPMET,upper_reverse,uppercase+reverse
ten,NET,upper_reverse,uppercase+reverse
terminate,ETANIMRET,upper_reverse,uppercase+reverse
thesis,SISEHT,upper_reverse,uppercase+reverse
thief,FEIHT,upper_reverse,uppercase+reverse
think,KNIHT,upper_reverse,uppercase+reverse
thousand,DNASUOHT,upper_reverse,uppercase+reverse
three,EERHT,upper_reverse,uppercase+reverse
throw,WORHT,upper_reverse,uppercase+reverse
thé,ÉHT,upper_reverse,uppercase+reverse
tiempo,OPMEIT,upper_reverse,uppercase+reverse
time,EMIT,upper_reverse,uppercase+reverse
today,YADOT,upper_reverse,uppercase+reverse
toe,EOT,upper_reverse,uppercase+reverse
tolerate,ETARELOT,upper_reverse,uppercase+reverse
tomato,OTAMOT,upper_reverse,uppercase+reverse
tomorrow,WORROMOT,upper_reverse,uppercase+reverse
tooth,HTOOT,upper_reverse,uppercase+reverse
touch,HCUOT,upper_reverse,uppercase+reverse
toy,YOT,upper_reverse,uppercase+reverse
trabajador,RODAJABART,upper_reverse,uppercase+reverse
translate,ETALSNART,upper_reverse,uppercase+reverse
travel,LEVART,upper_reverse,uppercase+reverse
treat,TAERT,upper_reverse,uppercase+reverse
tree,EERT,upper_reverse,uppercase+reverse
tres,SERT,upper_reverse,uppercase+reverse
triste,ETSIRT,upper_reverse,uppercase+reverse
trois,SIORT,upper_reverse,uppercase+reverse
two,OWT,upper_reverse,uppercase+reverse
té,ÉT,upper_reverse,uppercase+reverse
tête,ETÊT,upper_reverse,uppercase+reverse
tía,AÍT,upper_reverse,uppercase+reverse
tío,OÍT,upper_reverse,uppercase+reverse
ugly,YLGU,upper_reverse,uppercase+reverse
un,NU,upper_reverse,uppercase+reverse
uncle,ELCNU,upper_reverse,uppercase+reverse
unite,ETINU,upper_reverse,uppercase+reverse
uno,ONU,upper_reverse,uppercase+reverse
up,PU,upper_reverse,uppercase+reverse
vacío,OÍCAV,upper_reverse,uppercase+reverse
validate,ETADILAV,upper_reverse,uppercase+reverse
value,EULAV,upper_reverse,uppercase+reverse
vein,NIEV,upper_reverse,uppercase+reverse
ventana,ANATNEV,upper_reverse,uppercase+reverse
verde,EDREV,upper_reverse,uppercase+reverse
vert,TREV,upper_reverse,uppercase+reverse
vibrate,ETARBIV,upper_reverse,uppercase+reverse
vide,EDIV,upper_reverse,uppercase+reverse
video,OEDIV,upper_reverse,uppercase+reverse
viejo,OJEIV,upper_reverse,uppercase+reverse
vieux,XUEIV,upper_reverse,uppercase+reverse
villain,NIALLIV,upper_reverse,uppercase+reverse
ville,ELLIV,upper_reverse,uppercase+reverse
vin,NIV,upper_reverse,uppercase+reverse
vino,ONIV,upper_reverse,uppercase+reverse
violet,TELOIV,upper_reverse,uppercase+reverse
voiture,ERUTIOV,upper_reverse,uppercase+reverse
volcano,ONACLOV,upper_reverse,uppercase+reverse
wait,TIAW,upper_reverse,uppercase+reverse
walk,KLAW,upper_reverse,uppercase+reverse
wash,HSAW,upper_reverse,uppercase+reverse
watch,HCTAW,upper_reverse,uppercase+reverse
water,RETAW,upper_reverse,uppercase+reverse
way,YAW,upper_reverse,uppercase+reverse
weak,KAEW,upper_reverse,uppercase+reverse
week,KEEW,upper_reverse,uppercase+reverse
wharf,FRAHW,upper_reverse,uppercase+reverse
whisper,REPSIHW,upper_reverse,uppercase+reverse
white,ETIHW,upper_reverse,uppercase+reverse
wide,EDIW,upper_reverse,uppercase+reverse
wife,EFIW,upper_reverse,uppercase+reverse
window,WODNIW,upper_reverse,uppercase+reverse
wine,ENIW,upper_reverse,uppercase+reverse
wolf,FLOW,upper_reverse,uppercase+reverse
woman,NAMOW,upper_reverse,uppercase+reverse
word,DROW,upper_reverse,uppercase+reverse
work,KROW,upper_reverse,uppercase+reverse
worker,REKROW,upper_reverse,uppercase+reverse
world,DLROW,upper_reverse,uppercase+reverse
write,ETIRW,upper_reverse,uppercase+reverse
writer,RETIRW,upper_reverse,uppercase+reverse
year,RAEY,upper_reverse,uppercase+reverse
yellow,WOLLEY,upper_reverse,uppercase+reverse
yes,SEY,upper_reverse,uppercase+reverse
yesterday,YADRETSEY,upper_reverse,uppercase+reverse
young,GNUOY,upper_reverse,uppercase+reverse
árbol,LOBRÁ,upper_reverse,uppercase+reverse
école,ELOCÉ,upper_reverse,uppercase+reverse
étoile,ELIOTÉ,upper_reverse,uppercase+reverse
étroit,TIORTÉ,upper_reverse,uppercase+reverse
étudiant,TNAIDUTÉ,upper_reverse,uppercase+reverse
último,OMITLÚ,upper_reverse,uppercase+reverse
œil,LIŒ,upper_reverse,uppercase+reverse
AFGHANISTAN,natsinahgfa,lower_reverse,lowercase+reverse
ALBANIA,ainabla,lower_reverse,lowercase+reverse
ALGERIA,airegla,lower_reverse,lowercase+reverse
ANDORRA,arrodna,lower_reverse,lowercase+reverse
ANGOLA,alogna,lower_reverse,lowercase+reverse
ARGENTINA,anitnegra,lower_reverse,lowercase+reverse
ARMENIA,ainemra,lower_reverse,lowercase+reverse
AUSTRALIA,ailartsua,lower_reverse,lowercase+reverse
AUSTRIA,airtsua,lower_reverse,lowercase+reverse
AZERBAIJAN,najiabreza,lower_reverse,lowercase+reverse
BAHAMAS,samahab,lower_reverse,lowercase+reverse
BAHRAIN,niarhab,lower_reverse,lowercase+reverse
BANGLADESH,hsedalgnab,lower_reverse,lowercase+reverse
BARBADOS,sodabrab,lower_reverse,lowercase+reverse
BELARUS,suraleb,lower_reverse,lowercase+reverse
BELGIUM,muigleb,lower_reverse,lowercase+reverse
BELIZE,ezileb,lower_reverse,lowercase+reverse
BENIN,nineb,lower_reverse,lowercase+reverse
BHUTAN,natuhb,lower_reverse,lowercase+reverse
BOLIVIA,aivilob,lower_reverse,lowercase+reverse
BOTSWANA,anawstob,lower_reverse,lowercase+reverse
BRAZIL,lizarb,lower_reverse,lowercase+reverse
BRUNEI,ienurb,lower_reverse,lowercase+reverse
BULGARIA,airaglub,lower_reverse,lowercase+reverse
BURUNDI,idnurub,lower_reverse,lowercase+reverse
CAMBODIA,aidobmac,lower_reverse,lowercase+reverse
CAMEROON,nooremac,lower_reverse,lowercase+reverse
CANADA,adanac,lower_reverse,lowercase+reverse
CHAD,dahc,lower_reverse,lowercase+reverse
CHILE,elihc,lower_reverse,lowercase+reverse
CHINA,anihc,lower_reverse,lowercase+reverse
COLOMBIA,aibmoloc,lower_reverse,lowercase+reverse
COMOROS,soromoc,lower_reverse,lowercase+reverse
CONGO,ognoc,lower_reverse,lowercase+reverse
CROATIA,aitaorc,lower_reverse,lowercase+reverse
CUBA,abuc,lower_reverse,lowercase+reverse
CYPRUS,surpyc,lower_reverse,lowercase+reverse
DENMARK,kramned,lower_reverse,lowercase+reverse
DJIBOUTI,ituobijd,lower_reverse,lowercase+reverse
DOMINICA,acinimod,lower_reverse,lowercase+reverse
ECUADOR,rodauce,lower_reverse,lowercase+reverse
EGYPT,tpyge,lower_reverse,lowercase+reverse
ERITREA,aertire,lower_reverse,lowercase+reverse
ESTONIA,ainotse,lower_reverse,lowercase+reverse
ESWATINI,initawse,lower_reverse,lowercase+reverse
ETHIOPIA,aipoihte,lower_reverse,lowercase+reverse
FIJI,ijif,lower_reverse,lowercase+reverse
FINLAND,dnalnif,lower_reverse,lowercase+reverse
FRANCE,ecnarf,lower_reverse,lowercase+reverse
GABON,nobag,lower_reverse,lowercase+reverse
GAMBIA,aibmag,lower_reverse,lowercase+reverse
GEORGIA,aigroeg,lower_reverse,lowercase+reverse
GERMANY,ynamreg,lower_reverse,lowercase+reverse
GHANA,anahg,lower_reverse,lowercase+reverse
GREECE,eceerg,lower_reverse,lowercase+reverse
GRENADA,adanerg,lower_reverse,lowercase+reverse
GUATEMALA,alametaug,lower_reverse,lowercase+reverse
GUINEA,aeniug,lower_reverse,lowercase+reverse
GUYANA,anayug,lower_reverse,lowercase+reverse
HAITI,itiah,lower_reverse,lowercase+reverse
HONDURAS,sarudnoh,lower_reverse,lowercase+reverse
HUNGARY,yragnuh,lower_reverse,lowercase+reverse
ICELAND,dnaleci,lower_reverse,lowercase+reverse
INDIA,aidni,lower_reverse,lowercase+reverse
INDONESIA,aisenodni,lower_reverse,lowercase+reverse
IRAN,nari,lower_reverse,lowercase+reverse
IRAQ,qari,lower_reverse,lowercase+reverse
IRELAND,dnaleri,lower_reverse,lowercase+reverse
ISRAEL,learsi,lower_reverse,lowercase+reverse
ITALY,ylati,lower_reverse,lowercase+reverse
JAMAICA,aciamaj,lower_reverse,lowercase+reverse
JAPAN,napaj,lower_reverse,lowercase+reverse
JORDAN,nadroj,lower_reverse,lowercase+reverse
KAZAKHSTAN,natshkazak,lower_reverse,lowercase+reverse
KENYA,aynek,lower_reverse,lowercase+reverse
KIRIBATI,itabirik,lower_reverse,lowercase+reverse
KOSOVO,ovosok,lower_reverse,lowercase+reverse
KUWAIT,tiawuk,lower_reverse,lowercase+reverse
KYRGYZSTAN,natszygryk,lower_reverse,lowercase+reverse
LAOS,soal,lower_reverse,lowercase+reverse
LATVIA,aivtal,lower_reverse,lowercase+reverse
LEBANON,nonabel,lower_reverse,lowercase+reverse
LESOTHO,ohtosel,lower_reverse,lowercase+reverse
LIBERIA,airebil,lower_reverse,lowercase+reverse
LIBYA,aybil,lower_reverse,lowercase+reverse
LIECHTENSTEIN,nietsnethceil,lower_reverse,lowercase+reverse
LITHUANIA,ainauhtil,lower_reverse,lowercase+reverse
LUXEMBOURG,gruobmexul,lower_reverse,lowercase+reverse
MADAGASCAR,racsagadam,lower_reverse,lowercase+reverse
MALAWI,iwalam,lower_reverse,lowercase+reverse
MALAYSIA,aisyalam,lower_reverse,lowercase+reverse
MALDIVES,sevidlam,lower_reverse,lowercase+reverse
MALI,ilam,lower_reverse,lowercase+reverse
MALTA,atlam,lower_reverse,lowercase+reverse
MAURITANIA,ainatiruam,lower_reverse,lowercase+reverse
MAURITIUS,suitiruam,lower_reverse,lowercase+reverse
MEXICO,ocixem,lower_reverse,lowercase+reverse
MICRONESIA,aisenorcim,lower_reverse,lowercase+reverse
MOLDOVA,avodlom,lower_reverse,lowercase+reverse
MONACO,ocanom,lower_reverse,lowercase+reverse
MONGOLIA,ailognom,lower_reverse,lowercase+reverse
MONTENEGRO,orgenetnom,lower_reverse,lowercase+reverse
MOROCCO,occorom,lower_reverse,lowercase+reverse
MOZAMBIQUE,euqibmazom,lower_reverse,lowercase+reverse
MYANMAR,ramnaym,lower_reverse,lowercase+reverse
NAMIBIA,aibiman,lower_reverse,lowercase+reverse
NAURU,uruan,lower_reverse,lowercase+reverse
NEPAL,lapen,lower_reverse,lowercase+reverse
NETHERLANDS,sdnalrehten,lower_reverse,lowercase+reverse
NICARAGUA,augaracin,lower_reverse,lowercase+reverse
NIGER,regin,lower_reverse,lowercase+reverse
NIGERIA,airegin,lower_reverse,lowercase+reverse
NORWAY,yawron,lower_reverse,lowercase+reverse
OMAN,namo,lower_reverse,lowercase+reverse
PAKISTAN,natsikap,lower_reverse,lowercase+reverse
PALAU,ualap,lower_reverse,lowercase+reverse
PALESTINE,enitselap,lower_reverse,lowercase+reverse
PANAMA,amanap,lower_reverse,lowercase+reverse
PARAGUAY,yaugarap,lower_reverse,lowercase+reverse
PERU,urep,lower_reverse,lowercase+reverse
PHILIPPINES,senippilihp,lower_reverse,lowercase+reverse
POLAND,dnalop,lower_reverse,lowercase+reverse
PORTUGAL,lagutrop,lower_reverse,lowercase+reverse
QATAR,rataq,lower_reverse,lowercase+reverse
ROMANIA,ainamor,lower_reverse,lowercase+reverse
RUSSIA,aissur,lower_reverse,lowercase+reverse
RWANDA,adnawr,lower_reverse,lowercase+reverse
SAMOA,aomas,lower_reverse,lowercase+reverse
SENEGAL,lagenes,lower_reverse,lowercase+reverse
SERBIA,aibres,lower_reverse,lowercase+reverse
SEYCHELLES,sellehcyes,lower_reverse,lowercase+reverse
SINGAPORE,eropagnis,lower_reverse,lowercase+reverse
SLOVAKIA,aikavols,lower_reverse,lowercase+reverse
SLOVENIA,ainevols,lower_reverse,lowercase+reverse
SOMALIA,ailamos,lower_reverse,lowercase+reverse
SPAIN,niaps,lower_reverse,lowercase+reverse
SUDAN,nadus,lower_reverse,lowercase+reverse
SURINAME,emanirus,lower_reverse,lowercase+reverse
SWEDEN,nedews,lower_reverse,lowercase+reverse
SWITZERLAND,dnalreztiws,lower_reverse,lowercase+reverse
SYRIA,airys,lower_reverse,lowercase+reverse
TAIWAN,nawiat,lower_reverse,lowercase+reverse
TAJIKISTAN,natsikijat,lower_reverse,lowercase+reverse
TANZANIA,ainaznat,lower_reverse,lowercase+reverse
THAILAND,dnaliaht,lower_reverse,lowercase+reverse
TOGO,ogot,lower_reverse,lowercase+reverse
TONGA,agnot,lower_reverse,lowercase+reverse
TUNISIA,aisinut,lower_reverse,lowercase+reverse
TURKEY,yekrut,lower_reverse,lowercase+reverse
TURKMENISTAN,natsinemkrut,lower_reverse,lowercase+reverse
TUVALU,ulavut,lower_reverse,lowercase+reverse
UAE,eau,lower_reverse,lowercase+reverse
UGANDA,adnagu,lower_reverse,lowercase+reverse
UKRAINE,eniarku,lower_reverse,lowercase+reverse
URUGUAY,yauguru,lower_reverse,lowercase+reverse
UZBEKISTAN,natsikebzu,lower_reverse,lowercase+reverse
VANUATU,utaunav,lower_reverse,lowercase+reverse
VENEZUELA,aleuzenev,lower_reverse,lowercase+reverse
VIETNAM,manteiv,lower_reverse,lowercase+reverse
YEMEN,nemey,lower_reverse,lowercase+reverse
ZAMBIA,aibmaz,lower_reverse,lowercase+reverse
ZIMBABWE,ewbabmiz,lower_reverse,lowercase+reverse
ABAJO,ojaba,lower_reverse,lowercase+reverse
ABIERTO,otreiba,lower_reverse,lowercase+reverse
ABOGADO,odagoba,lower_reverse,lowercase+reverse
ABUELA,aleuba,lower_reverse,lowercase+reverse
ABUELO,oleuba,lower_reverse,lowercase+reverse
ACCELERATE,etarelecca,lower_reverse,lowercase+reverse
ACHIEVE,eveihca,lower_reverse,lowercase+reverse
ACTIVATE,etavitca,lower_reverse,lowercase+reverse
ACTOR,rotca,lower_reverse,lowercase+reverse
ACTRESS,ssertca,lower_reverse,lowercase+reverse
ADIÓS,sóida,lower_reverse,lowercase+reverse
ADVERTISE,esitrevda,lower_reverse,lowercase+reverse
AGUA,auga,lower_reverse,lowercase+reverse
ALTO,otla,lower_reverse,lowercase+reverse
AMARILLO,ollirama,lower_reverse,lowercase+reverse
AMI,ima,lower_reverse,lowercase+reverse
AMIGO,ogima,lower_reverse,lowercase+reverse
AN,na,lower_reverse,lowercase+reverse
ANALYSIS,sisylana,lower_reverse,lowercase+reverse
ANCHO,ohcna,lower_reverse,lowercase+reverse
ANTICIPATE,etapicitna,lower_reverse,lowercase+reverse
APOLOGIZE,ezigolopa,lower_reverse,lowercase+reverse
APPLE,elppa,lower_reverse,lowercase+reverse
APPRECIATE,etaicerppa,lower_reverse,lowercase+reverse
ARBRE,erbra,lower_reverse,lowercase+reverse
ARGUE,eugra,lower_reverse,lowercase+reverse
ARM,mra,lower_reverse,lowercase+reverse
ARRIBA,abirra,lower_reverse,lowercase+reverse
ARRIVE,evirra,lower_reverse,lowercase+reverse
ARTERY,yretra,lower_reverse,lowercase+reverse
ARTIST,tsitra,lower_reverse,lowercase+reverse
ARTISTA,atsitra,lower_reverse,lowercase+reverse
ARTISTE,etsitra,lower_reverse,lowercase+reverse
ATRÁS,sárta,lower_reverse,lowercase+reverse
AUNT,tnua,lower_reverse,lowercase+reverse
AVOCAT,tacova,lower_reverse,lowercase+reverse
AXIS,sixa,lower_reverse,lowercase+reverse
AYER,reya,lower_reverse,lowercase+reverse
AZUL,luza,lower_reverse,lowercase+reverse
AZÚCAR,racúza,lower_reverse,lowercase+reverse
AÑO,oña,lower_reverse,lowercase+reverse
BABY,ybab,lower_reverse,lowercase+reverse
BACK,kcab,lower_reverse,lowercase+reverse
BAD,dab,lower_reverse,lowercase+reverse
BAILE,eliab,lower_reverse,lowercase+reverse
BAJO,ojab,lower_reverse,lowercase+reverse
BAKE,ekab,lower_reverse,lowercase+reverse
BAKER,rekab,lower_reverse,lowercase+reverse
BALL,llab,lower_reverse,lowercase+reverse
BALLE,ellab,lower_reverse,lowercase+reverse
BANANA,ananab,lower_reverse,lowercase+reverse
BAS,sab,lower_reverse,lowercase+reverse
BASIS,sisab,lower_reverse,lowercase+reverse
BAY,yab,lower_reverse,lowercase+reverse
BEACH,hcaeb,lower_reverse,lowercase+reverse
BEAU,uaeb,lower_reverse,lowercase+reverse
BEAUTIFUL,lufituaeb,lower_reverse,lowercase+reverse
BEBÉ,ébeb,lower_reverse,lowercase+reverse
BEGIN,nigeb,lower_reverse,lowercase+reverse
BELIEF,feileb,lower_reverse,lowercase+reverse
BELIEVE,eveileb,lower_reverse,lowercase+reverse
BEND,dneb,lower_reverse,lowercase+reverse
BERRY,yrreb,lower_reverse,lowercase+reverse
BIG,gib,lower_reverse,lowercase+reverse
BIKE,ekib,lower_reverse,lowercase+reverse
BIRD,drib,lower_reverse,lowercase+reverse
BLACK,kcalb,lower_reverse,lowercase+reverse
BLANC,cnalb,lower_reverse,lowercase+reverse
BLANCO,ocnalb,lower_reverse,lowercase+reverse
BLEU,uelb,lower_reverse,lowercase+reverse
BLUE,eulb,lower_reverse,lowercase+reverse
BOCA,acob,lower_reverse,lowercase+reverse
BODY,ydob,lower_reverse,lowercase+reverse
BON,nob,lower_reverse,lowercase+reverse
BONE,enob,lower_reverse,lowercase+reverse
BONJOUR,ruojnob,lower_reverse,lowercase+reverse
BONSOIR,riosnob,lower_reverse,lowercase+reverse
BOOK,koob,lower_reverse,lowercase+reverse
BOUCHE,ehcuob,lower_reverse,lowercase+reverse
BOX,xob,lower_reverse,lowercase+reverse
BOY,yob,lower_reverse,lowercase+reverse
BRAIN,niarb,lower_reverse,lowercase+reverse
BREAD,daerb,lower_reverse,lowercase+reverse
BROTHER,rehtorb,lower_reverse,lowercase+reverse
BROWN,nworb,lower_reverse,lowercase+reverse
BRUSH,hsurb,lower_reverse,lowercase+reverse
BUENO,oneub,lower_reverse,lowercase+reverse
BUILD,dliub,lower_reverse,lowercase+reverse
BUILDER,redliub,lower_reverse,lowercase+reverse
BUS,sub,lower_reverse,lowercase+reverse
BUTCHER,rehctub,lower_reverse,lowercase+reverse
BUTTERFLY,ylfrettub,lower_reverse,lowercase+reverse
BÉBÉ,ébéb,lower_reverse,lowercase+reverse
CABALLO,ollabac,lower_reverse,lowercase+reverse
CABEZA,azebac,lower_reverse,lowercase+reverse
CAFÉ,éfac,lower_reverse,lowercase+reverse
CALCULATE,etaluclac,lower_reverse,lowercase+reverse
CALF,flac,lower_reverse,lowercase+reverse
CALIENTE,etneilac,lower_reverse,lowercase+reverse
CALLE,ellac,lower_reverse,lowercase+reverse
CAMP,pmac,lower_reverse,lowercase+reverse
CANCIÓN,nóicnac,lower_reverse,lowercase+reverse
CANTANTE,etnatnac,lower_reverse,lowercase+reverse
CAR,rac,lower_reverse,lowercase+reverse
CARE,erac,lower_reverse,lowercase+reverse
CARGO,ograc,lower_reverse,lowercase+reverse
CARRY,yrrac,lower_reverse,lowercase+reverse
CARTA,atrac,lower_reverse,lowercase+reverse
CASA,asac,lower_reverse,lowercase+reverse
CAT,tac,lower_reverse,lowercase+reverse
CATCH,hctac,lower_reverse,lowercase+reverse
CELEBRATE,etarbelec,lower_reverse,lowercase+reverse
CENT,tnec,lower_reverse,lowercase+reverse
CERCA,acrec,lower_reverse,lowercase+reverse
CEREBRO,orberec,lower_reverse,lowercase+reverse
CERRADO,odarrec,lower_reverse,lowercase+reverse
CERVEAU,uaevrec,lower_reverse,lowercase+reverse
CHAIR,riahc,lower_reverse,lowercase+reverse
CHAISE,esiahc,lower_reverse,lowercase+reverse
CHANGE,egnahc,lower_reverse,lowercase+reverse
CHANSON,nosnahc,lower_reverse,lowercase+reverse
CHAT,tahc,lower_reverse,lowercase+reverse
CHAUD,duahc,lower_reverse,lowercase+reverse
CHEESE,eseehc,lower_reverse,lowercase+reverse
CHEF,fehc,lower_reverse,lowercase+reverse
CHEVAL,lavehc,lower_reverse,lowercase+reverse
CHIEF,feihc,lower_reverse,lowercase+reverse
CHIEN,neihc,lower_reverse,lowercase+reverse
CHILD,dlihc,lower_reverse,lowercase+reverse
CHURCH,hcruhc,lower_reverse,lowercase+reverse
CIEN,neic,lower_reverse,lowercase+reverse
CINCO,ocnic,lower_reverse,lowercase+reverse
CINQ,qnic,lower_reverse,lowercase+reverse
CITY,ytic,lower_reverse,lowercase+reverse
CIUDAD,daduic,lower_reverse,lowercase+reverse
CLASS,ssalc,lower_reverse,lowercase+reverse
CLEAN,naelc,lower_reverse,lowercase+reverse
CLERK,krelc,lower_reverse,lowercase+reverse
CLIFF,ffilc,lower_reverse,lowercase+reverse
CLIMB,bmilc,lower_reverse,lowercase+reverse
CLOSE,esolc,lower_reverse,lowercase+reverse
CLOSED,desolc,lower_reverse,lowercase+reverse
COCHE,ehcoc,lower_reverse,lowercase+reverse
COFFEE,eeffoc,lower_reverse,lowercase+reverse
COLD,dloc,lower_reverse,lowercase+reverse
COME,emoc,lower_reverse,lowercase+reverse
COMIDA,adimoc,lower_reverse,lowercase+reverse
COMMUNICATE,etacinummoc,lower_reverse,lowercase+reverse
COMPETE,etepmoc,lower_reverse,lowercase+reverse
COMPLETE,etelpmoc,lower_reverse,lowercase+reverse
COMPUTER,retupmoc,lower_reverse,lowercase+reverse
CONCENTRATE,etartnecnoc,lower_reverse,lowercase+reverse
CONTEMPLATE,etalpmetnoc,lower_reverse,lowercase+reverse
CONTINUE,eunitnoc,lower_reverse,lowercase+reverse
COOK,kooc,lower_reverse,lowercase+reverse
COOPERATE,etarepooc,lower_reverse,lowercase+reverse
COORDINATE,etanidrooc,lower_reverse,lowercase+reverse
CORAZÓN,nózaroc,lower_reverse,lowercase+reverse
CORPS,sproc,lower_reverse,lowercase+reverse
CORTO,otroc,lower_reverse,lowercase+reverse
COUNTRY,yrtnuoc,lower_reverse,lowercase+reverse
COURT,truoc,lower_reverse,lowercase+reverse
COUSIN,nisuoc,lower_reverse,lowercase+reverse
CREATE,etaerc,lower_reverse,lowercase+reverse
CRISIS,sisirc,lower_reverse,lowercase+reverse
CRITERION,noiretirc,lower_reverse,lowercase+reverse
CRITICIZE,ezicitirc,lower_reverse,lowercase+reverse
CRY,yrc,lower_reverse,lowercase+reverse
CUATRO,ortauc,lower_reverse,lowercase+reverse
CUERPO,opreuc,lower_reverse,lowercase+reverse
CULTIVATE,etavitluc,lower_reverse,lowercase+reverse
CUP,puc,lower_reverse,lowercase+reverse
CURRICULUM,mulucirruc,lower_reverse,lowercase+reverse
CŒUR,ruœc,lower_reverse,lowercase+reverse
DANCE,ecnad,lower_reverse,lowercase+reverse
DANCER,recnad,lower_reverse,lowercase+reverse
DANSE,esnad,lower_reverse,lowercase+reverse
DATUM,mutad,lower_reverse,lowercase+reverse
DAUGHTER,rethguad,lower_reverse,lowercase+reverse
DAY,yad,lower_reverse,lowercase+reverse
DECIDE,ediced,lower_reverse,lowercase+reverse
DECORATE,etaroced,lower_reverse,lowercase+reverse
DEDANS,snaded,lower_reverse,lowercase+reverse
DEDICATE,etacided,lower_reverse,lowercase+reverse
DEER,reed,lower_reverse,lowercase+reverse
DEFEAT,taefed,lower_reverse,lowercase+reverse
DEHORS,srohed,lower_reverse,lowercase+reverse
DELETE,eteled,lower_reverse,lowercase+reverse
DEMAIN,niamed,lower_reverse,lowercase+reverse
DEMONSTRATE,etartsnomed,lower_reverse,lowercase+reverse
DENTRO,ortned,lower_reverse,lowercase+reverse
DEPORTE,etroped,lower_reverse,lowercase+reverse
DERECHO,ohcered,lower_reverse,lowercase+reverse
DERNIER,reinred,lower_reverse,lowercase+reverse
DERRIÈRE,erèirred,lower_reverse,lowercase+reverse
DESIGNATE,etangised,lower_reverse,lowercase+reverse
DETERMINE,enimreted,lower_reverse,lowercase+reverse
DEUX,xued,lower_reverse,lowercase+reverse
DEVANT,tnaved,lower_reverse,lowercase+reverse
DEVIATE,etaived,lower_reverse,lowercase+reverse
DIEZ,zeid,lower_reverse,lowercase+reverse
DIFFICILE,eliciffid,lower_reverse,lowercase+reverse
DIFFICULT,tluciffid,lower_reverse,lowercase+reverse
DIFÍCIL,licífid,lower_reverse,lowercase+reverse
DIRECTOR,rotcerid,lower_reverse,lowercase+reverse
DIRTY,ytrid,lower_reverse,lowercase+reverse
DISH,hsid,lower_reverse,lowercase+reverse
DIX,xid,lower_reverse,lowercase+reverse
DOCTOR,rotcod,lower_reverse,lowercase+reverse
DOG,god,lower_reverse,lowercase+reverse
DOMINATE,etanimod,lower_reverse,lowercase+reverse
DOOR,rood,lower_reverse,lowercase+reverse
DOS,sod,lower_reverse,lowercase+reverse
DOWN,nwod,lower_reverse,lowercase+reverse
DRAW,ward,lower_reverse,lowercase+reverse
DRINK,knird,lower_reverse,lowercase+reverse
DRIVE,evird,lower_reverse,lowercase+reverse
DRIVER,revird,lower_reverse,lowercase+reverse
DROIT,tiord,lower_reverse,lowercase+reverse
DUCHESS,ssehcud,lower_reverse,lowercase+reverse
DUKE,ekud,lower_reverse,lowercase+reverse
DWARF,frawd,lower_reverse,lowercase+reverse
DÉBIL,libéd,lower_reverse,lowercase+reverse
DÍA,aíd,lower_reverse,lowercase+reverse
EAR,rae,lower_reverse,lowercase+reverse
EASY,ysae,lower_reverse,lowercase+reverse
EAT,tae,lower_reverse,lowercase+reverse
EAU,uae,lower_reverse,lowercase+reverse
ECHO,ohce,lower_reverse,lowercase+reverse
EDUCATE,etacude,lower_reverse,lowercase+reverse
EIGHT,thgie,lower_reverse,lowercase+reverse
ELF,fle,lower_reverse,lowercase+reverse
ELIMINATE,etanimile,lower_reverse,lowercase+reverse
EMPEROR,rorepme,lower_reverse,lowercase+reverse
EMPRESS,sserpme,lower_reverse,lowercase+reverse
EMPTY,ytpme,lower_reverse,lowercase+reverse
END,dne,lower_reverse,lowercase+reverse
ENFANT,tnafne,lower_reverse,lowercase+reverse
ENFERMERA,aremrefne,lower_reverse,lowercase+reverse
ENGINEER,reenigne,lower_reverse,lowercase+reverse
ESCALATE,etalacse,lower_reverse,lowercase+reverse
ESCUELA,aleucse,lower_reverse,lowercase+reverse
ESPOSA,asopse,lower_reverse,lowercase+reverse
ESPOSO,osopse,lower_reverse,lowercase+reverse
ESTRECHO,ohcertse,lower_reverse,lowercase+reverse
ESTRELLA,allertse,lower_reverse,lowercase+reverse
ESTUDIANTE,etnaidutse,lower_reverse,lowercase+reverse
EVALUATE,etaulave,lower_reverse,lowercase+reverse
EVAPORATE,etaropave,lower_reverse,lowercase+reverse
EXAGGERATE,etareggaxe,lower_reverse,lowercase+reverse
EXAMINE,enimaxe,lower_reverse,lowercase+reverse
EXCITE,eticxe,lower_reverse,lowercase+reverse
EXERCISE,esicrexe,lower_reverse,lowercase+reverse
EXPLORE,erolpxe,lower_reverse,lowercase+reverse
EYE,eye,lower_reverse,lowercase+reverse
FACILE,elicaf,lower_reverse,lowercase+reverse
FAIBLE,elbiaf,lower_reverse,lowercase+reverse
FAMILIA,ailimaf,lower_reverse,lowercase+reverse
FAMILLE,ellimaf,lower_reverse,lowercase+reverse
FAMILY,ylimaf,lower_reverse,lowercase+reverse
FAR,raf,lower_reverse,lowercase+reverse
FARMER,remraf,lower_reverse,lowercase+reverse
FASCINATE,etanicsaf,lower_reverse,lowercase+reverse
FAST,tsaf,lower_reverse,lowercase+reverse
FATHER,rehtaf,lower_reverse,lowercase+reverse
FEEL,leef,lower_reverse,lowercase+reverse
FELIZ,zilef,lower_reverse,lowercase+reverse
FEMME,emmef,lower_reverse,lowercase+reverse
FENÊTRE,ertênef,lower_reverse,lowercase+reverse
FEO,oef,lower_reverse,lowercase+reverse
FERMIER,reimref,lower_reverse,lowercase+reverse
FERMÉ,émref,lower_reverse,lowercase+reverse
FILLE,ellif,lower_reverse,lowercase+reverse
FILS,slif,lower_reverse,lowercase+reverse
FINGER,regnif,lower_reverse,lowercase+reverse
FINISH,hsinif,lower_reverse,lowercase+reverse
FIRST,tsrif,lower_reverse,lowercase+reverse
FISH,hsif,lower_reverse,lowercase+reverse
FIVE,evif,lower_reverse,lowercase+reverse
FLEUR,ruelf,lower_reverse,lowercase+reverse
FLOR,rolf,lower_reverse,lowercase+reverse
FLOWER,rewolf,lower_reverse,lowercase+reverse
FLY,ylf,lower_reverse,lowercase+reverse
FOOD,doof,lower_reverse,lowercase+reverse
FOOT,toof,lower_reverse,lowercase+reverse
FORK,krof,lower_reverse,lowercase+reverse
FORT,trof,lower_reverse,lowercase+reverse
FOUR,ruof,lower_reverse,lowercase+reverse
FOX,xof,lower_reverse,lowercase+reverse
FRASE,esarf,lower_reverse,lowercase+reverse
FRENTE,etnerf,lower_reverse,lowercase+reverse
FRIEND,dneirf,lower_reverse,lowercase+reverse
FROID,diorf,lower_reverse,lowercase+reverse
FROMAGE,egamorf,lower_reverse,lowercase+reverse
FRONT,tnorf,lower_reverse,lowercase+reverse
FRÈRE,erèrf,lower_reverse,lowercase+reverse
FRÍO,oírf,lower_reverse,lowercase+reverse
FUERA,areuf,lower_reverse,lowercase+reverse
FUERTE,etreuf,lower_reverse,lowercase+reverse
FULL,lluf,lower_reverse,lowercase+reverse
FÁCIL,licáf,lower_reverse,lowercase+reverse
GAME,emag,lower_reverse,lowercase+reverse
GARÇON,noçrag,lower_reverse,lowercase+reverse
GATO,otag,lower_reverse,lowercase+reverse
GAUCHE,ehcuag,lower_reverse,lowercase+reverse
GENERATE,etareneg,lower_reverse,lowercase+reverse
GIRL,lrig,lower_reverse,lowercase+reverse
GIVE,evig,lower_reverse,lowercase+reverse
GLASS,ssalg,lower_reverse,lowercase+reverse
GOOD,doog,lower_reverse,lowercase+reverse
GOODBYE,eybdoog,lower_reverse,lowercase+reverse
GOOSE,esoog,lower_reverse,lowercase+reverse
GRACIAS,saicarg,lower_reverse,lowercase+reverse
GRAND,dnarg,lower_reverse,lowercase+reverse
GRANDE,ednarg,lower_reverse,lowercase+reverse
GRANDFATHER,rehtafdnarg,lower_reverse,lowercase+reverse
GRANDMOTHER,rehtomdnarg,lower_reverse,lowercase+reverse
GRANJERO,orejnarg,lower_reverse,lowercase+reverse
GRAY,yarg,lower_reverse,lowercase+reverse
GREEN,neerg,lower_reverse,lowercase+reverse
GREET,teerg,lower_reverse,lowercase+reverse
GRIEF,feirg,lower_reverse,lowercase+reverse
GRIS,sirg,lower_reverse,lowercase+reverse
GULF,flug,lower_reverse,lowercase+reverse
GUY,yug,lower_reverse,lowercase+reverse
HALF,flah,lower_reverse,lowercase+reverse
HAND,dnah,lower_reverse,lowercase+reverse
HAPPY,yppah,lower_reverse,lowercase+reverse
HATE,etah,lower_reverse,lowercase+reverse
HAUT,tuah,lower_reverse,lowercase+reverse
HEAD,daeh,lower_reverse,lowercase+reverse
HEAR,raeh,lower_reverse,lowercase+reverse
HEART,traeh,lower_reverse,lowercase+reverse
HEAVY,yvaeh,lower_reverse,lowercase+reverse
HELLO,olleh,lower_reverse,lowercase+reverse
HELP,pleh,lower_reverse,lowercase+reverse
HERMANA,anamreh,lower_reverse,lowercase+reverse
HERMANO,onamreh,lower_reverse,lowercase+reverse
HERMOSO,osomreh,lower_reverse,lowercase+reverse
HERO,oreh,lower_reverse,lowercase+reverse
HEROINE,enioreh,lower_reverse,lowercase+reverse
HESITATE,etatiseh,lower_reverse,lowercase+reverse
HEUREUX,xuerueh,lower_reverse,lowercase+reverse
HIBERNATE,etanrebih,lower_reverse,lowercase+reverse
HIER,reih,lower_reverse,lowercase+reverse
HIGH,hgih,lower_reverse,lowercase+reverse
HIJA,ajih,lower_reverse,lowercase+reverse
HIJO,ojih,lower_reverse,lowercase+reverse
HIKE,ekih,lower_reverse,lowercase+reverse
HOLA,aloh,lower_reverse,lowercase+reverse
HOLD,dloh,lower_reverse,lowercase+reverse
HOMBRE,erbmoh,lower_reverse,lowercase+reverse
HOMME,emmoh,lower_reverse,lowercase+reverse
HOOF,fooh,lower_reverse,lowercase+reverse
HOPE,epoh,lower_reverse,lowercase+reverse
HORSE,esroh,lower_reverse,lowercase+reverse
HOT,toh,lower_reverse,lowercase+reverse
HOUSE,esuoh,lower_reverse,lowercase+reverse
HOY,yoh,lower_reverse,lowercase+reverse
HUIT,tiuh,lower_reverse,lowercase+reverse
HUNDRED,derdnuh,lower_reverse,lowercase+reverse
HUNT,tnuh,lower_reverse,lowercase+reverse
HUSBAND,dnabsuh,lower_reverse,lowercase+reverse
ILLUSTRATE,etartsulli,lower_reverse,lowercase+reverse
IMAGINE,enigami,lower_reverse,lowercase+reverse
IMITATE,etatimi,lower_reverse,lowercase+reverse
IMPROVE,evorpmi,lower_reverse,lowercase+reverse
INCORPORATE,etaroprocni,lower_reverse,lowercase+reverse
INFIRMIÈRE,erèimrifni,lower_reverse,lowercase+reverse
INITIATE,etaitini,lower_reverse,lowercase+reverse
INNOVATE,etavonni,lower_reverse,lowercase+reverse
INSIDE,edisni,lower_reverse,lowercase+reverse
INTEGRATE,etargetni,lower_reverse,lowercase+reverse
INVESTIGATE,etagitsevni,lower_reverse,lowercase+reverse
INVITE,etivni,lower_reverse,lowercase+reverse
IRRITATE,etatirri,lower_reverse,lowercase+reverse
ISSUE,eussi,lower_reverse,lowercase+reverse
IZQUIERDO,odreiuqzi,lower_reverse,lowercase+reverse
JAUNE,enuaj,lower_reverse,lowercase+reverse
JEU,uej,lower_reverse,lowercase+reverse
JEUNE,enuej,lower_reverse,lowercase+reverse
JOUR,ruoj,lower_reverse,lowercase+reverse
JOVEN,nevoj,lower_reverse,lowercase+reverse
JUEGO,ogeuj,lower_reverse,lowercase+reverse
JUMP,pmuj,lower_reverse,lowercase+reverse
KEY,yek,lower_reverse,lowercase+reverse
KIDNEY,yendik,lower_reverse,lowercase+reverse
KING,gnik,lower_reverse,lowercase+reverse
KISS,ssik,lower_reverse,lowercase+reverse
KNEEL,leenk,lower_reverse,lowercase+reverse
KNIFE,efink,lower_reverse,lowercase+reverse
KNIGHT,thgink,lower_reverse,lowercase+reverse
LADY,ydal,lower_reverse,lowercase+reverse
LAID,dial,lower_reverse,lowercase+reverse
LAIT,tial,lower_reverse,lowercase+reverse
LARGE,egral,lower_reverse,lowercase+reverse
LARGO,ogral,lower_reverse,lowercase+reverse
LAST,tsal,lower_reverse,lowercase+reverse
LAUGH,hgual,lower_reverse,lowercase+reverse
LAWYER,reywal,lower_reverse,lowercase+reverse
LEAF,fael,lower_reverse,lowercase+reverse
LEARN,nrael,lower_reverse,lowercase+reverse
LEAVE,evael,lower_reverse,lowercase+reverse
LECHE,ehcel,lower_reverse,lowercase+reverse
LEFT,tfel,lower_reverse,lowercase+reverse
LEG,gel,lower_reverse,lowercase+reverse
LEJOS,sojel,lower_reverse,lowercase+reverse
LENT,tnel,lower_reverse,lowercase+reverse
LENTO,otnel,lower_reverse,lowercase+reverse
LETTER,rettel,lower_reverse,lowercase+reverse
LETTRE,erttel,lower_reverse,lowercase+reverse
LIBRARY,yrarbil,lower_reverse,lowercase+reverse
LIBRO,orbil,lower_reverse,lowercase+reverse
LIE,eil,lower_reverse,lowercase+reverse
LIFE,efil,lower_reverse,lowercase+reverse
LIGERO,oregil,lower_reverse,lowercase+reverse
LIGHT,thgil,lower_reverse,lowercase+reverse
LIMPIO,oipmil,lower_reverse,lowercase+reverse
LISTEN,netsil,lower_reverse,lowercase+reverse
LIVE,evil,lower_reverse,lowercase+reverse
LIVER,revil,lower_reverse,lowercase+reverse
LIVRE,ervil,lower_reverse,lowercase+reverse
LLENO,onell,lower_reverse,lowercase+reverse
LOAF,faol,lower_reverse,lowercase+reverse
LOIN,niol,lower_reverse,lowercase+reverse
LONG,gnol,lower_reverse,lowercase+reverse
LORD,drol,lower_reverse,lowercase+reverse
LOURD,druol,lower_reverse,lowercase+reverse
LOVE,evol,lower_reverse,lowercase+reverse
LOW,wol,lower_reverse,lowercase+reverse
LUNA,anul,lower_reverse,lowercase+reverse
LUNE,enul,lower_reverse,lowercase+reverse
LUNG,gnul,lower_reverse,lowercase+reverse
LÉGER,regél,lower_reverse,lowercase+reverse
MADRE,erdam,lower_reverse,lowercase+reverse
MAIN,niam,lower_reverse,lowercase+reverse
MAISON,nosiam,lower_reverse,lowercase+reverse
MAKE,ekam,lower_reverse,lowercase+reverse
MALO,olam,lower_reverse,lowercase+reverse
MAN,nam,lower_reverse,lowercase+reverse
MANAGE,eganam,lower_reverse,lowercase+reverse
MANAGER,reganam,lower_reverse,lowercase+reverse
MANO,onam,lower_reverse,lowercase+reverse
MANZANA,anaznam,lower_reverse,lowercase+reverse
MARI,iram,lower_reverse,lowercase+reverse
MARRON,norram,lower_reverse,lowercase+reverse
MARRÓN,nórram,lower_reverse,lowercase+reverse
MAUVAIS,siavuam,lower_reverse,lowercase+reverse
MAÑANA,anañam,lower_reverse,lowercase+reverse
MEDITATE,etatidem,lower_reverse,lowercase+reverse
MEDIUM,muidem,lower_reverse,lowercase+reverse
MEET,teem,lower_reverse,lowercase+reverse
MERCI,icrem,lower_reverse,lowercase+reverse
MES,sem,lower_reverse,lowercase+reverse
MESA,asem,lower_reverse,lowercase+reverse
MIL,lim,lower_reverse,lowercase+reverse
MILK,klim,lower_reverse,lowercase+reverse
MILLE,ellim,lower_reverse,lowercase+reverse
MOIS,siom,lower_reverse,lowercase+reverse
MONDE,ednom,lower_reverse,lowercase+reverse
MONTH,htnom,lower_reverse,lowercase+reverse
MOON,noom,lower_reverse,lowercase+reverse
MORADO,odarom,lower_reverse,lowercase+reverse
MOSQUITO,otiuqsom,lower_reverse,lowercase+reverse
MOT,tom,lower_reverse,lowercase+reverse
MOTHER,rehtom,lower_reverse,lowercase+reverse
MOTIVATE,etavitom,lower_reverse,lowercase+reverse
MOUSE,esuom,lower_reverse,lowercase+reverse
MOUTH,htuom,lower_reverse,lowercase+reverse
MOVE,evom,lower_reverse,lowercase+reverse
MUJER,rejum,lower_reverse,lowercase+reverse
MUNDO,odnum,lower_reverse,lowercase+reverse
MUSCLE,elcsum,lower_reverse,lowercase+reverse
MUSIC,cisum,lower_reverse,lowercase+reverse
MUSICIAN,naicisum,lower_reverse,lowercase+reverse
MUSICIEN,neicisum,lower_reverse,lowercase+reverse
MUSIQUE,euqisum,lower_reverse,lowercase+reverse
MÈRE,erèm,lower_reverse,lowercase+reverse
MÉDECIN,nicedém,lower_reverse,lowercase+reverse
MÉDICO,ocidém,lower_reverse,lowercase+reverse
MÚSICA,acisúm,lower_reverse,lowercase+reverse
MÚSICO,ocisúm,lower_reverse,lowercase+reverse
NARANJA,ajnaran,lower_reverse,lowercase+reverse
NARIZ,ziran,lower_reverse,lowercase+reverse
NARROW,worran,lower_reverse,lowercase+reverse
NAVIGATE,etagivan,lower_reverse,lowercase+reverse
NEAR,raen,lower_reverse,lowercase+reverse
NEGOTIATE,etaitogen,lower_reverse,lowercase+reverse
NEGRO,orgen,lower_reverse,lowercase+reverse
NERVE,evren,lower_reverse,lowercase+reverse
NEUF,fuen,lower_reverse,lowercase+reverse
NEW,wen,lower_reverse,lowercase+reverse
NEZ,zen,lower_reverse,lowercase+reverse
NIGHT,thgin,lower_reverse,lowercase+reverse
NINE,enin,lower_reverse,lowercase+reverse
NIÑA,añin,lower_reverse,lowercase+reverse
NIÑO,oñin,lower_reverse,lowercase+reverse
NO,on,lower_reverse,lowercase+reverse
NOCHE,ehcon,lower_reverse,lowercase+reverse
NOIR,rion,lower_reverse,lowercase+reverse
NON,non,lower_reverse,lowercase+reverse
NOSE,eson,lower_reverse,lowercase+reverse
NOTICE,eciton,lower_reverse,lowercase+reverse
NOURRITURE,erutirruon,lower_reverse,lowercase+reverse
NOUVEAU,uaevuon,lower_reverse,lowercase+reverse
NUEVE,eveun,lower_reverse,lowercase+reverse
NUEVO,oveun,lower_reverse,lowercase+reverse
NUIT,tiun,lower_reverse,lowercase+reverse
NURSE,esrun,lower_reverse,lowercase+reverse
OASIS,sisao,lower_reverse,lowercase+reverse
OCHO,ohco,lower_reverse,lowercase+reverse
OFFICER,reciffo,lower_reverse,lowercase+reverse
OISEAU,uaesio,lower_reverse,lowercase+reverse
OJO,ojo,lower_reverse,lowercase+reverse
OLD,dlo,lower_reverse,lowercase+reverse
ONCLE,elcno,lower_reverse,lowercase+reverse
ONE,eno,lower_reverse,lowercase+reverse
OPEN,nepo,lower_reverse,lowercase+reverse
OPERATE,etarepo,lower_reverse,lowercase+reverse
ORANGE,egnaro,lower_reverse,lowercase+reverse
OREILLE,elliero,lower_reverse,lowercase+reverse
OREJA,ajero,lower_reverse,lowercase+reverse
ORGANIZE,ezinagro,lower_reverse,lowercase+reverse
OUI,iuo,lower_reverse,lowercase+reverse
OUTSIDE,edistuo,lower_reverse,lowercase+reverse
OUVERT,trevuo,lower_reverse,lowercase+reverse
OUVRIER,reirvuo,lower_reverse,lowercase+reverse
OX,xo,lower_reverse,lowercase+reverse
PADRE,erdap,lower_reverse,lowercase+reverse
PAGE,egap,lower_reverse,lowercase+reverse
PAIN,niap,lower_reverse,lowercase+reverse
PAINT,tniap,lower_reverse,lowercase+reverse
PAINTER,retniap,lower_reverse,lowercase+reverse
PALABRA,arbalap,lower_reverse,lowercase+reverse
PAN,nap,lower_reverse,lowercase+reverse
PAPER,repap,lower_reverse,lowercase+reverse
PARENTHESIS,sisehtnerap,lower_reverse,lowercase+reverse
PARTICIPATE,etapicitrap,lower_reverse,lowercase+reverse
PARTY,ytrap,lower_reverse,lowercase+reverse
PAUVRE,ervuap,lower_reverse,lowercase+reverse
PAYS,syap,lower_reverse,lowercase+reverse
PAÍS,síap,lower_reverse,lowercase+reverse
PELOTA,atolep,lower_reverse,lowercase+reverse
PEN,nep,lower_reverse,lowercase+reverse
PENCIL,licnep,lower_reverse,lowercase+reverse
PENETRATE,etartenep,lower_reverse,lowercase+reverse
PEPPER,reppep,lower_reverse,lowercase+reverse
PEQUEÑO,oñeuqep,lower_reverse,lowercase+reverse
PERRO,orrep,lower_reverse,lowercase+reverse
PERSON,nosrep,lower_reverse,lowercase+reverse
PESADO,odasep,lower_reverse,lowercase+reverse
PETIT,titep,lower_reverse,lowercase+reverse
PEZ,zep,lower_reverse,lowercase+reverse
PHENOMENON,nonemonehp,lower_reverse,lowercase+reverse
PHONE,enohp,lower_reverse,lowercase+reverse
PHOTO,otohp,lower_reverse,lowercase+reverse
PHRASE,esarhp,lower_reverse,lowercase+reverse
PIANO,onaip,lower_reverse,lowercase+reverse
PIE,eip,lower_reverse,lowercase+reverse
PIED,deip,lower_reverse,lowercase+reverse
PILOT,tolip,lower_reverse,lowercase+reverse
PIMIENTA,atneimip,lower_reverse,lowercase+reverse
PINK,knip,lower_reverse,lowercase+reverse
PLATE,etalp,lower_reverse,lowercase+reverse
PLAY,yalp,lower_reverse,lowercase+reverse
PLAYER,reyalp,lower_reverse,lowercase+reverse
PLEASE,esaelp,lower_reverse,lowercase+reverse
PLEIN,nielp,lower_reverse,lowercase+reverse
POBRE,erbop,lower_reverse,lowercase+reverse
POISSON,nossiop,lower_reverse,lowercase+reverse
POIVRE,erviop,lower_reverse,lowercase+reverse
POLICE,ecilop,lower_reverse,lowercase+reverse
POLICÍA,aícilop,lower_reverse,lowercase+reverse
POMME,emmop,lower_reverse,lowercase+reverse
POOR,roop,lower_reverse,lowercase+reverse
PORTE,etrop,lower_reverse,lowercase+reverse
POTATO,otatop,lower_reverse,lowercase+reverse
PRACTICE,ecitcarp,lower_reverse,lowercase+reverse
PREMIER,reimerp,lower_reverse,lowercase+reverse
PRESIDENT,tnediserp,lower_reverse,lowercase+reverse
PRIMERO,oremirp,lower_reverse,lowercase+reverse
PRIMO,omirp,lower_reverse,lowercase+reverse
PRINCE,ecnirp,lower_reverse,lowercase+reverse
PRINCESA,asecnirp,lower_reverse,lowercase+reverse
PRINCESS,ssecnirp,lower_reverse,lowercase+reverse
PRINCESSE,essecnirp,lower_reverse,lowercase+reverse
PROFESOR,roseforp,lower_reverse,lowercase+reverse
PROFESSEUR,ruesseforp,lower_reverse,lowercase+reverse
PROMISE,esimorp,lower_reverse,lowercase+reverse
PROOF,foorp,lower_reverse,lowercase+reverse
PROPRE,erporp,lower_reverse,lowercase+reverse
PRÈS,sèrp,lower_reverse,lowercase+reverse
PRÍNCIPE,epicnírp,lower_reverse,lowercase+reverse
PUERTA,atreup,lower_reverse,lowercase+reverse
PULL,llup,lower_reverse,lowercase+reverse
PURPLE,elprup,lower_reverse,lowercase+reverse
PURSUE,eusrup,lower_reverse,lowercase+reverse
PUSH,hsup,lower_reverse,lowercase+reverse
PÁGINA,anigáp,lower_reverse,lowercase+reverse
PÁJARO,orajáp,lower_reverse,lowercase+reverse
PÈRE,erèp,lower_reverse,lowercase+reverse
QUATRE,ertauq,lower_reverse,lowercase+reverse
QUEEN,neeuq,lower_reverse,lowercase+reverse
QUESO,oseuq,lower_reverse,lowercase+reverse
RADIATE,etaidar,lower_reverse,lowercase+reverse
RADIO,oidar,lower_reverse,lowercase+reverse
RAPIDE,edipar,lower_reverse,lowercase+reverse
RAY,yar,lower_reverse,lowercase+reverse
READ,daer,lower_reverse,lowercase+reverse
REALIZE,ezilaer,lower_reverse,lowercase+reverse
RECEIVE,eviecer,lower_reverse,lowercase+reverse
RECOGNIZE,ezingocer,lower_reverse,lowercase+reverse
RED,der,lower_reverse,lowercase+reverse
REEF,feer,lower_reverse,lowercase+reverse
REINA,anier,lower_reverse,lowercase+reverse
REINE,enier,lower_reverse,lowercase+reverse
RELATE,etaler,lower_reverse,lowercase+reverse
RELAX,xaler,lower_reverse,lowercase+reverse
REPEAT,taeper,lower_reverse,lowercase+reverse
RESCUE,eucser,lower_reverse,lowercase+reverse
REST,tser,lower_reverse,lowercase+reverse
REY,yer,lower_reverse,lowercase+reverse
RICH,hcir,lower_reverse,lowercase+reverse
RICHE,ehcir,lower_reverse,lowercase+reverse
RICO,ocir,lower_reverse,lowercase+reverse
RIGHT,thgir,lower_reverse,lowercase+reverse
ROI,ior,lower_reverse,lowercase+reverse
ROJO,ojor,lower_reverse,lowercase+reverse
ROOF,foor,lower_reverse,lowercase+reverse
ROSA,asor,lower_reverse,lowercase+reverse
ROSE,esor,lower_reverse,lowercase+reverse
ROTATE,etator,lower_reverse,lowercase+reverse
ROUGE,eguor,lower_reverse,lowercase+reverse
RUE,eur,lower_reverse,lowercase+reverse
RUN,nur,lower_reverse,lowercase+reverse
RUNNER,rennur,lower_reverse,lowercase+reverse
RÁPIDO,odipár,lower_reverse,lowercase+reverse
SAD,das,lower_reverse,lowercase+reverse
SAFE,efas,lower_reverse,lowercase+reverse
SAIL,lias,lower_reverse,lowercase+reverse
SAILOR,rolias,lower_reverse,lowercase+reverse
SAL,las,lower_reverse,lowercase+reverse
SALE,elas,lower_reverse,lowercase+reverse
SALT,tlas,lower_reverse,lowercase+reverse
SCARF,fracs,lower_reverse,lowercase+reverse
SCHOOL,loohcs,lower_reverse,lowercase+reverse
SCIENTIST,tsitneics,lower_reverse,lowercase+reverse
SEE,ees,lower_reverse,lowercase+reverse
SEIS,sies,lower_reverse,lowercase+reverse
SEL,les,lower_reverse,lowercase+reverse
SELF,fles,lower_reverse,lowercase+reverse
SEMAINE,eniames,lower_reverse,lowercase+reverse
SEMANA,anames,lower_reverse,lowercase+reverse
SENTENCE,ecnetnes,lower_reverse,lowercase+reverse
SEPARATE,etarapes,lower_reverse,lowercase+reverse
SEPT,tpes,lower_reverse,lowercase+reverse
SEVEN,neves,lower_reverse,lowercase+reverse
SHARE,erahs,lower_reverse,lowercase+reverse
SHEEP,peehs,lower_reverse,lowercase+reverse
SHELF,flehs,lower_reverse,lowercase+reverse
SHORT,trohs,lower_reverse,lowercase+reverse
SHOUT,tuohs,lower_reverse,lowercase+reverse
SIETE,eteis,lower_reverse,lowercase+reverse
SILLA,allis,lower_reverse,lowercase+reverse
SING,gnis,lower_reverse,lowercase+reverse
SINGER,regnis,lower_reverse,lowercase+reverse
SISTER,retsis,lower_reverse,lowercase+reverse
SIT,tis,lower_reverse,lowercase+reverse
SIX,xis,lower_reverse,lowercase+reverse
SKATE,etaks,lower_reverse,lowercase+reverse
SKI,iks,lower_reverse,lowercase+reverse
SLEEP,peels,lower_reverse,lowercase+reverse
SLOW,wols,lower_reverse,lowercase+reverse
SMALL,llams,lower_reverse,lowercase+reverse
SMELL,llems,lower_reverse,lowercase+reverse
SMILE,elims,lower_reverse,lowercase+reverse
SOL,los,lower_reverse,lowercase+reverse
SOLDADO,odadlos,lower_reverse,lowercase+reverse
SOLDAT,tadlos,lower_reverse,lowercase+reverse
SOLDIER,reidlos,lower_reverse,lowercase+reverse
SOLEIL,lielos,lower_reverse,lowercase+reverse
SON,nos,lower_reverse,lowercase+reverse
SONG,gnos,lower_reverse,lowercase+reverse
SPOON,noops,lower_reverse,lowercase+reverse
SPORT,trops,lower_reverse,lowercase+reverse
STAND,dnats,lower_reverse,lowercase+reverse
STAR,rats,lower_reverse,lowercase+reverse
START,trats,lower_reverse,lowercase+reverse
STIMULATE,etalumits,lower_reverse,lowercase+reverse
STOMACH,hcamots,lower_reverse,lowercase+reverse
STOP,pots,lower_reverse,lowercase+reverse
STORY,yrots,lower_reverse,lowercase+reverse
STREET,teerts,lower_reverse,lowercase+reverse
STRETCH,hcterts,lower_reverse,lowercase+reverse
STRONG,gnorts,lower_reverse,lowercase+reverse
STUDENT,tneduts,lower_reverse,lowercase+reverse
STUDIO,oiduts,lower_reverse,lowercase+reverse
STUDY,yduts,lower_reverse,lowercase+reverse
SUCIO,oicus,lower_reverse,lowercase+reverse
SUCRE,ercus,lower_reverse,lowercase+reverse
SUGAR,ragus,lower_reverse,lowercase+reverse
SUN,nus,lower_reverse,lowercase+reverse
SURPRISE,esirprus,lower_reverse,lowercase+reverse
SWIM,miws,lower_reverse,lowercase+reverse
SWIMMER,remmiws,lower_reverse,lowercase+reverse
SÍ,ís,lower_reverse,lowercase+reverse
SŒUR,ruœs,lower_reverse,lowercase+reverse
TABLE,elbat,lower_reverse,lowercase+reverse
TAILOR,roliat,lower_reverse,lowercase+reverse
TAKE,ekat,lower_reverse,lowercase+reverse
TALK,klat,lower_reverse,lowercase+reverse
TANTE,etnat,lower_reverse,lowercase+reverse
TASTE,etsat,lower_reverse,lowercase+reverse
TEA,aet,lower_reverse,lowercase+reverse
TEACH,hcaet,lower_reverse,lowercase+reverse
TEACHER,rehcaet,lower_reverse,lowercase+reverse
TEMPS,spmet,lower_reverse,lowercase+reverse
TEN,net,lower_reverse,lowercase+reverse
TERMINATE,etanimret,lower_reverse,lowercase+reverse
THESIS,siseht,lower_reverse,lowercase+reverse
THIEF,feiht,lower_reverse,lowercase+reverse
THINK,kniht,lower_reverse,lowercase+reverse
THOUSAND,dnasuoht,lower_reverse,lowercase+reverse
THREE,eerht,lower_reverse,lowercase+reverse
THROW,worht,lower_reverse,lowercase+reverse
THÉ,éht,lower_reverse,lowercase+reverse
TIEMPO,opmeit,lower_reverse,lowercase+reverse
TIME,emit,lower_reverse,lowercase+reverse
TODAY,yadot,lower_reverse,lowercase+reverse
TOE,eot,lower_reverse,lowercase+reverse
TOLERATE,etarelot,lower_reverse,lowercase+reverse
TOMATO,otamot,lower_reverse,lowercase+reverse
TOMORROW,worromot,lower_reverse,lowercase+reverse
TOOTH,htoot,lower_reverse,lowercase+reverse
TOUCH,hcuot,lower_reverse,lowercase+reverse
TOY,yot,lower_reverse,lowercase+reverse
TRABAJADOR,rodajabart,lower_reverse,lowercase+reverse
TRANSLATE,etalsnart,lower_reverse,lowercase+reverse
TRAVEL,levart,lower_reverse,lowercase+reverse
TREAT,taert,lower_reverse,lowercase+reverse
TREE,eert,lower_reverse,lowercase+reverse
TRES,sert,lower_reverse,lowercase+reverse
TRISTE,etsirt,lower_reverse,lowercase+reverse
TROIS,siort,lower_reverse,lowercase+reverse
TWO,owt,lower_reverse,lowercase+reverse
TÉ,ét,lower_reverse,lowercase+reverse
TÊTE,etêt,lower_reverse,lowercase+reverse
TÍA,aít,lower_reverse,lowercase+reverse
TÍO,oít,lower_reverse,lowercase+reverse
UGLY,ylgu,lower_reverse,lowercase+reverse
UN,nu,lower_reverse,lowercase+reverse
UNCLE,elcnu,lower_reverse,lowercase+reverse
UNITE,etinu,lower_reverse,lowercase+reverse
UNO,onu,lower_reverse,lowercase+reverse
UP,pu,lower_reverse,lowercase+reverse
VACÍO,oícav,lower_reverse,lowercase+reverse
VALIDATE,etadilav,lower_reverse,lowercase+reverse
VALUE,eulav,lower_reverse,lowercase+reverse
VEIN,niev,lower_reverse,lowercase+reverse
VENTANA,anatnev,lower_reverse,lowercase+reverse
VERDE,edrev,lower_reverse,lowercase+reverse
VERT,trev,lower_reverse,lowercase+reverse
VIBRATE,etarbiv,lower_reverse,lowercase+reverse
VIDE,ediv,lower_reverse,lowercase+reverse
VIDEO,oediv,lower_reverse,lowercase+reverse
VIEJO,ojeiv,lower_reverse,lowercase+reverse
VIEUX,xueiv,lower_reverse,lowercase+reverse
VILLAIN,nialliv,lower_reverse,lowercase+reverse
VILLE,elliv,lower_reverse,lowercase+reverse
VIN,niv,lower_reverse,lowercase+reverse
VINO,oniv,lower_reverse,lowercase+reverse
VIOLET,teloiv,lower_reverse,lowercase+reverse
VOITURE,erutiov,lower_reverse,lowercase+reverse
VOLCANO,onaclov,lower_reverse,lowercase+reverse
WAIT,tiaw,lower_reverse,lowercase+reverse
WALK,klaw,lower_reverse,lowercase+reverse
WASH,hsaw,lower_reverse,lowercase+reverse
WATCH,hctaw,lower_reverse,lowercase+reverse
WATER,retaw,lower_reverse,lowercase+reverse
WAY,yaw,lower_reverse,lowercase+reverse
WEAK,kaew,lower_reverse,lowercase+reverse
WEEK,keew,lower_reverse,lowercase+reverse
WHARF,frahw,lower_reverse,lowercase+reverse
WHISPER,repsihw,lower_reverse,lowercase+reverse
WHITE,etihw,lower_reverse,lowercase+reverse
WIDE,ediw,lower_reverse,lowercase+reverse
WIFE,efiw,lower_reverse,lowercase+reverse
WINDOW,wodniw,lower_reverse,lowercase+reverse
WINE,eniw,lower_reverse,lowercase+reverse
WOLF,flow,lower_reverse,lowercase+reverse
WOMAN,namow,lower_reverse,lowercase+reverse
WORD,drow,lower_reverse,lowercase+reverse
WORK,krow,lower_reverse,lowercase+reverse
WORKER,rekrow,lower_reverse,lowercase+reverse
WORLD,dlrow,lower_reverse,lowercase+reverse
WRITE,etirw,lower_reverse,lowercase+reverse
WRITER,retirw,lower_reverse,lowercase+reverse
YEAR,raey,lower_reverse,lowercase+reverse
YELLOW,wolley,lower_reverse,lowercase+reverse
YES,sey,lower_reverse,lowercase+reverse
YESTERDAY,yadretsey,lower_reverse,lowercase+reverse
YOUNG,gnuoy,lower_reverse,lowercase+reverse
ÁRBOL,lobrá,lower_reverse,lowercase+reverse
ÉCOLE,elocé,lower_reverse,lowercase+reverse
ÉTOILE,elioté,lower_reverse,lowercase+reverse
ÉTROIT,tiorté,lower_reverse,lowercase+reverse
ÉTUDIANT,tnaiduté,lower_reverse,lowercase+reverse
ÚLTIMO,omitlú,lower_reverse,lowercase+reverse
ŒIL,liœ,lower_reverse,lowercase+reverse
afghanistan,A,upper_first,uppercase+first_letter
albania,A,upper_first,uppercase+first_letter
algeria,A,upper_first,uppercase+first_letter
andorra,A,upper_first,uppercase+first_letter
angola,A,upper_first,uppercase+first_letter
argentina,A,upper_first,uppercase+first_letter
armenia,A,upper_first,uppercase+first_letter
australia,A,upper_first,uppercase+first_letter
austria,A,upper_first,uppercase+first_letter
azerbaijan,A,upper_first,uppercase+first_letter
bahamas,B,upper_first,uppercase+first_letter
bahrain,B,upper_first,uppercase+first_letter
bangladesh,B,upper_first,uppercase+first_letter
barbados,B,upper_first,uppercase+first_letter
belarus,B,upper_first,uppercase+first_letter
belgium,B,upper_first,uppercase+first_letter
belize,B,upper_first,uppercase+first_letter
benin,B,upper_first,uppercase+first_letter
bhutan,B,upper_first,uppercase+first_letter
bolivia,B,upper_first,uppercase+first_letter
botswana,B,upper_first,uppercase+first_letter
brazil,B,upper_first,uppercase+first_letter
brunei,B,upper_first,uppercase+first_letter
bulgaria,B,upper_first,uppercase+first_letter
burundi,B,upper_first,uppercase+first_letter
cambodia,C,upper_first,uppercase+first_letter
cameroon,C,upper_first,uppercase+first_letter
canada,C,upper_first,uppercase+first_letter
chad,C,upper_first,uppercase+first_letter
chile,C,upper_first,uppercase+first_letter
china,C,upper_first,uppercase+first_letter
colombia,C,upper_first,uppercase+first_letter
comoros,C,upper_first,uppercase+first_letter
congo,C,upper_first,uppercase+first_letter
croatia,C,upper_first,uppercase+first_letter
cuba,C,upper_first,uppercase+first_letter
cyprus,C,upper_first,uppercase+first_letter
denmark,D,upper_first,uppercase+first_letter
djibouti,D,upper_first,uppercase+first_letter
dominica,D,upper_first,uppercase+first_letter
ecuador,E,upper_first,uppercase+first_letter
egypt,E,upper_first,uppercase+first_letter
eritrea,E,upper_first,uppercase+first_letter
estonia,E,upper_first,uppercase+first_letter
eswatini,E,upper_first,uppercase+first_letter
ethiopia,E,upper_first,uppercase+first_letter
fiji,F,upper_first,uppercase+first_letter
finland,F,upper_first,uppercase+first_letter
france,F,upper_first,uppercase+first_letter
gabon,G,upper_first,uppercase+first_letter
gambia,G,upper_first,uppercase+first_letter
georgia,G,upper_first,uppercase+first_letter
germany,G,upper_first,uppercase+first_letter
ghana,G,upper_first,uppercase+first_letter
greece,G,upper_first,uppercase+first_letter
grenada,G,upper_first,uppercase+first_letter
guatemala,G,upper_first,uppercase+first_letter
guinea,G,upper_first,uppercase+first_letter
guyana,G,upper_first,uppercase+first_letter
haiti,H,upper_first,uppercase+first_letter
honduras,H,upper_first,uppercase+first_letter
hungary,H,upper_first,uppercase+first_letter
iceland,I,upper_first,uppercase+first_letter
india,I,upper_first,uppercase+first_letter
indonesia,I,upper_first,uppercase+first_letter
iran,I,upper_first,uppercase+first_letter
iraq,I,upper_first,uppercase+first_letter
ireland,I,upper_first,uppercase+first_letter
israel,I,upper_first,uppercase+first_letter
italy,I,upper_first,uppercase+first_letter
jamaica,J,upper_first,uppercase+first_letter
japan,J,upper_first,uppercase+first_letter
jordan,J,upper_first,uppercase+first_letter
kazakhstan,K,upper_first,uppercase+first_letter
kenya,K,upper_first,uppercase+first_letter
kiribati,K,upper_first,uppercase+first_letter
kosovo,K,upper_first,uppercase+first_letter
kuwait,K,upper_first,uppercase+first_letter
kyrgyzstan,K,upper_first,uppercase+first_letter
laos,L,upper_first,uppercase+first_letter
latvia,L,upper_first,uppercase+first_letter
lebanon,L,upper_first,uppercase+first_letter
lesotho,L,upper_first,uppercase+first_letter
liberia,L,upper_first,uppercase+first_letter
libya,L,upper_first,uppercase+first_letter
liechtenstein,L,upper_first,uppercase+first_letter
lithuania,L,upper_first,uppercase+first_letter
luxembourg,L,upper_first,uppercase+first_letter
madagascar,M,upper_first,uppercase+first_letter
malawi,M,upper_first,uppercase+first_letter
malaysia,M,upper_first,uppercase+first_letter
maldives,M,upper_first,uppercase+first_letter
mali,M,upper_first,uppercase+first_letter
malta,M,upper_first,uppercase+first_letter
mauritania,M,upper_first,uppercase+first_letter
mauritius,M,upper_first,uppercase+first_letter
mexico,M,upper_first,uppercase+first_letter
micronesia,M,upper_first,uppercase+first_letter
moldova,M,upper_first,uppercase+first_letter
monaco,M,upper_first,uppercase+first_letter
mongolia,M,upper_first,uppercase+first_letter
montenegro,M,upper_first,uppercase+first_letter
morocco,M,upper_first,uppercase+first_letter
mozambique,M,upper_first,uppercase+first_letter
myanmar,M,upper_first,uppercase+first_letter
namibia,N,upper_first,uppercase+first_letter
nauru,N,upper_first,uppercase+first_letter
nepal,N,upper_first,uppercase+first_letter
netherlands,N,upper_first,uppercase+first_letter
nicaragua,N,upper_first,uppercase+first_letter
niger,N,upper_first,uppercase+first_letter
nigeria,N,upper_first,uppercase+first_letter
norway,N,upper_first,uppercase+first_letter
oman,O,upper_first,uppercase+first_letter
pakistan,P,upper_first,uppercase+first_letter
palau,P,upper_first,uppercase+first_letter
palestine,P,upper_first,uppercase+first_letter
panama,P,upper_first,uppercase+first_letter
paraguay,P,upper_first,uppercase+first_letter
peru,P,upper_first,uppercase+first_letter
philippines,P,upper_first,uppercase+first_letter
poland,P,upper_first,uppercase+first_letter
portugal,P,upper_first,uppercase+first_letter
qatar,Q,upper_first,uppercase+first_letter
romania,R,upper_first,uppercase+first_letter
russia,R,upper_first,uppercase+first_letter
rwanda,R,upper_first,uppercase+first_letter
samoa,S,upper_first,uppercase+first_letter
senegal,S,upper_first,uppercase+first_letter
serbia,S,upper_first,uppercase+first_letter
seychelles,S,upper_first,uppercase+first_letter
singapore,S,upper_first,uppercase+first_letter
slovakia,S,upper_first,uppercase+first_letter
slovenia,S,upper_first,uppercase+first_letter
somalia,S,upper_first,uppercase+first_letter
spain,S,upper_first,uppercase+first_letter
sudan,S,upper_first,uppercase+first_letter
suriname,S,upper_first,uppercase+first_letter
sweden,S,upper_first,uppercase+first_letter
switzerland,S,upper_first,uppercase+first_letter
syria,S,upper_first,uppercase+first_letter
taiwan,T,upper_first,uppercase+first_letter
tajikistan,T,upper_first,uppercase+first_letter
tanzania,T,upper_first,uppercase+first_letter
thailand,T,upper_first,uppercase+first_letter
togo,T,upper_first,uppercase+first_letter
tonga,T,upper_first,uppercase+first_letter
tunisia,T,upper_first,uppercase+first_letter
turkey,T,upper_first,uppercase+first_letter
turkmenistan,T,upper_first,uppercase+first_letter
tuvalu,T,upper_first,uppercase+first_letter
uae,U,upper_first,uppercase+first_letter
uganda,U,upper_first,uppercase+first_letter
ukraine,U,upper_first,uppercase+first_letter
uruguay,U,upper_first,uppercase+first_letter
uzbekistan,U,upper_first,uppercase+first_letter
vanuatu,V,upper_first,uppercase+first_letter
venezuela,V,upper_first,uppercase+first_letter
vietnam,V,upper_first,uppercase+first_letter
yemen,Y,upper_first,uppercase+first_letter
zambia,Z,upper_first,uppercase+first_letter
zimbabwe,Z,upper_first,uppercase+first_letter
abajo,A,upper_first,uppercase+first_letter
abierto,A,upper_first,uppercase+first_letter
abogado,A,upper_first,uppercase+first_letter
abuela,A,upper_first,uppercase+first_letter
abuelo,A,upper_first,uppercase+first_letter
accelerate,A,upper_first,uppercase+first_letter
achieve,A,upper_first,uppercase+first_letter
activate,A,upper_first,uppercase+first_letter
actor,A,upper_first,uppercase+first_letter
actress,A,upper_first,uppercase+first_letter
adiós,A,upper_first,uppercase+first_letter
advertise,A,upper_first,uppercase+first_letter
agua,A,upper_first,uppercase+first_letter
alto,A,upper_first,uppercase+first_letter
amarillo,A,upper_first,uppercase+first_letter
ami,A,upper_first,uppercase+first_letter
amigo,A,upper_first,uppercase+first_letter
an,A,upper_first,uppercase+first_letter
analysis,A,upper_first,uppercase+first_letter
ancho,A,upper_first,uppercase+first_letter
anticipate,A,upper_first,uppercase+first_letter
apologize,A,upper_first,uppercase+first_letter
apple,A,upper_first,uppercase+first_letter
appreciate,A,upper_first,uppercase+first_letter
arbre,A,upper_first,uppercase+first_letter
argue,A,upper_first,uppercase+first_letter
arm,A,upper_first,uppercase+first_letter
arriba,A,upper_first,uppercase+first_letter
arrive,A,upper_first,uppercase+first_letter
artery,A,upper_first,uppercase+first_letter
artist,A,upper_first,uppercase+first_letter
artista,A,upper_first,uppercase+first_letter
artiste,A,upper_first,uppercase+first_letter
atrás,A,upper_first,uppercase+first_letter
aunt,A,upper_first,uppercase+first_letter
avocat,A,upper_first,uppercase+first_letter
axis,A,upper_first,uppercase+first_letter
ayer,A,upper_first,uppercase+first_letter
azul,A,upper_first,uppercase+first_letter
azúcar,A,upper_first,uppercase+first_letter
año,A,upper_first,uppercase+first_letter
baby,B,upper_first,uppercase+first_letter
back,B,upper_first,uppercase+first_letter
bad,B,upper_first,uppercase+first_letter
baile,B,upper_first,uppercase+first_letter
bajo,B,upper_first,uppercase+first_letter
bake,B,upper_first,uppercase+first_letter
baker,B,upper_first,uppercase+first_letter
ball,B,upper_first,uppercase+first_letter
balle,B,upper_first,uppercase+first_letter
banana,B,upper_first,uppercase+first_letter
bas,B,upper_first,uppercase+first_letter
basis,B,upper_first,uppercase+first_letter
bay,B,upper_first,uppercase+first_letter
beach,B,upper_first,uppercase+first_letter
beau,B,upper_first,uppercase+first_letter
beautiful,B,upper_first,uppercase+first_letter
bebé,B,upper_first,uppercase+first_letter
begin,B,upper_first,uppercase+first_letter
belief,B,upper_first,uppercase+first_letter
believe,B,upper_first,uppercase+first_letter
bend,B,upper_first,uppercase+first_letter
berry,B,upper_first,uppercase+first_letter
big,B,upper_first,uppercase+first_letter
bike,B,upper_first,uppercase+first_letter
bird,B,upper_first,uppercase+first_letter
black,B,upper_first,uppercase+first_letter
blanc,B,upper_first,uppercase+first_letter
blanco,B,upper_first,uppercase+first_letter
bleu,B,upper_first,uppercase+first_letter
blue,B,upper_first,uppercase+first_letter
boca,B,upper_first,uppercase+first_letter
body,B,upper_first,uppercase+first_letter
bon,B,upper_first,uppercase+first_letter
bone,B,upper_first,uppercase+first_letter
bonjour,B,upper_first,uppercase+first_letter
bonsoir,B,upper_first,uppercase+first_letter
book,B,upper_first,uppercase+first_letter
bouche,B,upper_first,uppercase+first_letter
box,B,upper_first,uppercase+first_letter
boy,B,upper_first,uppercase+first_letter
brain,B,upper_first,uppercase+first_letter
bread,B,upper_first,uppercase+first_letter
brother,B,upper_first,uppercase+first_letter
brown,B,upper_first,uppercase+first_letter
brush,B,upper_first,uppercase+first_letter
bueno,B,upper_first,uppercase+first_letter
build,B,upper_first,uppercase+first_letter
builder,B,upper_first,uppercase+first_letter
bus,B,upper_first,uppercase+first_letter
butcher,B,upper_first,uppercase+first_letter
butterfly,B,upper_first,uppercase+first_letter
bébé,B,upper_first,uppercase+first_letter
caballo,C,upper_first,uppercase+first_letter
cabeza,C,upper_first,uppercase+first_letter
café,C,upper_first,uppercase+first_letter
calculate,C,upper_first,uppercase+first_letter
calf,C,upper_first,uppercase+first_letter
caliente,C,upper_first,uppercase+first_letter
calle,C,upper_first,uppercase+first_letter
camp,C,upper_first,uppercase+first_letter
canción,C,upper_first,uppercase+first_letter
cantante,C,upper_first,uppercase+first_letter
car,C,upper_first,uppercase+first_letter
care,C,upper_first,uppercase+first_letter
cargo,C,upper_first,uppercase+first_letter
carry,C,upper_first,uppercase+first_letter
carta,C,upper_first,uppercase+first_letter
casa,C,upper_first,uppercase+first_letter
cat,C,upper_first,uppercase+first_letter
catch,C,upper_first,uppercase+first_letter
celebrate,C,upper_first,uppercase+first_letter
cent,C,upper_first,uppercase+first_letter
cerca,C,upper_first,uppercase+first_letter
cerebro,C,upper_first,uppercase+first_letter
cerrado,C,upper_first,uppercase+first_letter
cerveau,C,upper_first,uppercase+first_letter
chair,C,upper_first,uppercase+first_letter
chaise,C,upper_first,uppercase+first_letter
change,C,upper_first,uppercase+first_letter
chanson,C,upper_first,uppercase+first_letter
chat,C,upper_first,uppercase+first_letter
chaud,C,upper_first,uppercase+first_letter
cheese,C,upper_first,uppercase+first_letter
chef,C,upper_first,uppercase+first_letter
cheval,C,upper_first,uppercase+first_letter
chief,C,upper_first,uppercase+first_letter
chien,C,upper_first,uppercase+first_letter
child,C,upper_first,uppercase+first_letter
church,C,upper_first,uppercase+first_letter
cien,C,upper_first,uppercase+first_letter
cinco,C,upper_first,uppercase+first_letter
cinq,C,upper_first,uppercase+first_letter
city,C,upper_first,uppercase+first_letter
ciudad,C,upper_first,uppercase+first_letter
class,C,upper_first,uppercase+first_letter
clean,C,upper_first,uppercase+first_letter
clerk,C,upper_first,uppercase+first_letter
cliff,C,upper_first,uppercase+first_letter
climb,C,upper_first,uppercase+first_letter
close,C,upper_first,uppercase+first_letter
closed,C,upper_first,uppercase+first_letter
coche,C,upper_first,uppercase+first_letter
coffee,C,upper_first,uppercase+first_letter
cold,C,upper_first,uppercase+first_letter
come,C,upper_first,uppercase+first_letter
comida,C,upper_first,uppercase+first_letter
communicate,C,upper_first,uppercase+first_letter
compete,C,upper_first,uppercase+first_letter
complete,C,upper_first,uppercase+first_letter
computer,C,upper_first,uppercase+first_letter
concentrate,C,upper_first,uppercase+first_letter
contemplate,C,upper_first,uppercase+first_letter
continue,C,upper_first,uppercase+first_letter
cook,C,upper_first,uppercase+first_letter
cooperate,C,upper_first,uppercase+first_letter
coordinate,C,upper_first,uppercase+first_letter
corazón,C,upper_first,uppercase+first_letter
corps,C,upper_first,uppercase+first_letter
corto,C,upper_first,uppercase+first_letter
country,C,upper_first,uppercase+first_letter
court,C,upper_first,uppercase+first_letter
cousin,C,upper_first,uppercase+first_letter
create,C,upper_first,uppercase+first_letter
crisis,C,upper_first,uppercase+first_letter
criterion,C,upper_first,uppercase+first_letter
criticize,C,upper_first,uppercase+first_letter
cry,C,upper_first,uppercase+first_letter
cuatro,C,upper_first,uppercase+first_letter
cuerpo,C,upper_first,uppercase+first_letter
cultivate,C,upper_first,uppercase+first_letter
cup,C,upper_first,uppercase+first_letter
curriculum,C,upper_first,uppercase+first_letter
cœur,C,upper_first,uppercase+first_letter
dance,D,upper_first,uppercase+first_letter
dancer,D,upper_first,uppercase+first_letter
danse,D,upper_first,uppercase+first_letter
datum,D,upper_first,uppercase+first_letter
daughter,D,upper_first,uppercase+first_letter
day,D,upper_first,uppercase+first_letter
decide,D,upper_first,uppercase+first_letter
decorate,D,upper_first,uppercase+first_letter
dedans,D,upper_first,uppercase+first_letter
dedicate,D,upper_first,uppercase+first_letter
deer,D,upper_first,uppercase+first_letter
defeat,D,upper_first,uppercase+first_letter
dehors,D,upper_first,uppercase+first_letter
delete,D,upper_first,uppercase+first_letter
demain,D,upper_first,uppercase+first_letter
demonstrate,D,upper_first,uppercase+first_letter
dentro,D,upper_first,uppercase+first_letter
deporte,D,upper_first,uppercase+first_letter
derecho,D,upper_first,uppercase+first_letter
dernier,D,upper_first,uppercase+first_letter
derrière,D,upper_first,uppercase+first_letter
designate,D,upper_first,uppercase+first_letter
determine,D,upper_first,uppercase+first_letter
deux,D,upper_first,uppercase+first_letter
devant,D,upper_first,uppercase+first_letter
deviate,D,upper_first,uppercase+first_letter
diez,D,upper_first,uppercase+first_letter
difficile,D,upper_first,uppercase+first_letter
difficult,D,upper_first,uppercase+first_letter
difícil,D,upper_first,uppercase+first_letter
director,D,upper_first,uppercase+first_letter
dirty,D,upper_first,uppercase+first_letter
dish,D,upper_first,uppercase+first_letter
dix,D,upper_first,uppercase+first_letter
doctor,D,upper_first,uppercase+first_letter
dog,D,upper_first,uppercase+first_letter
dominate,D,upper_first,uppercase+first_letter
door,D,upper_first,uppercase+first_letter
dos,D,upper_first,uppercase+first_letter
down,D,upper_first,uppercase+first_letter
draw,D,upper_first,uppercase+first_letter
drink,D,upper_first,uppercase+first_letter
drive,D,upper_first,uppercase+first_letter
driver,D,upper_first,uppercase+first_letter
droit,D,upper_first,uppercase+first_letter
duchess,D,upper_first,uppercase+first_letter
duke,D,upper_first,uppercase+first_letter
dwarf,D,upper_first,uppercase+first_letter
débil,D,upper_first,uppercase+first_letter
día,D,upper_first,uppercase+first_letter
ear,E,upper_first,uppercase+first_letter
easy,E,upper_first,uppercase+first_letter
eat,E,upper_first,uppercase+first_letter
eau,E,upper_first,uppercase+first_letter
echo,E,upper_first,uppercase+first_letter
educate,E,upper_first,uppercase+first_letter
eight,E,upper_first,uppercase+first_letter
elf,E,upper_first,uppercase+first_letter
eliminate,E,upper_first,uppercase+first_letter
emperor,E,upper_first,uppercase+first_letter
empress,E,upper_first,uppercase+first_letter
empty,E,upper_first,uppercase+first_letter
end,E,upper_first,uppercase+first_letter
enfant,E,upper_first,uppercase+first_letter
enfermera,E,upper_first,uppercase+first_letter
engineer,E,upper_first,uppercase+first_letter
escalate,E,upper_first,uppercase+first_letter
escuela,E,upper_first,uppercase+first_letter
esposa,E,upper_first,uppercase+first_letter
esposo,E,upper_first,uppercase+first_letter
estrecho,E,upper_first,uppercase+first_letter
estrella,E,upper_first,uppercase+first_letter
estudiante,E,upper_first,uppercase+first_letter
evaluate,E,upper_first,uppercase+first_letter
evaporate,E,upper_first,uppercase+first_letter
exaggerate,E,upper_first,uppercase+first_letter
examine,E,upper_first,uppercase+first_letter
excite,E,upper_first,uppercase+first_letter
exercise,E,upper_first,uppercase+first_letter
explore,E,upper_first,uppercase+first_letter
eye,E,upper_first,uppercase+first_letter
facile,F,upper_first,uppercase+first_letter
faible,F,upper_first,uppercase+first_letter
familia,F,upper_first,uppercase+first_letter
famille,F,upper_first,uppercase+first_letter
family,F,upper_first,uppercase+first_letter
far,F,upper_first,uppercase+first_letter
farmer,F,upper_first,uppercase+first_letter
fascinate,F,upper_first,uppercase+first_letter
fast,F,upper_first,uppercase+first_letter
father,F,upper_first,uppercase+first_letter
feel,F,upper_first,uppercase+first_letter
feliz,F,upper_first,uppercase+first_letter
femme,F,upper_first,uppercase+first_letter
fenêtre,F,upper_first,uppercase+first_letter
feo,F,upper_first,uppercase+first_letter
fermier,F,upper_first,uppercase+first_letter
fermé,F,upper_first,uppercase+first_letter
fille,F,upper_first,uppercase+first_letter
fils,F,upper_first,uppercase+first_letter
finger,F,upper_first,uppercase+first_letter
finish,F,upper_first,uppercase+first_letter
first,F,upper_first,uppercase+first_letter
fish,F,upper_first,uppercase+first_letter
five,F,upper_first,uppercase+first_letter
fleur,F,upper_first,uppercase+first_letter
flor,F,upper_first,uppercase+first_letter
flower,F,upper_first,uppercase+first_letter
fly,F,upper_first,uppercase+first_letter
food,F,upper_first,uppercase+first_letter
foot,F,upper_first,uppercase+first_letter
fork,F,upper_first,uppercase+first_letter
fort,F,upper_first,uppercase+first_letter
four,F,upper_first,uppercase+first_letter
fox,F,upper_first,uppercase+first_letter
frase,F,upper_first,uppercase+first_letter
frente,F,upper_first,uppercase+first_letter
friend,F,upper_first,uppercase+first_letter
froid,F,upper_first,uppercase+first_letter
fromage,F,upper_first,uppercase+first_letter
front,F,upper_first,uppercase+first_letter
frère,F,upper_first,uppercase+first_letter
frío,F,upper_first,uppercase+first_letter
fuera,F,upper_first,uppercase+first_letter
fuerte,F,upper_first,uppercase+first_letter
full,F,upper_first,uppercase+first_letter
fácil,F,upper_first,uppercase+first_letter
game,G,upper_first,uppercase+first_letter
garçon,G,upper_first,uppercase+first_letter
gato,G,upper_first,uppercase+first_letter
gauche,G,upper_first,uppercase+first_letter
generate,G,upper_first,uppercase+first_letter
girl,G,upper_first,uppercase+first_letter
give,G,upper_first,uppercase+first_letter
glass,G,upper_first,uppercase+first_letter
good,G,upper_first,uppercase+first_letter
goodbye,G,upper_first,uppercase+first_letter
goose,G,upper_first,uppercase+first_letter
gracias,G,upper_first,uppercase+first_letter
grand,G,upper_first,uppercase+first_letter
grande,G,upper_first,uppercase+first_letter
grandfather,G,upper_first,uppercase+first_letter
grandmother,G,upper_first,uppercase+first_letter
granjero,G,upper_first,uppercase+first_letter
gray,G,upper_first,uppercase+first_letter
green,G,upper_first,uppercase+first_letter
greet,G,upper_first,uppercase+first_letter
grief,G,upper_first,uppercase+first_letter
gris,G,upper_first,uppercase+first_letter
gulf,G,upper_first,uppercase+first_letter
guy,G,upper_first,uppercase+first_letter
half,H,upper_first,uppercase+first_letter
hand,H,upper_first,uppercase+first_letter
happy,H,upper_first,uppercase+first_letter
hate,H,upper_first,uppercase+first_letter
haut,H,upper_first,uppercase+first_letter
head,H,upper_first,uppercase+first_letter
hear,H,upper_first,uppercase+first_letter
heart,H,upper_first,uppercase+first_letter
heavy,H,upper_first,uppercase+first_letter
hello,H,upper_first,uppercase+first_letter
help,H,upper_first,uppercase+first_letter
hermana,H,upper_first,uppercase+first_letter
hermano,H,upper_first,uppercase+first_letter
hermoso,H,upper_first,uppercase+first_letter
hero,H,upper_first,uppercase+first_letter
heroine,H,upper_first,uppercase+first_letter
hesitate,H,upper_first,uppercase+first_letter
heureux,H,upper_first,uppercase+first_letter
hibernate,H,upper_first,uppercase+first_letter
hier,H,upper_first,uppercase+first_letter
high,H,upper_first,uppercase+first_letter
hija,H,upper_first,uppercase+first_letter
hijo,H,upper_first,uppercase+first_letter
hike,H,upper_first,uppercase+first_letter
hola,H,upper_first,uppercase+first_letter
hold,H,upper_first,uppercase+first_letter
hombre,H,upper_first,uppercase+first_letter
homme,H,upper_first,uppercase+first_letter
hoof,H,upper_first,uppercase+first_letter
hope,H,upper_first,uppercase+first_letter
horse,H,upper_first,uppercase+first_letter
hot,H,upper_first,uppercase+first_letter
house,H,upper_first,uppercase+first_letter
hoy,H,upper_first,uppercase+first_letter
huit,H,upper_first,uppercase+first_letter
hundred,H,upper_first,uppercase+first_letter
hunt,H,upper_first,uppercase+first_letter
husband,H,upper_first,uppercase+first_letter
illustrate,I,upper_first,uppercase+first_letter
imagine,I,upper_first,uppercase+first_letter
imitate,I,upper_first,uppercase+first_letter
improve,I,upper_first,uppercase+first_letter
incorporate,I,upper_first,uppercase+first_letter
infirmière,I,upper_first,uppercase+first_letter
initiate,I,upper_first,uppercase+first_letter
innovate,I,upper_first,uppercase+first_letter
inside,I,upper_first,uppercase+first_letter
integrate,I,upper_first,uppercase+first_letter
investigate,I,upper_first,uppercase+first_letter
invite,I,upper_first,uppercase+first_letter
irritate,I,upper_first,uppercase+first_letter
issue,I,upper_first,uppercase+first_letter
izquierdo,I,upper_first,uppercase+first_letter
jaune,J,upper_first,uppercase+first_letter
jeu,J,upper_first,uppercase+first_letter
jeune,J,upper_first,uppercase+first_letter
jour,J,upper_first,uppercase+first_letter
joven,J,upper_first,uppercase+first_letter
juego,J,upper_first,uppercase+first_letter
jump,J,upper_first,uppercase+first_letter
key,K,upper_first,uppercase+first_letter
kidney,K,upper_first,uppercase+first_letter
king,K,upper_first,uppercase+first_letter
kiss,K,upper_first,uppercase+first_letter
kneel,K,upper_first,uppercase+first_letter
knife,K,upper_first,uppercase+first_letter
knight,K,upper_first,uppercase+first_letter
lady,L,upper_first,uppercase+first_letter
laid,L,upper_first,uppercase+first_letter
lait,L,upper_first,uppercase+first_letter
large,L,upper_first,uppercase+first_letter
largo,L,upper_first,uppercase+first_letter
last,L,upper_first,uppercase+first_letter
laugh,L,upper_first,uppercase+first_letter
lawyer,L,upper_first,uppercase+first_letter
leaf,L,upper_first,uppercase+first_letter
learn,L,upper_first,uppercase+first_letter
leave,L,upper_first,uppercase+first_letter
leche,L,upper_first,uppercase+first_letter
left,L,upper_first,uppercase+first_letter
leg,L,upper_first,uppercase+first_letter
lejos,L,upper_first,uppercase+first_letter
lent,L,upper_first,uppercase+first_letter
lento,L,upper_first,uppercase+first_letter
letter,L,upper_first,uppercase+first_letter
lettre,L,upper_first,uppercase+first_letter
library,L,upper_first,uppercase+first_letter
libro,L,upper_first,uppercase+first_letter
lie,L,upper_first,uppercase+first_letter
life,L,upper_first,uppercase+first_letter
ligero,L,upper_first,uppercase+first_letter
light,L,upper_first,uppercase+first_letter
limpio,L,upper_first,uppercase+first_letter
listen,L,upper_first,uppercase+first_letter
live,L,upper_first,uppercase+first_letter
liver,L,upper_first,uppercase+first_letter
livre,L,upper_first,uppercase+first_letter
lleno,L,upper_first,uppercase+first_letter
loaf,L,upper_first,uppercase+first_letter
loin,L,upper_first,uppercase+first_letter
long,L,upper_first,uppercase+first_letter
lord,L,upper_first,uppercase+first_letter
lourd,L,upper_first,uppercase+first_letter
love,L,upper_first,uppercase+first_letter
low,L,upper_first,uppercase+first_letter
luna,L,upper_first,uppercase+first_letter
lune,L,upper_first,uppercase+first_letter
lung,L,upper_first,uppercase+first_letter
léger,L,upper_first,uppercase+first_letter
madre,M,upper_first,uppercase+first_letter
main,M,upper_first,uppercase+first_letter
maison,M,upper_first,uppercase+first_letter
make,M,upper_first,uppercase+first_letter
malo,M,upper_first,uppercase+first_letter
man,M,upper_first,uppercase+first_letter
manage,M,upper_first,uppercase+first_letter
manager,M,upper_first,uppercase+first_letter
mano,M,upper_first,uppercase+first_letter
manzana,M,upper_first,uppercase+first_letter
mari,M,upper_first,uppercase+first_letter
marron,M,upper_first,uppercase+first_letter
marrón,M,upper_first,uppercase+first_letter
mauvais,M,upper_first,uppercase+first_letter
mañana,M,upper_first,uppercase+first_letter
meditate,M,upper_first,uppercase+first_letter
medium,M,upper_first,uppercase+first_letter
meet,M,upper_first,uppercase+first_letter
merci,M,upper_first,uppercase+first_letter
mes,M,upper_first,uppercase+first_letter
mesa,M,upper_first,uppercase+first_letter
mil,M,upper_first,uppercase+first_letter
milk,M,upper_first,uppercase+first_letter
mille,M,upper_first,uppercase+first_letter
mois,M,upper_first,uppercase+first_letter
monde,M,upper_first,uppercase+first_letter
month,M,upper_first,uppercase+first_letter
moon,M,upper_first,uppercase+first_letter
morado,M,upper_first,uppercase+first_letter
mosquito,M,upper_first,uppercase+first_letter
mot,M,upper_first,uppercase+first_letter
mother,M,upper_first,uppercase+first_letter
motivate,M,upper_first,uppercase+first_letter
mouse,M,upper_first,uppercase+first_letter
mouth,M,upper_first,uppercase+first_letter
move,M,upper_first,uppercase+first_letter
mujer,M,upper_first,uppercase+first_letter
mundo,M,upper_first,uppercase+first_letter
muscle,M,upper_first,uppercase+first_letter
music,M,upper_first,uppercase+first_letter
musician,M,upper_first,uppercase+first_letter
musicien,M,upper_first,uppercase+first_letter
musique,M,upper_first,uppercase+first_letter
mère,M,upper_first,uppercase+first_letter
médecin,M,upper_first,uppercase+first_letter
médico,M,upper_first,uppercase+first_letter
música,M,upper_first,uppercase+first_letter
músico,M,upper_first,uppercase+first_letter
naranja,N,upper_first,uppercase+first_letter
nariz,N,upper_first,uppercase+first_letter
narrow,N,upper_first,uppercase+first_letter
navigate,N,upper_first,uppercase+first_letter
near,N,upper_first,uppercase+first_letter
negotiate,N,upper_first,uppercase+first_letter
negro,N,upper_first,uppercase+first_letter
nerve,N,upper_first,uppercase+first_letter
neuf,N,upper_first,uppercase+first_letter
new,N,upper_first,uppercase+first_letter
nez,N,upper_first,uppercase+first_letter
night,N,upper_first,uppercase+first_letter
nine,N,upper_first,uppercase+first_letter
niña,N,upper_first,uppercase+first_letter
niño,N,upper_first,uppercase+first_letter
no,N,upper_first,uppercase+first_letter
noche,N,upper_first,uppercase+first_letter
noir,N,upper_first,uppercase+first_letter
non,N,upper_first,uppercase+first_letter
nose,N,upper_first,uppercase+first_letter
notice,N,upper_first,uppercase+first_letter
nourriture,N,upper_first,uppercase+first_letter
nouveau,N,upper_first,uppercase+first_letter
nueve,N,upper_first,uppercase+first_letter
nuevo,N,upper_first,uppercase+first_letter
nuit,N,upper_first,uppercase+first_letter
nurse,N,upper_first,uppercase+first_letter
oasis,O,upper_first,uppercase+first_letter
ocho,O,upper_first,uppercase+first_letter
officer,O,upper_first,uppercase+first_letter
oiseau,O,upper_first,uppercase+first_letter
ojo,O,upper_first,uppercase+first_letter
old,O,upper_first,uppercase+first_letter
oncle,O,upper_first,uppercase+first_letter
one,O,upper_first,uppercase+first_letter
open,O,upper_first,uppercase+first_letter
operate,O,upper_first,uppercase+first_letter
orange,O,upper_first,uppercase+first_letter
oreille,O,upper_first,uppercase+first_letter
oreja,O,upper_first,uppercase+first_letter
organize,O,upper_first,uppercase+first_letter
oui,O,upper_first,uppercase+first_letter
outside,O,upper_first,uppercase+first_letter
ouvert,O,upper_first,uppercase+first_letter
ouvrier,O,upper_first,uppercase+first_letter
ox,O,upper_first,uppercase+first_letter
padre,P,upper_first,uppercase+first_letter
page,P,upper_first,uppercase+first_letter
pain,P,upper_first,uppercase+first_letter
paint,P,upper_first,uppercase+first_letter
painter,P,upper_first,uppercase+first_letter
palabra,P,upper_first,uppercase+first_letter
pan,P,upper_first,uppercase+first_letter
paper,P,upper_first,uppercase+first_letter
parenthesis,P,upper_first,uppercase+first_letter
participate,P,upper_first,uppercase+first_letter
party,P,upper_first,uppercase+first_letter
pauvre,P,upper_first,uppercase+first_letter
pays,P,upper_first,uppercase+first_letter
país,P,upper_first,uppercase+first_letter
pelota,P,upper_first,uppercase+first_letter
pen,P,upper_first,uppercase+first_letter
pencil,P,upper_first,uppercase+first_letter
penetrate,P,upper_first,uppercase+first_letter
pepper,P,upper_first,uppercase+first_letter
pequeño,P,upper_first,uppercase+first_letter
perro,P,upper_first,uppercase+first_letter
person,P,upper_first,uppercase+first_letter
pesado,P,upper_first,uppercase+first_letter
petit,P,upper_first,uppercase+first_letter
pez,P,upper_first,uppercase+first_letter
phenomenon,P,upper_first,uppercase+first_letter
phone,P,upper_first,uppercase+first_letter
photo,P,upper_first,uppercase+first_letter
phrase,P,upper_first,uppercase+first_letter
piano,P,upper_first,uppercase+first_letter
pie,P,upper_first,uppercase+first_letter
pied,P,upper_first,uppercase+first_letter
pilot,P,upper_first,uppercase+first_letter
pimienta,P,upper_first,uppercase+first_letter
pink,P,upper_first,uppercase+first_letter
plate,P,upper_first,uppercase+first_letter
play,P,upper_first,uppercase+first_letter
player,P,upper_first,uppercase+first_letter
please,P,upper_first,uppercase+first_letter
plein,P,upper_first,uppercase+first_letter
pobre,P,upper_first,uppercase+first_letter
poisson,P,upper_first,uppercase+first_letter
poivre,P,upper_first,uppercase+first_letter
police,P,upper_first,uppercase+first_letter
policía,P,upper_first,uppercase+first_letter
pomme,P,upper_first,uppercase+first_letter
poor,P,upper_first,uppercase+first_letter
porte,P,upper_first,uppercase+first_letter
potato,P,upper_first,uppercase+first_letter
practice,P,upper_first,uppercase+first_letter
premier,P,upper_first,uppercase+first_letter
president,P,upper_first,uppercase+first_letter
primero,P,upper_first,uppercase+first_letter
primo,P,upper_first,uppercase+first_letter
prince,P,upper_first,uppercase+first_letter
princesa,P,upper_first,uppercase+first_letter
princess,P,upper_first,uppercase+first_letter
princesse,P,upper_first,uppercase+first_letter
profesor,P,upper_first,uppercase+first_letter
professeur,P,upper_first,uppercase+first_letter
promise,P,upper_first,uppercase+first_letter
proof,P,upper_first,uppercase+first_letter
propre,P,upper_first,uppercase+first_letter
près,P,upper_first,uppercase+first_letter
príncipe,P,upper_first,uppercase+first_letter
puerta,P,upper_first,uppercase+first_letter
pull,P,upper_first,uppercase+first_letter
purple,P,upper_first,uppercase+first_letter
pursue,P,upper_first,uppercase+first_letter
push,P,upper_first,uppercase+first_letter
página,P,upper_first,uppercase+first_letter
pájaro,P,upper_first,uppercase+first_letter
père,P,upper_first,uppercase+first_letter
quatre,Q,upper_first,uppercase+first_letter
queen,Q,upper_first,uppercase+first_letter
queso,Q,upper_first,uppercase+first_letter
radiate,R,upper_first,uppercase+first_letter
radio,R,upper_first,uppercase+first_letter
rapide,R,upper_first,uppercase+first_letter
ray,R,upper_first,uppercase+first_letter
read,R,upper_first,uppercase+first_letter
realize,R,upper_first,uppercase+first_letter
receive,R,upper_first,uppercase+first_letter
recognize,R,upper_first,uppercase+first_letter
red,R,upper_first,uppercase+first_letter
reef,R,upper_first,uppercase+first_letter
reina,R,upper_first,uppercase+first_letter
reine,R,upper_first,uppercase+first_letter
relate,R,upper_first,uppercase+first_letter
relax,R,upper_first,uppercase+first_letter
repeat,R,upper_first,uppercase+first_letter
rescue,R,upper_first,uppercase+first_letter
rest,R,upper_first,uppercase+first_letter
rey,R,upper_first,uppercase+first_letter
rich,R,upper_first,uppercase+first_letter
riche,R,upper_first,uppercase+first_letter
rico,R,upper_first,uppercase+first_letter
right,R,upper_first,uppercase+first_letter
roi,R,upper_first,uppercase+first_letter
rojo,R,upper_first,uppercase+first_letter
roof,R,upper_first,uppercase+first_letter
rosa,R,upper_first,uppercase+first_letter
rose,R,upper_first,uppercase+first_letter
rotate,R,upper_first,uppercase+first_letter
rouge,R,upper_first,uppercase+first_letter
rue,R,upper_first,uppercase+first_letter
run,R,upper_first,uppercase+first_letter
runner,R,upper_first,uppercase+first_letter
rápido,R,upper_first,uppercase+first_letter
sad,S,upper_first,uppercase+first_letter
safe,S,upper_first,uppercase+first_letter
sail,S,upper_first,uppercase+first_letter
sailor,S,upper_first,uppercase+first_letter
sal,S,upper_first,uppercase+first_letter
sale,S,upper_first,uppercase+first_letter
salt,S,upper_first,uppercase+first_letter
scarf,S,upper_first,uppercase+first_letter
school,S,upper_first,uppercase+first_letter
scientist,S,upper_first,uppercase+first_letter
see,S,upper_first,uppercase+first_letter
seis,S,upper_first,uppercase+first_letter
sel,S,upper_first,uppercase+first_letter
self,S,upper_first,uppercase+first_letter
semaine,S,upper_first,uppercase+first_letter
semana,S,upper_first,uppercase+first_letter
sentence,S,upper_first,uppercase+first_letter
separate,S,upper_first,uppercase+first_letter
sept,S,upper_first,uppercase+first_letter
seven,S,upper_first,uppercase+first_letter
share,S,upper_first,uppercase+first_letter
sheep,S,upper_first,uppercase+first_letter
shelf,S,upper_first,uppercase+first_letter
short,S,upper_first,uppercase+first_letter
shout,S,upper_first,uppercase+first_letter
siete,S,upper_first,uppercase+first_letter
silla,S,upper_first,uppercase+first_letter
sing,S,upper_first,uppercase+first_letter
singer,S,upper_first,uppercase+first_letter
sister,S,upper_first,uppercase+first_letter
sit,S,upper_first,uppercase+first_letter
six,S,upper_first,uppercase+first_letter
skate,S,upper_first,uppercase+first_letter
ski,S,upper_first,uppercase+first_letter
sleep,S,upper_first,uppercase+first_letter
slow,S,upper_first,uppercase+first_letter
small,S,upper_first,uppercase+first_letter
smell,S,upper_first,uppercase+first_letter
smile,S,upper_first,uppercase+first_letter
sol,S,upper_first,uppercase+first_letter
soldado,S,upper_first,uppercase+first_letter
soldat,S,upper_first,uppercase+first_letter
soldier,S,upper_first,uppercase+first_letter
soleil,S,upper_first,uppercase+first_letter
son,S,upper_first,uppercase+first_letter
song,S,upper_first,uppercase+first_letter
spoon,S,upper_first,uppercase+first_letter
sport,S,upper_first,uppercase+first_letter
stand,S,upper_first,uppercase+first_letter
star,S,upper_first,uppercase+first_letter
start,S,upper_first,uppercase+first_letter
stimulate,S,upper_first,uppercase+first_letter
stomach,S,upper_first,uppercase+first_letter
stop,S,upper_first,uppercase+first_letter
story,S,upper_first,uppercase+first_letter
street,S,upper_first,uppercase+first_letter
stretch,S,upper_first,uppercase+first_letter
strong,S,upper_first,uppercase+first_letter
student,S,upper_first,uppercase+first_letter
studio,S,upper_first,uppercase+first_letter
study,S,upper_first,uppercase+first_letter
sucio,S,upper_first,uppercase+first_letter
sucre,S,upper_first,uppercase+first_letter
sugar,S,upper_first,uppercase+first_letter
sun,S,upper_first,uppercase+first_letter
surprise,S,upper_first,uppercase+first_letter
swim,S,upper_first,uppercase+first_letter
swimmer,S,upper_first,uppercase+first_letter
sí,S,upper_first,uppercase+first_letter
sœur,S,upper_first,uppercase+first_letter
table,T,upper_first,uppercase+first_letter
tailor,T,upper_first,uppercase+first_letter
take,T,upper_first,uppercase+first_letter
talk,T,upper_first,uppercase+first_letter
tante,T,upper_first,uppercase+first_letter
taste,T,upper_first,uppercase+first_letter
tea,T,upper_first,uppercase+first_letter
teach,T,upper_first,uppercase+first_letter
teacher,T,upper_first,uppercase+first_letter
temps,T,upper_first,uppercase+first_letter
ten,T,upper_first,uppercase+first_letter
terminate,T,upper_first,uppercase+first_letter
thesis,T,upper_first,uppercase+first_letter
thief,T,upper_first,uppercase+first_letter
think,T,upper_first,uppercase+first_letter
thousand,T,upper_first,uppercase+first_letter
three,T,upper_first,uppercase+first_letter
throw,T,upper_first,uppercase+first_letter
thé,T,upper_first,uppercase+first_letter
tiempo,T,upper_first,uppercase+first_letter
time,T,upper_first,uppercase+first_letter
today,T,upper_first,uppercase+first_letter
toe,T,upper_first,uppercase+first_letter
tolerate,T,upper_first,uppercase+first_letter
tomato,T,upper_first,uppercase+first_letter
tomorrow,T,upper_first,uppercase+first_letter
tooth,T,upper_first,uppercase+first_letter
touch,T,upper_first,uppercase+first_letter
toy,T,upper_first,uppercase+first_letter
trabajador,T,upper_first,uppercase+first_letter
translate,T,upper_first,uppercase+first_letter
travel,T,upper_first,uppercase+first_letter
treat,T,upper_first,uppercase+first_letter
tree,T,upper_first,uppercase+first_letter
tres,T,upper_first,uppercase+first_letter
triste,T,upper_first,uppercase+first_letter
trois,T,upper_first,uppercase+first_letter
two,T,upper_first,uppercase+first_letter
té,T,upper_first,uppercase+first_letter
tête,T,upper_first,uppercase+first_letter
tía,T,upper_first,uppercase+first_letter
tío,T,upper_first,uppercase+first_letter
ugly,U,upper_first,uppercase+first_letter
un,U,upper_first,uppercase+first_letter
uncle,U,upper_first,uppercase+first_letter
unite,U,upper_first,uppercase+first_letter
uno,U,upper_first,uppercase+first_letter
up,U,upper_first,uppercase+first_letter
vacío,V,upper_first,uppercase+first_letter
validate,V,upper_first,uppercase+first_letter
value,V,upper_first,uppercase+first_letter
vein,V,upper_first,uppercase+first_letter
ventana,V,upper_first,uppercase+first_letter
verde,V,upper_first,uppercase+first_letter
vert,V,upper_first,uppercase+first_letter
vibrate,V,upper_first,uppercase+first_letter
vide,V,upper_first,uppercase+first_letter
video,V,upper_first,uppercase+first_letter
viejo,V,upper_first,uppercase+first_letter
vieux,V,upper_first,uppercase+first_letter
villain,V,upper_first,uppercase+first_letter
ville,V,upper_first,uppercase+first_letter
vin,V,upper_first,uppercase+first_letter
vino,V,upper_first,uppercase+first_letter
violet,V,upper_first,uppercase+first_letter
voiture,V,upper_first,uppercase+first_letter
volcano,V,upper_first,uppercase+first_letter
wait,W,upper_first,uppercase+first_letter
walk,W,upper_first,uppercase+first_letter
wash,W,upper_first,uppercase+first_letter
watch,W,upper_first,uppercase+first_letter
water,W,upper_first,uppercase+first_letter
way,W,upper_first,uppercase+first_letter
weak,W,upper_first,uppercase+first_letter
week,W,upper_first,uppercase+first_letter
wharf,W,upper_first,uppercase+first_letter
whisper,W,upper_first,uppercase+first_letter
white,W,upper_first,uppercase+first_letter
wide,W,upper_first,uppercase+first_letter
wife,W,upper_first,uppercase+first_letter
window,W,upper_first,uppercase+first_letter
wine,W,upper_first,uppercase+first_letter
wolf,W,upper_first,uppercase+first_letter
woman,W,upper_first,uppercase+first_letter
word,W,upper_first,uppercase+first_letter
work,W,upper_first,uppercase+first_letter
worker,W,upper_first,uppercase+first_letter
world,W,upper_first,uppercase+first_letter
write,W,upper_first,uppercase+first_letter
writer,W,upper_first,uppercase+first_letter
year,Y,upper_first,uppercase+first_letter
yellow,Y,upper_first,uppercase+first_letter
yes,Y,upper_first,uppercase+first_letter
yesterday,Y,upper_first,uppercase+first_letter
young,Y,upper_first,uppercase+first_letter
árbol,Á,upper_first,uppercase+first_letter
école,É,upper_first,uppercase+first_letter
étoile,É,upper_first,uppercase+first_letter
étroit,É,upper_first,uppercase+first_letter
étudiant,É,upper_first,uppercase+first_letter
último,Ú,upper_first,uppercase+first_letter
œil,Œ,upper_first,uppercase+first_letter
AFGHANISTAN,a,lower_first,lowercase+first_letter
ALBANIA,a,lower_first,lowercase+first_letter
ALGERIA,a,lower_first,lowercase+first_letter
ANDORRA,a,lower_first,lowercase+first_letter
ANGOLA,a,lower_first,lowercase+first_letter
ARGENTINA,a,lower_first,lowercase+first_letter
ARMENIA,a,lower_first,lowercase+first_letter
AUSTRALIA,a,lower_first,lowercase+first_letter
AUSTRIA,a,lower_first,lowercase+first_letter
AZERBAIJAN,a,lower_first,lowercase+first_letter
BAHAMAS,b,lower_first,lowercase+first_letter
BAHRAIN,b,lower_first,lowercase+first_letter
BANGLADESH,b,lower_first,lowercase+first_letter
BARBADOS,b,lower_first,lowercase+first_letter
BELARUS,b,lower_first,lowercase+first_letter
BELGIUM,b,lower_first,lowercase+first_letter
BELIZE,b,lower_first,lowercase+first_letter
BENIN,b,lower_first,lowercase+first_letter
BHUTAN,b,lower_first,lowercase+first_letter
BOLIVIA,b,lower_first,lowercase+first_letter
BOTSWANA,b,lower_first,lowercase+first_letter
BRAZIL,b,lower_first,lowercase+first_letter
BRUNEI,b,lower_first,lowercase+first_letter
BULGARIA,b,lower_first,lowercase+first_letter
BURUNDI,b,lower_first,lowercase+first_letter
CAMBODIA,c,lower_first,lowercase+first_letter
CAMEROON,c,lower_first,lowercase+first_letter
CANADA,c,lower_first,lowercase+first_letter
CHAD,c,lower_first,lowercase+first_letter
CHILE,c,lower_first,lowercase+first_letter
CHINA,c,lower_first,lowercase+first_letter
COLOMBIA,c,lower_first,lowercase+first_letter
COMOROS,c,lower_first,lowercase+first_letter
CONGO,c,lower_first,lowercase+first_letter
CROATIA,c,lower_first,lowercase+first_letter
CUBA,c,lower_first,lowercase+first_letter
CYPRUS,c,lower_first,lowercase+first_letter
DENMARK,d,lower_first,lowercase+first_letter
DJIBOUTI,d,lower_first,lowercase+first_letter
DOMINICA,d,lower_first,lowercase+first_letter
ECUADOR,e,lower_first,lowercase+first_letter
EGYPT,e,lower_first,lowercase+first_letter
ERITREA,e,lower_first,lowercase+first_letter
ESTONIA,e,lower_first,lowercase+first_letter
ESWATINI,e,lower_first,lowercase+first_letter
ETHIOPIA,e,lower_first,lowercase+first_letter
FIJI,f,lower_first,lowercase+first_letter
FINLAND,f,lower_first,lowercase+first_letter
FRANCE,f,lower_first,lowercase+first_letter
GABON,g,lower_first,lowercase+first_letter
GAMBIA,g,lower_first,lowercase+first_letter
GEORGIA,g,lower_first,lowercase+first_letter
GERMANY,g,lower_first,lowercase+first_letter
GHANA,g,lower_first,lowercase+first_letter
GREECE,g,lower_first,lowercase+first_letter
GRENADA,g,lower_first,lowercase+first_letter
GUATEMALA,g,lower_first,lowercase+first_letter
GUINEA,g,lower_first,lowercase+first_letter
GUYANA,g,lower_first,lowercase+first_letter
HAITI,h,lower_first,lowercase+first_letter
HONDURAS,h,lower_first,lowercase+first_letter
HUNGARY,h,lower_first,lowercase+first_letter
ICELAND,i,lower_first,lowercase+first_letter
INDIA,i,lower_first,lowercase+first_letter
INDONESIA,i,lower_first,lowercase+first_letter
IRAN,i,lower_first,lowercase+first_letter
IRAQ,i,lower_first,lowercase+first_letter
IRELAND,i,lower_first,lowercase+first_letter
ISRAEL,i,lower_first,lowercase+first_letter
ITALY,i,lower_first,lowercase+first_letter
JAMAICA,j,lower_first,lowercase+first_letter
JAPAN,j,lower_first,lowercase+first_letter
JORDAN,j,lower_first,lowercase+first_letter
KAZAKHSTAN,k,lower_first,lowercase+first_letter
KENYA,k,lower_first,lowercase+first_letter
KIRIBATI,k,lower_first,lowercase+first_letter
KOSOVO,k,lower_first,lowercase+first_letter
KUWAIT,k,lower_first,lowercase+first_letter
KYRGYZSTAN,k,lower_first,lowercase+first_letter
LAOS,l,lower_first,lowercase+first_letter
LATVIA,l,lower_first,lowercase+first_letter
LEBANON,l,lower_first,lowercase+first_letter
LESOTHO,l,lower_first,lowercase+first_letter
LIBERIA,l,lower_first,lowercase+first_letter
LIBYA,l,lower_first,lowercase+first_letter
LIECHTENSTEIN,l,lower_first,lowercase+first_letter
LITHUANIA,l,lower_first,lowercase+first_letter
LUXEMBOURG,l,lower_first,lowercase+first_letter
MADAGASCAR,m,lower_first,lowercase+first_letter
MALAWI,m,lower_first,lowercase+first_letter
MALAYSIA,m,lower_first,lowercase+first_letter
MALDIVES,m,lower_first,lowercase+first_letter
MALI,m,lower_first,lowercase+first_letter
MALTA,m,lower_first,lowercase+first_letter
MAURITANIA,m,lower_first,lowercase+first_letter
MAURITIUS,m,lower_first,lowercase+first_letter
MEXICO,m,lower_first,lowercase+first_letter
MICRONESIA,m,lower_first,lowercase+first_letter
MOLDOVA,m,lower_first,lowercase+first_letter
MONACO,m,lower_first,lowercase+first_letter
MONGOLIA,m,lower_first,lowercase+first_letter
MONTENEGRO,m,lower_first,lowercase+first_letter
MOROCCO,m,lower_first,lowercase+first_letter
MOZAMBIQUE,m,lower_first,lowercase+first_letter
MYANMAR,m,lower_first,lowercase+first_letter
NAMIBIA,n,lower_first,lowercase+first_letter
NAURU,n,lower_first,lowercase+first_letter
NEPAL,n,lower_first,lowercase+first_letter
NETHERLANDS,n,lower_first,lowercase+first_letter
NICARAGUA,n,lower_first,lowercase+first_letter
NIGER,n,lower_first,lowercase+first_letter
NIGERIA,n,lower_first,lowercase+first_letter
NORWAY,n,lower_first,lowercase+first_letter
OMAN,o,lower_first,lowercase+first_letter
PAKISTAN,p,lower_first,lowercase+first_letter
PALAU,p,lower_first,lowercase+first_letter
PALESTINE,p,lower_first,lowercase+first_letter
PANAMA,p,lower_first,lowercase+first_letter
PARAGUAY,p,lower_first,lowercase+first_letter
PERU,p,lower_first,lowercase+first_letter
PHILIPPINES,p,lower_first,lowercase+first_letter
POLAND,p,lower_first,lowercase+first_letter
PORTUGAL,p,lower_first,lowercase+first_letter
QATAR,q,lower_first,lowercase+first_letter
ROMANIA,r,lower_first,lowercase+first_letter
RUSSIA,r,lower_first,lowercase+first_letter
RWANDA,r,lower_first,lowercase+first_letter
SAMOA,s,lower_first,lowercase+first_letter
SENEGAL,s,lower_first,lowercase+first_letter
SERBIA,s,lower_first,lowercase+first_letter
SEYCHELLES,s,lower_first,lowercase+first_letter
SINGAPORE,s,lower_first,lowercase+first_letter
SLOVAKIA,s,lower_first,lowercase+first_letter
SLOVENIA,s,lower_first,lowercase+first_letter
SOMALIA,s,lower_first,lowercase+first_letter
SPAIN,s,lower_first,lowercase+first_letter
SUDAN,s,lower_first,lowercase+first_letter
SURINAME,s,lower_first,lowercase+first_letter
SWEDEN,s,lower_first,lowercase+first_letter
SWITZERLAND,s,lower_first,lowercase+first_letter
SYRIA,s,lower_first,lowercase+first_letter
TAIWAN,t,lower_first,lowercase+first_letter
TAJIKISTAN,t,lower_first,lowercase+first_letter
TANZANIA,t,lower_first,lowercase+first_letter
THAILAND,t,lower_first,lowercase+first_letter
TOGO,t,lower_first,lowercase+first_letter
TONGA,t,lower_first,lowercase+first_letter
TUNISIA,t,lower_first,lowercase+first_letter
TURKEY,t,lower_first,lowercase+first_letter
TURKMENISTAN,t,lower_first,lowercase+first_letter
TUVALU,t,lower_first,lowercase+first_letter
UAE,u,lower_first,lowercase+first_letter
UGANDA,u,lower_first,lowercase+first_letter
UKRAINE,u,lower_first,lowercase+first_letter
URUGUAY,u,lower_first,lowercase+first_letter
UZBEKISTAN,u,lower_first,lowercase+first_letter
VANUATU,v,lower_first,lowercase+first_letter
VENEZUELA,v,lower_first,lowercase+first_letter
VIETNAM,v,lower_first,lowercase+first_letter
YEMEN,y,lower_first,lowercase+first_letter
ZAMBIA,z,lower_first,lowercase+first_letter
ZIMBABWE,z,lower_first,lowercase+first_letter
ABAJO,a,lower_first,lowercase+first_letter
ABIERTO,a,lower_first,lowercase+first_letter
ABOGADO,a,lower_first,lowercase+first_letter
ABUELA,a,lower_first,lowercase+first_letter
ABUELO,a,lower_first,lowercase+first_letter
ACCELERATE,a,lower_first,lowercase+first_letter
ACHIEVE,a,lower_first,lowercase+first_letter
ACTIVATE,a,lower_first,lowercase+first_letter
ACTOR,a,lower_first,lowercase+first_letter
ACTRESS,a,lower_first,lowercase+first_letter
ADIÓS,a,lower_first,lowercase+first_letter
ADVERTISE,a,lower_first,lowercase+first_letter
AGUA,a,lower_first,lowercase+first_letter
ALTO,a,lower_first,lowercase+first_letter
AMARILLO,a,lower_first,lowercase+first_letter
AMI,a,lower_first,lowercase+first_letter
AMIGO,a,lower_first,lowercase+first_letter
AN,a,lower_first,lowercase+first_letter
ANALYSIS,a,lower_first,lowercase+first_letter
ANCHO,a,lower_first,lowercase+first_letter
ANTICIPATE,a,lower_first,lowercase+first_letter
APOLOGIZE,a,lower_first,lowercase+first_letter
APPLE,a,lower_first,lowercase+first_letter
APPRECIATE,a,lower_first,lowercase+first_letter
ARBRE,a,lower_first,lowercase+first_letter
ARGUE,a,lower_first,lowercase+first_letter
ARM,a,lower_first,lowercase+first_letter
ARRIBA,a,lower_first,lowercase+first_letter
ARRIVE,a,lower_first,lowercase+first_letter
ARTERY,a,lower_first,lowercase+first_letter
ARTIST,a,lower_first,lowercase+first_letter
ARTISTA,a,lower_first,lowercase+first_letter
ARTISTE,a,lower_first,lowercase+first_letter
ATRÁS,a,lower_first,lowercase+first_letter
AUNT,a,lower_first,lowercase+first_letter
AVOCAT,a,lower_first,lowercase+first_letter
AXIS,a,lower_first,lowercase+first_letter
AYER,a,lower_first,lowercase+first_letter
AZUL,a,lower_first,lowercase+first_letter
AZÚCAR,a,lower_first,lowercase+first_letter
AÑO,a,lower_first,lowercase+first_letter
BABY,b,lower_first,lowercase+first_letter
BACK,b,lower_first,lowercase+first_letter
BAD,b,lower_first,lowercase+first_letter
BAILE,b,lower_first,lowercase+first_letter
BAJO,b,lower_first,lowercase+first_letter
BAKE,b,lower_first,lowercase+first_letter
BAKER,b,lower_first,lowercase+first_letter
BALL,b,lower_first,lowercase+first_letter
BALLE,b,lower_first,lowercase+first_letter
BANANA,b,lower_first,lowercase+first_letter
BAS,b,lower_first,lowercase+first_letter
BASIS,b,lower_first,lowercase+first_letter
BAY,b,lower_first,lowercase+first_letter
BEACH,b,lower_first,lowercase+first_letter
BEAU,b,lower_first,lowercase+first_letter
BEAUTIFUL,b,lower_first,lowercase+first_letter
BEBÉ,b,lower_first,lowercase+first_letter
BEGIN,b,lower_first,lowercase+first_letter
BELIEF,b,lower_first,lowercase+first_letter
BELIEVE,b,lower_first,lowercase+first_letter
BEND,b,lower_first,lowercase+first_letter
BERRY,b,lower_first,lowercase+first_letter
BIG,b,lower_first,lowercase+first_letter
BIKE,b,lower_first,lowercase+first_letter
BIRD,b,lower_first,lowercase+first_letter
BLACK,b,lower_first,lowercase+first_letter
BLANC,b,lower_first,lowercase+first_letter
BLANCO,b,lower_first,lowercase+first_letter
BLEU,b,lower_first,lowercase+first_letter
BLUE,b,lower_first,lowercase+first_letter
BOCA,b,lower_first,lowercase+first_letter
BODY,b,lower_first,lowercase+first_letter
BON,b,lower_first,lowercase+first_letter
BONE,b,lower_first,lowercase+first_letter
BONJOUR,b,lower_first,lowercase+first_letter
BONSOIR,b,lower_first,lowercase+first_letter
BOOK,b,lower_first,lowercase+first_letter
BOUCHE,b,lower_first,lowercase+first_letter
BOX,b,lower_first,lowercase+first_letter
BOY,b,lower_first,lowercase+first_letter
BRAIN,b,lower_first,lowercase+first_letter
BREAD,b,lower_first,lowercase+first_letter
BROTHER,b,lower_first,lowercase+first_letter
BROWN,b,lower_first,lowercase+first_letter
BRUSH,b,lower_first,lowercase+first_letter
BUENO,b,lower_first,lowercase+first_letter
BUILD,b,lower_first,lowercase+first_letter
BUILDER,b,lower_first,lowercase+first_letter
BUS,b,lower_first,lowercase+first_letter
BUTCHER,b,lower_first,lowercase+first_letter
BUTTERFLY,b,lower_first,lowercase+first_letter
BÉBÉ,b,lower_first,lowercase+first_letter
CABALLO,c,lower_first,lowercase+first_letter
CABEZA,c,lower_first,lowercase+first_letter
CAFÉ,c,lower_first,lowercase+first_letter
CALCULATE,c,lower_first,lowercase+first_letter
CALF,c,lower_first,lowercase+first_letter
CALIENTE,c,lower_first,lowercase+first_letter
CALLE,c,lower_first,lowercase+first_letter
CAMP,c,lower_first,lowercase+first_letter
CANCIÓN,c,lower_first,lowercase+first_letter
CANTANTE,c,lower_first,lowercase+first_letter
CAR,c,lower_first,lowercase+first_letter
CARE,c,lower_first,lowercase+first_letter
CARGO,c,lower_first,lowercase+first_letter
CARRY,c,lower_first,lowercase+first_letter
CARTA,c,lower_first,lowercase+first_letter
CASA,c,lower_first,lowercase+first_letter
CAT,c,lower_first,lowercase+first_letter
CATCH,c,lower_first,lowercase+first_letter
CELEBRATE,c,lower_first,lowercase+first_letter
CENT,c,lower_first,lowercase+first_letter
CERCA,c,lower_first,lowercase+first_letter
CEREBRO,c,lower_first,lowercase+first_letter
CERRADO,c,lower_first,lowercase+first_letter
CERVEAU,c,lower_first,lowercase+first_letter
CHAIR,c,lower_first,lowercase+first_letter
CHAISE,c,lower_first,lowercase+first_letter
CHANGE,c,lower_first,lowercase+first_letter
CHANSON,c,lower_first,lowercase+first_letter
CHAT,c,lower_first,lowercase+first_letter
CHAUD,c,lower_first,lowercase+first_letter
CHEESE,c,lower_first,lowercase+first_letter
CHEF,c,lower_first,lowercase+first_letter
CHEVAL,c,lower_first,lowercase+first_letter
CHIEF,c,lower_first,lowercase+first_letter
CHIEN,c,lower_first,lowercase+first_letter
CHILD,c,lower_first,lowercase+first_letter
CHURCH,c,lower_first,lowercase+first_letter
CIEN,c,lower_first,lowercase+first_letter
CINCO,c,lower_first,lowercase+first_letter
CINQ,c,lower_first,lowercase+first_letter
CITY,c,lower_first,lowercase+first_letter
CIUDAD,c,lower_first,lowercase+first_letter
CLASS,c,lower_first,lowercase+first_letter
CLEAN,c,lower_first,lowercase+first_letter
CLERK,c,lower_first,lowercase+first_letter
CLIFF,c,lower_first,lowercase+first_letter
CLIMB,c,lower_first,lowercase+first_letter
CLOSE,c,lower_first,lowercase+first_letter
CLOSED,c,lower_first,lowercase+first_letter
COCHE,c,lower_first,lowercase+first_letter
COFFEE,c,lower_first,lowercase+first_letter
COLD,c,lower_first,lowercase+first_letter
COME,c,lower_first,lowercase+first_letter
COMIDA,c,lower_first,lowercase+first_letter
COMMUNICATE,c,lower_first,lowercase+first_letter
COMPETE,c,lower_first,lowercase+first_letter
COMPLETE,c,lower_first,lowercase+first_letter
COMPUTER,c,lower_first,lowercase+first_letter
CONCENTRATE,c,lower_first,lowercase+first_letter
CONTEMPLATE,c,lower_first,lowercase+first_letter
CONTINUE,c,lower_first,lowercase+first_letter
COOK,c,lower_first,lowercase+first_letter
COOPERATE,c,lower_first,lowercase+first_letter
COORDINATE,c,lower_first,lowercase+first_letter
CORAZÓN,c,lower_first,lowercase+first_letter
CORPS,c,lower_first,lowercase+first_letter
CORTO,c,lower_first,lowercase+first_letter
COUNTRY,c,lower_first,lowercase+first_letter
COURT,c,lower_first,lowercase+first_letter
COUSIN,c,lower_first,lowercase+first_letter
CREATE,c,lower_first,lowercase+first_letter
CRISIS,c,lower_first,lowercase+first_letter
CRITERION,c,lower_first,lowercase+first_letter
CRITICIZE,c,lower_first,lowercase+first_letter
CRY,c,lower_first,lowercase+first_letter
CUATRO,c,lower_first,lowercase+first_letter
CUERPO,c,lower_first,lowercase+first_letter
CULTIVATE,c,lower_first,lowercase+first_letter
CUP,c,lower_first,lowercase+first_letter
CURRICULUM,c,lower_first,lowercase+first_letter
CŒUR,c,lower_first,lowercase+first_letter
DANCE,d,lower_first,lowercase+first_letter
DANCER,d,lower_first,lowercase+first_letter
DANSE,d,lower_first,lowercase+first_letter
DATUM,d,lower_first,lowercase+first_letter
DAUGHTER,d,lower_first,lowercase+first_letter
DAY,d,lower_first,lowercase+first_letter
DECIDE,d,lower_first,lowercase+first_letter
DECORATE,d,lower_first,lowercase+first_letter
DEDANS,d,lower_first,lowercase+first_letter
DEDICATE,d,lower_first,lowercase+first_letter
DEER,d,lower_first,lowercase+first_letter
DEFEAT,d,lower_first,lowercase+first_letter
DEHORS,d,lower_first,lowercase+first_letter
DELETE,d,lower_first,lowercase+first_letter
DEMAIN,d,lower_first,lowercase+first_letter
DEMONSTRATE,d,lower_first,lowercase+first_letter
DENTRO,d,lower_first,lowercase+first_letter
DEPORTE,d,lower_first,lowercase+first_letter
DERECHO,d,lower_first,lowercase+first_letter
DERNIER,d,lower_first,lowercase+first_letter
DERRIÈRE,d,lower_first,lowercase+first_letter
DESIGNATE,d,lower_first,lowercase+first_letter
DETERMINE,d,lower_first,lowercase+first_letter
DEUX,d,lower_first,lowercase+first_letter
DEVANT,d,lower_first,lowercase+first_letter
DEVIATE,d,lower_first,lowercase+first_letter
DIEZ,d,lower_first,lowercase+first_letter
DIFFICILE,d,lower_first,lowercase+first_letter
DIFFICULT,d,lower_first,lowercase+first_letter
DIFÍCIL,d,lower_first,lowercase+first_letter
DIRECTOR,d,lower_first,lowercase+first_letter
DIRTY,d,lower_first,lowercase+first_letter
DISH,d,lower_first,lowercase+first_letter
DIX,d,lower_first,lowercase+first_letter
DOCTOR,d,lower_first,lowercase+first_letter
DOG,d,lower_first,lowercase+first_letter
DOMINATE,d,lower_first,lowercase+first_letter
DOOR,d,lower_first,lowercase+first_letter
DOS,d,lower_first,lowercase+first_letter
DOWN,d,lower_first,lowercase+first_letter
DRAW,d,lower_first,lowercase+first_letter
DRINK,d,lower_first,lowercase+first_letter
DRIVE,d,lower_first,lowercase+first_letter
DRIVER,d,lower_first,lowercase+first_letter
DROIT,d,lower_first,lowercase+first_letter
DUCHESS,d,lower_first,lowercase+first_letter
DUKE,d,lower_first,lowercase+first_letter
DWARF,d,lower_first,lowercase+first_letter
DÉBIL,d,lower_first,lowercase+first_letter
DÍA,d,lower_first,lowercase+first_letter
EAR,e,lower_first,lowercase+first_letter
EASY,e,lower_first,lowercase+first_letter
EAT,e,lower_first,lowercase+first_letter
EAU,e,lower_first,lowercase+first_letter
ECHO,e,lower_first,lowercase+first_letter
EDUCATE,e,lower_first,lowercase+first_letter
EIGHT,e,lower_first,lowercase+first_letter
ELF,e,lower_first,lowercase+first_letter
ELIMINATE,e,lower_first,lowercase+first_letter
EMPEROR,e,lower_first,lowercase+first_letter
EMPRESS,e,lower_first,lowercase+first_letter
EMPTY,e,lower_first,lowercase+first_letter
END,e,lower_first,lowercase+first_letter
ENFANT,e,lower_first,lowercase+first_letter
ENFERMERA,e,lower_first,lowercase+first_letter
ENGINEER,e,lower_first,lowercase+first_letter
ESCALATE,e,lower_first,lowercase+first_letter
ESCUELA,e,lower_first,lowercase+first_letter
ESPOSA,e,lower_first,lowercase+first_letter
ESPOSO,e,lower_first,lowercase+first_letter
ESTRECHO,e,lower_first,lowercase+first_letter
ESTRELLA,e,lower_first,lowercase+first_letter
ESTUDIANTE,e,lower_first,lowercase+first_letter
EVALUATE,e,lower_first,lowercase+first_letter
EVAPORATE,e,lower_first,lowercase+first_letter
EXAGGERATE,e,lower_first,lowercase+first_letter
EXAMINE,e,lower_first,lowercase+first_letter
EXCITE,e,lower_first,lowercase+first_letter
EXERCISE,e,lower_first,lowercase+first_letter
EXPLORE,e,lower_first,lowercase+first_letter
EYE,e,lower_first,lowercase+first_letter
FACILE,f,lower_first,lowercase+first_letter
FAIBLE,f,lower_first,lowercase+first_letter
FAMILIA,f,lower_first,lowercase+first_letter
FAMILLE,f,lower_first,lowercase+first_letter
FAMILY,f,lower_first,lowercase+first_letter
FAR,f,lower_first,lowercase+first_letter
FARMER,f,lower_first,lowercase+first_letter
FASCINATE,f,lower_first,lowercase+first_letter
FAST,f,lower_first,lowercase+first_letter
FATHER,f,lower_first,lowercase+first_letter
FEEL,f,lower_first,lowercase+first_letter
FELIZ,f,lower_first,lowercase+first_letter
FEMME,f,lower_first,lowercase+first_letter
FENÊTRE,f,lower_first,lowercase+first_letter
FEO,f,lower_first,lowercase+first_letter
FERMIER,f,lower_first,lowercase+first_letter
FERMÉ,f,lower_first,lowercase+first_letter
FILLE,f,lower_first,lowercase+first_letter
FILS,f,lower_first,lowercase+first_letter
FINGER,f,lower_first,lowercase+first_letter
FINISH,f,lower_first,lowercase+first_letter
FIRST,f,lower_first,lowercase+first_letter
FISH,f,lower_first,lowercase+first_letter
FIVE,f,lower_first,lowercase+first_letter
FLEUR,f,lower_first,lowercase+first_letter
FLOR,f,lower_first,lowercase+first_letter
FLOWER,f,lower_first,lowercase+first_letter
FLY,f,lower_first,lowercase+first_letter
FOOD,f,lower_first,lowercase+first_letter
FOOT,f,lower_first,lowercase+first_letter
FORK,f,lower_first,lowercase+first_letter
FORT,f,lower_first,lowercase+first_letter
FOUR,f,lower_first,lowercase+first_letter
FOX,f,lower_first,lowercase+first_letter
FRASE,f,lower_first,lowercase+first_letter
FRENTE,f,lower_first,lowercase+first_letter
FRIEND,f,lower_first,lowercase+first_letter
FROID,f,lower_first,lowercase+first_letter
FROMAGE,f,lower_first,lowercase+first_letter
FRONT,f,lower_first,lowercase+first_letter
FRÈRE,f,lower_first,lowercase+first_letter
FRÍO,f,lower_first,lowercase+first_letter
FUERA,f,lower_first,lowercase+first_letter
FUERTE,f,lower_first,lowercase+first_letter
FULL,f,lower_first,lowercase+first_letter
FÁCIL,f,lower_first,lowercase+first_letter
GAME,g,lower_first,lowercase+first_letter
GARÇON,g,lower_first,lowercase+first_letter
GATO,g,lower_first,lowercase+first_letter
GAUCHE,g,lower_first,lowercase+first_letter
GENERATE,g,lower_first,lowercase+first_letter
GIRL,g,lower_first,lowercase+first_letter
GIVE,g,lower_first,lowercase+first_letter
GLASS,g,lower_first,lowercase+first_letter
GOOD,g,lower_first,lowercase+first_letter
GOODBYE,g,lower_first,lowercase+first_letter
GOOSE,g,lower_first,lowercase+first_letter
GRACIAS,g,lower_first,lowercase+first_letter
GRAND,g,lower_first,lowercase+first_letter
GRANDE,g,lower_first,lowercase+first_letter
GRANDFATHER,g,lower_first,lowercase+first_letter
GRANDMOTHER,g,lower_first,lowercase+first_letter
GRANJERO,g,lower_first,lowercase+first_letter
GRAY,g,lower_first,lowercase+first_letter
GREEN,g,lower_first,lowercase+first_letter
GREET,g,lower_first,lowercase+first_letter
GRIEF,g,lower_first,lowercase+first_letter
GRIS,g,lower_first,lowercase+first_letter
GULF,g,lower_first,lowercase+first_letter
GUY,g,lower_first,lowercase+first_letter
HALF,h,lower_first,lowercase+first_letter
HAND,h,lower_first,lowercase+first_letter
HAPPY,h,lower_first,lowercase+first_letter
HATE,h,lower_first,lowercase+first_letter
HAUT,h,lower_first,lowercase+first_letter
HEAD,h,lower_first,lowercase+first_letter
HEAR,h,lower_first,lowercase+first_letter
HEART,h,lower_first,lowercase+first_letter
HEAVY,h,lower_first,lowercase+first_letter
HELLO,h,lower_first,lowercase+first_letter
HELP,h,lower_first,lowercase+first_letter
HERMANA,h,lower_first,lowercase+first_letter
HERMANO,h,lower_first,lowercase+first_letter
HERMOSO,h,lower_first,lowercase+first_letter
HERO,h,lower_first,lowercase+first_letter
HEROINE,h,lower_first,lowercase+first_letter
HESITATE,h,lower_first,lowercase+first_letter
HEUREUX,h,lower_first,lowercase+first_letter
HIBERNATE,h,lower_first,lowercase+first_letter
HIER,h,lower_first,lowercase+first_letter
HIGH,h,lower_first,lowercase+first_letter
HIJA,h,lower_first,lowercase+first_letter
HIJO,h,lower_first,lowercase+first_letter
HIKE,h,lower_first,lowercase+first_letter
HOLA,h,lower_first,lowercase+first_letter
HOLD,h,lower_first,lowercase+first_letter
HOMBRE,h,lower_first,lowercase+first_letter
HOMME,h,lower_first,lowercase+first_letter
HOOF,h,lower_first,lowercase+first_letter
HOPE,h,lower_first,lowercase+first_letter
HORSE,h,lower_first,lowercase+first_letter
HOT,h,lower_first,lowercase+first_letter
HOUSE,h,lower_first,lowercase+first_letter
HOY,h,lower_first,lowercase+first_letter
HUIT,h,lower_first,lowercase+first_letter
HUNDRED,h,lower_first,lowercase+first_letter
HUNT,h,lower_first,lowercase+first_letter
HUSBAND,h,lower_first,lowercase+first_letter
ILLUSTRATE,i,lower_first,lowercase+first_letter
IMAGINE,i,lower_first,lowercase+first_letter
IMITATE,i,lower_first,lowercase+first_letter
IMPROVE,i,lower_first,lowercase+first_letter
INCORPORATE,i,lower_first,lowercase+first_letter
INFIRMIÈRE,i,lower_first,lowercase+first_letter
INITIATE,i,lower_first,lowercase+first_letter
INNOVATE,i,lower_first,lowercase+first_letter
INSIDE,i,lower_first,lowercase+first_letter
INTEGRATE,i,lower_first,lowercase+first_letter
INVESTIGATE,i,lower_first,lowercase+first_letter
INVITE,i,lower_first,lowercase+first_letter
IRRITATE,i,lower_first,lowercase+first_letter
ISSUE,i,lower_first,lowercase+first_letter
IZQUIERDO,i,lower_first,lowercase+first_letter
JAUNE,j,lower_first,lowercase+first_letter
JEU,j,lower_first,lowercase+first_letter
JEUNE,j,lower_first,lowercase+first_letter
JOUR,j,lower_first,lowercase+first_letter
JOVEN,j,lower_first,lowercase+first_letter
JUEGO,j,lower_first,lowercase+first_letter
JUMP,j,lower_first,lowercase+first_letter
KEY,k,lower_first,lowercase+first_letter
KIDNEY,k,lower_first,lowercase+first_letter
KING,k,lower_first,lowercase+first_letter
KISS,k,lower_first,lowercase+first_letter
KNEEL,k,lower_first,lowercase+first_letter
KNIFE,k,lower_first,lowercase+first_letter
KNIGHT,k,lower_first,lowercase+first_letter
LADY,l,lower_first,lowercase+first_letter
LAID,l,lower_first,lowercase+first_letter
LAIT,l,lower_first,lowercase+first_letter
LARGE,l,lower_first,lowercase+first_letter
LARGO,l,lower_first,lowercase+first_letter
LAST,l,lower_first,lowercase+first_letter
LAUGH,l,lower_first,lowercase+first_letter
LAWYER,l,lower_first,lowercase+first_letter
LEAF,l,lower_first,lowercase+first_letter
LEARN,l,lower_first,lowercase+first_letter
LEAVE,l,lower_first,lowercase+first_letter
LECHE,l,lower_first,lowercase+first_letter
LEFT,l,lower_first,lowercase+first_letter
LEG,l,lower_first,lowercase+first_letter
LEJOS,l,lower_first,lowercase+first_letter
LENT,l,lower_first,lowercase+first_letter
LENTO,l,lower_first,lowercase+first_letter
LETTER,l,lower_first,lowercase+first_letter
LETTRE,l,lower_first,lowercase+first_letter
LIBRARY,l,lower_first,lowercase+first_letter
LIBRO,l,lower_first,lowercase+first_letter
LIE,l,lower_first,lowercase+first_letter
LIFE,l,lower_first,lowercase+first_letter
LIGERO,l,lower_first,lowercase+first_letter
LIGHT,l,lower_first,lowercase+first_letter
LIMPIO,l,lower_first,lowercase+first_letter
LISTEN,l,lower_first,lowercase+first_letter
LIVE,l,lower_first,lowercase+first_letter
LIVER,l,lower_first,lowercase+first_letter
LIVRE,l,lower_first,lowercase+first_letter
LLENO,l,lower_first,lowercase+first_letter
LOAF,l,lower_first,lowercase+first_letter
LOIN,l,lower_first,lowercase+first_letter
LONG,l,lower_first,lowercase+first_letter
LORD,l,lower_first,lowercase+first_letter
LOURD,l,lower_first,lowercase+first_letter
LOVE,l,lower_first,lowercase+first_letter
LOW,l,lower_first,lowercase+first_letter
LUNA,l,lower_first,lowercase+first_letter
LUNE,l,lower_first,lowercase+first_letter
LUNG,l,lower_first,lowercase+first_letter
LÉGER,l,lower_first,lowercase+first_letter
MADRE,m,lower_first,lowercase+first_letter
MAIN,m,lower_first,lowercase+first_letter
MAISON,m,lower_first,lowercase+first_letter
MAKE,m,lower_first,lowercase+first_letter
MALO,m,lower_first,lowercase+first_letter
MAN,m,lower_first,lowercase+first_letter
MANAGE,m,lower_first,lowercase+first_letter
MANAGER,m,lower_first,lowercase+first_letter
MANO,m,lower_first,lowercase+first_letter
MANZANA,m,lower_first,lowercase+first_letter
MARI,m,lower_first,lowercase+first_letter
MARRON,m,lower_first,lowercase+first_letter
MARRÓN,m,lower_first,lowercase+first_letter
MAUVAIS,m,lower_first,lowercase+first_letter
MAÑANA,m,lower_first,lowercase+first_letter
MEDITATE,m,lower_first,lowercase+first_letter
MEDIUM,m,lower_first,lowercase+first_letter
MEET,m,lower_first,lowercase+first_letter
MERCI,m,lower_first,lowercase+first_letter
MES,m,lower_first,lowercase+first_letter
MESA,m,lower_first,lowercase+first_letter
MIL,m,lower_first,lowercase+first_letter
MILK,m,lower_first,lowercase+first_letter
MILLE,m,lower_first,lowercase+first_letter
MOIS,m,lower_first,lowercase+first_letter
MONDE,m,lower_first,lowercase+first_letter
MONTH,m,lower_first,lowercase+first_letter
MOON,m,lower_first,lowercase+first_letter
MORADO,m,lower_first,lowercase+first_letter
MOSQUITO,m,lower_first,lowercase+first_letter
MOT,m,lower_first,lowercase+first_letter
MOTHER,m,lower_first,lowercase+first_letter
MOTIVATE,m,lower_first,lowercase+first_letter
MOUSE,m,lower_first,lowercase+first_letter
MOUTH,m,lower_first,lowercase+first_letter
MOVE,m,lower_first,lowercase+first_letter
MUJER,m,lower_first,lowercase+first_letter
MUNDO,m,lower_first,lowercase+first_letter
MUSCLE,m,lower_first,lowercase+first_letter
MUSIC,m,lower_first,lowercase+first_letter
MUSICIAN,m,lower_first,lowercase+first_letter
MUSICIEN,m,lower_first,lowercase+first_letter
MUSIQUE,m,lower_first,lowercase+first_letter
MÈRE,m,lower_first,lowercase+first_letter
MÉDECIN,m,lower_first,lowercase+first_letter
MÉDICO,m,lower_first,lowercase+first_letter
MÚSICA,m,lower_first,lowercase+first_letter
MÚSICO,m,lower_first,lowercase+first_letter
NARANJA,n,lower_first,lowercase+first_letter
NARIZ,n,lower_first,lowercase+first_letter
NARROW,n,lower_first,lowercase+first_letter
NAVIGATE,n,lower_first,lowercase+first_letter
NEAR,n,lower_first,lowercase+first_letter
NEGOTIATE,n,lower_first,lowercase+first_letter
NEGRO,n,lower_first,lowercase+first_letter
NERVE,n,lower_first,lowercase+first_letter
NEUF,n,lower_first,lowercase+first_letter
NEW,n,lower_first,lowercase+first_letter
NEZ,n,lower_first,lowercase+first_letter
NIGHT,n,lower_first,lowercase+first_letter
NINE,n,lower_first,lowercase+first_letter
NIÑA,n,lower_first,lowercase+first_letter
NIÑO,n,lower_first,lowercase+first_letter
NO,n,lower_first,lowercase+first_letter
NOCHE,n,lower_first,lowercase+first_letter
NOIR,n,lower_first,lowercase+first_letter
NON,n,lower_first,lowercase+first_letter
NOSE,n,lower_first,lowercase+first_letter
NOTICE,n,lower_first,lowercase+first_letter
NOURRITURE,n,lower_first,lowercase+first_letter
NOUVEAU,n,lower_first,lowercase+first_letter
NUEVE,n,lower_first,lowercase+first_letter
NUEVO,n,lower_first,lowercase+first_letter
NUIT,n,lower_first,lowercase+first_letter
NURSE,n,lower_first,lowercase+first_letter
OASIS,o,lower_first,lowercase+first_letter
OCHO,o,lower_first,lowercase+first_letter
OFFICER,o,lower_first,lowercase+first_letter
OISEAU,o,lower_first,lowercase+first_letter
OJO,o,lower_first,lowercase+first_letter
OLD,o,lower_first,lowercase+first_letter
ONCLE,o,lower_first,lowercase+first_letter
ONE,o,lower_first,lowercase+first_letter
OPEN,o,lower_first,lowercase+first_letter
OPERATE,o,lower_first,lowercase+first_letter
ORANGE,o,lower_first,lowercase+first_letter
OREILLE,o,lower_first,lowercase+first_letter
OREJA,o,lower_first,lowercase+first_letter
ORGANIZE,o,lower_first,lowercase+first_letter
OUI,o,lower_first,lowercase+first_letter
OUTSIDE,o,lower_first,lowercase+first_letter
OUVERT,o,lower_first,lowercase+first_letter
OUVRIER,o,lower_first,lowercase+first_letter
OX,o,lower_first,lowercase+first_letter
PADRE,p,lower_first,lowercase+first_letter
PAGE,p,lower_first,lowercase+first_letter
PAIN,p,lower_first,lowercase+first_letter
PAINT,p,lower_first,lowercase+first_letter
PAINTER,p,lower_first,lowercase+first_letter
PALABRA,p,lower_first,lowercase+first_letter
PAN,p,lower_first,lowercase+first_letter
PAPER,p,lower_first,lowercase+first_letter
PARENTHESIS,p,lower_first,lowercase+first_letter
PARTICIPATE,p,lower_first,lowercase+first_letter
PARTY,p,lower_first,lowercase+first_letter
PAUVRE,p,lower_first,lowercase+first_letter
PAYS,p,lower_first,lowercase+first_letter
PAÍS,p,lower_first,lowercase+first_letter
PELOTA,p,lower_first,lowercase+first_letter
PEN,p,lower_first,lowercase+first_letter
PENCIL,p,lower_first,lowercase+first_letter
PENETRATE,p,lower_first,lowercase+first_letter
PEPPER,p,lower_first,lowercase+first_letter
PEQUEÑO,p,lower_first,lowercase+first_letter
PERRO,p,lower_first,lowercase+first_letter
PERSON,p,lower_first,lowercase+first_letter
PESADO,p,lower_first,lowercase+first_letter
PETIT,p,lower_first,lowercase+first_letter
PEZ,p,lower_first,lowercase+first_letter
PHENOMENON,p,lower_first,lowercase+first_letter
PHONE,p,lower_first,lowercase+first_letter
PHOTO,p,lower_first,lowercase+first_letter
PHRASE,p,lower_first,lowercase+first_letter
PIANO,p,lower_first,lowercase+first_letter
PIE,p,lower_first,lowercase+first_letter
PIED,p,lower_first,lowercase+first_letter
PILOT,p,lower_first,lowercase+first_letter
PIMIENTA,p,lower_first,lowercase+first_letter
PINK,p,lower_first,lowercase+first_letter
PLATE,p,lower_first,lowercase+first_letter
PLAY,p,lower_first,lowercase+first_letter
PLAYER,p,lower_first,lowercase+first_letter
PLEASE,p,lower_first,lowercase+first_letter
PLEIN,p,lower_first,lowercase+first_letter
POBRE,p,lower_first,lowercase+first_letter
POISSON,p,lower_first,lowercase+first_letter
POIVRE,p,lower_first,lowercase+first_letter
POLICE,p,lower_first,lowercase+first_letter
POLICÍA,p,lower_first,lowercase+first_letter
POMME,p,lower_first,lowercase+first_letter
POOR,p,lower_first,lowercase+first_letter
PORTE,p,lower_first,lowercase+first_letter
POTATO,p,lower_first,lowercase+first_letter
PRACTICE,p,lower_first,lowercase+first_letter
PREMIER,p,lower_first,lowercase+first_letter
PRESIDENT,p,lower_first,lowercase+first_letter
PRIMERO,p,lower_first,lowercase+first_letter
PRIMO,p,lower_first,lowercase+first_letter
PRINCE,p,lower_first,lowercase+first_letter
PRINCESA,p,lower_first,lowercase+first_letter
PRINCESS,p,lower_first,lowercase+first_letter
PRINCESSE,p,lower_first,lowercase+first_letter
PROFESOR,p,lower_first,lowercase+first_letter
PROFESSEUR,p,lower_first,lowercase+first_letter
PROMISE,p,lower_first,lowercase+first_letter
PROOF,p,lower_first,lowercase+first_letter
PROPRE,p,lower_first,lowercase+first_letter
PRÈS,p,lower_first,lowercase+first_letter
PRÍNCIPE,p,lower_first,lowercase+first_letter
PUERTA,p,lower_first,lowercase+first_letter
PULL,p,lower_first,lowercase+first_letter
PURPLE,p,lower_first,lowercase+first_letter
PURSUE,p,lower_first,lowercase+first_letter
PUSH,p,lower_first,lowercase+first_letter
PÁGINA,p,lower_first,lowercase+first_letter
PÁJARO,p,lower_first,lowercase+first_letter
PÈRE,p,lower_first,lowercase+first_letter
QUATRE,q,lower_first,lowercase+first_letter
QUEEN,q,lower_first,lowercase+first_letter
QUESO,q,lower_first,lowercase+first_letter
RADIATE,r,lower_first,lowercase+first_letter
RADIO,r,lower_first,lowercase+first_letter
RAPIDE,r,lower_first,lowercase+first_letter
RAY,r,lower_first,lowercase+first_letter
READ,r,lower_first,lowercase+first_letter
REALIZE,r,lower_first,lowercase+first_letter
RECEIVE,r,lower_first,lowercase+first_letter
RECOGNIZE,r,lower_first,lowercase+first_letter
RED,r,lower_first,lowercase+first_letter
REEF,r,lower_first,lowercase+first_letter
REINA,r,lower_first,lowercase+first_letter
REINE,r,lower_first,lowercase+first_letter
RELATE,r,lower_first,lowercase+first_letter
RELAX,r,lower_first,lowercase+first_letter
REPEAT,r,lower_first,lowercase+first_letter
RESCUE,r,lower_first,lowercase+first_letter
REST,r,lower_first,lowercase+first_letter
REY,r,lower_first,lowercase+first_letter
RICH,r,lower_first,lowercase+first_letter
RICHE,r,lower_first,lowercase+first_letter
RICO,r,lower_first,lowercase+first_letter
RIGHT,r,lower_first,lowercase+first_letter
ROI,r,lower_first,lowercase+first_letter
ROJO,r,lower_first,lowercase+first_letter
ROOF,r,lower_first,lowercase+first_letter
ROSA,r,lower_first,lowercase+first_letter
ROSE,r,lower_first,lowercase+first_letter
ROTATE,r,lower_first,lowercase+first_letter
ROUGE,r,lower_first,lowercase+first_letter
RUE,r,lower_first,lowercase+first_letter
RUN,r,lower_first,lowercase+first_letter
RUNNER,r,lower_first,lowercase+first_letter
RÁPIDO,r,lower_first,lowercase+first_letter
SAD,s,lower_first,lowercase+first_letter
SAFE,s,lower_first,lowercase+first_letter
SAIL,s,lower_first,lowercase+first_letter
SAILOR,s,lower_first,lowercase+first_letter
SAL,s,lower_first,lowercase+first_letter
SALE,s,lower_first,lowercase+first_letter
SALT,s,lower_first,lowercase+first_letter
SCARF,s,lower_first,lowercase+first_letter
SCHOOL,s,lower_first,lowercase+first_letter
SCIENTIST,s,lower_first,lowercase+first_letter
SEE,s,lower_first,lowercase+first_letter
SEIS,s,lower_first,lowercase+first_letter
SEL,s,lower_first,lowercase+first_letter
SELF,s,lower_first,lowercase+first_letter
SEMAINE,s,lower_first,lowercase+first_letter
SEMANA,s,lower_first,lowercase+first_letter
SENTENCE,s,lower_first,lowercase+first_letter
SEPARATE,s,lower_first,lowercase+first_letter
SEPT,s,lower_first,lowercase+first_letter
SEVEN,s,lower_first,lowercase+first_letter
SHARE,s,lower_first,lowercase+first_letter
SHEEP,s,lower_first,lowercase+first_letter
SHELF,s,lower_first,lowercase+first_letter
SHORT,s,lower_first,lowercase+first_letter
SHOUT,s,lower_first,lowercase+first_letter
SIETE,s,lower_first,lowercase+first_letter
SILLA,s,lower_first,lowercase+first_letter
SING,s,lower_first,lowercase+first_letter
SINGER,s,lower_first,lowercase+first_letter
SISTER,s,lower_first,lowercase+first_letter
SIT,s,lower_first,lowercase+first_letter
SIX,s,lower_first,lowercase+first_letter
SKATE,s,lower_first,lowercase+first_letter
SKI,s,lower_first,lowercase+first_letter
SLEEP,s,lower_first,lowercase+first_letter
SLOW,s,lower_first,lowercase+first_letter
SMALL,s,lower_first,lowercase+first_letter
SMELL,s,lower_first,lowercase+first_letter
SMILE,s,lower_first,lowercase+first_letter
SOL,s,lower_first,lowercase+first_letter
SOLDADO,s,lower_first,lowercase+first_letter
SOLDAT,s,lower_first,lowercase+first_letter
SOLDIER,s,lower_first,lowercase+first_letter
SOLEIL,s,lower_first,lowercase+first_letter
SON,s,lower_first,lowercase+first_letter
SONG,s,lower_first,lowercase+first_letter
SPOON,s,lower_first,lowercase+first_letter
SPORT,s,lower_first,lowercase+first_letter
STAND,s,lower_first,lowercase+first_letter
STAR,s,lower_first,lowercase+first_letter
START,s,lower_first,lowercase+first_letter
STIMULATE,s,lower_first,lowercase+first_letter
STOMACH,s,lower_first,lowercase+first_letter
STOP,s,lower_first,lowercase+first_letter
STORY,s,lower_first,lowercase+first_letter
STREET,s,lower_first,lowercase+first_letter
STRETCH,s,lower_first,lowercase+first_letter
STRONG,s,lower_first,lowercase+first_letter
STUDENT,s,lower_first,lowercase+first_letter
STUDIO,s,lower_first,lowercase+first_letter
STUDY,s,lower_first,lowercase+first_letter
SUCIO,s,lower_first,lowercase+first_letter
SUCRE,s,lower_first,lowercase+first_letter
SUGAR,s,lower_first,lowercase+first_letter
SUN,s,lower_first,lowercase+first_letter
SURPRISE,s,lower_first,lowercase+first_letter
SWIM,s,lower_first,lowercase+first_letter
SWIMMER,s,lower_first,lowercase+first_letter
SÍ,s,lower_first,lowercase+first_letter
SŒUR,s,lower_first,lowercase+first_letter
TABLE,t,lower_first,lowercase+first_letter
TAILOR,t,lower_first,lowercase+first_letter
TAKE,t,lower_first,lowercase+first_letter
TALK,t,lower_first,lowercase+first_letter
TANTE,t,lower_first,lowercase+first_letter
TASTE,t,lower_first,lowercase+first_letter
TEA,t,lower_first,lowercase+first_letter
TEACH,t,lower_first,lowercase+first_letter
TEACHER,t,lower_first,lowercase+first_letter
TEMPS,t,lower_first,lowercase+first_letter
TEN,t,lower_first,lowercase+first_letter
TERMINATE,t,lower_first,lowercase+first_letter
THESIS,t,lower_first,lowercase+first_letter
THIEF,t,lower_first,lowercase+first_letter
THINK,t,lower_first,lowercase+first_letter
THOUSAND,t,lower_first,lowercase+first_letter
THREE,t,lower_first,lowercase+first_letter
THROW,t,lower_first,lowercase+first_letter
THÉ,t,lower_first,lowercase+first_letter
TIEMPO,t,lower_first,lowercase+first_letter
TIME,t,lower_first,lowercase+first_letter
TODAY,t,lower_first,lowercase+first_letter
TOE,t,lower_first,lowercase+first_letter
TOLERATE,t,lower_first,lowercase+first_letter
TOMATO,t,lower_first,lowercase+first_letter
TOMORROW,t,lower_first,lowercase+first_letter
TOOTH,t,lower_first,lowercase+first_letter
TOUCH,t,lower_first,lowercase+first_letter
TOY,t,lower_first,lowercase+first_letter
TRABAJADOR,t,lower_first,lowercase+first_letter
TRANSLATE,t,lower_first,lowercase+first_letter
TRAVEL,t,lower_first,lowercase+first_letter
TREAT,t,lower_first,lowercase+first_letter
TREE,t,lower_first,lowercase+first_letter
TRES,t,lower_first,lowercase+first_letter
TRISTE,t,lower_first,lowercase+first_letter
TROIS,t,lower_first,lowercase+first_letter
TWO,t,lower_first,lowercase+first_letter
TÉ,t,lower_first,lowercase+first_letter
TÊTE,t,lower_first,lowercase+first_letter
TÍA,t,lower_first,lowercase+first_letter
TÍO,t,lower_first,lowercase+first_letter
UGLY,u,lower_first,lowercase+first_letter
UN,u,lower_first,lowercase+first_letter
UNCLE,u,lower_first,lowercase+first_letter
UNITE,u,lower_first,lowercase+first_letter
UNO,u,lower_first,lowercase+first_letter
UP,u,lower_first,lowercase+first_letter
VACÍO,v,lower_first,lowercase+first_letter
VALIDATE,v,lower_first,lowercase+first_letter
VALUE,v,lower_first,lowercase+first_letter
VEIN,v,lower_first,lowercase+first_letter
VENTANA,v,lower_first,lowercase+first_letter
VERDE,v,lower_first,lowercase+first_letter
VERT,v,lower_first,lowercase+first_letter
VIBRATE,v,lower_first,lowercase+first_letter
VIDE,v,lower_first,lowercase+first_letter
VIDEO,v,lower_first,lowercase+first_letter
VIEJO,v,lower_first,lowercase+first_letter
VIEUX,v,lower_first,lowercase+first_letter
VILLAIN,v,lower_first,lowercase+first_letter
VILLE,v,lower_first,lowercase+first_letter
VIN,v,lower_first,lowercase+first_letter
VINO,v,lower_first,lowercase+first_letter
VIOLET,v,lower_first,lowercase+first_letter
VOITURE,v,lower_first,lowercase+first_letter
VOLCANO,v,lower_first,lowercase+first_letter
WAIT,w,lower_first,lowercase+first_letter
WALK,w,lower_first,lowercase+first_letter
WASH,w,lower_first,lowercase+first_letter
WATCH,w,lower_first,lowercase+first_letter
WATER,w,lower_first,lowercase+first_letter
WAY,w,lower_first,lowercase+first_letter
WEAK,w,lower_first,lowercase+first_letter
WEEK,w,lower_first,lowercase+first_letter
WHARF,w,lower_first,lowercase+first_letter
WHISPER,w,lower_first,lowercase+first_letter
WHITE,w,lower_first,lowercase+first_letter
WIDE,w,lower_first,lowercase+first_letter
WIFE,w,lower_first,lowercase+first_letter
WINDOW,w,lower_first,lowercase+first_letter
WINE,w,lower_first,lowercase+first_letter
WOLF,w,lower_first,lowercase+first_letter
WOMAN,w,lower_first,lowercase+first_letter
WORD,w,lower_first,lowercase+first_letter
WORK,w,lower_first,lowercase+first_letter
WORKER,w,lower_first,lowercase+first_letter
WORLD,w,lower_first,lowercase+first_letter
WRITE,w,lower_first,lowercase+first_letter
WRITER,w,lower_first,lowercase+first_letter
YEAR,y,lower_first,lowercase+first_letter
YELLOW,y,lower_first,lowercase+first_letter
YES,y,lower_first,lowercase+first_letter
YESTERDAY,y,lower_first,lowercase+first_letter
YOUNG,y,lower_first,lowercase+first_letter
ÁRBOL,á,lower_first,lowercase+first_letter
ÉCOLE,é,lower_first,lowercase+first_letter
ÉTOILE,é,lower_first,lowercase+first_letter
ÉTROIT,é,lower_first,lowercase+first_letter
ÉTUDIANT,é,lower_first,lowercase+first_letter
ÚLTIMO,ú,lower_first,lowercase+first_letter
ŒIL,œ,lower_first,lowercase+first_letter
afghanistan,N,upper_last,uppercase+last_letter
albania,A,upper_last,uppercase+last_letter
algeria,A,upper_last,uppercase+last_letter
andorra,A,upper_last,uppercase+last_letter
angola,A,upper_last,uppercase+last_letter
argentina,A,upper_last,uppercase+last_letter
armenia,A,upper_last,uppercase+last_letter
australia,A,upper_last,uppercase+last_letter
austria,A,upper_last,uppercase+last_letter
azerbaijan,N,upper_last,uppercase+last_letter
bahamas,S,upper_last,uppercase+last_letter
bahrain,N,upper_last,uppercase+last_letter
bangladesh,H,upper_last,uppercase+last_letter
barbados,S,upper_last,uppercase+last_letter
belarus,S,upper_last,uppercase+last_letter
belgium,M,upper_last,uppercase+last_letter
belize,E,upper_last,uppercase+last_letter
benin,N,upper_last,uppercase+last_letter
bhutan,N,upper_last,uppercase+last_letter
bolivia,A,upper_last,uppercase+last_letter
botswana,A,upper_last,uppercase+last_letter
brazil,L,upper_last,uppercase+last_letter
brunei,I,upper_last,uppercase+last_letter
bulgaria,A,upper_last,uppercase+last_letter
burundi,I,upper_last,uppercase+last_letter
cambodia,A,upper_last,uppercase+last_letter
cameroon,N,upper_last,uppercase+last_letter
canada,A,upper_last,uppercase+last_letter
chad,D,upper_last,uppercase+last_letter
chile,E,upper_last,uppercase+last_letter
china,A,upper_last,uppercase+last_letter
colombia,A,upper_last,uppercase+last_letter
comoros,S,upper_last,uppercase+last_letter
congo,O,upper_last,uppercase+last_letter
croatia,A,upper_last,uppercase+last_letter
cuba,A,upper_last,uppercase+last_letter
cyprus,S,upper_last,uppercase+last_letter
denmark,K,upper_last,uppercase+last_letter
djibouti,I,upper_last,uppercase+last_letter
dominica,A,upper_last,uppercase+last_letter
ecuador,R,upper_last,uppercase+last_letter
egypt,T,upper_last,uppercase+last_letter
eritrea,A,upper_last,uppercase+last_letter
estonia,A,upper_last,uppercase+last_letter
eswatini,I,upper_last,uppercase+last_letter
ethiopia,A,upper_last,uppercase+last_letter
fiji,I,upper_last,uppercase+last_letter
finland,D,upper_last,uppercase+last_letter
france,E,upper_last,uppercase+last_letter
gabon,N,upper_last,uppercase+last_letter
gambia,A,upper_last,uppercase+last_letter
georgia,A,upper_last,uppercase+last_letter
germany,Y,upper_last,uppercase+last_letter
ghana,A,upper_last,uppercase+last_letter
greece,E,upper_last,uppercase+last_letter
grenada,A,upper_last,uppercase+last_letter
guatemala,A,upper_last,uppercase+last_letter
guinea,A,upper_last,uppercase+last_letter
guyana,A,upper_last,uppercase+last_letter
haiti,I,upper_last,uppercase+last_letter
honduras,S,upper_last,uppercase+last_letter
hungary,Y,upper_last,uppercase+last_letter
iceland,D,upper_last,uppercase+last_letter
india,A,upper_last,uppercase+last_letter
indonesia,A,upper_last,uppercase+last_letter
iran,N,upper_last,uppercase+last_letter
iraq,Q,upper_last,uppercase+last_letter
ireland,D,upper_last,uppercase+last_letter
israel,L,upper_last,uppercase+last_letter
italy,Y,upper_last,uppercase+last_letter
jamaica,A,upper_last,uppercase+last_letter
japan,N,upper_last,uppercase+last_letter
jordan,N,upper_last,uppercase+last_letter
kazakhstan,N,upper_last,uppercase+last_letter
kenya,A,upper_last,uppercase+last_letter
kiribati,I,upper_last,uppercase+last_letter
kosovo,O,upper_last,uppercase+last_letter
kuwait,T,upper_last,uppercase+last_letter
kyrgyzstan,N,upper_last,uppercase+last_letter
laos,S,upper_last,uppercase+last_letter
latvia,A,upper_last,uppercase+last_letter
lebanon,N,upper_last,uppercase+last_letter
lesotho,O,upper_last,uppercase+last_letter
liberia,A,upper_last,uppercase+last_letter
libya,A,upper_last,uppercase+last_letter
liechtenstein,N,upper_last,uppercase+last_letter
lithuania,A,upper_last,uppercase+last_letter
luxembourg,G,upper_last,uppercase+last_letter
madagascar,R,upper_last,uppercase+last_letter
malawi,I,upper_last,uppercase+last_letter
malaysia,A,upper_last,uppercase+last_letter
maldives,S,upper_last,uppercase+last_letter
mali,I,upper_last,uppercase+last_letter
malta,A,upper_last,uppercase+last_letter
mauritania,A,upper_last,uppercase+last_letter
mauritius,S,upper_last,uppercase+last_letter
mexico,O,upper_last,uppercase+last_letter
micronesia,A,upper_last,uppercase+last_letter
moldova,A,upper_last,uppercase+last_letter
monaco,O,upper_last,uppercase+last_letter
mongolia,A,upper_last,uppercase+last_letter
montenegro,O,upper_last,uppercase+last_letter
morocco,O,upper_last,uppercase+last_letter
mozambique,E,upper_last,uppercase+last_letter
myanmar,R,upper_last,uppercase+last_letter
namibia,A,upper_last,uppercase+last_letter
nauru,U,upper_last,uppercase+last_letter
nepal,L,upper_last,uppercase+last_letter
netherlands,S,upper_last,uppercase+last_letter
nicaragua,A,upper_last,uppercase+last_letter
niger,R,upper_last,uppercase+last_letter
nigeria,A,upper_last,uppercase+last_letter
norway,Y,upper_last,uppercase+last_letter
oman,N,upper_last,uppercase+last_letter
pakistan,N,upper_last,uppercase+last_letter
palau,U,upper_last,uppercase+last_letter
palestine,E,upper_last,uppercase+last_letter
panama,A,upper_last,uppercase+last_letter
paraguay,Y,upper_last,uppercase+last_letter
peru,U,upper_last,uppercase+last_letter
philippines,S,upper_last,uppercase+last_letter
poland,D,upper_last,uppercase+last_letter
portugal,L,upper_last,uppercase+last_letter
qatar,R,upper_last,uppercase+last_letter
romania,A,upper_last,uppercase+last_letter
russia,A,upper_last,uppercase+last_letter
rwanda,A,upper_last,uppercase+last_letter
samoa,A,upper_last,uppercase+last_letter
senegal,L,upper_last,uppercase+last_letter
serbia,A,upper_last,uppercase+last_letter
seychelles,S,upper_last,uppercase+last_letter
singapore,E,upper_last,uppercase+last_letter
slovakia,A,upper_last,uppercase+last_letter
slovenia,A,upper_last,uppercase+last_letter
somalia,A,upper_last,uppercase+last_letter
spain,N,upper_last,uppercase+last_letter
sudan,N,upper_last,uppercase+last_letter
suriname,E,upper_last,uppercase+last_letter
sweden,N,upper_last,uppercase+last_letter
switzerland,D,upper_last,uppercase+last_letter
syria,A,upper_last,uppercase+last_letter
taiwan,N,upper_last,uppercase+last_letter
tajikistan,N,upper_last,uppercase+last_letter
tanzania,A,upper_last,uppercase+last_letter
thailand,D,upper_last,uppercase+last_letter
togo,O,upper_last,uppercase+last_letter
tonga,A,upper_last,uppercase+last_letter
tunisia,A,upper_last,uppercase+last_letter
turkey,Y,upper_last,uppercase+last_letter
turkmenistan,N,upper_last,uppercase+last_letter
tuvalu,U,upper_last,uppercase+last_letter
uae,E,upper_last,uppercase+last_letter
uganda,A,upper_last,uppercase+last_letter
ukraine,E,upper_last,uppercase+last_letter
uruguay,Y,upper_last,uppercase+last_letter
uzbekistan,N,upper_last,uppercase+last_letter
vanuatu,U,upper_last,uppercase+last_letter
venezuela,A,upper_last,uppercase+last_letter
vietnam,M,upper_last,uppercase+last_letter
yemen,N,upper_last,uppercase+last_letter
zambia,A,upper_last,uppercase+last_letter
zimbabwe,E,upper_last,uppercase+last_letter
abajo,O,upper_last,uppercase+last_letter
abierto,O,upper_last,uppercase+last_letter
abogado,O,upper_last,uppercase+last_letter
abuela,A,upper_last,uppercase+last_letter
abuelo,O,upper_last,uppercase+last_letter
accelerate,E,upper_last,uppercase+last_letter
achieve,E,upper_last,uppercase+last_letter
activate,E,upper_last,uppercase+last_letter
actor,R,upper_last,uppercase+last_letter
actress,S,upper_last,uppercase+last_letter
adiós,S,upper_last,uppercase+last_letter
advertise,E,upper_last,uppercase+last_letter
agua,A,upper_last,uppercase+last_letter
alto,O,upper_last,uppercase+last_letter
amarillo,O,upper_last,uppercase+last_letter
ami,I,upper_last,uppercase+last_letter
amigo,O,upper_last,uppercase+last_letter
an,N,upper_last,uppercase+last_letter
analysis,S,upper_last,uppercase+last_letter
ancho,O,upper_last,uppercase+last_letter
anticipate,E,upper_last,uppercase+last_letter
apologize,E,upper_last,uppercase+last_letter
apple,E,upper_last,uppercase+last_letter
appreciate,E,upper_last,uppercase+last_letter
arbre,E,upper_last,uppercase+last_letter
argue,E,upper_last,uppercase+last_letter
arm,M,upper_last,uppercase+last_letter
arriba,A,upper_last,uppercase+last_letter
arrive,E,upper_last,uppercase+last_letter
artery,Y,upper_last,uppercase+last_letter
artist,T,upper_last,uppercase+last_letter
artista,A,upper_last,uppercase+last_letter
artiste,E,upper_last,uppercase+last_letter
atrás,S,upper_last,uppercase+last_letter
aunt,T,upper_last,uppercase+last_letter
avocat,T,upper_last,uppercase+last_letter
axis,S,upper_last,uppercase+last_letter
ayer,R,upper_last,uppercase+last_letter
azul,L,upper_last,uppercase+last_letter
azúcar,R,upper_last,uppercase+last_letter
año,O,upper_last,uppercase+last_letter
baby,Y,upper_last,uppercase+last_letter
back,K,upper_last,uppercase+last_letter
bad,D,upper_last,uppercase+last_letter
baile,E,upper_last,uppercase+last_letter
bajo,O,upper_last,uppercase+last_letter
bake,E,upper_last,uppercase+last_letter
baker,R,upper_last,uppercase+last_letter
ball,L,upper_last,uppercase+last_letter
balle,E,upper_last,uppercase+last_letter
banana,A,upper_last,uppercase+last_letter
bas,S,upper_last,uppercase+last_letter
basis,S,upper_last,uppercase+last_letter
bay,Y,upper_last,uppercase+last_letter
beach,H,upper_last,uppercase+last_letter
beau,U,upper_last,uppercase+last_letter
beautiful,L,upper_last,uppercase+last_letter
bebé,É,upper_last,uppercase+last_letter
begin,N,upper_last,uppercase+last_letter
belief,F,upper_last,uppercase+last_letter
believe,E,upper_last,uppercase+last_letter
bend,D,upper_last,uppercase+last_letter
berry,Y,upper_last,uppercase+last_letter
big,G,upper_last,uppercase+last_letter
bike,E,upper_last,uppercase+last_letter
bird,D,upper_last,uppercase+last_letter
black,K,upper_last,uppercase+last_letter
blanc,C,upper_last,uppercase+last_letter
blanco,O,upper_last,uppercase+last_letter
bleu,U,upper_last,uppercase+last_letter
blue,E,upper_last,uppercase+last_letter
boca,A,upper_last,uppercase+last_letter
body,Y,upper_last,uppercase+last_letter
bon,N,upper_last,uppercase+last_letter
bone,E,upper_last,uppercase+last_letter
bonjour,R,upper_last,uppercase+last_letter
bonsoir,R,upper_last,uppercase+last_letter
book,K,upper_last,uppercase+last_letter
bouche,E,upper_last,uppercase+last_letter
box,X,upper_last,uppercase+last_letter
boy,Y,upper_last,uppercase+last_letter
brain,N,upper_last,uppercase+last_letter
bread,D,upper_last,uppercase+last_letter
brother,R,upper_last,uppercase+last_letter
brown,N,upper_last,uppercase+last_letter
brush,H,upper_last,uppercase+last_letter
bueno,O,upper_last,uppercase+last_letter
build,D,upper_last,uppercase+last_letter
builder,R,upper_last,uppercase+last_letter
bus,S,upper_last,uppercase+last_letter
butcher,R,upper_last,uppercase+last_letter
butterfly,Y,upper_last,uppercase+last_letter
bébé,É,upper_last,uppercase+last_letter
caballo,O,upper_last,uppercase+last_letter
cabeza,A,upper_last,uppercase+last_letter
café,É,upper_last,uppercase+last_letter
calculate,E,upper_last,uppercase+last_letter
calf,F,upper_last,uppercase+last_letter
caliente,E,upper_last,uppercase+last_letter
calle,E,upper_last,uppercase+last_letter
camp,P,upper_last,uppercase+last_letter
canción,N,upper_last,uppercase+last_letter
cantante,E,upper_last,uppercase+last_letter
car,R,upper_last,uppercase+last_letter
care,E,upper_last,uppercase+last_letter
cargo,O,upper_last,uppercase+last_letter
carry,Y,upper_last,uppercase+last_letter
carta,A,upper_last,uppercase+last_letter
casa,A,upper_last,uppercase+last_letter
cat,T,upper_last,uppercase+last_letter
catch,H,upper_last,uppercase+last_letter
celebrate,E,upper_last,uppercase+last_letter
cent,T,upper_last,uppercase+last_letter
cerca,A,upper_last,uppercase+last_letter
cerebro,O,upper_last,uppercase+last_letter
cerrado,O,upper_last,uppercase+last_letter
cerveau,U,upper_last,uppercase+last_letter
chair,R,upper_last,uppercase+last_letter
chaise,E,upper_last,uppercase+last_letter
change,E,upper_last,uppercase+last_letter
chanson,N,upper_last,uppercase+last_letter
chat,T,upper_last,uppercase+last_letter
chaud,D,upper_last,uppercase+last_letter
cheese,E,upper_last,uppercase+last_letter
chef,F,upper_last,uppercase+last_letter
cheval,L,upper_last,uppercase+last_letter
chief,F,upper_last,uppercase+last_letter
chien,N,upper_last,uppercase+last_letter
child,D,upper_last,uppercase+last_letter
church,H,upper_last,uppercase+last_letter
cien,N,upper_last,uppercase+last_letter
cinco,O,upper_last,uppercase+last_letter
cinq,Q,upper_last,uppercase+last_letter
city,Y,upper_last,uppercase+last_letter
ciudad,D,upper_last,uppercase+last_letter
class,S,upper_last,uppercase+last_letter
clean,N,upper_last,uppercase+last_letter
clerk,K,upper_last,uppercase+last_letter
cliff,F,upper_last,uppercase+last_letter
climb,B,upper_last,uppercase+last_letter
close,E,upper_last,uppercase+last_letter
closed,D,upper_last,uppercase+last_letter
coche,E,upper_last,uppercase+last_letter
coffee,E,upper_last,uppercase+last_letter
cold,D,upper_last,uppercase+last_letter
come,E,upper_last,uppercase+last_letter
comida,A,upper_last,uppercase+last_letter
communicate,E,upper_last,uppercase+last_letter
compete,E,upper_last,uppercase+last_letter
complete,E,upper_last,uppercase+last_letter
computer,R,upper_last,uppercase+last_letter
concentrate,E,upper_last,uppercase+last_letter
contemplate,E,upper_last,uppercase+last_letter
continue,E,upper_last,uppercase+last_letter
cook,K,upper_last,uppercase+last_letter
cooperate,E,upper_last,uppercase+last_letter
coordinate,E,upper_last,uppercase+last_letter
corazón,N,upper_last,uppercase+last_letter
corps,S,upper_last,uppercase+last_letter
corto,O,upper_last,uppercase+last_letter
country,Y,upper_last,uppercase+last_letter
court,T,upper_last,uppercase+last_letter
cousin,N,upper_last,uppercase+last_letter
create,E,upper_last,uppercase+last_letter
crisis,S,upper_last,uppercase+last_letter
criterion,N,upper_last,uppercase+last_letter
criticize,E,upper_last,uppercase+last_letter
cry,Y,upper_last,uppercase+last_letter
cuatro,O,upper_last,uppercase+last_letter
cuerpo,O,upper_last,uppercase+last_letter
cultivate,E,upper_last,uppercase+last_letter
cup,P,upper_last,uppercase+last_letter
curriculum,M,upper_last,uppercase+last_letter
cœur,R,upper_last,uppercase+last_letter
dance,E,upper_last,uppercase+last_letter
dancer,R,upper_last,uppercase+last_letter
danse,E,upper_last,uppercase+last_letter
datum,M,upper_last,uppercase+last_letter
daughter,R,upper_last,uppercase+last_letter
day,Y,upper_last,uppercase+last_letter
decide,E,upper_last,uppercase+last_letter
decorate,E,upper_last,uppercase+last_letter
dedans,S,upper_last,uppercase+last_letter
dedicate,E,upper_last,uppercase+last_letter
deer,R,upper_last,uppercase+last_letter
defeat,T,upper_last,uppercase+last_letter
dehors,S,upper_last,uppercase+last_letter
delete,E,upper_last,uppercase+last_letter
demain,N,upper_last,uppercase+last_letter
demonstrate,E,upper_last,uppercase+last_letter
dentro,O,upper_last,uppercase+last_letter
deporte,E,upper_last,uppercase+last_letter
derecho,O,upper_last,uppercase+last_letter
dernier,R,upper_last,uppercase+last_letter
derrière,E,upper_last,uppercase+last_letter
designate,E,upper_last,uppercase+last_letter
determine,E,upper_last,uppercase+last_letter
deux,X,upper_last,uppercase+last_letter
devant,T,upper_last,uppercase+last_letter
deviate,E,upper_last,uppercase+last_letter
diez,Z,upper_last,uppercase+last_letter
difficile,E,upper_last,uppercase+last_letter
difficult,T,upper_last,uppercase+last_letter
difícil,L,upper_last,uppercase+last_letter
director,R,upper_last,uppercase+last_letter
dirty,Y,upper_last,uppercase+last_letter
dish,H,upper_last,uppercase+last_letter
dix,X,upper_last,uppercase+last_letter
doctor,R,upper_last,uppercase+last_letter
dog,G,upper_last,uppercase+last_letter
dominate,E,upper_last,uppercase+last_letter
door,R,upper_last,uppercase+last_letter
dos,S,upper_last,uppercase+last_letter
down,N,upper_last,uppercase+last_letter
draw,W,upper_last,uppercase+last_letter
drink,K,upper_last,uppercase+last_letter
drive,E,upper_last,uppercase+last_letter
driver,R,upper_last,uppercase+last_letter
droit,T,upper_last,uppercase+last_letter
duchess,S,upper_last,uppercase+last_letter
duke,E,upper_last,uppercase+last_letter
dwarf,F,upper_last,uppercase+last_letter
débil,L,upper_last,uppercase+last_letter
día,A,upper_last,uppercase+last_letter
ear,R,upper_last,uppercase+last_letter
easy,Y,upper_last,uppercase+last_letter
eat,T,upper_last,uppercase+last_letter
eau,U,upper_last,uppercase+last_letter
echo,O,upper_last,uppercase+last_letter
educate,E,upper_last,uppercase+last_letter
eight,T,upper_last,uppercase+last_letter
elf,F,upper_last,uppercase+last_letter
eliminate,E,upper_last,uppercase+last_letter
emperor,R,upper_last,uppercase+last_letter
empress,S,upper_last,uppercase+last_letter
empty,Y,upper_last,uppercase+last_letter
end,D,upper_last,uppercase+last_letter
enfant,T,upper_last,uppercase+last_letter
enfermera,A,upper_last,uppercase+last_letter
engineer,R,upper_last,uppercase+last_letter
escalate,E,upper_last,uppercase+last_letter
escuela,A,upper_last,uppercase+last_letter
esposa,A,upper_last,uppercase+last_letter
esposo,O,upper_last,uppercase+last_letter
estrecho,O,upper_last,uppercase+last_letter
estrella,A,upper_last,uppercase+last_letter
estudiante,E,upper_last,uppercase+last_letter
evaluate,E,upper_last,uppercase+last_letter
evaporate,E,upper_last,uppercase+last_letter
exaggerate,E,upper_last,uppercase+last_letter
examine,E,upper_last,uppercase+last_letter
excite,E,upper_last,uppercase+last_letter
exercise,E,upper_last,uppercase+last_letter
explore,E,upper_last,uppercase+last_letter
eye,E,upper_last,uppercase+last_letter
facile,E,upper_last,uppercase+last_letter
faible,E,upper_last,uppercase+last_letter
familia,A,upper_last,uppercase+last_letter
famille,E,upper_last,uppercase+last_letter
family,Y,upper_last,uppercase+last_letter
far,R,upper_last,uppercase+last_letter
farmer,R,upper_last,uppercase+last_letter
fascinate,E,upper_last,uppercase+last_letter
fast,T,upper_last,uppercase+last_letter
father,R,upper_last,uppercase+last_letter
feel,L,upper_last,uppercase+last_letter
feliz,Z,upper_last,uppercase+last_letter
femme,E,upper_last,uppercase+last_letter
fenêtre,E,upper_last,uppercase+last_letter
feo,O,upper_last,uppercase+last_letter
fermier,R,upper_last,uppercase+last_letter
fermé,É,upper_last,uppercase+last_letter
fille,E,upper_last,uppercase+last_letter
fils,S,upper_last,uppercase+last_letter
finger,R,upper_last,uppercase+last_letter
finish,H,upper_last,uppercase+last_letter
first,T,upper_last,uppercase+last_letter
fish,H,upper_last,uppercase+last_letter
five,E,upper_last,uppercase+last_letter
fleur,R,upper_last,uppercase+last_letter
flor,R,upper_last,uppercase+last_letter
flower,R,upper_last,uppercase+last_letter
fly,Y,upper_last,uppercase+last_letter
food,D,upper_last,uppercase+last_letter
foot,T,upper_last,uppercase+last_letter
fork,K,upper_last,uppercase+last_letter
fort,T,upper_last,uppercase+last_letter
four,R,upper_last,uppercase+last_letter
fox,X,upper_last,uppercase+last_letter
frase,E,upper_last,uppercase+last_letter
frente,E,upper_last,uppercase+last_letter
friend,D,upper_last,uppercase+last_letter
froid,D,upper_last,uppercase+last_letter
fromage,E,upper_last,uppercase+last_letter
front,T,upper_last,uppercase+last_letter
frère,E,upper_last,uppercase+last_letter
frío,O,upper_last,uppercase+last_letter
fuera,A,upper_last,uppercase+last_letter
fuerte,E,upper_last,uppercase+last_letter
full,L,upper_last,uppercase+last_letter
fácil,L,upper_last,uppercase+last_letter
game,E,upper_last,uppercase+last_letter
garçon,N,upper_last,uppercase+last_letter
gato,O,upper_last,uppercase+last_letter
gauche,E,upper_last,uppercase+last_letter
generate,E,upper_last,uppercase+last_letter
girl,L,upper_last,uppercase+last_letter
give,E,upper_last,uppercase+last_letter
glass,S,upper_last,uppercase+last_letter
good,D,upper_last,uppercase+last_letter
goodbye,E,upper_last,uppercase+last_letter
goose,E,upper_last,uppercase+last_letter
gracias,S,upper_last,uppercase+last_letter
grand,D,upper_last,uppercase+last_letter
grande,E,upper_last,uppercase+last_letter
grandfather,R,upper_last,uppercase+last_letter
grandmother,R,upper_last,uppercase+last_letter
granjero,O,upper_last,uppercase+last_letter
gray,Y,upper_last,uppercase+last_letter
green,N,upper_last,uppercase+last_letter
greet,T,upper_last,uppercase+last_letter
grief,F,upper_last,uppercase+last_letter
gris,S,upper_last,uppercase+last_letter
gulf,F,upper_last,uppercase+last_letter
guy,Y,upper_last,uppercase+last_letter
half,F,upper_last,uppercase+last_letter
hand,D,upper_last,uppercase+last_letter
happy,Y,upper_last,uppercase+last_letter
hate,E,upper_last,uppercase+last_letter
haut,T,upper_last,uppercase+last_letter
head,D,upper_last,uppercase+last_letter
hear,R,upper_last,uppercase+last_letter
heart,T,upper_last,uppercase+last_letter
heavy,Y,upper_last,uppercase+last_letter
hello,O,upper_last,uppercase+last_letter
help,P,upper_last,uppercase+last_letter
hermana,A,upper_last,uppercase+last_letter
hermano,O,upper_last,uppercase+last_letter
hermoso,O,upper_last,uppercase+last_letter
hero,O,upper_last,uppercase+last_letter
heroine,E,upper_last,uppercase+last_letter
hesitate,E,upper_last,uppercase+last_letter
heureux,X,upper_last,uppercase+last_letter
hibernate,E,upper_last,uppercase+last_letter
hier,R,upper_last,uppercase+last_letter
high,H,upper_last,uppercase+last_letter
hija,A,upper_last,uppercase+last_letter
hijo,O,upper_last,uppercase+last_letter
hike,E,upper_last,uppercase+last_letter
hola,A,upper_last,uppercase+last_letter
hold,D,upper_last,uppercase+last_letter
hombre,E,upper_last,uppercase+last_letter
homme,E,upper_last,uppercase+last_letter
hoof,F,upper_last,uppercase+last_letter
hope,E,upper_last,uppercase+last_letter
horse,E,upper_last,uppercase+last_letter
hot,T,upper_last,uppercase+last_letter
house,E,upper_last,uppercase+last_letter
hoy,Y,upper_last,uppercase+last_letter
huit,T,upper_last,uppercase+last_letter
hundred,D,upper_last,uppercase+last_letter
hunt,T,upper_last,uppercase+last_letter
husband,D,upper_last,uppercase+last_letter
illustrate,E,upper_last,uppercase+last_letter
imagine,E,upper_last,uppercase+last_letter
imitate,E,upper_last,uppercase+last_letter
improve,E,upper_last,uppercase+last_letter
incorporate,E,upper_last,uppercase+last_letter
infirmière,E,upper_last,uppercase+last_letter
initiate,E,upper_last,uppercase+last_letter
innovate,E,upper_last,uppercase+last_letter
inside,E,upper_last,uppercase+last_letter
integrate,E,upper_last,uppercase+last_letter
investigate,E,upper_last,uppercase+last_letter
invite,E,upper_last,uppercase+last_letter
irritate,E,upper_last,uppercase+last_letter
issue,E,upper_last,uppercase+last_letter
izquierdo,O,upper_last,uppercase+last_letter
jaune,E,upper_last,uppercase+last_letter
jeu,U,upper_last,uppercase+last_letter
jeune,E,upper_last,uppercase+last_letter
jour,R,upper_last,uppercase+last_letter
joven,N,upper_last,uppercase+last_letter
juego,O,upper_last,uppercase+last_letter
jump,P,upper_last,uppercase+last_letter
key,Y,upper_last,uppercase+last_letter
kidney,Y,upper_last,uppercase+last_letter
king,G,upper_last,uppercase+last_letter
kiss,S,upper_last,uppercase+last_letter
kneel,L,upper_last,uppercase+last_letter
knife,E,upper_last,uppercase+last_letter
knight,T,upper_last,uppercase+last_letter
lady,Y,upper_last,uppercase+last_letter
laid,D,upper_last,uppercase+last_letter
lait,T,upper_last,uppercase+last_letter
large,E,upper_last,uppercase+last_letter
largo,O,upper_last,uppercase+last_letter
last,T,upper_last,uppercase+last_letter
laugh,H,upper_last,uppercase+last_letter
lawyer,R,upper_last,uppercase+last_letter
leaf,F,upper_last,uppercase+last_letter
learn,N,upper_last,uppercase+last_letter
leave,E,upper_last,uppercase+last_letter
leche,E,upper_last,uppercase+last_letter
left,T,upper_last,uppercase+last_letter
leg,G,upper_last,uppercase+last_letter
lejos,S,upper_last,uppercase+last_letter
lent,T,upper_last,uppercase+last_letter
lento,O,upper_last,uppercase+last_letter
letter,R,upper_last,uppercase+last_letter
lettre,E,upper_last,uppercase+last_letter
library,Y,upper_last,uppercase+last_letter
libro,O,upper_last,uppercase+last_letter
lie,E,upper_last,uppercase+last_letter
life,E,upper_last,uppercase+last_letter
ligero,O,upper_last,uppercase+last_letter
light,T,upper_last,uppercase+last_letter
limpio,O,upper_last,uppercase+last_letter
listen,N,upper_last,uppercase+last_letter
live,E,upper_last,uppercase+last_letter
liver,R,upper_last,uppercase+last_letter
livre,E,upper_last,uppercase+last_letter
lleno,O,upper_last,uppercase+last_letter
loaf,F,upper_last,uppercase+last_letter
loin,N,upper_last,uppercase+last_letter
long,G,upper_last,uppercase+last_letter
lord,D,upper_last,uppercase+last_letter
lourd,D,upper_last,uppercase+last_letter
love,E,upper_last,uppercase+last_letter
low,W,upper_last,uppercase+last_letter
luna,A,upper_last,uppercase+last_letter
lune,E,upper_last,uppercase+last_letter
lung,G,upper_last,uppercase+last_letter
léger,R,upper_last,uppercase+last_letter
madre,E,upper_last,uppercase+last_letter
main,N,upper_last,uppercase+last_letter
maison,N,upper_last,uppercase+last_letter
make,E,upper_last,uppercase+last_letter
malo,O,upper_last,uppercase+last_letter
man,N,upper_last,uppercase+last_letter
manage,E,upper_last,uppercase+last_letter
manager,R,upper_last,uppercase+last_letter
mano,O,upper_last,uppercase+last_letter
manzana,A,upper_last,uppercase+last_letter
mari,I,upper_last,uppercase+last_letter
marron,N,upper_last,uppercase+last_letter
marrón,N,upper_last,uppercase+last_letter
mauvais,S,upper_last,uppercase+last_letter
mañana,A,upper_last,uppercase+last_letter
meditate,E,upper_last,uppercase+last_letter
medium,M,upper_last,uppercase+last_letter
meet,T,upper_last,uppercase+last_letter
merci,I,upper_last,uppercase+last_letter
mes,S,upper_last,uppercase+last_letter
mesa,A,upper_last,uppercase+last_letter
mil,L,upper_last,uppercase+last_letter
milk,K,upper_last,uppercase+last_letter
mille,E,upper_last,uppercase+last_letter
mois,S,upper_last,uppercase+last_letter
monde,E,upper_last,uppercase+last_letter
month,H,upper_last,uppercase+last_letter
moon,N,upper_last,uppercase+last_letter
morado,O,upper_last,uppercase+last_letter
mosquito,O,upper_last,uppercase+last_letter
mot,T,upper_last,uppercase+last_letter
mother,R,upper_last,uppercase+last_letter
motivate,E,upper_last,uppercase+last_letter
mouse,E,upper_last,uppercase+last_letter
mouth,H,upper_last,uppercase+last_letter
move,E,upper_last,uppercase+last_letter
mujer,R,upper_last,uppercase+last_letter
mundo,O,upper_last,uppercase+last_letter
muscle,E,upper_last,uppercase+last_letter
music,C,upper_last,uppercase+last_letter
musician,N,upper_last,uppercase+last_letter
musicien,N,upper_last,uppercase+last_letter
musique,E,upper_last,uppercase+last_letter
mère,E,upper_last,uppercase+last_letter
médecin,N,upper_last,uppercase+last_letter
médico,O,upper_last,uppercase+last_letter
música,A,upper_last,uppercase+last_letter
músico,O,upper_last,uppercase+last_letter
naranja,A,upper_last,uppercase+last_letter
nariz,Z,upper_last,uppercase+last_letter
narrow,W,upper_last,uppercase+last_letter
navigate,E,upper_last,uppercase+last_letter
near,R,upper_last,uppercase+last_letter
negotiate,E,upper_last,uppercase+last_letter
negro,O,upper_last,uppercase+last_letter
nerve,E,upper_last,uppercase+last_letter
neuf,F,upper_last,uppercase+last_letter
new,W,upper_last,uppercase+last_letter
nez,Z,upper_last,uppercase+last_letter
night,T,upper_last,uppercase+last_letter
nine,E,upper_last,uppercase+last_letter
niña,A,upper_last,uppercase+last_letter
niño,O,upper_last,uppercase+last_letter
no,O,upper_last,uppercase+last_letter
noche,E,upper_last,uppercase+last_letter
noir,R,upper_last,uppercase+last_letter
non,N,upper_last,uppercase+last_letter
nose,E,upper_last,uppercase+last_letter
notice,E,upper_last,uppercase+last_letter
nourriture,E,upper_last,uppercase+last_letter
nouveau,U,upper_last,uppercase+last_letter
nueve,E,upper_last,uppercase+last_letter
nuevo,O,upper_last,uppercase+last_letter
nuit,T,upper_last,uppercase+last_letter
nurse,E,upper_last,uppercase+last_letter
oasis,S,upper_last,uppercase+last_letter
ocho,O,upper_last,uppercase+last_letter
officer,R,upper_last,uppercase+last_letter
oiseau,U,upper_last,uppercase+last_letter
ojo,O,upper_last,uppercase+last_letter
old,D,upper_last,uppercase+last_letter
oncle,E,upper_last,uppercase+last_letter
one,E,upper_last,uppercase+last_letter
open,N,upper_last,uppercase+last_letter
operate,E,upper_last,uppercase+last_letter
orange,E,upper_last,uppercase+last_letter
oreille,E,upper_last,uppercase+last_letter
oreja,A,upper_last,uppercase+last_letter
organize,E,upper_last,uppercase+last_letter
oui,I,upper_last,uppercase+last_letter
outside,E,upper_last,uppercase+last_letter
ouvert,T,upper_last,uppercase+last_letter
ouvrier,R,upper_last,uppercase+last_letter
ox,X,upper_last,uppercase+last_letter
padre,E,upper_last,uppercase+last_letter
page,E,upper_last,uppercase+last_letter
pain,N,upper_last,uppercase+last_letter
paint,T,upper_last,uppercase+last_letter
painter,R,upper_last,uppercase+last_letter
palabra,A,upper_last,uppercase+last_letter
pan,N,upper_last,uppercase+last_letter
paper,R,upper_last,uppercase+last_letter
parenthesis,S,upper_last,uppercase+last_letter
participate,E,upper_last,uppercase+last_letter
party,Y,upper_last,uppercase+last_letter
pauvre,E,upper_last,uppercase+last_letter
pays,S,upper_last,uppercase+last_letter
país,S,upper_last,uppercase+last_letter
pelota,A,upper_last,uppercase+last_letter
pen,N,upper_last,uppercase+last_letter
pencil,L,upper_last,uppercase+last_letter
penetrate,E,upper_last,uppercase+last_letter
pepper,R,upper_last,uppercase+last_letter
pequeño,O,upper_last,uppercase+last_letter
perro,O,upper_last,uppercase+last_letter
person,N,upper_last,uppercase+last_letter
pesado,O,upper_last,uppercase+last_letter
petit,T,upper_last,uppercase+last_letter
pez,Z,upper_last,uppercase+last_letter
phenomenon,N,upper_last,uppercase+last_letter
phone,E,upper_last,uppercase+last_letter
photo,O,upper_last,uppercase+last_letter
phrase,E,upper_last,uppercase+last_letter
piano,O,upper_last,uppercase+last_letter
pie,E,upper_last,uppercase+last_letter
pied,D,upper_last,uppercase+last_letter
pilot,T,upper_last,uppercase+last_letter
pimienta,A,upper_last,uppercase+last_letter
pink,K,upper_last,uppercase+last_letter
plate,E,upper_last,uppercase+last_letter
play,Y,upper_last,uppercase+last_letter
player,R,upper_last,uppercase+last_letter
please,E,upper_last,uppercase+last_letter
plein,N,upper_last,uppercase+last_letter
pobre,E,upper_last,uppercase+last_letter
poisson,N,upper_last,uppercase+last_letter
poivre,E,upper_last,uppercase+last_letter
police,E,upper_last,uppercase+last_letter
policía,A,upper_last,uppercase+last_letter
pomme,E,upper_last,uppercase+last_letter
poor,R,upper_last,uppercase+last_letter
porte,E,upper_last,uppercase+last_letter
potato,O,upper_last,uppercase+last_letter
practice,E,upper_last,uppercase+last_letter
premier,R,upper_last,uppercase+last_letter
president,T,upper_last,uppercase+last_letter
primero,O,upper_last,uppercase+last_letter
primo,O,upper_last,uppercase+last_letter
prince,E,upper_last,uppercase+last_letter
princesa,A,upper_last,uppercase+last_letter
princess,S,upper_last,uppercase+last_letter
princesse,E,upper_last,uppercase+last_letter
profesor,R,upper_last,uppercase+last_letter
professeur,R,upper_last,uppercase+last_letter
promise,E,upper_last,uppercase+last_letter
proof,F,upper_last,uppercase+last_letter
propre,E,upper_last,uppercase+last_letter
près,S,upper_last,uppercase+last_letter
príncipe,E,upper_last,uppercase+last_letter
puerta,A,upper_last,uppercase+last_letter
pull,L,upper_last,uppercase+last_letter
purple,E,upper_last,uppercase+last_letter
pursue,E,upper_last,uppercase+last_letter
push,H,upper_last,uppercase+last_letter
página,A,upper_last,uppercase+last_letter
pájaro,O,upper_last,uppercase+last_letter
père,E,upper_last,uppercase+last_letter
quatre,E,upper_last,uppercase+last_letter
queen,N,upper_last,uppercase+last_letter
queso,O,upper_last,uppercase+last_letter
radiate,E,upper_last,uppercase+last_letter
radio,O,upper_last,uppercase+last_letter
rapide,E,upper_last,uppercase+last_letter
ray,Y,upper_last,uppercase+last_letter
read,D,upper_last,uppercase+last_letter
realize,E,upper_last,uppercase+last_letter
receive,E,upper_last,uppercase+last_letter
recognize,E,upper_last,uppercase+last_letter
red,D,upper_last,uppercase+last_letter
reef,F,upper_last,uppercase+last_letter
reina,A,upper_last,uppercase+last_letter
reine,E,upper_last,uppercase+last_letter
relate,E,upper_last,uppercase+last_letter
relax,X,upper_last,uppercase+last_letter
repeat,T,upper_last,uppercase+last_letter
rescue,E,upper_last,uppercase+last_letter
rest,T,upper_last,uppercase+last_letter
rey,Y,upper_last,uppercase+last_letter
rich,H,upper_last,uppercase+last_letter
riche,E,upper_last,uppercase+last_letter
rico,O,upper_last,uppercase+last_letter
right,T,upper_last,uppercase+last_letter
roi,I,upper_last,uppercase+last_letter
rojo,O,upper_last,uppercase+last_letter
roof,F,upper_last,uppercase+last_letter
rosa,A,upper_last,uppercase+last_letter
rose,E,upper_last,uppercase+last_letter
rotate,E,upper_last,uppercase+last_letter
rouge,E,upper_last,uppercase+last_letter
rue,E,upper_last,uppercase+last_letter
run,N,upper_last,uppercase+last_letter
runner,R,upper_last,uppercase+last_letter
rápido,O,upper_last,uppercase+last_letter
sad,D,upper_last,uppercase+last_letter
safe,E,upper_last,uppercase+last_letter
sail,L,upper_last,uppercase+last_letter
sailor,R,upper_last,uppercase+last_letter
sal,L,upper_last,uppercase+last_letter
sale,E,upper_last,uppercase+last_letter
salt,T,upper_last,uppercase+last_letter
scarf,F,upper_last,uppercase+last_letter
school,L,upper_last,uppercase+last_letter
scientist,T,upper_last,uppercase+last_letter
see,E,upper_last,uppercase+last_letter
seis,S,upper_last,uppercase+last_letter
sel,L,upper_last,uppercase+last_letter
self,F,upper_last,uppercase+last_letter
semaine,E,upper_last,uppercase+last_letter
semana,A,upper_last,uppercase+last_letter
sentence,E,upper_last,uppercase+last_letter
separate,E,upper_last,uppercase+last_letter
sept,T,upper_last,uppercase+last_letter
seven,N,upper_last,uppercase+last_letter
share,E,upper_last,uppercase+last_letter
sheep,P,upper_last,uppercase+last_letter
shelf,F,upper_last,uppercase+last_letter
short,T,upper_last,uppercase+last_letter
shout,T,upper_last,uppercase+last_letter
siete,E,upper_last,uppercase+last_letter
silla,A,upper_last,uppercase+last_letter
sing,G,upper_last,uppercase+last_letter
singer,R,upper_last,uppercase+last_letter
sister,R,upper_last,uppercase+last_letter
sit,T,upper_last,uppercase+last_letter
six,X,upper_last,uppercase+last_letter
skate,E,upper_last,uppercase+last_letter
ski,I,upper_last,uppercase+last_letter
sleep,P,upper_last,uppercase+last_letter
slow,W,upper_last,uppercase+last_letter
small,L,upper_last,uppercase+last_letter
smell,L,upper_last,uppercase+last_letter
smile,E,upper_last,uppercase+last_letter
sol,L,upper_last,uppercase+last_letter
soldado,O,upper_last,uppercase+last_letter
soldat,T,upper_last,uppercase+last_letter
soldier,R,upper_last,uppercase+last_letter
soleil,L,upper_last,uppercase+last_letter
son,N,upper_last,uppercase+last_letter
song,G,upper_last,uppercase+last_letter
spoon,N,upper_last,uppercase+last_letter
sport,T,upper_last,uppercase+last_letter
stand,D,upper_last,uppercase+last_letter
star,R,upper_last,uppercase+last_letter
start,T,upper_last,uppercase+last_letter
stimulate,E,upper_last,uppercase+last_letter
stomach,H,upper_last,uppercase+last_letter
stop,P,upper_last,uppercase+last_letter
story,Y,upper_last,uppercase+last_letter
street,T,upper_last,uppercase+last_letter
stretch,H,upper_last,uppercase+last_letter
strong,G,upper_last,uppercase+last_letter
student,T,upper_last,uppercase+last_letter
studio,O,upper_last,uppercase+last_letter
study,Y,upper_last,uppercase+last_letter
sucio,O,upper_last,uppercase+last_letter
sucre,E,upper_last,uppercase+last_letter
sugar,R,upper_last,uppercase+last_letter
sun,N,upper_last,uppercase+last_letter
surprise,E,upper_last,uppercase+last_letter
swim,M,upper_last,uppercase+last_letter
swimmer,R,upper_last,uppercase+last_letter
sí,Í,upper_last,uppercase+last_letter
sœur,R,upper_last,uppercase+last_letter
table,E,upper_last,uppercase+last_letter
tailor,R,upper_last,uppercase+last_letter
take,E,upper_last,uppercase+last_letter
talk,K,upper_last,uppercase+last_letter
tante,E,upper_last,uppercase+last_letter
taste,E,upper_last,uppercase+last_letter
tea,A,upper_last,uppercase+last_letter
teach,H,upper_last,uppercase+last_letter
teacher,R,upper_last,uppercase+last_letter
temps,S,upper_last,uppercase+last_letter
ten,N,upper_last,uppercase+last_letter
terminate,E,upper_last,uppercase+last_letter
thesis,S,upper_last,uppercase+last_letter
thief,F,upper_last,uppercase+last_letter
think,K,upper_last,uppercase+last_letter
thousand,D,upper_last,uppercase+last_letter
three,E,upper_last,uppercase+last_letter
throw,W,upper_last,uppercase+last_letter
thé,É,upper_last,uppercase+last_letter
tiempo,O,upper_last,uppercase+last_letter
time,E,upper_last,uppercase+last_letter
today,Y,upper_last,uppercase+last_letter
toe,E,upper_last,uppercase+last_letter
tolerate,E,upper_last,uppercase+last_letter
tomato,O,upper_last,uppercase+last_letter
tomorrow,W,upper_last,uppercase+last_letter
tooth,H,upper_last,uppercase+last_letter
touch,H,upper_last,uppercase+last_letter
toy,Y,upper_last,uppercase+last_letter
trabajador,R,upper_last,uppercase+last_letter
translate,E,upper_last,uppercase+last_letter
travel,L,upper_last,uppercase+last_letter
treat,T,upper_last,uppercase+last_letter
tree,E,upper_last,uppercase+last_letter
tres,S,upper_last,uppercase+last_letter
triste,E,upper_last,uppercase+last_letter
trois,S,upper_last,uppercase+last_letter
two,O,upper_last,uppercase+last_letter
té,É,upper_last,uppercase+last_letter
tête,E,upper_last,uppercase+last_letter
tía,A,upper_last,uppercase+last_letter
tío,O,upper_last,uppercase+last_letter
ugly,Y,upper_last,uppercase+last_letter
un,N,upper_last,uppercase+last_letter
uncle,E,upper_last,uppercase+last_letter
unite,E,upper_last,uppercase+last_letter
uno,O,upper_last,uppercase+last_letter
up,P,upper_last,uppercase+last_letter
vacío,O,upper_last,uppercase+last_letter
validate,E,upper_last,uppercase+last_letter
value,E,upper_last,uppercase+last_letter
vein,N,upper_last,uppercase+last_letter
ventana,A,upper_last,uppercase+last_letter
verde,E,upper_last,uppercase+last_letter
vert,T,upper_last,uppercase+last_letter
vibrate,E,upper_last,uppercase+last_letter
vide,E,upper_last,uppercase+last_letter
video,O,upper_last,uppercase+last_letter
viejo,O,upper_last,uppercase+last_letter
vieux,X,upper_last,uppercase+last_letter
villain,N,upper_last,uppercase+last_letter
ville,E,upper_last,uppercase+last_letter
vin,N,upper_last,uppercase+last_letter
vino,O,upper_last,uppercase+last_letter
violet,T,upper_last,uppercase+last_letter
voiture,E,upper_last,uppercase+last_letter
volcano,O,upper_last,uppercase+last_letter
wait,T,upper_last,uppercase+last_letter
walk,K,upper_last,uppercase+last_letter
wash,H,upper_last,uppercase+last_letter
watch,H,upper_last,uppercase+last_letter
water,R,upper_last,uppercase+last_letter
way,Y,upper_last,uppercase+last_letter
weak,K,upper_last,uppercase+last_letter
week,K,upper_last,uppercase+last_letter
wharf,F,upper_last,uppercase+last_letter
whisper,R,upper_last,uppercase+last_letter
white,E,upper_last,uppercase+last_letter
wide,E,upper_last,uppercase+last_letter
wife,E,upper_last,uppercase+last_letter
window,W,upper_last,uppercase+last_letter
wine,E,upper_last,uppercase+last_letter
wolf,F,upper_last,uppercase+last_letter
woman,N,upper_last,uppercase+last_letter
word,D,upper_last,uppercase+last_letter
work,K,upper_last,uppercase+last_letter
worker,R,upper_last,uppercase+last_letter
world,D,upper_last,uppercase+last_letter
write,E,upper_last,uppercase+last_letter
writer,R,upper_last,uppercase+last_letter
year,R,upper_last,uppercase+last_letter
yellow,W,upper_last,uppercase+last_letter
yes,S,upper_last,uppercase+last_letter
yesterday,Y,upper_last,uppercase+last_letter
young,G,upper_last,uppercase+last_letter
árbol,L,upper_last,uppercase+last_letter
école,E,upper_last,uppercase+last_letter
étoile,E,upper_last,uppercase+last_letter
étroit,T,upper_last,uppercase+last_letter
étudiant,T,upper_last,uppercase+last_letter
último,O,upper_last,uppercase+last_letter
œil,L,upper_last,uppercase+last_letter
AFGHANISTAN,n,lower_last,lowercase+last_letter
ALBANIA,a,lower_last,lowercase+last_letter
ALGERIA,a,lower_last,lowercase+last_letter
ANDORRA,a,lower_last,lowercase+last_letter
ANGOLA,a,lower_last,lowercase+last_letter
ARGENTINA,a,lower_last,lowercase+last_letter
ARMENIA,a,lower_last,lowercase+last_letter
AUSTRALIA,a,lower_last,lowercase+last_letter
AUSTRIA,a,lower_last,lowercase+last_letter
AZERBAIJAN,n,lower_last,lowercase+last_letter
BAHAMAS,s,lower_last,lowercase+last_letter
BAHRAIN,n,lower_last,lowercase+last_letter
BANGLADESH,h,lower_last,lowercase+last_letter
BARBADOS,s,lower_last,lowercase+last_letter
BELARUS,s,lower_last,lowercase+last_letter
BELGIUM,m,lower_last,lowercase+last_letter
BELIZE,e,lower_last,lowercase+last_letter
BENIN,n,lower_last,lowercase+last_letter
BHUTAN,n,lower_last,lowercase+last_letter
BOLIVIA,a,lower_last,lowercase+last_letter
BOTSWANA,a,lower_last,lowercase+last_letter
BRAZIL,l,lower_last,lowercase+last_letter
BRUNEI,i,lower_last,lowercase+last_letter
BULGARIA,a,lower_last,lowercase+last_letter
BURUNDI,i,lower_last,lowercase+last_letter
CAMBODIA,a,lower_last,lowercase+last_letter
CAMEROON,n,lower_last,lowercase+last_letter
CANADA,a,lower_last,lowercase+last_letter
CHAD,d,lower_last,lowercase+last_letter
CHILE,e,lower_last,lowercase+last_letter
CHINA,a,lower_last,lowercase+last_letter
COLOMBIA,a,lower_last,lowercase+last_letter
COMOROS,s,lower_last,lowercase+last_letter
CONGO,o,lower_last,lowercase+last_letter
CROATIA,a,lower_last,lowercase+last_letter
CUBA,a,lower_last,lowercase+last_letter
CYPRUS,s,lower_last,lowercase+last_letter
DENMARK,k,lower_last,lowercase+last_letter
DJIBOUTI,i,lower_last,lowercase+last_letter
DOMINICA,a,lower_last,lowercase+last_letter
ECUADOR,r,lower_last,lowercase+last_letter
EGYPT,t,lower_last,lowercase+last_letter
ERITREA,a,lower_last,lowercase+last_letter
ESTONIA,a,lower_last,lowercase+last_letter
ESWATINI,i,lower_last,lowercase+last_letter
ETHIOPIA,a,lower_last,lowercase+last_letter
FIJI,i,lower_last,lowercase+last_letter
FINLAND,d,lower_last,lowercase+last_letter
FRANCE,e,lower_last,lowercase+last_letter
GABON,n,lower_last,lowercase+last_letter
GAMBIA,a,lower_last,lowercase+last_letter
GEORGIA,a,lower_last,lowercase+last_letter
GERMANY,y,lower_last,lowercase+last_letter
GHANA,a,lower_last,lowercase+last_letter
GREECE,e,lower_last,lowercase+last_letter
GRENADA,a,lower_last,lowercase+last_letter
GUATEMALA,a,lower_last,lowercase+last_letter
GUINEA,a,lower_last,lowercase+last_letter
GUYANA,a,lower_last,lowercase+last_letter
HAITI,i,lower_last,lowercase+last_letter
HONDURAS,s,lower_last,lowercase+last_letter
HUNGARY,y,lower_last,lowercase+last_letter
ICELAND,d,lower_last,lowercase+last_letter
INDIA,a,lower_last,lowercase+last_letter
INDONESIA,a,lower_last,lowercase+last_letter
IRAN,n,lower_last,lowercase+last_letter
IRAQ,q,lower_last,lowercase+last_letter
IRELAND,d,lower_last,lowercase+last_letter
ISRAEL,l,lower_last,lowercase+last_letter
ITALY,y,lower_last,lowercase+last_letter
JAMAICA,a,lower_last,lowercase+last_letter
JAPAN,n,lower_last,lowercase+last_letter
JORDAN,n,lower_last,lowercase+last_letter
KAZAKHSTAN,n,lower_last,lowercase+last_letter
KENYA,a,lower_last,lowercase+last_letter
KIRIBATI,i,lower_last,lowercase+last_letter
KOSOVO,o,lower_last,lowercase+last_letter
KUWAIT,t,lower_last,lowercase+last_letter
KYRGYZSTAN,n,lower_last,lowercase+last_letter
LAOS,s,lower_last,lowercase+last_letter
LATVIA,a,lower_last,lowercase+last_letter
LEBANON,n,lower_last,lowercase+last_letter
LESOTHO,o,lower_last,lowercase+last_letter
LIBERIA,a,lower_last,lowercase+last_letter
LIBYA,a,lower_last,lowercase+last_letter
LIECHTENSTEIN,n,lower_last,lowercase+last_letter
LITHUANIA,a,lower_last,lowercase+last_letter
LUXEMBOURG,g,lower_last,lowercase+last_letter
MADAGASCAR,r,lower_last,lowercase+last_letter
MALAWI,i,lower_last,lowercase+last_letter
MALAYSIA,a,lower_last,lowercase+last_letter
MALDIVES,s,lower_last,lowercase+last_letter
MALI,i,lower_last,lowercase+last_letter
MALTA,a,lower_last,lowercase+last_letter
MAURITANIA,a,lower_last,lowercase+last_letter
MAURITIUS,s,lower_last,lowercase+last_letter
MEXICO,o,lower_last,lowercase+last_letter
MICRONESIA,a,lower_last,lowercase+last_letter
MOLDOVA,a,lower_last,lowercase+last_letter
MONACO,o,lower_last,lowercase+last_letter
MONGOLIA,a,lower_last,lowercase+last_letter
MONTENEGRO,o,lower_last,lowercase+last_letter
MOROCCO,o,lower_last,lowercase+last_letter
MOZAMBIQUE,e,lower_last,lowercase+last_letter
MYANMAR,r,lower_last,lowercase+last_letter
NAMIBIA,a,lower_last,lowercase+last_letter
NAURU,u,lower_last,lowercase+last_letter
NEPAL,l,lower_last,lowercase+last_letter
NETHERLANDS,s,lower_last,lowercase+last_letter
NICARAGUA,a,lower_last,lowercase+last_letter
NIGER,r,lower_last,lowercase+last_letter
NIGERIA,a,lower_last,lowercase+last_letter
NORWAY,y,lower_last,lowercase+last_letter
OMAN,n,lower_last,lowercase+last_letter
PAKISTAN,n,lower_last,lowercase+last_letter
PALAU,u,lower_last,lowercase+last_letter
PALESTINE,e,lower_last,lowercase+last_letter
PANAMA,a,lower_last,lowercase+last_letter
PARAGUAY,y,lower_last,lowercase+last_letter
PERU,u,lower_last,lowercase+last_letter
PHILIPPINES,s,lower_last,lowercase+last_letter
POLAND,d,lower_last,lowercase+last_letter
PORTUGAL,l,lower_last,lowercase+last_letter
QATAR,r,lower_last,lowercase+last_letter
ROMANIA,a,lower_last,lowercase+last_letter
RUSSIA,a,lower_last,lowercase+last_letter
RWANDA,a,lower_last,lowercase+last_letter
SAMOA,a,lower_last,lowercase+last_letter
SENEGAL,l,lower_last,lowercase+last_letter
SERBIA,a,lower_last,lowercase+last_letter
SEYCHELLES,s,lower_last,lowercase+last_letter
SINGAPORE,e,lower_last,lowercase+last_letter
SLOVAKIA,a,lower_last,lowercase+last_letter
SLOVENIA,a,lower_last,lowercase+last_letter
SOMALIA,a,lower_last,lowercase+last_letter
SPAIN,n,lower_last,lowercase+last_letter
SUDAN,n,lower_last,lowercase+last_letter
SURINAME,e,lower_last,lowercase+last_letter
SWEDEN,n,lower_last,lowercase+last_letter
SWITZERLAND,d,lower_last,lowercase+last_letter
SYRIA,a,lower_last,lowercase+last_letter
TAIWAN,n,lower_last,lowercase+last_letter
TAJIKISTAN,n,lower_last,lowercase+last_letter
TANZANIA,a,lower_last,lowercase+last_letter
THAILAND,d,lower_last,lowercase+last_letter
TOGO,o,lower_last,lowercase+last_letter
TONGA,a,lower_last,lowercase+last_letter
TUNISIA,a,lower_last,lowercase+last_letter
TURKEY,y,lower_last,lowercase+last_letter
TURKMENISTAN,n,lower_last,lowercase+last_letter
TUVALU,u,lower_last,lowercase+last_letter
UAE,e,lower_last,lowercase+last_letter
UGANDA,a,lower_last,lowercase+last_letter
UKRAINE,e,lower_last,lowercase+last_letter
URUGUAY,y,lower_last,lowercase+last_letter
UZBEKISTAN,n,lower_last,lowercase+last_letter
VANUATU,u,lower_last,lowercase+last_letter
VENEZUELA,a,lower_last,lowercase+last_letter
VIETNAM,m,lower_last,lowercase+last_letter
YEMEN,n,lower_last,lowercase+last_letter
ZAMBIA,a,lower_last,lowercase+last_letter
ZIMBABWE,e,lower_last,lowercase+last_letter
ABAJO,o,lower_last,lowercase+last_letter
ABIERTO,o,lower_last,lowercase+last_letter
ABOGADO,o,lower_last,lowercase+last_letter
ABUELA,a,lower_last,lowercase+last_letter
ABUELO,o,lower_last,lowercase+last_letter
ACCELERATE,e,lower_last,lowercase+last_letter
ACHIEVE,e,lower_last,lowercase+last_letter
ACTIVATE,e,lower_last,lowercase+last_letter
ACTOR,r,lower_last,lowercase+last_letter
ACTRESS,s,lower_last,lowercase+last_letter
ADIÓS,s,lower_last,lowercase+last_letter
ADVERTISE,e,lower_last,lowercase+last_letter
AGUA,a,lower_last,lowercase+last_letter
ALTO,o,lower_last,lowercase+last_letter
AMARILLO,o,lower_last,lowercase+last_letter
AMI,i,lower_last,lowercase+last_letter
AMIGO,o,lower_last,lowercase+last_letter
AN,n,lower_last,lowercase+last_letter
ANALYSIS,s,lower_last,lowercase+last_letter
ANCHO,o,lower_last,lowercase+last_letter
ANTICIPATE,e,lower_last,lowercase+last_letter
APOLOGIZE,e,lower_last,lowercase+last_letter
APPLE,e,lower_last,lowercase+last_letter
APPRECIATE,e,lower_last,lowercase+last_letter
ARBRE,e,lower_last,lowercase+last_letter
ARGUE,e,lower_last,lowercase+last_letter
ARM,m,lower_last,lowercase+last_letter
ARRIBA,a,lower_last,lowercase+last_letter
ARRIVE,e,lower_last,lowercase+last_letter
ARTERY,y,lower_last,lowercase+last_letter
ARTIST,t,lower_last,lowercase+last_letter
ARTISTA,a,lower_last,lowercase+last_letter
ARTISTE,e,lower_last,lowercase+last_letter
ATRÁS,s,lower_last,lowercase+last_letter
AUNT,t,lower_last,lowercase+last_letter
AVOCAT,t,lower_last,lowercase+last_letter
AXIS,s,lower_last,lowercase+last_letter
AYER,r,lower_last,lowercase+last_letter
AZUL,l,lower_last,lowercase+last_letter
AZÚCAR,r,lower_last,lowercase+last_letter
AÑO,o,lower_last,lowercase+last_letter
BABY,y,lower_last,lowercase+last_letter
BACK,k,lower_last,lowercase+last_letter
BAD,d,lower_last,lowercase+last_letter
BAILE,e,lower_last,lowercase+last_letter
BAJO,o,lower_last,lowercase+last_letter
BAKE,e,lower_last,lowercase+last_letter
BAKER,r,lower_last,lowercase+last_letter
BALL,l,lower_last,lowercase+last_letter
BALLE,e,lower_last,lowercase+last_letter
BANANA,a,lower_last,lowercase+last_letter
BAS,s,lower_last,lowercase+last_letter
BASIS,s,lower_last,lowercase+last_letter
BAY,y,lower_last,lowercase+last_letter
BEACH,h,lower_last,lowercase+last_letter
BEAU,u,lower_last,lowercase+last_letter
BEAUTIFUL,l,lower_last,lowercase+last_letter
BEBÉ,é,lower_last,lowercase+last_letter
BEGIN,n,lower_last,lowercase+last_letter
BELIEF,f,lower_last,lowercase+last_letter
BELIEVE,e,lower_last,lowercase+last_letter
BEND,d,lower_last,lowercase+last_letter
BERRY,y,lower_last,lowercase+last_letter
BIG,g,lower_last,lowercase+last_letter
BIKE,e,lower_last,lowercase+last_letter
BIRD,d,lower_last,lowercase+last_letter
BLACK,k,lower_last,lowercase+last_letter
BLANC,c,lower_last,lowercase+last_letter
BLANCO,o,lower_last,lowercase+last_letter
BLEU,u,lower_last,lowercase+last_letter
BLUE,e,lower_last,lowercase+last_letter
BOCA,a,lower_last,lowercase+last_letter
BODY,y,lower_last,lowercase+last_letter
BON,n,lower_last,lowercase+last_letter
BONE,e,lower_last,lowercase+last_letter
BONJOUR,r,lower_last,lowercase+last_letter
BONSOIR,r,lower_last,lowercase+last_letter
BOOK,k,lower_last,lowercase+last_letter
BOUCHE,e,lower_last,lowercase+last_letter
BOX,x,lower_last,lowercase+last_letter
BOY,y,lower_last,lowercase+last_letter
BRAIN,n,lower_last,lowercase+last_letter
BREAD,d,lower_last,lowercase+last_letter
BROTHER,r,lower_last,lowercase+last_letter
BROWN,n,lower_last,lowercase+last_letter
BRUSH,h,lower_last,lowercase+last_letter
BUENO,o,lower_last,lowercase+last_letter
BUILD,d,lower_last,lowercase+last_letter
BUILDER,r,lower_last,lowercase+last_letter
BUS,s,lower_last,lowercase+last_letter
BUTCHER,r,lower_last,lowercase+last_letter
BUTTERFLY,y,lower_last,lowercase+last_letter
BÉBÉ,é,lower_last,lowercase+last_letter
CABALLO,o,lower_last,lowercase+last_letter
CABEZA,a,lower_last,lowercase+last_letter
CAFÉ,é,lower_last,lowercase+last_letter
CALCULATE,e,lower_last,lowercase+last_letter
CALF,f,lower_last,lowercase+last_letter
CALIENTE,e,lower_last,lowercase+last_letter
CALLE,e,lower_last,lowercase+last_letter
CAMP,p,lower_last,lowercase+last_letter
CANCIÓN,n,lower_last,lowercase+last_letter
CANTANTE,e,lower_last,lowercase+last_letter
CAR,r,lower_last,lowercase+last_letter
CARE,e,lower_last,lowercase+last_letter
CARGO,o,lower_last,lowercase+last_letter
CARRY,y,lower_last,lowercase+last_letter
CARTA,a,lower_last,lowercase+last_letter
CASA,a,lower_last,lowercase+last_letter
CAT,t,lower_last,lowercase+last_letter
CATCH,h,lower_last,lowercase+last_letter
CELEBRATE,e,lower_last,lowercase+last_letter
CENT,t,lower_last,lowercase+last_letter
CERCA,a,lower_last,lowercase+last_letter
CEREBRO,o,lower_last,lowercase+last_letter
CERRADO,o,lower_last,lowercase+last_letter
CERVEAU,u,lower_last,lowercase+last_letter
CHAIR,r,lower_last,lowercase+last_letter
CHAISE,e,lower_last,lowercase+last_letter
CHANGE,e,lower_last,lowercase+last_letter
CHANSON,n,lower_last,lowercase+last_letter
CHAT,t,lower_last,lowercase+last_letter
CHAUD,d,lower_last,lowercase+last_letter
CHEESE,e,lower_last,lowercase+last_letter
CHEF,f,lower_last,lowercase+last_letter
CHEVAL,l,lower_last,lowercase+last_letter
CHIEF,f,lower_last,lowercase+last_letter
CHIEN,n,lower_last,lowercase+last_letter
CHILD,d,lower_last,lowercase+last_letter
CHURCH,h,lower_last,lowercase+last_letter
CIEN,n,lower_last,lowercase+last_letter
CINCO,o,lower_last,lowercase+last_letter
CINQ,q,lower_last,lowercase+last_letter
CITY,y,lower_last,lowercase+last_letter
CIUDAD,d,lower_last,lowercase+last_letter
CLASS,s,lower_last,lowercase+last_letter
CLEAN,n,lower_last,lowercase+last_letter
CLERK,k,lower_last,lowercase+last_letter
CLIFF,f,lower_last,lowercase+last_letter
CLIMB,b,lower_last,lowercase+last_letter
CLOSE,e,lower_last,lowercase+last_letter
CLOSED,d,lower_last,lowercase+last_letter
COCHE,e,lower_last,lowercase+last_letter
COFFEE,e,lower_last,lowercase+last_letter
COLD,d,lower_last,lowercase+last_letter
COME,e,lower_last,lowercase+last_letter
COMIDA,a,lower_last,lowercase+last_letter
COMMUNICATE,e,lower_last,lowercase+last_letter
COMPETE,e,lower_last,lowercase+last_letter
COMPLETE,e,lower_last,lowercase+last_letter
COMPUTER,r,lower_last,lowercase+last_letter
CONCENTRATE,e,lower_last,lowercase+last_letter
CONTEMPLATE,e,lower_last,lowercase+last_letter
CONTINUE,e,lower_last,lowercase+last_letter
COOK,k,lower_last,lowercase+last_letter
COOPERATE,e,lower_last,lowercase+last_letter
COORDINATE,e,lower_last,lowercase+last_letter
CORAZÓN,n,lower_last,lowercase+last_letter
CORPS,s,lower_last,lowercase+last_letter
CORTO,o,lower_last,lowercase+last_letter
COUNTRY,y,lower_last,lowercase+last_letter
COURT,t,lower_last,lowercase+last_letter
COUSIN,n,lower_last,lowercase+last_letter
CREATE,e,lower_last,lowercase+last_letter
CRISIS,s,lower_last,lowercase+last_letter
CRITERION,n,lower_last,lowercase+last_letter
CRITICIZE,e,lower_last,lowercase+last_letter
CRY,y,lower_last,lowercase+last_letter
CUATRO,o,lower_last,lowercase+last_letter
CUERPO,o,lower_last,lowercase+last_letter
CULTIVATE,e,lower_last,lowercase+last_letter
CUP,p,lower_last,lowercase+last_letter
CURRICULUM,m,lower_last,lowercase+last_letter
CŒUR,r,lower_last,lowercase+last_letter
DANCE,e,lower_last,lowercase+last_letter
DANCER,r,lower_last,lowercase+last_letter
DANSE,e,lower_last,lowercase+last_letter
DATUM,m,lower_last,lowercase+last_letter
DAUGHTER,r,lower_last,lowercase+last_letter
DAY,y,lower_last,lowercase+last_letter
DECIDE,e,lower_last,lowercase+last_letter
DECORATE,e,lower_last,lowercase+last_letter
DEDANS,s,lower_last,lowercase+last_letter
DEDICATE,e,lower_last,lowercase+last_letter
DEER,r,lower_last,lowercase+last_letter
DEFEAT,t,lower_last,lowercase+last_letter
DEHORS,s,lower_last,lowercase+last_letter
DELETE,e,lower_last,lowercase+last_letter
DEMAIN,n,lower_last,lowercase+last_letter
DEMONSTRATE,e,lower_last,lowercase+last_letter
DENTRO,o,lower_last,lowercase+last_letter
DEPORTE,e,lower_last,lowercase+last_letter
DERECHO,o,lower_last,lowercase+last_letter
DERNIER,r,lower_last,lowercase+last_letter
DERRIÈRE,e,lower_last,lowercase+last_letter
DESIGNATE,e,lower_last,lowercase+last_letter
DETERMINE,e,lower_last,lowercase+last_letter
DEUX,x,lower_last,lowercase+last_letter
DEVANT,t,lower_last,lowercase+last_letter
DEVIATE,e,lower_last,lowercase+last_letter
DIEZ,z,lower_last,lowercase+last_letter
DIFFICILE,e,lower_last,lowercase+last_letter
DIFFICULT,t,lower_last,lowercase+last_letter
DIFÍCIL,l,lower_last,lowercase+last_letter
DIRECTOR,r,lower_last,lowercase+last_letter
DIRTY,y,lower_last,lowercase+last_letter
DISH,h,lower_last,lowercase+last_letter
DIX,x,lower_last,lowercase+last_letter
DOCTOR,r,lower_last,lowercase+last_letter
DOG,g,lower_last,lowercase+last_letter
DOMINATE,e,lower_last,lowercase+last_letter
DOOR,r,lower_last,lowercase+last_letter
DOS,s,lower_last,lowercase+last_letter
DOWN,n,lower_last,lowercase+last_letter
DRAW,w,lower_last,lowercase+last_letter
DRINK,k,lower_last,lowercase+last_letter
DRIVE,e,lower_last,lowercase+last_letter
DRIVER,r,lower_last,lowercase+last_letter
DROIT,t,lower_last,lowercase+last_letter
DUCHESS,s,lower_last,lowercase+last_letter
DUKE,e,lower_last,lowercase+last_letter
DWARF,f,lower_last,lowercase+last_letter
DÉBIL,l,lower_last,lowercase+last_letter
DÍA,a,lower_last,lowercase+last_letter
EAR,r,lower_last,lowercase+last_letter
EASY,y,lower_last,lowercase+last_letter
EAT,t,lower_last,lowercase+last_letter
EAU,u,lower_last,lowercase+last_letter
ECHO,o,lower_last,lowercase+last_letter
EDUCATE,e,lower_last,lowercase+last_letter
EIGHT,t,lower_last,lowercase+last_letter
ELF,f,lower_last,lowercase+last_letter
ELIMINATE,e,lower_last,lowercase+last_letter
EMPEROR,r,lower_last,lowercase+last_letter
EMPRESS,s,lower_last,lowercase+last_letter
EMPTY,y,lower_last,lowercase+last_letter
END,d,lower_last,lowercase+last_letter
ENFANT,t,lower_last,lowercase+last_letter
ENFERMERA,a,lower_last,lowercase+last_letter
ENGINEER,r,lower_last,lowercase+last_letter
ESCALATE,e,lower_last,lowercase+last_letter
ESCUELA,a,lower_last,lowercase+last_letter
ESPOSA,a,lower_last,lowercase+last_letter
ESPOSO,o,lower_last,lowercase+last_letter
ESTRECHO,o,lower_last,lowercase+last_letter
ESTRELLA,a,lower_last,lowercase+last_letter
ESTUDIANTE,e,lower_last,lowercase+last_letter
EVALUATE,e,lower_last,lowercase+last_letter
EVAPORATE,e,lower_last,lowercase+last_letter
EXAGGERATE,e,lower_last,lowercase+last_letter
EXAMINE,e,lower_last,lowercase+last_letter
EXCITE,e,lower_last,lowercase+last_letter
EXERCISE,e,lower_last,lowercase+last_letter
EXPLORE,e,lower_last,lowercase+last_letter
EYE,e,lower_last,lowercase+last_letter
FACILE,e,lower_last,lowercase+last_letter
FAIBLE,e,lower_last,lowercase+last_letter
FAMILIA,a,lower_last,lowercase+last_letter
FAMILLE,e,lower_last,lowercase+last_letter
FAMILY,y,lower_last,lowercase+last_letter
FAR,r,lower_last,lowercase+last_letter
FARMER,r,lower_last,lowercase+last_letter
FASCINATE,e,lower_last,lowercase+last_letter
FAST,t,lower_last,lowercase+last_letter
FATHER,r,lower_last,lowercase+last_letter
FEEL,l,lower_last,lowercase+last_letter
FELIZ,z,lower_last,lowercase+last_letter
FEMME,e,lower_last,lowercase+last_letter
FENÊTRE,e,lower_last,lowercase+last_letter
FEO,o,lower_last,lowercase+last_letter
FERMIER,r,lower_last,lowercase+last_letter
FERMÉ,é,lower_last,lowercase+last_letter
FILLE,e,lower_last,lowercase+last_letter
FILS,s,lower_last,lowercase+last_letter
FINGER,r,lower_last,lowercase+last_letter
FINISH,h,lower_last,lowercase+last_letter
FIRST,t,lower_last,lowercase+last_letter
FISH,h,lower_last,lowercase+last_letter
FIVE,e,lower_last,lowercase+last_letter
FLEUR,r,lower_last,lowercase+last_letter
FLOR,r,lower_last,lowercase+last_letter
FLOWER,r,lower_last,lowercase+last_letter
FLY,y,lower_last,lowercase+last_letter
FOOD,d,lower_last,lowercase+last_letter
FOOT,t,lower_last,lowercase+last_letter
FORK,k,lower_last,lowercase+last_letter
FORT,t,lower_last,lowercase+last_letter
FOUR,r,lower_last,lowercase+last_letter
FOX,x,lower_last,lowercase+last_letter
FRASE,e,lower_last,lowercase+last_letter
FRENTE,e,lower_last,lowercase+last_letter
FRIEND,d,lower_last,lowercase+last_letter
FROID,d,lower_last,lowercase+last_letter
FROMAGE,e,lower_last,lowercase+last_letter
FRONT,t,lower_last,lowercase+last_letter
FRÈRE,e,lower_last,lowercase+last_letter
FRÍO,o,lower_last,lowercase+last_letter
FUERA,a,lower_last,lowercase+last_letter
FUERTE,e,lower_last,lowercase+last_letter
FULL,l,lower_last,lowercase+last_letter
FÁCIL,l,lower_last,lowercase+last_letter
GAME,e,lower_last,lowercase+last_letter
GARÇON,n,lower_last,lowercase+last_letter
GATO,o,lower_last,lowercase+last_letter
GAUCHE,e,lower_last,lowercase+last_letter
GENERATE,e,lower_last,lowercase+last_letter
GIRL,l,lower_last,lowercase+last_letter
GIVE,e,lower_last,lowercase+last_letter
GLASS,s,lower_last,lowercase+last_letter
GOOD,d,lower_last,lowercase+last_letter
GOODBYE,e,lower_last,lowercase+last_letter
GOOSE,e,lower_last,lowercase+last_letter
GRACIAS,s,lower_last,lowercase+last_letter
GRAND,d,lower_last,lowercase+last_letter
GRANDE,e,lower_last,lowercase+last_letter
GRANDFATHER,r,lower_last,lowercase+last_letter
GRANDMOTHER,r,lower_last,lowercase+last_letter
GRANJERO,o,lower_last,lowercase+last_letter
GRAY,y,lower_last,lowercase+last_letter
GREEN,n,lower_last,lowercase+last_letter
GREET,t,lower_last,lowercase+last_letter
GRIEF,f,lower_last,lowercase+last_letter
GRIS,s,lower_last,lowercase+last_letter
GULF,f,lower_last,lowercase+last_letter
GUY,y,lower_last,lowercase+last_letter
HALF,f,lower_last,lowercase+last_letter
HAND,d,lower_last,lowercase+last_letter
HAPPY,y,lower_last,lowercase+last_letter
HATE,e,lower_last,lowercase+last_letter
HAUT,t,lower_last,lowercase+last_letter
HEAD,d,lower_last,lowercase+last_letter
HEAR,r,lower_last,lowercase+last_letter
HEART,t,lower_last,lowercase+last_letter
HEAVY,y,lower_last,lowercase+last_letter
HELLO,o,lower_last,lowercase+last_letter
HELP,p,lower_last,lowercase+last_letter
HERMANA,a,lower_last,lowercase+last_letter
HERMANO,o,lower_last,lowercase+last_letter
HERMOSO,o,lower_last,lowercase+last_letter
HERO,o,lower_last,lowercase+last_letter
HEROINE,e,lower_last,lowercase+last_letter
HESITATE,e,lower_last,lowercase+last_letter
HEUREUX,x,lower_last,lowercase+last_letter
HIBERNATE,e,lower_last,lowercase+last_letter
HIER,r,lower_last,lowercase+last_letter
HIGH,h,lower_last,lowercase+last_letter
HIJA,a,lower_last,lowercase+last_letter
HIJO,o,lower_last,lowercase+last_letter
HIKE,e,lower_last,lowercase+last_letter
HOLA,a,lower_last,lowercase+last_letter
HOLD,d,lower_last,lowercase+last_letter
HOMBRE,e,lower_last,lowercase+last_letter
HOMME,e,lower_last,lowercase+last_letter
HOOF,f,lower_last,lowercase+last_letter
HOPE,e,lower_last,lowercase+last_letter
HORSE,e,lower_last,lowercase+last_letter
HOT,t,lower_last,lowercase+last_letter
HOUSE,e,lower_last,lowercase+last_letter
HOY,y,lower_last,lowercase+last_letter
HUIT,t,lower_last,lowercase+last_letter
HUNDRED,d,lower_last,lowercase+last_letter
HUNT,t,lower_last,lowercase+last_letter
HUSBAND,d,lower_last,lowercase+last_letter
ILLUSTRATE,e,lower_last,lowercase+last_letter
IMAGINE,e,lower_last,lowercase+last_letter
IMITATE,e,lower_last,lowercase+last_letter
IMPROVE,e,lower_last,lowercase+last_letter
INCORPORATE,e,lower_last,lowercase+last_letter
INFIRMIÈRE,e,lower_last,lowercase+last_letter
INITIATE,e,lower_last,lowercase+last_letter
INNOVATE,e,lower_last,lowercase+last_letter
INSIDE,e,lower_last,lowercase+last_letter
INTEGRATE,e,lower_last,lowercase+last_letter
INVESTIGATE,e,lower_last,lowercase+last_letter
INVITE,e,lower_last,lowercase+last_letter
IRRITATE,e,lower_last,lowercase+last_letter
ISSUE,e,lower_last,lowercase+last_letter
IZQUIERDO,o,lower_last,lowercase+last_letter
JAUNE,e,lower_last,lowercase+last_letter
JEU,u,lower_last,lowercase+last_letter
JEUNE,e,lower_last,lowercase+last_letter
JOUR,r,lower_last,lowercase+last_letter
JOVEN,n,lower_last,lowercase+last_letter
JUEGO,o,lower_last,lowercase+last_letter
JUMP,p,lower_last,lowercase+last_letter
KEY,y,lower_last,lowercase+last_letter
KIDNEY,y,lower_last,lowercase+last_letter
KING,g,lower_last,lowercase+last_letter
KISS,s,lower_last,lowercase+last_letter
KNEEL,l,lower_last,lowercase+last_letter
KNIFE,e,lower_last,lowercase+last_letter
KNIGHT,t,lower_last,lowercase+last_letter
LADY,y,lower_last,lowercase+last_letter
LAID,d,lower_last,lowercase+last_letter
LAIT,t,lower_last,lowercase+last_letter
LARGE,e,lower_last,lowercase+last_letter
LARGO,o,lower_last,lowercase+last_letter
LAST,t,lower_last,lowercase+last_letter
LAUGH,h,lower_last,lowercase+last_letter
LAWYER,r,lower_last,lowercase+last_letter
LEAF,f,lower_last,lowercase+last_letter
LEARN,n,lower_last,lowercase+last_letter
LEAVE,e,lower_last,lowercase+last_letter
LECHE,e,lower_last,lowercase+last_letter
LEFT,t,lower_last,lowercase+last_letter
LEG,g,lower_last,lowercase+last_letter
LEJOS,s,lower_last,lowercase+last_letter
LENT,t,lower_last,lowercase+last_letter
LENTO,o,lower_last,lowercase+last_letter
LETTER,r,lower_last,lowercase+last_letter
LETTRE,e,lower_last,lowercase+last_letter
LIBRARY,y,lower_last,lowercase+last_letter
LIBRO,o,lower_last,lowercase+last_letter
LIE,e,lower_last,lowercase+last_letter
LIFE,e,lower_last,lowercase+last_letter
LIGERO,o,lower_last,lowercase+last_letter
LIGHT,t,lower_last,lowercase+last_letter
LIMPIO,o,lower_last,lowercase+last_letter
LISTEN,n,lower_last,lowercase+last_letter
LIVE,e,lower_last,lowercase+last_letter
LIVER,r,lower_last,lowercase+last_letter
LIVRE,e,lower_last,lowercase+last_letter
LLENO,o,lower_last,lowercase+last_letter
LOAF,f,lower_last,lowercase+last_letter
LOIN,n,lower_last,lowercase+last_letter
LONG,g,lower_last,lowercase+last_letter
LORD,d,lower_last,lowercase+last_letter
LOURD,d,lower_last,lowercase+last_letter
LOVE,e,lower_last,lowercase+last_letter
LOW,w,lower_last,lowercase+last_letter
LUNA,a,lower_last,lowercase+last_letter
LUNE,e,lower_last,lowercase+last_letter
LUNG,g,lower_last,lowercase+last_letter
LÉGER,r,lower_last,lowercase+last_letter
MADRE,e,lower_last,lowercase+last_letter
MAIN,n,lower_last,lowercase+last_letter
MAISON,n,lower_last,lowercase+last_letter
MAKE,e,lower_last,lowercase+last_letter
MALO,o,lower_last,lowercase+last_letter
MAN,n,lower_last,lowercase+last_letter
MANAGE,e,lower_last,lowercase+last_letter
MANAGER,r,lower_last,lowercase+last_letter
MANO,o,lower_last,lowercase+last_letter
MANZANA,a,lower_last,lowercase+last_letter
MARI,i,lower_last,lowercase+last_letter
MARRON,n,lower_last,lowercase+last_letter
MARRÓN,n,lower_last,lowercase+last_letter
MAUVAIS,s,lower_last,lowercase+last_letter
MAÑANA,a,lower_last,lowercase+last_letter
MEDITATE,e,lower_last,lowercase+last_letter
MEDIUM,m,lower_last,lowercase+last_letter
MEET,t,lower_last,lowercase+last_letter
MERCI,i,lower_last,lowercase+last_letter
MES,s,lower_last,lowercase+last_letter
MESA,a,lower_last,lowercase+last_letter
MIL,l,lower_last,lowercase+last_letter
MILK,k,lower_last,lowercase+last_letter
MILLE,e,lower_last,lowercase+last_letter
MOIS,s,lower_last,lowercase+last_letter
MONDE,e,lower_last,lowercase+last_letter
MONTH,h,lower_last,lowercase+last_letter
MOON,n,lower_last,lowercase+last_letter
MORADO,o,lower_last,lowercase+last_letter
MOSQUITO,o,lower_last,lowercase+last_letter
MOT,t,lower_last,lowercase+last_letter
MOTHER,r,lower_last,lowercase+last_letter
MOTIVATE,e,lower_last,lowercase+last_letter
MOUSE,e,lower_last,lowercase+last_letter
MOUTH,h,lower_last,lowercase+last_letter
MOVE,e,lower_last,lowercase+last_letter
MUJER,r,lower_last,lowercase+last_letter
MUNDO,o,lower_last,lowercase+last_letter
MUSCLE,e,lower_last,lowercase+last_letter
MUSIC,c,lower_last,lowercase+last_letter
MUSICIAN,n,lower_last,lowercase+last_letter
MUSICIEN,n,lower_last,lowercase+last_letter
MUSIQUE,e,lower_last,lowercase+last_letter
MÈRE,e,lower_last,lowercase+last_letter
MÉDECIN,n,lower_last,lowercase+last_letter
MÉDICO,o,lower_last,lowercase+last_letter
MÚSICA,a,lower_last,lowercase+last_letter
MÚSICO,o,lower_last,lowercase+last_letter
NARANJA,a,lower_last,lowercase+last_letter
NARIZ,z,lower_last,lowercase+last_letter
NARROW,w,lower_last,lowercase+last_letter
NAVIGATE,e,lower_last,lowercase+last_letter
NEAR,r,lower_last,lowercase+last_letter
NEGOTIATE,e,lower_last,lowercase+last_letter
NEGRO,o,lower_last,lowercase+last_letter
NERVE,e,lower_last,lowercase+last_letter
NEUF,f,lower_last,lowercase+last_letter
NEW,w,lower_last,lowercase+last_letter
NEZ,z,lower_last,lowercase+last_letter
NIGHT,t,lower_last,lowercase+last_letter
NINE,e,lower_last,lowercase+last_letter
NIÑA,a,lower_last,lowercase+last_letter
NIÑO,o,lower_last,lowercase+last_letter
NO,o,lower_last,lowercase+last_letter
NOCHE,e,lower_last,lowercase+last_letter
NOIR,r,lower_last,lowercase+last_letter
NON,n,lower_last,lowercase+last_letter
NOSE,e,lower_last,lowercase+last_letter
NOTICE,e,lower_last,lowercase+last_letter
NOURRITURE,e,lower_last,lowercase+last_letter
NOUVEAU,u,lower_last,lowercase+last_letter
NUEVE,e,lower_last,lowercase+last_letter
NUEVO,o,lower_last,lowercase+last_letter
NUIT,t,lower_last,lowercase+last_letter
NURSE,e,lower_last,lowercase+last_letter
OASIS,s,lower_last,lowercase+last_letter
OCHO,o,lower_last,lowercase+last_letter
OFFICER,r,lower_last,lowercase+last_letter
OISEAU,u,lower_last,lowercase+last_letter
OJO,o,lower_last,lowercase+last_letter
OLD,d,lower_last,lowercase+last_letter
ONCLE,e,lower_last,lowercase+last_letter
ONE,e,lower_last,lowercase+last_letter
OPEN,n,lower_last,lowercase+last_letter
OPERATE,e,lower_last,lowercase+last_letter
ORANGE,e,lower_last,lowercase+last_letter
OREILLE,e,lower_last,lowercase+last_letter
OREJA,a,lower_last,lowercase+last_letter
ORGANIZE,e,lower_last,lowercase+last_letter
OUI,i,lower_last,lowercase+last_letter
OUTSIDE,e,lower_last,lowercase+last_letter
OUVERT,t,lower_last,lowercase+last_letter
OUVRIER,r,lower_last,lowercase+last_letter
OX,x,lower_last,lowercase+last_letter
PADRE,e,lower_last,lowercase+last_letter
PAGE,e,lower_last,lowercase+last_letter
PAIN,n,lower_last,lowercase+last_letter
PAINT,t,lower_last,lowercase+last_letter
PAINTER,r,lower_last,lowercase+last_letter
PALABRA,a,lower_last,lowercase+last_letter
PAN,n,lower_last,lowercase+last_letter
PAPER,r,lower_last,lowercase+last_letter
PARENTHESIS,s,lower_last,lowercase+last_letter
PARTICIPATE,e,lower_last,lowercase+last_letter
PARTY,y,lower_last,lowercase+last_letter
PAUVRE,e,lower_last,lowercase+last_letter
PAYS,s,lower_last,lowercase+last_letter
PAÍS,s,lower_last,lowercase+last_letter
PELOTA,a,lower_last,lowercase+last_letter
PEN,n,lower_last,lowercase+last_letter
PENCIL,l,lower_last,lowercase+last_letter
PENETRATE,e,lower_last,lowercase+last_letter
PEPPER,r,lower_last,lowercase+last_letter
PEQUEÑO,o,lower_last,lowercase+last_letter
PERRO,o,lower_last,lowercase+last_letter
PERSON,n,lower_last,lowercase+last_letter
PESADO,o,lower_last,lowercase+last_letter
PETIT,t,lower_last,lowercase+last_letter
PEZ,z,lower_last,lowercase+last_letter
PHENOMENON,n,lower_last,lowercase+last_letter
PHONE,e,lower_last,lowercase+last_letter
PHOTO,o,lower_last,lowercase+last_letter
PHRASE,e,lower_last,lowercase+last_letter
PIANO,o,lower_last,lowercase+last_letter
PIE,e,lower_last,lowercase+last_letter
PIED,d,lower_last,lowercase+last_letter
PILOT,t,lower_last,lowercase+last_letter
PIMIENTA,a,lower_last,lowercase+last_letter
PINK,k,lower_last,lowercase+last_letter
PLATE,e,lower_last,lowercase+last_letter
PLAY,y,lower_last,lowercase+last_letter
PLAYER,r,lower_last,lowercase+last_letter
PLEASE,e,lower_last,lowercase+last_letter
PLEIN,n,lower_last,lowercase+last_letter
POBRE,e,lower_last,lowercase+last_letter
POISSON,n,lower_last,lowercase+last_letter
POIVRE,e,lower_last,lowercase+last_letter
POLICE,e,lower_last,lowercase+last_letter
POLICÍA,a,lower_last,lowercase+last_letter
POMME,e,lower_last,lowercase+last_letter
POOR,r,lower_last,lowercase+last_letter
PORTE,e,lower_last,lowercase+last_letter
POTATO,o,lower_last,lowercase+last_letter
PRACTICE,e,lower_last,lowercase+last_letter
PREMIER,r,lower_last,lowercase+last_letter
PRESIDENT,t,lower_last,lowercase+last_letter
PRIMERO,o,lower_last,lowercase+last_letter
PRIMO,o,lower_last,lowercase+last_letter
PRINCE,e,lower_last,lowercase+last_letter
PRINCESA,a,lower_last,lowercase+last_letter
PRINCESS,s,lower_last,lowercase+last_letter
PRINCESSE,e,lower_last,lowercase+last_letter
PROFESOR,r,lower_last,lowercase+last_letter
PROFESSEUR,r,lower_last,lowercase+last_letter
PROMISE,e,lower_last,lowercase+last_letter
PROOF,f,lower_last,lowercase+last_letter
PROPRE,e,lower_last,lowercase+last_letter
PRÈS,s,lower_last,lowercase+last_letter
PRÍNCIPE,e,lower_last,lowercase+last_letter
PUERTA,a,lower_last,lowercase+last_letter
PULL,l,lower_last,lowercase+last_letter
PURPLE,e,lower_last,lowercase+last_letter
PURSUE,e,lower_last,lowercase+last_letter
PUSH,h,lower_last,lowercase+last_letter
PÁGINA,a,lower_last,lowercase+last_letter
PÁJARO,o,lower_last,lowercase+last_letter
PÈRE,e,lower_last,lowercase+last_letter
QUATRE,e,lower_last,lowercase+last_letter
QUEEN,n,lower_last,lowercase+last_letter
QUESO,o,lower_last,lowercase+last_letter
RADIATE,e,lower_last,lowercase+last_letter
RADIO,o,lower_last,lowercase+last_letter
RAPIDE,e,lower_last,lowercase+last_letter
RAY,y,lower_last,lowercase+last_letter
READ,d,lower_last,lowercase+last_letter
REALIZE,e,lower_last,lowercase+last_letter
RECEIVE,e,lower_last,lowercase+last_letter
RECOGNIZE,e,lower_last,lowercase+last_letter
RED,d,lower_last,lowercase+last_letter
REEF,f,lower_last,lowercase+last_letter
REINA,a,lower_last,lowercase+last_letter
REINE,e,lower_last,lowercase+last_letter
RELATE,e,lower_last,lowercase+last_letter
RELAX,x,lower_last,lowercase+last_letter
REPEAT,t,lower_last,lowercase+last_letter
RESCUE,e,lower_last,lowercase+last_letter
REST,t,lower_last,lowercase+last_letter
REY,y,lower_last,lowercase+last_letter
RICH,h,lower_last,lowercase+last_letter
RICHE,e,lower_last,lowercase+last_letter
RICO,o,lower_last,lowercase+last_letter
RIGHT,t,lower_last,lowercase+last_letter
ROI,i,lower_last,lowercase+last_letter
ROJO,o,lower_last,lowercase+last_letter
ROOF,f,lower_last,lowercase+last_letter
ROSA,a,lower_last,lowercase+last_letter
ROSE,e,lower_last,lowercase+last_letter
ROTATE,e,lower_last,lowercase+last_letter
ROUGE,e,lower_last,lowercase+last_letter
RUE,e,lower_last,lowercase+last_letter
RUN,n,lower_last,lowercase+last_letter
RUNNER,r,lower_last,lowercase+last_letter
RÁPIDO,o,lower_last,lowercase+last_letter
SAD,d,lower_last,lowercase+last_letter
SAFE,e,lower_last,lowercase+last_letter
SAIL,l,lower_last,lowercase+last_letter
SAILOR,r,lower_last,lowercase+last_letter
SAL,l,lower_last,lowercase+last_letter
SALE,e,lower_last,lowercase+last_letter
SALT,t,lower_last,lowercase+last_letter
SCARF,f,lower_last,lowercase+last_letter
SCHOOL,l,lower_last,lowercase+last_letter
SCIENTIST,t,lower_last,lowercase+last_letter
SEE,e,lower_last,lowercase+last_letter
SEIS,s,lower_last,lowercase+last_letter
SEL,l,lower_last,lowercase+last_letter
SELF,f,lower_last,lowercase+last_letter
SEMAINE,e,lower_last,lowercase+last_letter
SEMANA,a,lower_last,lowercase+last_letter
SENTENCE,e,lower_last,lowercase+last_letter
SEPARATE,e,lower_last,lowercase+last_letter
SEPT,t,lower_last,lowercase+last_letter
SEVEN,n,lower_last,lowercase+last_letter
SHARE,e,lower_last,lowercase+last_letter
SHEEP,p,lower_last,lowercase+last_letter
SHELF,f,lower_last,lowercase+last_letter
SHORT,t,lower_last,lowercase+last_letter
SHOUT,t,lower_last,lowercase+last_letter
SIETE,e,lower_last,lowercase+last_letter
SILLA,a,lower_last,lowercase+last_letter
SING,g,lower_last,lowercase+last_letter
SINGER,r,lower_last,lowercase+last_letter
SISTER,r,lower_last,lowercase+last_letter
SIT,t,lower_last,lowercase+last_letter
SIX,x,lower_last,lowercase+last_letter
SKATE,e,lower_last,lowercase+last_letter
SKI,i,lower_last,lowercase+last_letter
SLEEP,p,lower_last,lowercase+last_letter
SLOW,w,lower_last,lowercase+last_letter
SMALL,l,lower_last,lowercase+last_letter
SMELL,l,lower_last,lowercase+last_letter
SMILE,e,lower_last,lowercase+last_letter
SOL,l,lower_last,lowercase+last_letter
SOLDADO,o,lower_last,lowercase+last_letter
SOLDAT,t,lower_last,lowercase+last_letter
SOLDIER,r,lower_last,lowercase+last_letter
SOLEIL,l,lower_last,lowercase+last_letter
SON,n,lower_last,lowercase+last_letter
SONG,g,lower_last,lowercase+last_letter
SPOON,n,lower_last,lowercase+last_letter
SPORT,t,lower_last,lowercase+last_letter
STAND,d,lower_last,lowercase+last_letter
STAR,r,lower_last,lowercase+last_letter
START,t,lower_last,lowercase+last_letter
STIMULATE,e,lower_last,lowercase+last_letter
STOMACH,h,lower_last,lowercase+last_letter
STOP,p,lower_last,lowercase+last_letter
STORY,y,lower_last,lowercase+last_letter
STREET,t,lower_last,lowercase+last_letter
STRETCH,h,lower_last,lowercase+last_letter
STRONG,g,lower_last,lowercase+last_letter
STUDENT,t,lower_last,lowercase+last_letter
STUDIO,o,lower_last,lowercase+last_letter
STUDY,y,lower_last,lowercase+last_letter
SUCIO,o,lower_last,lowercase+last_letter
SUCRE,e,lower_last,lowercase+last_letter
SUGAR,r,lower_last,lowercase+last_letter
SUN,n,lower_last,lowercase+last_letter
SURPRISE,e,lower_last,lowercase+last_letter
SWIM,m,lower_last,lowercase+last_letter
SWIMMER,r,lower_last,lowercase+last_letter
SÍ,í,lower_last,lowercase+last_letter
SŒUR,r,lower_last,lowercase+last_letter
TABLE,e,lower_last,lowercase+last_letter
TAILOR,r,lower_last,lowercase+last_letter
TAKE,e,lower_last,lowercase+last_letter
TALK,k,lower_last,lowercase+last_letter
TANTE,e,lower_last,lowercase+last_letter
TASTE,e,lower_last,lowercase+last_letter
TEA,a,lower_last,lowercase+last_letter
TEACH,h,lower_last,lowercase+last_letter
TEACHER,r,lower_last,lowercase+last_letter
TEMPS,s,lower_last,lowercase+last_letter
TEN,n,lower_last,lowercase+last_letter
TERMINATE,e,lower_last,lowercase+last_letter
THESIS,s,lower_last,lowercase+last_letter
THIEF,f,lower_last,lowercase+last_letter
THINK,k,lower_last,lowercase+last_letter
THOUSAND,d,lower_last,lowercase+last_letter
THREE,e,lower_last,lowercase+last_letter
THROW,w,lower_last,lowercase+last_letter
THÉ,é,lower_last,lowercase+last_letter
TIEMPO,o,lower_last,lowercase+last_letter
TIME,e,lower_last,lowercase+last_letter
TODAY,y,lower_last,lowercase+last_letter
TOE,e,lower_last,lowercase+last_letter
TOLERATE,e,lower_last,lowercase+last_letter
TOMATO,o,lower_last,lowercase+last_letter
TOMORROW,w,lower_last,lowercase+last_letter
TOOTH,h,lower_last,lowercase+last_letter
TOUCH,h,lower_last,lowercase+last_letter
TOY,y,lower_last,lowercase+last_letter
TRABAJADOR,r,lower_last,lowercase+last_letter
TRANSLATE,e,lower_last,lowercase+last_letter
TRAVEL,l,lower_last,lowercase+last_letter
TREAT,t,lower_last,lowercase+last_letter
TREE,e,lower_last,lowercase+last_letter
TRES,s,lower_last,lowercase+last_letter
TRISTE,e,lower_last,lowercase+last_letter
TROIS,s,lower_last,lowercase+last_letter
TWO,o,lower_last,lowercase+last_letter
TÉ,é,lower_last,lowercase+last_letter
TÊTE,e,lower_last,lowercase+last_letter
TÍA,a,lower_last,lowercase+last_letter
TÍO,o,lower_last,lowercase+last_letter
UGLY,y,lower_last,lowercase+last_letter
UN,n,lower_last,lowercase+last_letter
UNCLE,e,lower_last,lowercase+last_letter
UNITE,e,lower_last,lowercase+last_letter
UNO,o,lower_last,lowercase+last_letter
UP,p,lower_last,lowercase+last_letter
VACÍO,o,lower_last,lowercase+last_letter
VALIDATE,e,lower_last,lowercase+last_letter
VALUE,e,lower_last,lowercase+last_letter
VEIN,n,lower_last,lowercase+last_letter
VENTANA,a,lower_last,lowercase+last_letter
VERDE,e,lower_last,lowercase+last_letter
VERT,t,lower_last,lowercase+last_letter
VIBRATE,e,lower_last,lowercase+last_letter
VIDE,e,lower_last,lowercase+last_letter
VIDEO,o,lower_last,lowercase+last_letter
VIEJO,o,lower_last,lowercase+last_letter
VIEUX,x,lower_last,lowercase+last_letter
VILLAIN,n,lower_last,lowercase+last_letter
VILLE,e,lower_last,lowercase+last_letter
VIN,n,lower_last,lowercase+last_letter
VINO,o,lower_last,lowercase+last_letter
VIOLET,t,lower_last,lowercase+last_letter
VOITURE,e,lower_last,lowercase+last_letter
VOLCANO,o,lower_last,lowercase+last_letter
WAIT,t,lower_last,lowercase+last_letter
WALK,k,lower_last,lowercase+last_letter
WASH,h,lower_last,lowercase+last_letter
WATCH,h,lower_last,lowercase+last_letter
WATER,r,lower_last,lowercase+last_letter
WAY,y,lower_last,lowercase+last_letter
WEAK,k,lower_last,lowercase+last_letter
WEEK,k,lower_last,lowercase+last_letter
WHARF,f,lower_last,lowercase+last_letter
WHISPER,r,lower_last,lowercase+last_letter
WHITE,e,lower_last,lowercase+last_letter
WIDE,e,lower_last,lowercase+last_letter
WIFE,e,lower_last,lowercase+last_letter
WINDOW,w,lower_last,lowercase+last_letter
WINE,e,lower_last,lowercase+last_letter
WOLF,f,lower_last,lowercase+last_letter
WOMAN,n,lower_last,lowercase+last_letter
WORD,d,lower_last,lowercase+last_letter
WORK,k,lower_last,lowercase+last_letter
WORKER,r,lower_last,lowercase+last_letter
WORLD,d,lower_last,lowercase+last_letter
WRITE,e,lower_last,lowercase+last_letter
WRITER,r,lower_last,lowercase+last_letter
YEAR,r,lower_last,lowercase+last_letter
YELLOW,w,lower_last,lowercase+last_letter
YES,s,lower_last,lowercase+last_letter
YESTERDAY,y,lower_last,lowercase+last_letter
YOUNG,g,lower_last,lowercase+last_letter
ÁRBOL,l,lower_last,lowercase+last_letter
ÉCOLE,e,lower_last,lowercase+last_letter
ÉTOILE,e,lower_last,lowercase+last_letter
ÉTROIT,t,lower_last,lowercase+last_letter
ÉTUDIANT,t,lower_last,lowercase+last_letter
ÚLTIMO,o,lower_last,lowercase+last_letter
ŒIL,l,lower_last,lowercase+last_letter
Afghanistan,n,reverse_first,reverse+first_letter
Albania,a,reverse_first,reverse+first_letter
Algeria,a,reverse_first,reverse+first_letter
Andorra,a,reverse_first,reverse+first_letter
Angola,a,reverse_first,reverse+first_letter
Argentina,a,reverse_first,reverse+first_letter
Armenia,a,reverse_first,reverse+first_letter
Australia,a,reverse_first,reverse+first_letter
Austria,a,reverse_first,reverse+first_letter
Azerbaijan,n,reverse_first,reverse+first_letter
Bahamas,s,reverse_first,reverse+first_letter
Bahrain,n,reverse_first,reverse+first_letter
Bangladesh,h,reverse_first,reverse+first_letter
Barbados,s,reverse_first,reverse+first_letter
Belarus,s,reverse_first,reverse+first_letter
Belgium,m,reverse_first,reverse+first_letter
Belize,e,reverse_first,reverse+first_letter
Benin,n,reverse_first,reverse+first_letter
Bhutan,n,reverse_first,reverse+first_letter
Bolivia,a,reverse_first,reverse+first_letter
Botswana,a,reverse_first,reverse+first_letter
Brazil,l,reverse_first,reverse+first_letter
Brunei,i,reverse_first,reverse+first_letter
Bulgaria,a,reverse_first,reverse+first_letter
Burundi,i,reverse_first,reverse+first_letter
Cambodia,a,reverse_first,reverse+first_letter
Cameroon,n,reverse_first,reverse+first_letter
Canada,a,reverse_first,reverse+first_letter
Chad,d,reverse_first,reverse+first_letter
Chile,e,reverse_first,reverse+first_letter
China,a,reverse_first,reverse+first_letter
Colombia,a,reverse_first,reverse+first_letter
Comoros,s,reverse_first,reverse+first_letter
Congo,o,reverse_first,reverse+first_letter
Croatia,a,reverse_first,reverse+first_letter
Cuba,a,reverse_first,reverse+first_letter
Cyprus,s,reverse_first,reverse+first_letter
Denmark,k,reverse_first,reverse+first_letter
Djibouti,i,reverse_first,reverse+first_letter
Dominica,a,reverse_first,reverse+first_letter
Ecuador,r,reverse_first,reverse+first_letter
Egypt,t,reverse_first,reverse+first_letter
Eritrea,a,reverse_first,reverse+first_letter
Estonia,a,reverse_first,reverse+first_letter
Eswatini,i,reverse_first,reverse+first_letter
Ethiopia,a,reverse_first,reverse+first_letter
Fiji,i,reverse_first,reverse+first_letter
Finland,d,reverse_first,reverse+first_letter
France,e,reverse_first,reverse+first_letter
Gabon,n,reverse_first,reverse+first_letter
Gambia,a,reverse_first,reverse+first_letter
Georgia,a,reverse_first,reverse+first_letter
Germany,y,reverse_first,reverse+first_letter
Ghana,a,reverse_first,reverse+first_letter
Greece,e,reverse_first,reverse+first_letter
Grenada,a,reverse_first,reverse+first_letter
Guatemala,a,reverse_first,reverse+first_letter
Guinea,a,reverse_first,reverse+first_letter
Guyana,a,reverse_first,reverse+first_letter
Haiti,i,reverse_first,reverse+first_letter
Honduras,s,reverse_first,reverse+first_letter
Hungary,y,reverse_first,reverse+first_letter
Iceland,d,reverse_first,reverse+first_letter
India,a,reverse_first,reverse+first_letter
Indonesia,a,reverse_first,reverse+first_letter
Iran,n,reverse_first,reverse+first_letter
Iraq,q,reverse_first,reverse+first_letter
Ireland,d,reverse_first,reverse+first_letter
Israel,l,reverse_first,reverse+first_letter
Italy,y,reverse_first,reverse+first_letter
Jamaica,a,reverse_first,reverse+first_letter
Japan,n,reverse_first,reverse+first_letter
Jordan,n,reverse_first,reverse+first_letter
Kazakhstan,n,reverse_first,reverse+first_letter
Kenya,a,reverse_first,reverse+first_letter
Kiribati,i,reverse_first,reverse+first_letter
Kosovo,o,reverse_first,reverse+first_letter
Kuwait,t,reverse_first,reverse+first_letter
Kyrgyzstan,n,reverse_first,reverse+first_letter
Laos,s,reverse_first,reverse+first_letter
Latvia,a,reverse_first,reverse+first_letter
Lebanon,n,reverse_first,reverse+first_letter
Lesotho,o,reverse_first,reverse+first_letter
Liberia,a,reverse_first,reverse+first_letter
Libya,a,reverse_first,reverse+first_letter
Liechtenstein,n,reverse_first,reverse+first_letter
Lithuania,a,reverse_first,reverse+first_letter
Luxembourg,g,reverse_first,reverse+first_letter
Madagascar,r,reverse_first,reverse+first_letter
Malawi,i,reverse_first,reverse+first_letter
Malaysia,a,reverse_first,reverse+first_letter
Maldives,s,reverse_first,reverse+first_letter
Mali,i,reverse_first,reverse+first_letter
Malta,a,reverse_first,reverse+first_letter
Mauritania,a,reverse_first,reverse+first_letter
Mauritius,s,reverse_first,reverse+first_letter
Mexico,o,reverse_first,reverse+first_letter
Micronesia,a,reverse_first,reverse+first_letter
Moldova,a,reverse_first,reverse+first_letter
Monaco,o,reverse_first,reverse+first_letter
Mongolia,a,reverse_first,reverse+first_letter
Montenegro,o,reverse_first,reverse+first_letter
Morocco,o,reverse_first,reverse+first_letter
Mozambique,e,reverse_first,reverse+first_letter
Myanmar,r,reverse_first,reverse+first_letter
Namibia,a,reverse_first,reverse+first_letter
Nauru,u,reverse_first,reverse+first_letter
Nepal,l,reverse_first,reverse+first_letter
Netherlands,s,reverse_first,reverse+first_letter
Nicaragua,a,reverse_first,reverse+first_letter
Niger,r,reverse_first,reverse+first_letter
Nigeria,a,reverse_first,reverse+first_letter
Norway,y,reverse_first,reverse+first_letter
Oman,n,reverse_first,reverse+first_letter
Pakistan,n,reverse_first,reverse+first_letter
Palau,u,reverse_first,reverse+first_letter
Palestine,e,reverse_first,reverse+first_letter
Panama,a,reverse_first,reverse+first_letter
Paraguay,y,reverse_first,reverse+first_letter
Peru,u,reverse_first,reverse+first_letter
Philippines,s,reverse_first,reverse+first_letter
Poland,d,reverse_first,reverse+first_letter
Portugal,l,reverse_first,reverse+first_letter
Qatar,r,reverse_first,reverse+first_letter
Romania,a,reverse_first,reverse+first_letter
Russia,a,reverse_first,reverse+first_letter
Rwanda,a,reverse_first,reverse+first_letter
Samoa,a,reverse_first,reverse+first_letter
Senegal,l,reverse_first,reverse+first_letter
Serbia,a,reverse_first,reverse+first_letter
Seychelles,s,reverse_first,reverse+first_letter
Singapore,e,reverse_first,reverse+first_letter
Slovakia,a,reverse_first,reverse+first_letter
Slovenia,a,reverse_first,reverse+first_letter
Somalia,a,reverse_first,reverse+first_letter
Spain,n,reverse_first,reverse+first_letter
Sudan,n,reverse_first,reverse+first_letter
Suriname,e,reverse_first,reverse+first_letter
Sweden,n,reverse_first,reverse+first_letter
Switzerland,d,reverse_first,reverse+first_letter
Syria,a,reverse_first,reverse+first_letter
Taiwan,n,reverse_first,reverse+first_letter
Tajikistan,n,reverse_first,reverse+first_letter
Tanzania,a,reverse_first,reverse+first_letter
Thailand,d,reverse_first,reverse+first_letter
Togo,o,reverse_first,reverse+first_letter
Tonga,a,reverse_first,reverse+first_letter
Tunisia,a,reverse_first,reverse+first_letter
Turkey,y,reverse_first,reverse+first_letter
Turkmenistan,n,reverse_first,reverse+first_letter
Tuvalu,u,reverse_first,reverse+first_letter
UAE,E,reverse_first,reverse+first_letter
Uganda,a,reverse_first,reverse+first_letter
Ukraine,e,reverse_first,reverse+first_letter
Uruguay,y,reverse_first,reverse+first_letter
Uzbekistan,n,reverse_first,reverse+first_letter
Vanuatu,u,reverse_first,reverse+first_letter
Venezuela,a,reverse_first,reverse+first_letter
Vietnam,m,reverse_first,reverse+first_letter
Yemen,n,reverse_first,reverse+first_letter
Zambia,a,reverse_first,reverse+first_letter
Zimbabwe,e,reverse_first,reverse+first_letter
abajo,o,reverse_first,reverse+first_letter
abierto,o,reverse_first,reverse+first_letter
abogado,o,reverse_first,reverse+first_letter
abuela,a,reverse_first,reverse+first_letter
abuelo,o,reverse_first,reverse+first_letter
accelerate,e,reverse_first,reverse+first_letter
achieve,e,reverse_first,reverse+first_letter
activate,e,reverse_first,reverse+first_letter
actor,r,reverse_first,reverse+first_letter
actress,s,reverse_first,reverse+first_letter
adiós,s,reverse_first,reverse+first_letter
advertise,e,reverse_first,reverse+first_letter
agua,a,reverse_first,reverse+first_letter
alto,o,reverse_first,reverse+first_letter
amarillo,o,reverse_first,reverse+first_letter
ami,i,reverse_first,reverse+first_letter
amigo,o,reverse_first,reverse+first_letter
an,n,reverse_first,reverse+first_letter
analysis,s,reverse_first,reverse+first_letter
ancho,o,reverse_first,reverse+first_letter
anticipate,e,reverse_first,reverse+first_letter
apologize,e,reverse_first,reverse+first_letter
apple,e,reverse_first,reverse+first_letter
appreciate,e,reverse_first,reverse+first_letter
arbre,e,reverse_first,reverse+first_letter
argue,e,reverse_first,reverse+first_letter
arm,m,reverse_first,reverse+first_letter
arriba,a,reverse_first,reverse+first_letter
arrive,e,reverse_first,reverse+first_letter
artery,y,reverse_first,reverse+first_letter
artist,t,reverse_first,reverse+first_letter
artista,a,reverse_first,reverse+first_letter
artiste,e,reverse_first,reverse+first_letter
atrás,s,reverse_first,reverse+first_letter
aunt,t,reverse_first,reverse+first_letter
avocat,t,reverse_first,reverse+first_letter
axis,s,reverse_first,reverse+first_letter
ayer,r,reverse_first,reverse+first_letter
azul,l,reverse_first,reverse+first_letter
azúcar,r,reverse_first,reverse+first_letter
año,o,reverse_first,reverse+first_letter
baby,y,reverse_first,reverse+first_letter
back,k,reverse_first,reverse+first_letter
bad,d,reverse_first,reverse+first_letter
baile,e,reverse_first,reverse+first_letter
bajo,o,reverse_first,reverse+first_letter
bake,e,reverse_first,reverse+first_letter
baker,r,reverse_first,reverse+first_letter
ball,l,reverse_first,reverse+first_letter
balle,e,reverse_first,reverse+first_letter
banana,a,reverse_first,reverse+first_letter
bas,s,reverse_first,reverse+first_letter
basis,s,reverse_first,reverse+first_letter
bay,y,reverse_first,reverse+first_letter
beach,h,reverse_first,reverse+first_letter
beau,u,reverse_first,reverse+first_letter
beautiful,l,reverse_first,reverse+first_letter
bebé,é,reverse_first,reverse+first_letter
begin,n,reverse_first,reverse+first_letter
belief,f,reverse_first,reverse+first_letter
believe,e,reverse_first,reverse+first_letter
bend,d,reverse_first,reverse+first_letter
berry,y,reverse_first,reverse+first_letter
big,g,reverse_first,reverse+first_letter
bike,e,reverse_first,reverse+first_letter
bird,d,reverse_first,reverse+first_letter
black,k,reverse_first,reverse+first_letter
blanc,c,reverse_first,reverse+first_letter
blanco,o,reverse_first,reverse+first_letter
bleu,u,reverse_first,reverse+first_letter
blue,e,reverse_first,reverse+first_letter
boca,a,reverse_first,reverse+first_letter
body,y,reverse_first,reverse+first_letter
bon,n,reverse_first,reverse+first_letter
bone,e,reverse_first,reverse+first_letter
bonjour,r,reverse_first,reverse+first_letter
bonsoir,r,reverse_first,reverse+first_letter
book,k,reverse_first,reverse+first_letter
bouche,e,reverse_first,reverse+first_letter
box,x,reverse_first,reverse+first_letter
boy,y,reverse_first,reverse+first_letter
brain,n,reverse_first,reverse+first_letter
bread,d,reverse_first,reverse+first_letter
brother,r,reverse_first,reverse+first_letter
brown,n,reverse_first,reverse+first_letter
brush,h,reverse_first,reverse+first_letter
bueno,o,reverse_first,reverse+first_letter
build,d,reverse_first,reverse+first_letter
builder,r,reverse_first,reverse+first_letter
bus,s,reverse_first,reverse+first_letter
butcher,r,reverse_first,reverse+first_letter
butterfly,y,reverse_first,reverse+first_letter
bébé,é,reverse_first,reverse+first_letter
caballo,o,reverse_first,reverse+first_letter
cabeza,a,reverse_first,reverse+first_letter
café,é,reverse_first,reverse+first_letter
calculate,e,reverse_first,reverse+first_letter
calf,f,reverse_first,reverse+first_letter
caliente,e,reverse_first,reverse+first_letter
calle,e,reverse_first,reverse+first_letter
camp,p,reverse_first,reverse+first_letter
canción,n,reverse_first,reverse+first_letter
cantante,e,reverse_first,reverse+first_letter
car,r,reverse_first,reverse+first_letter
care,e,reverse_first,reverse+first_letter
cargo,o,reverse_first,reverse+first_letter
carry,y,reverse_first,reverse+first_letter
carta,a,reverse_first,reverse+first_letter
casa,a,reverse_first,reverse+first_letter
cat,t,reverse_first,reverse+first_letter
catch,h,reverse_first,reverse+first_letter
celebrate,e,reverse_first,reverse+first_letter
cent,t,reverse_first,reverse+first_letter
cerca,a,reverse_first,reverse+first_letter
cerebro,o,reverse_first,reverse+first_letter
cerrado,o,reverse_first,reverse+first_letter
cerveau,u,reverse_first,reverse+first_letter
chair,r,reverse_first,reverse+first_letter
chaise,e,reverse_first,reverse+first_letter
change,e,reverse_first,reverse+first_letter
chanson,n,reverse_first,reverse+first_letter
chat,t,reverse_first,reverse+first_letter
chaud,d,reverse_first,reverse+first_letter
cheese,e,reverse_first,reverse+first_letter
chef,f,reverse_first,reverse+first_letter
cheval,l,reverse_first,reverse+first_letter
chief,f,reverse_first,reverse+first_letter
chien,n,reverse_first,reverse+first_letter
child,d,reverse_first,reverse+first_letter
church,h,reverse_first,reverse+first_letter
cien,n,reverse_first,reverse+first_letter
cinco,o,reverse_first,reverse+first_letter
cinq,q,reverse_first,reverse+first_letter
city,y,reverse_first,reverse+first_letter
ciudad,d,reverse_first,reverse+first_letter
class,s,reverse_first,reverse+first_letter
clean,n,reverse_first,reverse+first_letter
clerk,k,reverse_first,reverse+first_letter
cliff,f,reverse_first,reverse+first_letter
climb,b,reverse_first,reverse+first_letter
close,e,reverse_first,reverse+first_letter
closed,d,reverse_first,reverse+first_letter
coche,e,reverse_first,reverse+first_letter
coffee,e,reverse_first,reverse+first_letter
cold,d,reverse_first,reverse+first_letter
come,e,reverse_first,reverse+first_letter
comida,a,reverse_first,reverse+first_letter
communicate,e,reverse_first,reverse+first_letter
compete,e,reverse_first,reverse+first_letter
complete,e,reverse_first,reverse+first_letter
computer,r,reverse_first,reverse+first_letter
concentrate,e,reverse_first,reverse+first_letter
contemplate,e,reverse_first,reverse+first_letter
continue,e,reverse_first,reverse+first_letter
cook,k,reverse_first,reverse+first_letter
cooperate,e,reverse_first,reverse+first_letter
coordinate,e,reverse_first,reverse+first_letter
corazón,n,reverse_first,reverse+first_letter
corps,s,reverse_first,reverse+first_letter
corto,o,reverse_first,reverse+first_letter
country,y,reverse_first,reverse+first_letter
court,t,reverse_first,reverse+first_letter
cousin,n,reverse_first,reverse+first_letter
create,e,reverse_first,reverse+first_letter
crisis,s,reverse_first,reverse+first_letter
criterion,n,reverse_first,reverse+first_letter
criticize,e,reverse_first,reverse+first_letter
cry,y,reverse_first,reverse+first_letter
cuatro,o,reverse_first,reverse+first_letter
cuerpo,o,reverse_first,reverse+first_letter
cultivate,e,reverse_first,reverse+first_letter
cup,p,reverse_first,reverse+first_letter
curriculum,m,reverse_first,reverse+first_letter
cœur,r,reverse_first,reverse+first_letter
dance,e,reverse_first,reverse+first_letter
dancer,r,reverse_first,reverse+first_letter
danse,e,reverse_first,reverse+first_letter
datum,m,reverse_first,reverse+first_letter
daughter,r,reverse_first,reverse+first_letter
day,y,reverse_first,reverse+first_letter
decide,e,reverse_first,reverse+first_letter
decorate,e,reverse_first,reverse+first_letter
dedans,s,reverse_first,reverse+first_letter
dedicate,e,reverse_first,reverse+first_letter
deer,r,reverse_first,reverse+first_letter
defeat,t,reverse_first,reverse+first_letter
dehors,s,reverse_first,reverse+first_letter
delete,e,reverse_first,reverse+first_letter
demain,n,reverse_first,reverse+first_letter
demonstrate,e,reverse_first,reverse+first_letter
dentro,o,reverse_first,reverse+first_letter
deporte,e,reverse_first,reverse+first_letter
derecho,o,reverse_first,reverse+first_letter
dernier,r,reverse_first,reverse+first_letter
derrière,e,reverse_first,reverse+first_letter
designate,e,reverse_first,reverse+first_letter
determine,e,reverse_first,reverse+first_letter
deux,x,reverse_first,reverse+first_letter
devant,t,reverse_first,reverse+first_letter
deviate,e,reverse_first,reverse+first_letter
diez,z,reverse_first,reverse+first_letter
difficile,e,reverse_first,reverse+first_letter
difficult,t,reverse_first,reverse+first_letter
difícil,l,reverse_first,reverse+first_letter
director,r,reverse_first,reverse+first_letter
dirty,y,reverse_first,reverse+first_letter
dish,h,reverse_first,reverse+first_letter
dix,x,reverse_first,reverse+first_letter
doctor,r,reverse_first,reverse+first_letter
dog,g,reverse_first,reverse+first_letter
dominate,e,reverse_first,reverse+first_letter
door,r,reverse_first,reverse+first_letter
dos,s,reverse_first,reverse+first_letter
down,n,reverse_first,reverse+first_letter
draw,w,reverse_first,reverse+first_letter
drink,k,reverse_first,reverse+first_letter
drive,e,reverse_first,reverse+first_letter
driver,r,reverse_first,reverse+first_letter
droit,t,reverse_first,reverse+first_letter
duchess,s,reverse_first,reverse+first_letter
duke,e,reverse_first,reverse+first_letter
dwarf,f,reverse_first,reverse+first_letter
débil,l,reverse_first,reverse+first_letter
día,a,reverse_first,reverse+first_letter
ear,r,reverse_first,reverse+first_letter
easy,y,reverse_first,reverse+first_letter
eat,t,reverse_first,reverse+first_letter
eau,u,reverse_first,reverse+first_letter
echo,o,reverse_first,reverse+first_letter
educate,e,reverse_first,reverse+first_letter
eight,t,reverse_first,reverse+first_letter
elf,f,reverse_first,reverse+first_letter
eliminate,e,reverse_first,reverse+first_letter
emperor,r,reverse_first,reverse+first_letter
empress,s,reverse_first,reverse+first_letter
empty,y,reverse_first,reverse+first_letter
end,d,reverse_first,reverse+first_letter
enfant,t,reverse_first,reverse+first_letter
enfermera,a,reverse_first,reverse+first_letter
engineer,r,reverse_first,reverse+first_letter
escalate,e,reverse_first,reverse+first_letter
escuela,a,reverse_first,reverse+first_letter
esposa,a,reverse_first,reverse+first_letter
esposo,o,reverse_first,reverse+first_letter
estrecho,o,reverse_first,reverse+first_letter
estrella,a,reverse_first,reverse+first_letter
estudiante,e,reverse_first,reverse+first_letter
evaluate,e,reverse_first,reverse+first_letter
evaporate,e,reverse_first,reverse+first_letter
exaggerate,e,reverse_first,reverse+first_letter
examine,e,reverse_first,reverse+first_letter
excite,e,reverse_first,reverse+first_letter
exercise,e,reverse_first,reverse+first_letter
explore,e,reverse_first,reverse+first_letter
eye,e,reverse_first,reverse+first_letter
facile,e,reverse_first,reverse+first_letter
faible,e,reverse_first,reverse+first_letter
familia,a,reverse_first,reverse+first_letter
famille,e,reverse_first,reverse+first_letter
family,y,reverse_first,reverse+first_letter
far,r,reverse_first,reverse+first_letter
farmer,r,reverse_first,reverse+first_letter
fascinate,e,reverse_first,reverse+first_letter
fast,t,reverse_first,reverse+first_letter
father,r,reverse_first,reverse+first_letter
feel,l,reverse_first,reverse+first_letter
feliz,z,reverse_first,reverse+first_letter
femme,e,reverse_first,reverse+first_letter
fenêtre,e,reverse_first,reverse+first_letter
feo,o,reverse_first,reverse+first_letter
fermier,r,reverse_first,reverse+first_letter
fermé,é,reverse_first,reverse+first_letter
fille,e,reverse_first,reverse+first_letter
fils,s,reverse_first,reverse+first_letter
finger,r,reverse_first,reverse+first_letter
finish,h,reverse_first,reverse+first_letter
first,t,reverse_first,reverse+first_letter
fish,h,reverse_first,reverse+first_letter
five,e,reverse_first,reverse+first_letter
fleur,r,reverse_first,reverse+first_letter
flor,r,reverse_first,reverse+first_letter
flower,r,reverse_first,reverse+first_letter
fly,y,reverse_first,reverse+first_letter
food,d,reverse_first,reverse+first_letter
foot,t,reverse_first,reverse+first_letter
fork,k,reverse_first,reverse+first_letter
fort,t,reverse_first,reverse+first_letter
four,r,reverse_first,reverse+first_letter
fox,x,reverse_first,reverse+first_letter
frase,e,reverse_first,reverse+first_letter
frente,e,reverse_first,reverse+first_letter
friend,d,reverse_first,reverse+first_letter
froid,d,reverse_first,reverse+first_letter
fromage,e,reverse_first,reverse+first_letter
front,t,reverse_first,reverse+first_letter
frère,e,reverse_first,reverse+first_letter
frío,o,reverse_first,reverse+first_letter
fuera,a,reverse_first,reverse+first_letter
fuerte,e,reverse_first,reverse+first_letter
full,l,reverse_first,reverse+first_letter
fácil,l,reverse_first,reverse+first_letter
game,e,reverse_first,reverse+first_letter
garçon,n,reverse_first,reverse+first_letter
gato,o,reverse_first,reverse+first_letter
gauche,e,reverse_first,reverse+first_letter
generate,e,reverse_first,reverse+first_letter
girl,l,reverse_first,reverse+first_letter
give,e,reverse_first,reverse+first_letter
glass,s,reverse_first,reverse+first_letter
good,d,reverse_first,reverse+first_letter
goodbye,e,reverse_first,reverse+first_letter
goose,e,reverse_first,reverse+first_letter
gracias,s,reverse_first,reverse+first_letter
grand,d,reverse_first,reverse+first_letter
grande,e,reverse_first,reverse+first_letter
grandfather,r,reverse_first,reverse+first_letter
grandmother,r,reverse_first,reverse+first_letter
granjero,o,reverse_first,reverse+first_letter
gray,y,reverse_first,reverse+first_letter
green,n,reverse_first,reverse+first_letter
greet,t,reverse_first,reverse+first_letter
grief,f,reverse_first,reverse+first_letter
gris,s,reverse_first,reverse+first_letter
gulf,f,reverse_first,reverse+first_letter
guy,y,reverse_first,reverse+first_letter
half,f,reverse_first,reverse+first_letter
hand,d,reverse_first,reverse+first_letter
happy,y,reverse_first,reverse+first_letter
hate,e,reverse_first,reverse+first_letter
haut,t,reverse_first,reverse+first_letter
head,d,reverse_first,reverse+first_letter
hear,r,reverse_first,reverse+first_letter
heart,t,reverse_first,reverse+first_letter
heavy,y,reverse_first,reverse+first_letter
hello,o,reverse_first,reverse+first_letter
help,p,reverse_first,reverse+first_letter
hermana,a,reverse_first,reverse+first_letter
hermano,o,reverse_first,reverse+first_letter
hermoso,o,reverse_first,reverse+first_letter
hero,o,reverse_first,reverse+first_letter
heroine,e,reverse_first,reverse+first_letter
hesitate,e,reverse_first,reverse+first_letter
heureux,x,reverse_first,reverse+first_letter
hibernate,e,reverse_first,reverse+first_letter
hier,r,reverse_first,reverse+first_letter
high,h,reverse_first,reverse+first_letter
hija,a,reverse_first,reverse+first_letter
hijo,o,reverse_first,reverse+first_letter
hike,e,reverse_first,reverse+first_letter
hola,a,reverse_first,reverse+first_letter
hold,d,reverse_first,reverse+first_letter
hombre,e,reverse_first,reverse+first_letter
homme,e,reverse_first,reverse+first_letter
hoof,f,reverse_first,reverse+first_letter
hope,e,reverse_first,reverse+first_letter
horse,e,reverse_first,reverse+first_letter
hot,t,reverse_first,reverse+first_letter
house,e,reverse_first,reverse+first_letter
hoy,y,reverse_first,reverse+first_letter
huit,t,reverse_first,reverse+first_letter
hundred,d,reverse_first,reverse+first_letter
hunt,t,reverse_first,reverse+first_letter
husband,d,reverse_first,reverse+first_letter
illustrate,e,reverse_first,reverse+first_letter
imagine,e,reverse_first,reverse+first_letter
imitate,e,reverse_first,reverse+first_letter
improve,e,reverse_first,reverse+first_letter
incorporate,e,reverse_first,reverse+first_letter
infirmière,e,reverse_first,reverse+first_letter
initiate,e,reverse_first,reverse+first_letter
innovate,e,reverse_first,reverse+first_letter
inside,e,reverse_first,reverse+first_letter
integrate,e,reverse_first,reverse+first_letter
investigate,e,reverse_first,reverse+first_letter
invite,e,reverse_first,reverse+first_letter
irritate,e,reverse_first,reverse+first_letter
issue,e,reverse_first,reverse+first_letter
izquierdo,o,reverse_first,reverse+first_letter
jaune,e,reverse_first,reverse+first_letter
jeu,u,reverse_first,reverse+first_letter
jeune,e,reverse_first,reverse+first_letter
jour,r,reverse_first,reverse+first_letter
joven,n,reverse_first,reverse+first_letter
juego,o,reverse_first,reverse+first_letter
jump,p,reverse_first,reverse+first_letter
key,y,reverse_first,reverse+first_letter
kidney,y,reverse_first,reverse+first_letter
king,g,reverse_first,reverse+first_letter
kiss,s,reverse_first,reverse+first_letter
kneel,l,reverse_first,reverse+first_letter
knife,e,reverse_first,reverse+first_letter
knight,t,reverse_first,reverse+first_letter
lady,y,reverse_first,reverse+first_letter
laid,d,reverse_first,reverse+first_letter
lait,t,reverse_first,reverse+first_letter
large,e,reverse_first,reverse+first_letter
largo,o,reverse_first,reverse+first_letter
last,t,reverse_first,reverse+first_letter
laugh,h,reverse_first,reverse+first_letter
lawyer,r,reverse_first,reverse+first_letter
leaf,f,reverse_first,reverse+first_letter
learn,n,reverse_first,reverse+first_letter
leave,e,reverse_first,reverse+first_letter
leche,e,reverse_first,reverse+first_letter
left,t,reverse_first,reverse+first_letter
leg,g,reverse_first,reverse+first_letter
lejos,s,reverse_first,reverse+first_letter
lent,t,reverse_first,reverse+first_letter
lento,o,reverse_first,reverse+first_letter
letter,r,reverse_first,reverse+first_letter
lettre,e,reverse_first,reverse+first_letter
library,y,reverse_first,reverse+first_letter
libro,o,reverse_first,reverse+first_letter
lie,e,reverse_first,reverse+first_letter
life,e,reverse_first,reverse+first_letter
ligero,o,reverse_first,reverse+first_letter
light,t,reverse_first,reverse+first_letter
limpio,o,reverse_first,reverse+first_letter
listen,n,reverse_first,reverse+first_letter
live,e,reverse_first,reverse+first_letter
liver,r,reverse_first,reverse+first_letter
livre,e,reverse_first,reverse+first_letter
lleno,o,reverse_first,reverse+first_letter
loaf,f,reverse_first,reverse+first_letter
loin,n,reverse_first,reverse+first_letter
long,g,reverse_first,reverse+first_letter
lord,d,reverse_first,reverse+first_letter
lourd,d,reverse_first,reverse+first_letter
love,e,reverse_first,reverse+first_letter
low,w,reverse_first,reverse+first_letter
luna,a,reverse_first,reverse+first_letter
lune,e,reverse_first,reverse+first_letter
lung,g,reverse_first,reverse+first_letter
léger,r,reverse_first,reverse+first_letter
madre,e,reverse_first,reverse+first_letter
main,n,reverse_first,reverse+first_letter
maison,n,reverse_first,reverse+first_letter
make,e,reverse_first,reverse+first_letter
malo,o,reverse_first,reverse+first_letter
man,n,reverse_first,reverse+first_letter
manage,e,reverse_first,reverse+first_letter
manager,r,reverse_first,reverse+first_letter
mano,o,reverse_first,reverse+first_letter
manzana,a,reverse_first,reverse+first_letter
mari,i,reverse_first,reverse+first_letter
marron,n,reverse_first,reverse+first_letter
marrón,n,reverse_first,reverse+first_letter
mauvais,s,reverse_first,reverse+first_letter
mañana,a,reverse_first,reverse+first_letter
meditate,e,reverse_first,reverse+first_letter
medium,m,reverse_first,reverse+first_letter
meet,t,reverse_first,reverse+first_letter
merci,i,reverse_first,reverse+first_letter
mes,s,reverse_first,reverse+first_letter
mesa,a,reverse_first,reverse+first_letter
mil,l,reverse_first,reverse+first_letter
milk,k,reverse_first,reverse+first_letter
mille,e,reverse_first,reverse+first_letter
mois,s,reverse_first,reverse+first_letter
monde,e,reverse_first,reverse+first_letter
month,h,reverse_first,reverse+first_letter
moon,n,reverse_first,reverse+first_letter
morado,o,reverse_first,reverse+first_letter
mosquito,o,reverse_first,reverse+first_letter
mot,t,reverse_first,reverse+first_letter
mother,r,reverse_first,reverse+first_letter
motivate,e,reverse_first,reverse+first_letter
mouse,e,reverse_first,reverse+first_letter
mouth,h,reverse_first,reverse+first_letter
move,e,reverse_first,reverse+first_letter
mujer,r,reverse_first,reverse+first_letter
mundo,o,reverse_first,reverse+first_letter
muscle,e,reverse_first,reverse+first_letter
music,c,reverse_first,reverse+first_letter
musician,n,reverse_first,reverse+first_letter
musicien,n,reverse_first,reverse+first_letter
musique,e,reverse_first,reverse+first_letter
mère,e,reverse_first,reverse+first_letter
médecin,n,reverse_first,reverse+first_letter
médico,o,reverse_first,reverse+first_letter
música,a,reverse_first,reverse+first_letter
músico,o,reverse_first,reverse+first_letter
naranja,a,reverse_first,reverse+first_letter
nariz,z,reverse_first,reverse+first_letter
narrow,w,reverse_first,reverse+first_letter
navigate,e,reverse_first,reverse+first_letter
near,r,reverse_first,reverse+first_letter
negotiate,e,reverse_first,reverse+first_letter
negro,o,reverse_first,reverse+first_letter
nerve,e,reverse_first,reverse+first_letter
neuf,f,reverse_first,reverse+first_letter
new,w,reverse_first,reverse+first_letter
nez,z,reverse_first,reverse+first_letter
night,t,reverse_first,reverse+first_letter
nine,e,reverse_first,reverse+first_letter
niña,a,reverse_first,reverse+first_letter
niño,o,reverse_first,reverse+first_letter
no,o,reverse_first,reverse+first_letter
noche,e,reverse_first,reverse+first_letter
noir,r,reverse_first,reverse+first_letter
non,n,reverse_first,reverse+first_letter
nose,e,reverse_first,reverse+first_letter
notice,e,reverse_first,reverse+first_letter
nourriture,e,reverse_first,reverse+first_letter
nouveau,u,reverse_first,reverse+first_letter
nueve,e,reverse_first,reverse+first_letter
nuevo,o,reverse_first,reverse+first_letter
nuit,t,reverse_first,reverse+first_letter
nurse,e,reverse_first,reverse+first_letter
oasis,s,reverse_first,reverse+first_letter
ocho,o,reverse_first,reverse+first_letter
officer,r,reverse_first,reverse+first_letter
oiseau,u,reverse_first,reverse+first_letter
ojo,o,reverse_first,reverse+first_letter
old,d,reverse_first,reverse+first_letter
oncle,e,reverse_first,reverse+first_letter
one,e,reverse_first,reverse+first_letter
open,n,reverse_first,reverse+first_letter
operate,e,reverse_first,reverse+first_letter
orange,e,reverse_first,reverse+first_letter
oreille,e,reverse_first,reverse+first_letter
oreja,a,reverse_first,reverse+first_letter
organize,e,reverse_first,reverse+first_letter
oui,i,reverse_first,reverse+first_letter
outside,e,reverse_first,reverse+first_letter
ouvert,t,reverse_first,reverse+first_letter
ouvrier,r,reverse_first,reverse+first_letter
ox,x,reverse_first,reverse+first_letter
padre,e,reverse_first,reverse+first_letter
page,e,reverse_first,reverse+first_letter
pain,n,reverse_first,reverse+first_letter
paint,t,reverse_first,reverse+first_letter
painter,r,reverse_first,reverse+first_letter
palabra,a,reverse_first,reverse+first_letter
pan,n,reverse_first,reverse+first_letter
paper,r,reverse_first,reverse+first_letter
parenthesis,s,reverse_first,reverse+first_letter
participate,e,reverse_first,reverse+first_letter
party,y,reverse_first,reverse+first_letter
pauvre,e,reverse_first,reverse+first_letter
pays,s,reverse_first,reverse+first_letter
país,s,reverse_first,reverse+first_letter
pelota,a,reverse_first,reverse+first_letter
pen,n,reverse_first,reverse+first_letter
pencil,l,reverse_first,reverse+first_letter
penetrate,e,reverse_first,reverse+first_letter
pepper,r,reverse_first,reverse+first_letter
pequeño,o,reverse_first,reverse+first_letter
perro,o,reverse_first,reverse+first_letter
person,n,reverse_first,reverse+first_letter
pesado,o,reverse_first,reverse+first_letter
petit,t,reverse_first,reverse+first_letter
pez,z,reverse_first,reverse+first_letter
phenomenon,n,reverse_first,reverse+first_letter
phone,e,reverse_first,reverse+first_letter
photo,o,reverse_first,reverse+first_letter
phrase,e,reverse_first,reverse+first_letter
piano,o,reverse_first,reverse+first_letter
pie,e,reverse_first,reverse+first_letter
pied,d,reverse_first,reverse+first_letter
pilot,t,reverse_first,reverse+first_letter
pimienta,a,reverse_first,reverse+first_letter
pink,k,reverse_first,reverse+first_letter
plate,e,reverse_first,reverse+first_letter
play,y,reverse_first,reverse+first_letter
player,r,reverse_first,reverse+first_letter
please,e,reverse_first,reverse+first_letter
plein,n,reverse_first,reverse+first_letter
pobre,e,reverse_first,reverse+first_letter
poisson,n,reverse_first,reverse+first_letter
poivre,e,reverse_first,reverse+first_letter
police,e,reverse_first,reverse+first_letter
policía,a,reverse_first,reverse+first_letter
pomme,e,reverse_first,reverse+first_letter
poor,r,reverse_first,reverse+first_letter
porte,e,reverse_first,reverse+first_letter
potato,o,reverse_first,reverse+first_letter
practice,e,reverse_first,reverse+first_letter
premier,r,reverse_first,reverse+first_letter
president,t,reverse_first,reverse+first_letter
primero,o,reverse_first,reverse+first_letter
primo,o,reverse_first,reverse+first_letter
prince,e,reverse_first,reverse+first_letter
princesa,a,reverse_first,reverse+first_letter
princess,s,reverse_first,reverse+first_letter
princesse,e,reverse_first,reverse+first_letter
profesor,r,reverse_first,reverse+first_letter
professeur,r,reverse_first,reverse+first_letter
promise,e,reverse_first,reverse+first_letter
proof,f,reverse_first,reverse+first_letter
propre,e,reverse_first,reverse+first_letter
près,s,reverse_first,reverse+first_letter
príncipe,e,reverse_first,reverse+first_letter
puerta,a,reverse_first,reverse+first_letter
pull,l,reverse_first,reverse+first_letter
purple,e,reverse_first,reverse+first_letter
pursue,e,reverse_first,reverse+first_letter
push,h,reverse_first,reverse+first_letter
página,a,reverse_first,reverse+first_letter
pájaro,o,reverse_first,reverse+first_letter
père,e,reverse_first,reverse+first_letter
quatre,e,reverse_first,reverse+first_letter
queen,n,reverse_first,reverse+first_letter
queso,o,reverse_first,reverse+first_letter
radiate,e,reverse_first,reverse+first_letter
radio,o,reverse_first,reverse+first_letter
rapide,e,reverse_first,reverse+first_letter
ray,y,reverse_first,reverse+first_letter
read,d,reverse_first,reverse+first_letter
realize,e,reverse_first,reverse+first_letter
receive,e,reverse_first,reverse+first_letter
recognize,e,reverse_first,reverse+first_letter
red,d,reverse_first,reverse+first_letter
reef,f,reverse_first,reverse+first_letter
reina,a,reverse_first,reverse+first_letter
reine,e,reverse_first,reverse+first_letter
relate,e,reverse_first,reverse+first_letter
relax,x,reverse_first,reverse+first_letter
repeat,t,reverse_first,reverse+first_letter
rescue,e,reverse_first,reverse+first_letter
rest,t,reverse_first,reverse+first_letter
rey,y,reverse_first,reverse+first_letter
rich,h,reverse_first,reverse+first_letter
riche,e,reverse_first,reverse+first_letter
rico,o,reverse_first,reverse+first_letter
right,t,reverse_first,reverse+first_letter
roi,i,reverse_first,reverse+first_letter
rojo,o,reverse_first,reverse+first_letter
roof,f,reverse_first,reverse+first_letter
rosa,a,reverse_first,reverse+first_letter
rose,e,reverse_first,reverse+first_letter
rotate,e,reverse_first,reverse+first_letter
rouge,e,reverse_first,reverse+first_letter
rue,e,reverse_first,reverse+first_letter
run,n,reverse_first,reverse+first_letter
runner,r,reverse_first,reverse+first_letter
rápido,o,reverse_first,reverse+first_letter
sad,d,reverse_first,reverse+first_letter
safe,e,reverse_first,reverse+first_letter
sail,l,reverse_first,reverse+first_letter
sailor,r,reverse_first,reverse+first_letter
sal,l,reverse_first,reverse+first_letter
sale,e,reverse_first,reverse+first_letter
salt,t,reverse_first,reverse+first_letter
scarf,f,reverse_first,reverse+first_letter
school,l,reverse_first,reverse+first_letter
scientist,t,reverse_first,reverse+first_letter
see,e,reverse_first,reverse+first_letter
seis,s,reverse_first,reverse+first_letter
sel,l,reverse_first,reverse+first_letter
self,f,reverse_first,reverse+first_letter
semaine,e,reverse_first,reverse+first_letter
semana,a,reverse_first,reverse+first_letter
sentence,e,reverse_first,reverse+first_letter
separate,e,reverse_first,reverse+first_letter
sept,t,reverse_first,reverse+first_letter
seven,n,reverse_first,reverse+first_letter
share,e,reverse_first,reverse+first_letter
sheep,p,reverse_first,reverse+first_letter
shelf,f,reverse_first,reverse+first_letter
short,t,reverse_first,reverse+first_letter
shout,t,reverse_first,reverse+first_letter
siete,e,reverse_first,reverse+first_letter
silla,a,reverse_first,reverse+first_letter
sing,g,reverse_first,reverse+first_letter
singer,r,reverse_first,reverse+first_letter
sister,r,reverse_first,reverse+first_letter
sit,t,reverse_first,reverse+first_letter
six,x,reverse_first,reverse+first_letter
skate,e,reverse_first,reverse+first_letter
ski,i,reverse_first,reverse+first_letter
sleep,p,reverse_first,reverse+first_letter
slow,w,reverse_first,reverse+first_letter
small,l,reverse_first,reverse+first_letter
smell,l,reverse_first,reverse+first_letter
smile,e,reverse_first,reverse+first_letter
sol,l,reverse_first,reverse+first_letter
soldado,o,reverse_first,reverse+first_letter
soldat,t,reverse_first,reverse+first_letter
soldier,r,reverse_first,reverse+first_letter
soleil,l,reverse_first,reverse+first_letter
son,n,reverse_first,reverse+first_letter
song,g,reverse_first,reverse+first_letter
spoon,n,reverse_first,reverse+first_letter
sport,t,reverse_first,reverse+first_letter
stand,d,reverse_first,reverse+first_letter
star,r,reverse_first,reverse+first_letter
start,t,reverse_first,reverse+first_letter
stimulate,e,reverse_first,reverse+first_letter
stomach,h,reverse_first,reverse+first_letter
stop,p,reverse_first,reverse+first_letter
story,y,reverse_first,reverse+first_letter
street,t,reverse_first,reverse+first_letter
stretch,h,reverse_first,reverse+first_letter
strong,g,reverse_first,reverse+first_letter
student,t,reverse_first,reverse+first_letter
studio,o,reverse_first,reverse+first_letter
study,y,reverse_first,reverse+first_letter
sucio,o,reverse_first,reverse+first_letter
sucre,e,reverse_first,reverse+first_letter
sugar,r,reverse_first,reverse+first_letter
sun,n,reverse_first,reverse+first_letter
surprise,e,reverse_first,reverse+first_letter
swim,m,reverse_first,reverse+first_letter
swimmer,r,reverse_first,reverse+first_letter
sí,í,reverse_first,reverse+first_letter
sœur,r,reverse_first,reverse+first_letter
table,e,reverse_first,reverse+first_letter
tailor,r,reverse_first,reverse+first_letter
take,e,reverse_first,reverse+first_letter
talk,k,reverse_first,reverse+first_letter
tante,e,reverse_first,reverse+first_letter
taste,e,reverse_first,reverse+first_letter
tea,a,reverse_first,reverse+first_letter
teach,h,reverse_first,reverse+first_letter
teacher,r,reverse_first,reverse+first_letter
temps,s,reverse_first,reverse+first_letter
ten,n,reverse_first,reverse+first_letter
terminate,e,reverse_first,reverse+first_letter
thesis,s,reverse_first,reverse+first_letter
thief,f,reverse_first,reverse+first_letter
think,k,reverse_first,reverse+first_letter
thousand,d,reverse_first,reverse+first_letter
three,e,reverse_first,reverse+first_letter
throw,w,reverse_first,reverse+first_letter
thé,é,reverse_first,reverse+first_letter
tiempo,o,reverse_first,reverse+first_letter
time,e,reverse_first,reverse+first_letter
today,y,reverse_first,reverse+first_letter
toe,e,reverse_first,reverse+first_letter
tolerate,e,reverse_first,reverse+first_letter
tomato,o,reverse_first,reverse+first_letter
tomorrow,w,reverse_first,reverse+first_letter
tooth,h,reverse_first,reverse+first_letter
touch,h,reverse_first,reverse+first_letter
toy,y,reverse_first,reverse+first_letter
trabajador,r,reverse_first,reverse+first_letter
translate,e,reverse_first,reverse+first_letter
travel,l,reverse_first,reverse+first_letter
treat,t,reverse_first,reverse+first_letter
tree,e,reverse_first,reverse+first_letter
tres,s,reverse_first,reverse+first_letter
triste,e,reverse_first,reverse+first_letter
trois,s,reverse_first,reverse+first_letter
two,o,reverse_first,reverse+first_letter
té,é,reverse_first,reverse+first_letter
tête,e,reverse_first,reverse+first_letter
tía,a,reverse_first,reverse+first_letter
tío,o,reverse_first,reverse+first_letter
ugly,y,reverse_first,reverse+first_letter
un,n,reverse_first,reverse+first_letter
uncle,e,reverse_first,reverse+first_letter
unite,e,reverse_first,reverse+first_letter
uno,o,reverse_first,reverse+first_letter
up,p,reverse_first,reverse+first_letter
vacío,o,reverse_first,reverse+first_letter
validate,e,reverse_first,reverse+first_letter
value,e,reverse_first,reverse+first_letter
vein,n,reverse_first,reverse+first_letter
ventana,a,reverse_first,reverse+first_letter
verde,e,reverse_first,reverse+first_letter
vert,t,reverse_first,reverse+first_letter
vibrate,e,reverse_first,reverse+first_letter
vide,e,reverse_first,reverse+first_letter
video,o,reverse_first,reverse+first_letter
viejo,o,reverse_first,reverse+first_letter
vieux,x,reverse_first,reverse+first_letter
villain,n,reverse_first,reverse+first_letter
ville,e,reverse_first,reverse+first_letter
vin,n,reverse_first,reverse+first_letter
vino,o,reverse_first,reverse+first_letter
violet,t,reverse_first,reverse+first_letter
voiture,e,reverse_first,reverse+first_letter
volcano,o,reverse_first,reverse+first_letter
wait,t,reverse_first,reverse+first_letter
walk,k,reverse_first,reverse+first_letter
wash,h,reverse_first,reverse+first_letter
watch,h,reverse_first,reverse+first_letter
water,r,reverse_first,reverse+first_letter
way,y,reverse_first,reverse+first_letter
weak,k,reverse_first,reverse+first_letter
week,k,reverse_first,reverse+first_letter
wharf,f,reverse_first,reverse+first_letter
whisper,r,reverse_first,reverse+first_letter
white,e,reverse_first,reverse+first_letter
wide,e,reverse_first,reverse+first_letter
wife,e,reverse_first,reverse+first_letter
window,w,reverse_first,reverse+first_letter
wine,e,reverse_first,reverse+first_letter
wolf,f,reverse_first,reverse+first_letter
woman,n,reverse_first,reverse+first_letter
word,d,reverse_first,reverse+first_letter
work,k,reverse_first,reverse+first_letter
worker,r,reverse_first,reverse+first_letter
world,d,reverse_first,reverse+first_letter
write,e,reverse_first,reverse+first_letter
writer,r,reverse_first,reverse+first_letter
year,r,reverse_first,reverse+first_letter
yellow,w,reverse_first,reverse+first_letter
yes,s,reverse_first,reverse+first_letter
yesterday,y,reverse_first,reverse+first_letter
young,g,reverse_first,reverse+first_letter
árbol,l,reverse_first,reverse+first_letter
école,e,reverse_first,reverse+first_letter
étoile,e,reverse_first,reverse+first_letter
étroit,t,reverse_first,reverse+first_letter
étudiant,t,reverse_first,reverse+first_letter
último,o,reverse_first,reverse+first_letter
œil,l,reverse_first,reverse+first_letter
Afghanistan,A,reverse_last,reverse+last_letter
Albania,A,reverse_last,reverse+last_letter
Algeria,A,reverse_last,reverse+last_letter
Andorra,A,reverse_last,reverse+last_letter
Angola,A,reverse_last,reverse+last_letter
Argentina,A,reverse_last,reverse+last_letter
Armenia,A,reverse_last,reverse+last_letter
Australia,A,reverse_last,reverse+last_letter
Austria,A,reverse_last,reverse+last_letter
Azerbaijan,A,reverse_last,reverse+last_letter
Bahamas,B,reverse_last,reverse+last_letter
Bahrain,B,reverse_last,reverse+last_letter
Bangladesh,B,reverse_last,reverse+last_letter
Barbados,B,reverse_last,reverse+last_letter
Belarus,B,reverse_last,reverse+last_letter
Belgium,B,reverse_last,reverse+last_letter
Belize,B,reverse_last,reverse+last_letter
Benin,B,reverse_last,reverse+last_letter
Bhutan,B,reverse_last,reverse+last_letter
Bolivia,B,reverse_last,reverse+last_letter
Botswana,B,reverse_last,reverse+last_letter
Brazil,B,reverse_last,reverse+last_letter
Brunei,B,reverse_last,reverse+last_letter
Bulgaria,B,reverse_last,reverse+last_letter
Burundi,B,reverse_last,reverse+last_letter
Cambodia,C,reverse_last,reverse+last_letter
Cameroon,C,reverse_last,reverse+last_letter
Canada,C,reverse_last,reverse+last_letter
Chad,C,reverse_last,reverse+last_letter
Chile,C,reverse_last,reverse+last_letter
China,C,reverse_last,reverse+last_letter
Colombia,C,reverse_last,reverse+last_letter
Comoros,C,reverse_last,reverse+last_letter
Congo,C,reverse_last,reverse+last_letter
Croatia,C,reverse_last,reverse+last_letter
Cuba,C,reverse_last,reverse+last_letter
Cyprus,C,reverse_last,reverse+last_letter
Denmark,D,reverse_last,reverse+last_letter
Djibouti,D,reverse_last,reverse+last_letter
Dominica,D,reverse_last,reverse+last_letter
Ecuador,E,reverse_last,reverse+last_letter
Egypt,E,reverse_last,reverse+last_letter
Eritrea,E,reverse_last,reverse+last_letter
Estonia,E,reverse_last,reverse+last_letter
Eswatini,E,reverse_last,reverse+last_letter
Ethiopia,E,reverse_last,reverse+last_letter
Fiji,F,reverse_last,reverse+last_letter
Finland,F,reverse_last,reverse+last_letter
France,F,reverse_last,reverse+last_letter
Gabon,G,reverse_last,reverse+last_letter
Gambia,G,reverse_last,reverse+last_letter
Georgia,G,reverse_last,reverse+last_letter
Germany,G,reverse_last,reverse+last_letter
Ghana,G,reverse_last,reverse+last_letter
Greece,G,reverse_last,reverse+last_letter
Grenada,G,reverse_last,reverse+last_letter
Guatemala,G,reverse_last,reverse+last_letter
Guinea,G,reverse_last,reverse+last_letter
Guyana,G,reverse_last,reverse+last_letter
Haiti,H,reverse_last,reverse+last_letter
Honduras,H,reverse_last,reverse+last_letter
Hungary,H,reverse_last,reverse+last_letter
Iceland,I,reverse_last,reverse+last_letter
India,I,reverse_last,reverse+last_letter
Indonesia,I,reverse_last,reverse+last_letter
Iran,I,reverse_last,reverse+last_letter
Iraq,I,reverse_last,reverse+last_letter
Ireland,I,reverse_last,reverse+last_letter
Israel,I,reverse_last,reverse+last_letter
Italy,I,reverse_last,reverse+last_letter
Jamaica,J,reverse_last,reverse+last_letter
Japan,J,reverse_last,reverse+last_letter
Jordan,J,reverse_last,reverse+last_letter
Kazakhstan,K,reverse_last,reverse+last_letter
Kenya,K,reverse_last,reverse+last_letter
Kiribati,K,reverse_last,reverse+last_letter
Kosovo,K,reverse_last,reverse+last_letter
Kuwait,K,reverse_last,reverse+last_letter
Kyrgyzstan,K,reverse_last,reverse+last_letter
Laos,L,reverse_last,reverse+last_letter
Latvia,L,reverse_last,reverse+last_letter
Lebanon,L,reverse_last,reverse+last_letter
Lesotho,L,reverse_last,reverse+last_letter
Liberia,L,reverse_last,reverse+last_letter
Libya,L,reverse_last,reverse+last_letter
Liechtenstein,L,reverse_last,reverse+last_letter
Lithuania,L,reverse_last,reverse+last_letter
Luxembourg,L,reverse_last,reverse+last_letter
Madagascar,M,reverse_last,reverse+last_letter
Malawi,M,reverse_last,reverse+last_letter
Malaysia,M,reverse_last,reverse+last_letter
Maldives,M,reverse_last,reverse+last_letter
Mali,M,reverse_last,reverse+last_letter
Malta,M,reverse_last,reverse+last_letter
Mauritania,M,reverse_last,reverse+last_letter
Mauritius,M,reverse_last,reverse+last_letter
Mexico,M,reverse_last,reverse+last_letter
Micronesia,M,reverse_last,reverse+last_letter
Moldova,M,reverse_last,reverse+last_letter
Monaco,M,reverse_last,reverse+last_letter
Mongolia,M,reverse_last,reverse+last_letter
Montenegro,M,reverse_last,reverse+last_letter
Morocco,M,reverse_last,reverse+last_letter
Mozambique,M,reverse_last,reverse+last_letter
Myanmar,M,reverse_last,reverse+last_letter
Namibia,N,reverse_last,reverse+last_letter
Nauru,N,reverse_last,reverse+last_letter
Nepal,N,reverse_last,reverse+last_letter
Netherlands,N,reverse_last,reverse+last_letter
Nicaragua,N,reverse_last,reverse+last_letter
Niger,N,reverse_last,reverse+last_letter
Nigeria,N,reverse_last,reverse+last_letter
Norway,N,reverse_last,reverse+last_letter
Oman,O,reverse_last,reverse+last_letter
Pakistan,P,reverse_last,reverse+last_letter
Palau,P,reverse_last,reverse+last_letter
Palestine,P,reverse_last,reverse+last_letter
Panama,P,reverse_last,reverse+last_letter
Paraguay,P,reverse_last,reverse+last_letter
Peru,P,reverse_last,reverse+last_letter
Philippines,P,reverse_last,reverse+last_letter
Poland,P,reverse_last,reverse+last_letter
Portugal,P,reverse_last,reverse+last_letter
Qatar,Q,reverse_last,reverse+last_letter
Romania,R,reverse_last,reverse+last_letter
Russia,R,reverse_last,reverse+last_letter
Rwanda,R,reverse_last,reverse+last_letter
Samoa,S,reverse_last,reverse+last_letter
Senegal,S,reverse_last,reverse+last_letter
Serbia,S,reverse_last,reverse+last_letter
Seychelles,S,reverse_last,reverse+last_letter
Singapore,S,reverse_last,reverse+last_letter
Slovakia,S,reverse_last,reverse+last_letter
Slovenia,S,reverse_last,reverse+last_letter
Somalia,S,reverse_last,reverse+last_letter
Spain,S,reverse_last,reverse+last_letter
Sudan,S,reverse_last,reverse+last_letter
Suriname,S,reverse_last,reverse+last_letter
Sweden,S,reverse_last,reverse+last_letter
Switzerland,S,reverse_last,reverse+last_letter
Syria,S,reverse_last,reverse+last_letter
Taiwan,T,reverse_last,reverse+last_letter
Tajikistan,T,reverse_last,reverse+last_letter
Tanzania,T,reverse_last,reverse+last_letter
Thailand,T,reverse_last,reverse+last_letter
Togo,T,reverse_last,reverse+last_letter
Tonga,T,reverse_last,reverse+last_letter
Tunisia,T,reverse_last,reverse+last_letter
Turkey,T,reverse_last,reverse+last_letter
Turkmenistan,T,reverse_last,reverse+last_letter
Tuvalu,T,reverse_last,reverse+last_letter
UAE,U,reverse_last,reverse+last_letter
Uganda,U,reverse_last,reverse+last_letter
Ukraine,U,reverse_last,reverse+last_letter
Uruguay,U,reverse_last,reverse+last_letter
Uzbekistan,U,reverse_last,reverse+last_letter
Vanuatu,V,reverse_last,reverse+last_letter
Venezuela,V,reverse_last,reverse+last_letter
Vietnam,V,reverse_last,reverse+last_letter
Yemen,Y,reverse_last,reverse+last_letter
Zambia,Z,reverse_last,reverse+last_letter
Zimbabwe,Z,reverse_last,reverse+last_letter
abajo,a,reverse_last,reverse+last_letter
abierto,a,reverse_last,reverse+last_letter
abogado,a,reverse_last,reverse+last_letter
abuela,a,reverse_last,reverse+last_letter
abuelo,a,reverse_last,reverse+last_letter
accelerate,a,reverse_last,reverse+last_letter
achieve,a,reverse_last,reverse+last_letter
activate,a,reverse_last,reverse+last_letter
actor,a,reverse_last,reverse+last_letter
actress,a,reverse_last,reverse+last_letter
adiós,a,reverse_last,reverse+last_letter
advertise,a,reverse_last,reverse+last_letter
agua,a,reverse_last,reverse+last_letter
alto,a,reverse_last,reverse+last_letter
amarillo,a,reverse_last,reverse+last_letter
ami,a,reverse_last,reverse+last_letter
amigo,a,reverse_last,reverse+last_letter
an,a,reverse_last,reverse+last_letter
analysis,a,reverse_last,reverse+last_letter
ancho,a,reverse_last,reverse+last_letter
anticipate,a,reverse_last,reverse+last_letter
apologize,a,reverse_last,reverse+last_letter
apple,a,reverse_last,reverse+last_letter
appreciate,a,reverse_last,reverse+last_letter
arbre,a,reverse_last,reverse+last_letter
argue,a,reverse_last,reverse+last_letter
arm,a,reverse_last,reverse+last_letter
arriba,a,reverse_last,reverse+last_letter
arrive,a,reverse_last,reverse+last_letter
artery,a,reverse_last,reverse+last_letter
artist,a,reverse_last,reverse+last_letter
artista,a,reverse_last,reverse+last_letter
artiste,a,reverse_last,reverse+last_letter
atrás,a,reverse_last,reverse+last_letter
aunt,a,reverse_last,reverse+last_letter
avocat,a,reverse_last,reverse+last_letter
axis,a,reverse_last,reverse+last_letter
ayer,a,reverse_last,reverse+last_letter
azul,a,reverse_last,reverse+last_letter
azúcar,a,reverse_last,reverse+last_letter
año,a,reverse_last,reverse+last_letter
baby,b,reverse_last,reverse+last_letter
back,b,reverse_last,reverse+last_letter
bad,b,reverse_last,reverse+last_letter
baile,b,reverse_last,reverse+last_letter
bajo,b,reverse_last,reverse+last_letter
bake,b,reverse_last,reverse+last_letter
baker,b,reverse_last,reverse+last_letter
ball,b,reverse_last,reverse+last_letter
balle,b,reverse_last,reverse+last_letter
banana,b,reverse_last,reverse+last_letter
bas,b,reverse_last,reverse+last_letter
basis,b,reverse_last,reverse+last_letter
bay,b,reverse_last,reverse+last_letter
beach,b,reverse_last,reverse+last_letter
beau,b,reverse_last,reverse+last_letter
beautiful,b,reverse_last,reverse+last_letter
bebé,b,reverse_last,reverse+last_letter
begin,b,reverse_last,reverse+last_letter
belief,b,reverse_last,reverse+last_letter
believe,b,reverse_last,reverse+last_letter
bend,b,reverse_last,reverse+last_letter
berry,b,reverse_last,reverse+last_letter
big,b,reverse_last,reverse+last_letter
bike,b,reverse_last,reverse+last_letter
bird,b,reverse_last,reverse+last_letter
black,b,reverse_last,reverse+last_letter
blanc,b,reverse_last,reverse+last_letter
blanco,b,reverse_last,reverse+last_letter
bleu,b,reverse_last,reverse+last_letter
blue,b,reverse_last,reverse+last_letter
boca,b,reverse_last,reverse+last_letter
body,b,reverse_last,reverse+last_letter
bon,b,reverse_last,reverse+last_letter
bone,b,reverse_last,reverse+last_letter
bonjour,b,reverse_last,reverse+last_letter
bonsoir,b,reverse_last,reverse+last_letter
book,b,reverse_last,reverse+last_letter
bouche,b,reverse_last,reverse+last_letter
box,b,reverse_last,reverse+last_letter
boy,b,reverse_last,reverse+last_letter
brain,b,reverse_last,reverse+last_letter
bread,b,reverse_last,reverse+last_letter
brother,b,reverse_last,reverse+last_letter
brown,b,reverse_last,reverse+last_letter
brush,b,reverse_last,reverse+last_letter
bueno,b,reverse_last,reverse+last_letter
build,b,reverse_last,reverse+last_letter
builder,b,reverse_last,reverse+last_letter
bus,b,reverse_last,reverse+last_letter
butcher,b,reverse_last,reverse+last_letter
butterfly,b,reverse_last,reverse+last_letter
bébé,b,reverse_last,reverse+last_letter
caballo,c,reverse_last,reverse+last_letter
cabeza,c,reverse_last,reverse+last_letter
café,c,reverse_last,reverse+last_letter
calculate,c,reverse_last,reverse+last_letter
calf,c,reverse_last,reverse+last_letter
caliente,c,reverse_last,reverse+last_letter
calle,c,reverse_last,reverse+last_letter
camp,c,reverse_last,reverse+last_letter
canción,c,reverse_last,reverse+last_letter
cantante,c,reverse_last,reverse+last_letter
car,c,reverse_last,reverse+last_letter
care,c,reverse_last,reverse+last_letter
cargo,c,reverse_last,reverse+last_letter
carry,c,reverse_last,reverse+last_letter
carta,c,reverse_last,reverse+last_letter
casa,c,reverse_last,reverse+last_letter
cat,c,reverse_last,reverse+last_letter
catch,c,reverse_last,reverse+last_letter
celebrate,c,reverse_last,reverse+last_letter
cent,c,reverse_last,reverse+last_letter
cerca,c,reverse_last,reverse+last_letter
cerebro,c,reverse_last,reverse+last_letter
cerrado,c,reverse_last,reverse+last_letter
cerveau,c,reverse_last,reverse+last_letter
chair,c,reverse_last,reverse+last_letter
chaise,c,reverse_last,reverse+last_letter
change,c,reverse_last,reverse+last_letter
chanson,c,reverse_last,reverse+last_letter
chat,c,reverse_last,reverse+last_letter
chaud,c,reverse_last,reverse+last_letter
cheese,c,reverse_last,reverse+last_letter
chef,c,reverse_last,reverse+last_letter
cheval,c,reverse_last,reverse+last_letter
chief,c,reverse_last,reverse+last_letter
chien,c,reverse_last,reverse+last_letter
child,c,reverse_last,reverse+last_letter
church,c,reverse_last,reverse+last_letter
cien,c,reverse_last,reverse+last_letter
cinco,c,reverse_last,reverse+last_letter
cinq,c,reverse_last,reverse+last_letter
city,c,reverse_last,reverse+last_letter
ciudad,c,reverse_last,reverse+last_letter
class,c,reverse_last,reverse+last_letter
clean,c,reverse_last,reverse+last_letter
clerk,c,reverse_last,reverse+last_letter
cliff,c,reverse_last,reverse+last_letter
climb,c,reverse_last,reverse+last_letter
close,c,reverse_last,reverse+last_letter
closed,c,reverse_last,reverse+last_letter
coche,c,reverse_last,reverse+last_letter
coffee,c,reverse_last,reverse+last_letter
cold,c,reverse_last,reverse+last_letter
come,c,reverse_last,reverse+last_letter
comida,c,reverse_last,reverse+last_letter
communicate,c,reverse_last,reverse+last_letter
compete,c,reverse_last,reverse+last_letter
complete,c,reverse_last,reverse+last_letter
computer,c,reverse_last,reverse+last_letter
concentrate,c,reverse_last,reverse+last_letter
contemplate,c,reverse_last,reverse+last_letter
continue,c,reverse_last,reverse+last_letter
cook,c,reverse_last,reverse+last_letter
cooperate,c,reverse_last,reverse+last_letter
coordinate,c,reverse_last,reverse+last_letter
corazón,c,reverse_last,reverse+last_letter
corps,c,reverse_last,reverse+last_letter
corto,c,reverse_last,reverse+last_letter
country,c,reverse_last,reverse+last_letter
court,c,reverse_last,reverse+last_letter
cousin,c,reverse_last,reverse+last_letter
create,c,reverse_last,reverse+last_letter
crisis,c,reverse_last,reverse+last_letter
criterion,c,reverse_last,reverse+last_letter
criticize,c,reverse_last,reverse+last_letter
cry,c,reverse_last,reverse+last_letter
cuatro,c,reverse_last,reverse+last_letter
cuerpo,c,reverse_last,reverse+last_letter
cultivate,c,reverse_last,reverse+last_letter
cup,c,reverse_last,reverse+last_letter
curriculum,c,reverse_last,reverse+last_letter
cœur,c,reverse_last,reverse+last_letter
dance,d,reverse_last,reverse+last_letter
dancer,d,reverse_last,reverse+last_letter
danse,d,reverse_last,reverse+last_letter
datum,d,reverse_last,reverse+last_letter
daughter,d,reverse_last,reverse+last_letter
day,d,reverse_last,reverse+last_letter
decide,d,reverse_last,reverse+last_letter
decorate,d,reverse_last,reverse+last_letter
dedans,d,reverse_last,reverse+last_letter
dedicate,d,reverse_last,reverse+last_letter
deer,d,reverse_last,reverse+last_letter
defeat,d,reverse_last,reverse+last_letter
dehors,d,reverse_last,reverse+last_letter
delete,d,reverse_last,reverse+last_letter
demain,d,reverse_last,reverse+last_letter
demonstrate,d,reverse_last,reverse+last_letter
dentro,d,reverse_last,reverse+last_letter
deporte,d,reverse_last,reverse+last_letter
derecho,d,reverse_last,reverse+last_letter
dernier,d,reverse_last,reverse+last_letter
derrière,d,reverse_last,reverse+last_letter
designate,d,reverse_last,reverse+last_letter
determine,d,reverse_last,reverse+last_letter
deux,d,reverse_last,reverse+last_letter
devant,d,reverse_last,reverse+last_letter
deviate,d,reverse_last,reverse+last_letter
diez,d,reverse_last,reverse+last_letter
difficile,d,reverse_last,reverse+last_letter
difficult,d,reverse_last,reverse+last_letter
difícil,d,reverse_last,reverse+last_letter
director,d,reverse_last,reverse+last_letter
dirty,d,reverse_last,reverse+last_letter
dish,d,reverse_last,reverse+last_letter
dix,d,reverse_last,reverse+last_letter
doctor,d,reverse_last,reverse+last_letter
dog,d,reverse_last,reverse+last_letter
dominate,d,reverse_last,reverse+last_letter
door,d,reverse_last,reverse+last_letter
dos,d,reverse_last,reverse+last_letter
down,d,reverse_last,reverse+last_letter
draw,d,reverse_last,reverse+last_letter
drink,d,reverse_last,reverse+last_letter
drive,d,reverse_last,reverse+last_letter
driver,d,reverse_last,reverse+last_letter
droit,d,reverse_last,reverse+last_letter
duchess,d,reverse_last,reverse+last_letter
duke,d,reverse_last,reverse+last_letter
dwarf,d,reverse_last,reverse+last_letter
débil,d,reverse_last,reverse+last_letter
día,d,reverse_last,reverse+last_letter
ear,e,reverse_last,reverse+last_letter
easy,e,reverse_last,reverse+last_letter
eat,e,reverse_last,reverse+last_letter
eau,e,reverse_last,reverse+last_letter
echo,e,reverse_last,reverse+last_letter
educate,e,reverse_last,reverse+last_letter
eight,e,reverse_last,reverse+last_letter
elf,e,reverse_last,reverse+last_letter
eliminate,e,reverse_last,reverse+last_letter
emperor,e,reverse_last,reverse+last_letter
empress,e,reverse_last,reverse+last_letter
empty,e,reverse_last,reverse+last_letter
end,e,reverse_last,reverse+last_letter
enfant,e,reverse_last,reverse+last_letter
enfermera,e,reverse_last,reverse+last_letter
engineer,e,reverse_last,reverse+last_letter
escalate,e,reverse_last,reverse+last_letter
escuela,e,reverse_last,reverse+last_letter
esposa,e,reverse_last,reverse+last_letter
esposo,e,reverse_last,reverse+last_letter
estrecho,e,reverse_last,reverse+last_letter
estrella,e,reverse_last,reverse+last_letter
estudiante,e,reverse_last,reverse+last_letter
evaluate,e,reverse_last,reverse+last_letter
evaporate,e,reverse_last,reverse+last_letter
exaggerate,e,reverse_last,reverse+last_letter
examine,e,reverse_last,reverse+last_letter
excite,e,reverse_last,reverse+last_letter
exercise,e,reverse_last,reverse+last_letter
explore,e,reverse_last,reverse+last_letter
eye,e,reverse_last,reverse+last_letter
facile,f,reverse_last,reverse+last_letter
faible,f,reverse_last,reverse+last_letter
familia,f,reverse_last,reverse+last_letter
famille,f,reverse_last,reverse+last_letter
family,f,reverse_last,reverse+last_letter
far,f,reverse_last,reverse+last_letter
farmer,f,reverse_last,reverse+last_letter
fascinate,f,reverse_last,reverse+last_letter
fast,f,reverse_last,reverse+last_letter
father,f,reverse_last,reverse+last_letter
feel,f,reverse_last,reverse+last_letter
feliz,f,reverse_last,reverse+last_letter
femme,f,reverse_last,reverse+last_letter
fenêtre,f,reverse_last,reverse+last_letter
feo,f,reverse_last,reverse+last_letter
fermier,f,reverse_last,reverse+last_letter
fermé,f,reverse_last,reverse+last_letter
fille,f,reverse_last,reverse+last_letter
fils,f,reverse_last,reverse+last_letter
finger,f,reverse_last,reverse+last_letter
finish,f,reverse_last,reverse+last_letter
first,f,reverse_last,reverse+last_letter
fish,f,reverse_last,reverse+last_letter
five,f,reverse_last,reverse+last_letter
fleur,f,reverse_last,reverse+last_letter
flor,f,reverse_last,reverse+last_letter
flower,f,reverse_last,reverse+last_letter
fly,f,reverse_last,reverse+last_letter
food,f,reverse_last,reverse+last_letter
foot,f,reverse_last,reverse+last_letter
fork,f,reverse_last,reverse+last_letter
fort,f,reverse_last,reverse+last_letter
four,f,reverse_last,reverse+last_letter
fox,f,reverse_last,reverse+last_letter
frase,f,reverse_last,reverse+last_letter
frente,f,reverse_last,reverse+last_letter
friend,f,reverse_last,reverse+last_letter
froid,f,reverse_last,reverse+last_letter
fromage,f,reverse_last,reverse+last_letter
front,f,reverse_last,reverse+last_letter
frère,f,reverse_last,reverse+last_letter
frío,f,reverse_last,reverse+last_letter
fuera,f,reverse_last,reverse+last_letter
fuerte,f,reverse_last,reverse+last_letter
full,f,reverse_last,reverse+last_letter
fácil,f,reverse_last,reverse+last_letter
game,g,reverse_last,reverse+last_letter
garçon,g,reverse_last,reverse+last_letter
gato,g,reverse_last,reverse+last_letter
gauche,g,reverse_last,reverse+last_letter
generate,g,reverse_last,reverse+last_letter
girl,g,reverse_last,reverse+last_letter
give,g,reverse_last,reverse+last_letter
glass,g,reverse_last,reverse+last_letter
good,g,reverse_last,reverse+last_letter
goodbye,g,reverse_last,reverse+last_letter
goose,g,reverse_last,reverse+last_letter
gracias,g,reverse_last,reverse+last_letter
grand,g,reverse_last,reverse+last_letter
grande,g,reverse_last,reverse+last_letter
grandfather,g,reverse_last,reverse+last_letter
grandmother,g,reverse_last,reverse+last_letter
granjero,g,reverse_last,reverse+last_letter
gray,g,reverse_last,reverse+last_letter
green,g,reverse_last,reverse+last_letter
greet,g,reverse_last,reverse+last_letter
grief,g,reverse_last,reverse+last_letter
gris,g,reverse_last,reverse+last_letter
gulf,g,reverse_last,reverse+last_letter
guy,g,reverse_last,reverse+last_letter
half,h,reverse_last,reverse+last_letter
hand,h,reverse_last,reverse+last_letter
happy,h,reverse_last,reverse+last_letter
hate,h,reverse_last,reverse+last_letter
haut,h,reverse_last,reverse+last_letter
head,h,reverse_last,reverse+last_letter
hear,h,reverse_last,reverse+last_letter
heart,h,reverse_last,reverse+last_letter
heavy,h,reverse_last,reverse+last_letter
hello,h,reverse_last,reverse+last_letter
help,h,reverse_last,reverse+last_letter
hermana,h,reverse_last,reverse+last_letter
hermano,h,reverse_last,reverse+last_letter
hermoso,h,reverse_last,reverse+last_letter
hero,h,reverse_last,reverse+last_letter
heroine,h,reverse_last,reverse+last_letter
hesitate,h,reverse_last,reverse+last_letter
heureux,h,reverse_last,reverse+last_letter
hibernate,h,reverse_last,reverse+last_letter
hier,h,reverse_last,reverse+last_letter
high,h,reverse_last,reverse+last_letter
hija,h,reverse_last,reverse+last_letter
hijo,h,reverse_last,reverse+last_letter
hike,h,reverse_last,reverse+last_letter
hola,h,reverse_last,reverse+last_letter
hold,h,reverse_last,reverse+last_letter
hombre,h,reverse_last,reverse+last_letter
homme,h,reverse_last,reverse+last_letter
hoof,h,reverse_last,reverse+last_letter
hope,h,reverse_last,reverse+last_letter
horse,h,reverse_last,reverse+last_letter
hot,h,reverse_last,reverse+last_letter
house,h,reverse_last,reverse+last_letter
hoy,h,reverse_last,reverse+last_letter
huit,h,reverse_last,reverse+last_letter
hundred,h,reverse_last,reverse+last_letter
hunt,h,reverse_last,reverse+last_letter
husband,h,reverse_last,reverse+last_letter
illustrate,i,reverse_last,reverse+last_letter
imagine,i,reverse_last,reverse+last_letter
imitate,i,reverse_last,reverse+last_letter
improve,i,reverse_last,reverse+last_letter
incorporate,i,reverse_last,reverse+last_letter
infirmière,i,reverse_last,reverse+last_letter
initiate,i,reverse_last,reverse+last_letter
innovate,i,reverse_last,reverse+last_letter
inside,i,reverse_last,reverse+last_letter
integrate,i,reverse_last,reverse+last_letter
investigate,i,reverse_last,reverse+last_letter
invite,i,reverse_last,reverse+last_letter
irritate,i,reverse_last,reverse+last_letter
issue,i,reverse_last,reverse+last_letter
izquierdo,i,reverse_last,reverse+last_letter
jaune,j,reverse_last,reverse+last_letter
jeu,j,reverse_last,reverse+last_letter
jeune,j,reverse_last,reverse+last_letter
jour,j,reverse_last,reverse+last_letter
joven,j,reverse_last,reverse+last_letter
juego,j,reverse_last,reverse+last_letter
jump,j,reverse_last,reverse+last_letter
key,k,reverse_last,reverse+last_letter
kidney,k,reverse_last,reverse+last_letter
king,k,reverse_last,reverse+last_letter
kiss,k,reverse_last,reverse+last_letter
kneel,k,reverse_last,reverse+last_letter
knife,k,reverse_last,reverse+last_letter
knight,k,reverse_last,reverse+last_letter
lady,l,reverse_last,reverse+last_letter
laid,l,reverse_last,reverse+last_letter
lait,l,reverse_last,reverse+last_letter
large,l,reverse_last,reverse+last_letter
largo,l,reverse_last,reverse+last_letter
last,l,reverse_last,reverse+last_letter
laugh,l,reverse_last,reverse+last_letter
lawyer,l,reverse_last,reverse+last_letter
leaf,l,reverse_last,reverse+last_letter
learn,l,reverse_last,reverse+last_letter
leave,l,reverse_last,reverse+last_letter
leche,l,reverse_last,reverse+last_letter
left,l,reverse_last,reverse+last_letter
leg,l,reverse_last,reverse+last_letter
lejos,l,reverse_last,reverse+last_letter
lent,l,reverse_last,reverse+last_letter
lento,l,reverse_last,reverse+last_letter
letter,l,reverse_last,reverse+last_letter
lettre,l,reverse_last,reverse+last_letter
library,l,reverse_last,reverse+last_letter
libro,l,reverse_last,reverse+last_letter
lie,l,reverse_last,reverse+last_letter
life,l,reverse_last,reverse+last_letter
ligero,l,reverse_last,reverse+last_letter
light,l,reverse_last,reverse+last_letter
limpio,l,reverse_last,reverse+last_letter
listen,l,reverse_last,reverse+last_letter
live,l,reverse_last,reverse+last_letter
liver,l,reverse_last,reverse+last_letter
livre,l,reverse_last,reverse+last_letter
lleno,l,reverse_last,reverse+last_letter
loaf,l,reverse_last,reverse+last_letter
loin,l,reverse_last,reverse+last_letter
long,l,reverse_last,reverse+last_letter
lord,l,reverse_last,reverse+last_letter
lourd,l,reverse_last,reverse+last_letter
love,l,reverse_last,reverse+last_letter
low,l,reverse_last,reverse+last_letter
luna,l,reverse_last,reverse+last_letter
lune,l,reverse_last,reverse+last_letter
lung,l,reverse_last,reverse+last_letter
léger,l,reverse_last,reverse+last_letter
madre,m,reverse_last,reverse+last_letter
main,m,reverse_last,reverse+last_letter
maison,m,reverse_last,reverse+last_letter
make,m,reverse_last,reverse+last_letter
malo,m,reverse_last,reverse+last_letter
man,m,reverse_last,reverse+last_letter
manage,m,reverse_last,reverse+last_letter
manager,m,reverse_last,reverse+last_letter
mano,m,reverse_last,reverse+last_letter
manzana,m,reverse_last,reverse+last_letter
mari,m,reverse_last,reverse+last_letter
marron,m,reverse_last,reverse+last_letter
marrón,m,reverse_last,reverse+last_letter
mauvais,m,reverse_last,reverse+last_letter
mañana,m,reverse_last,reverse+last_letter
meditate,m,reverse_last,reverse+last_letter
medium,m,reverse_last,reverse+last_letter
meet,m,reverse_last,reverse+last_letter
merci,m,reverse_last,reverse+last_letter
mes,m,reverse_last,reverse+last_letter
mesa,m,reverse_last,reverse+last_letter
mil,m,reverse_last,reverse+last_letter
milk,m,reverse_last,reverse+last_letter
mille,m,reverse_last,reverse+last_letter
mois,m,reverse_last,reverse+last_letter
monde,m,reverse_last,reverse+last_letter
month,m,reverse_last,reverse+last_letter
moon,m,reverse_last,reverse+last_letter
morado,m,reverse_last,reverse+last_letter
mosquito,m,reverse_last,reverse+last_letter
mot,m,reverse_last,reverse+last_letter
mother,m,reverse_last,reverse+last_letter
motivate,m,reverse_last,reverse+last_letter
mouse,m,reverse_last,reverse+last_letter
mouth,m,reverse_last,reverse+last_letter
move,m,reverse_last,reverse+last_letter
mujer,m,reverse_last,reverse+last_letter
mundo,m,reverse_last,reverse+last_letter
muscle,m,reverse_last,reverse+last_letter
music,m,reverse_last,reverse+last_letter
musician,m,reverse_last,reverse+last_letter
musicien,m,reverse_last,reverse+last_letter
musique,m,reverse_last,reverse+last_letter
mère,m,reverse_last,reverse+last_letter
médecin,m,reverse_last,reverse+last_letter
médico,m,reverse_last,reverse+last_letter
música,m,reverse_last,reverse+last_letter
músico,m,reverse_last,reverse+last_letter
naranja,n,reverse_last,reverse+last_letter
nariz,n,reverse_last,reverse+last_letter
narrow,n,reverse_last,reverse+last_letter
navigate,n,reverse_last,reverse+last_letter
near,n,reverse_last,reverse+last_letter
negotiate,n,reverse_last,reverse+last_letter
negro,n,reverse_last,reverse+last_letter
nerve,n,reverse_last,reverse+last_letter
neuf,n,reverse_last,reverse+last_letter
new,n,reverse_last,reverse+last_letter
nez,n,reverse_last,reverse+last_letter
night,n,reverse_last,reverse+last_letter
nine,n,reverse_last,reverse+last_letter
niña,n,reverse_last,reverse+last_letter
niño,n,reverse_last,reverse+last_letter
no,n,reverse_last,reverse+last_letter
noche,n,reverse_last,reverse+last_letter
noir,n,reverse_last,reverse+last_letter
non,n,reverse_last,reverse+last_letter
nose,n,reverse_last,reverse+last_letter
notice,n,reverse_last,reverse+last_letter
nourriture,n,reverse_last,reverse+last_letter
nouveau,n,reverse_last,reverse+last_letter
nueve,n,reverse_last,reverse+last_letter
nuevo,n,reverse_last,reverse+last_letter
nuit,n,reverse_last,reverse+last_letter
nurse,n,reverse_last,reverse+last_letter
oasis,o,reverse_last,reverse+last_letter
ocho,o,reverse_last,reverse+last_letter
officer,o,reverse_last,reverse+last_letter
oiseau,o,reverse_last,reverse+last_letter
ojo,o,reverse_last,reverse+last_letter
old,o,reverse_last,reverse+last_letter
oncle,o,reverse_last,reverse+last_letter
one,o,reverse_last,reverse+last_letter
open,o,reverse_last,reverse+last_letter
operate,o,reverse_last,reverse+last_letter
orange,o,reverse_last,reverse+last_letter
oreille,o,reverse_last,reverse+last_letter
oreja,o,reverse_last,reverse+last_letter
organize,o,reverse_last,reverse+last_letter
oui,o,reverse_last,reverse+last_letter
outside,o,reverse_last,reverse+last_letter
ouvert,o,reverse_last,reverse+last_letter
ouvrier,o,reverse_last,reverse+last_letter
ox,o,reverse_last,reverse+last_letter
padre,p,reverse_last,reverse+last_letter
page,p,reverse_last,reverse+last_letter
pain,p,reverse_last,reverse+last_letter
paint,p,reverse_last,reverse+last_letter
painter,p,reverse_last,reverse+last_letter
palabra,p,reverse_last,reverse+last_letter
pan,p,reverse_last,reverse+last_letter
paper,p,reverse_last,reverse+last_letter
parenthesis,p,reverse_last,reverse+last_letter
participate,p,reverse_last,reverse+last_letter
party,p,reverse_last,reverse+last_letter
pauvre,p,reverse_last,reverse+last_letter
pays,p,reverse_last,reverse+last_letter
país,p,reverse_last,reverse+last_letter
pelota,p,reverse_last,reverse+last_letter
pen,p,reverse_last,reverse+last_letter
pencil,p,reverse_last,reverse+last_letter
penetrate,p,reverse_last,reverse+last_letter
pepper,p,reverse_last,reverse+last_letter
pequeño,p,reverse_last,reverse+last_letter
perro,p,reverse_last,reverse+last_letter
person,p,reverse_last,reverse+last_letter
pesado,p,reverse_last,reverse+last_letter
petit,p,reverse_last,reverse+last_letter
pez,p,reverse_last,reverse+last_letter
phenomenon,p,reverse_last,reverse+last_letter
phone,p,reverse_last,reverse+last_letter
photo,p,reverse_last,reverse+last_letter
phrase,p,reverse_last,reverse+last_letter
piano,p,reverse_last,reverse+last_letter
pie,p,reverse_last,reverse+last_letter
pied,p,reverse_last,reverse+last_letter
pilot,p,reverse_last,reverse+last_letter
pimienta,p,reverse_last,reverse+last_letter
pink,p,reverse_last,reverse+last_letter
plate,p,reverse_last,reverse+last_letter
play,p,reverse_last,reverse+last_letter
player,p,reverse_last,reverse+last_letter
please,p,reverse_last,reverse+last_letter
plein,p,reverse_last,reverse+last_letter
pobre,p,reverse_last,reverse+last_letter
poisson,p,reverse_last,reverse+last_letter
poivre,p,reverse_last,reverse+last_letter
police,p,reverse_last,reverse+last_letter
policía,p,reverse_last,reverse+last_letter
pomme,p,reverse_last,reverse+last_letter
poor,p,reverse_last,reverse+last_letter
porte,p,reverse_last,reverse+last_letter
potato,p,reverse_last,reverse+last_letter
practice,p,reverse_last,reverse+last_letter
premier,p,reverse_last,reverse+last_letter
president,p,reverse_last,reverse+last_letter
primero,p,reverse_last,reverse+last_letter
primo,p,reverse_last,reverse+last_letter
prince,p,reverse_last,reverse+last_letter
princesa,p,reverse_last,reverse+last_letter
princess,p,reverse_last,reverse+last_letter
princesse,p,reverse_last,reverse+last_letter
profesor,p,reverse_last,reverse+last_letter
professeur,p,reverse_last,reverse+last_letter
promise,p,reverse_last,reverse+last_letter
proof,p,reverse_last,reverse+last_letter
propre,p,reverse_last,reverse+last_letter
près,p,reverse_last,reverse+last_letter
príncipe,p,reverse_last,reverse+last_letter
puerta,p,reverse_last,reverse+last_letter
pull,p,reverse_last,reverse+last_letter
purple,p,reverse_last,reverse+last_letter
pursue,p,reverse_last,reverse+last_letter
push,p,reverse_last,reverse+last_letter
página,p,reverse_last,reverse+last_letter
pájaro,p,reverse_last,reverse+last_letter
père,p,reverse_last,reverse+last_letter
quatre,q,reverse_last,reverse+last_letter
queen,q,reverse_last,reverse+last_letter
queso,q,reverse_last,reverse+last_letter
radiate,r,reverse_last,reverse+last_letter
radio,r,reverse_last,reverse+last_letter
rapide,r,reverse_last,reverse+last_letter
ray,r,reverse_last,reverse+last_letter
read,r,reverse_last,reverse+last_letter
realize,r,reverse_last,reverse+last_letter
receive,r,reverse_last,reverse+last_letter
recognize,r,reverse_last,reverse+last_letter
red,r,reverse_last,reverse+last_letter
reef,r,reverse_last,reverse+last_letter
reina,r,reverse_last,reverse+last_letter
reine,r,reverse_last,reverse+last_letter
relate,r,reverse_last,reverse+last_letter
relax,r,reverse_last,reverse+last_letter
repeat,r,reverse_last,reverse+last_letter
rescue,r,reverse_last,reverse+last_letter
rest,r,reverse_last,reverse+last_letter
rey,r,reverse_last,reverse+last_letter
rich,r,reverse_last,reverse+last_letter
riche,r,reverse_last,reverse+last_letter
rico,r,reverse_last,reverse+last_letter
right,r,reverse_last,reverse+last_letter
roi,r,reverse_last,reverse+last_letter
rojo,r,reverse_last,reverse+last_letter
roof,r,reverse_last,reverse+last_letter
rosa,r,reverse_last,reverse+last_letter
rose,r,reverse_last,reverse+last_letter
rotate,r,reverse_last,reverse+last_letter
rouge,r,reverse_last,reverse+last_letter
rue,r,reverse_last,reverse+last_letter
run,r,reverse_last,reverse+last_letter
runner,r,reverse_last,reverse+last_letter
rápido,r,reverse_last,reverse+last_letter
sad,s,reverse_last,reverse+last_letter
safe,s,reverse_last,reverse+last_letter
sail,s,reverse_last,reverse+last_letter
sailor,s,reverse_last,reverse+last_letter
sal,s,reverse_last,reverse+last_letter
sale,s,reverse_last,reverse+last_letter
salt,s,reverse_last,reverse+last_letter
scarf,s,reverse_last,reverse+last_letter
school,s,reverse_last,reverse+last_letter
scientist,s,reverse_last,reverse+last_letter
see,s,reverse_last,reverse+last_letter
seis,s,reverse_last,reverse+last_letter
sel,s,reverse_last,reverse+last_letter
self,s,reverse_last,reverse+last_letter
semaine,s,reverse_last,reverse+last_letter
semana,s,reverse_last,reverse+last_letter
sentence,s,reverse_last,reverse+last_letter
separate,s,reverse_last,reverse+last_letter
sept,s,reverse_last,reverse+last_letter
seven,s,reverse_last,reverse+last_letter
share,s,reverse_last,reverse+last_letter
sheep,s,reverse_last,reverse+last_letter
shelf,s,reverse_last,reverse+last_letter
short,s,reverse_last,reverse+last_letter
shout,s,reverse_last,reverse+last_letter
siete,s,reverse_last,reverse+last_letter
silla,s,reverse_last,reverse+last_letter
sing,s,reverse_last,reverse+last_letter
singer,s,reverse_last,reverse+last_letter
sister,s,reverse_last,reverse+last_letter
sit,s,reverse_last,reverse+last_letter
six,s,reverse_last,reverse+last_letter
skate,s,reverse_last,reverse+last_letter
ski,s,reverse_last,reverse+last_letter
sleep,s,reverse_last,reverse+last_letter
slow,s,reverse_last,reverse+last_letter
small,s,reverse_last,reverse+last_letter
smell,s,reverse_last,reverse+last_letter
smile,s,reverse_last,reverse+last_letter
sol,s,reverse_last,reverse+last_letter
soldado,s,reverse_last,reverse+last_letter
soldat,s,reverse_last,reverse+last_letter
soldier,s,reverse_last,reverse+last_letter
soleil,s,reverse_last,reverse+last_letter
son,s,reverse_last,reverse+last_letter
song,s,reverse_last,reverse+last_letter
spoon,s,reverse_last,reverse+last_letter
sport,s,reverse_last,reverse+last_letter
stand,s,reverse_last,reverse+last_letter
star,s,reverse_last,reverse+last_letter
start,s,reverse_last,reverse+last_letter
stimulate,s,reverse_last,reverse+last_letter
stomach,s,reverse_last,reverse+last_letter
stop,s,reverse_last,reverse+last_letter
story,s,reverse_last,reverse+last_letter
street,s,reverse_last,reverse+last_letter
stretch,s,reverse_last,reverse+last_letter
strong,s,reverse_last,reverse+last_letter
student,s,reverse_last,reverse+last_letter
studio,s,reverse_last,reverse+last_letter
study,s,reverse_last,reverse+last_letter
sucio,s,reverse_last,reverse+last_letter
sucre,s,reverse_last,reverse+last_letter
sugar,s,reverse_last,reverse+last_letter
sun,s,reverse_last,reverse+last_letter
surprise,s,reverse_last,reverse+last_letter
swim,s,reverse_last,reverse+last_letter
swimmer,s,reverse_last,reverse+last_letter
sí,s,reverse_last,reverse+last_letter
sœur,s,reverse_last,reverse+last_letter
table,t,reverse_last,reverse+last_letter
tailor,t,reverse_last,reverse+last_letter
take,t,reverse_last,reverse+last_letter
talk,t,reverse_last,reverse+last_letter
tante,t,reverse_last,reverse+last_letter
taste,t,reverse_last,reverse+last_letter
tea,t,reverse_last,reverse+last_letter
teach,t,reverse_last,reverse+last_letter
teacher,t,reverse_last,reverse+last_letter
temps,t,reverse_last,reverse+last_letter
ten,t,reverse_last,reverse+last_letter
terminate,t,reverse_last,reverse+last_letter
thesis,t,reverse_last,reverse+last_letter
thief,t,reverse_last,reverse+last_letter
think,t,reverse_last,reverse+last_letter
thousand,t,reverse_last,reverse+last_letter
three,t,reverse_last,reverse+last_letter
throw,t,reverse_last,reverse+last_letter
thé,t,reverse_last,reverse+last_letter
tiempo,t,reverse_last,reverse+last_letter
time,t,reverse_last,reverse+last_letter
today,t,reverse_last,reverse+last_letter
toe,t,reverse_last,reverse+last_letter
tolerate,t,reverse_last,reverse+last_letter
tomato,t,reverse_last,reverse+last_letter
tomorrow,t,reverse_last,reverse+last_letter
tooth,t,reverse_last,reverse+last_letter
touch,t,reverse_last,reverse+last_letter
toy,t,reverse_last,reverse+last_letter
trabajador,t,reverse_last,reverse+last_letter
translate,t,reverse_last,reverse+last_letter
travel,t,reverse_last,reverse+last_letter
treat,t,reverse_last,reverse+last_letter
tree,t,reverse_last,reverse+last_letter
tres,t,reverse_last,reverse+last_letter
triste,t,reverse_last,reverse+last_letter
trois,t,reverse_last,reverse+last_letter
two,t,reverse_last,reverse+last_letter
té,t,reverse_last,reverse+last_letter
tête,t,reverse_last,reverse+last_letter
tía,t,reverse_last,reverse+last_letter
tío,t,reverse_last,reverse+last_letter
ugly,u,reverse_last,reverse+last_letter
un,u,reverse_last,reverse+last_letter
uncle,u,reverse_last,reverse+last_letter
unite,u,reverse_last,reverse+last_letter
uno,u,reverse_last,reverse+last_letter
up,u,reverse_last,reverse+last_letter
vacío,v,reverse_last,reverse+last_letter
validate,v,reverse_last,reverse+last_letter
value,v,reverse_last,reverse+last_letter
vein,v,reverse_last,reverse+last_letter
ventana,v,reverse_last,reverse+last_letter
verde,v,reverse_last,reverse+last_letter
vert,v,reverse_last,reverse+last_letter
vibrate,v,reverse_last,reverse+last_letter
vide,v,reverse_last,reverse+last_letter
video,v,reverse_last,reverse+last_letter
viejo,v,reverse_last,reverse+last_letter
vieux,v,reverse_last,reverse+last_letter
villain,v,reverse_last,reverse+last_letter
ville,v,reverse_last,reverse+last_letter
vin,v,reverse_last,reverse+last_letter
vino,v,reverse_last,reverse+last_letter
violet,v,reverse_last,reverse+last_letter
voiture,v,reverse_last,reverse+last_letter
volcano,v,reverse_last,reverse+last_letter
wait,w,reverse_last,reverse+last_letter
walk,w,reverse_last,reverse+last_letter
wash,w,reverse_last,reverse+last_letter
watch,w,reverse_last,reverse+last_letter
water,w,reverse_last,reverse+last_letter
way,w,reverse_last,reverse+last_letter
weak,w,reverse_last,reverse+last_letter
week,w,reverse_last,reverse+last_letter
wharf,w,reverse_last,reverse+last_letter
whisper,w,reverse_last,reverse+last_letter
white,w,reverse_last,reverse+last_letter
wide,w,reverse_last,reverse+last_letter
wife,w,reverse_last,reverse+last_letter
window,w,reverse_last,reverse+last_letter
wine,w,reverse_last,reverse+last_letter
wolf,w,reverse_last,reverse+last_letter
woman,w,reverse_last,reverse+last_letter
word,w,reverse_last,reverse+last_letter
work,w,reverse_last,reverse+last_letter
worker,w,reverse_last,reverse+last_letter
world,w,reverse_last,reverse+last_letter
write,w,reverse_last,reverse+last_letter
writer,w,reverse_last,reverse+last_letter
year,y,reverse_last,reverse+last_letter
yellow,y,reverse_last,reverse+last_letter
yes,y,reverse_last,reverse+last_letter
yesterday,y,reverse_last,reverse+last_letter
young,y,reverse_last,reverse+last_letter
árbol,á,reverse_last,reverse+last_letter
école,é,reverse_last,reverse+last_letter
étoile,é,reverse_last,reverse+last_letter
étroit,é,reverse_last,reverse+last_letter
étudiant,é,reverse_last,reverse+last_letter
último,ú,reverse_last,reverse+last_letter
œil,œ,reverse_last,reverse+last_letter
hello,BONJOUR,translate_eng_fr_upper,translate_eng_fr+uppercase
goodbye,AU REVOIR,translate_eng_fr_upper,translate_eng_fr+uppercase
thank you,MERCI,translate_eng_fr_upper,translate_eng_fr+uppercase
please,S'IL VOUS PLAÎT,translate_eng_fr_upper,translate_eng_fr+uppercase
yes,OUI,translate_eng_fr_upper,translate_eng_fr+uppercase
no,NON,translate_eng_fr_upper,translate_eng_fr+uppercase
water,EAU,translate_eng_fr_upper,translate_eng_fr+uppercase
house,MAISON,translate_eng_fr_upper,translate_eng_fr+uppercase
cat,CHAT,translate_eng_fr_upper,translate_eng_fr+uppercase
dog,CHIEN,translate_eng_fr_upper,translate_eng_fr+uppercase
good morning,BONJOUR,translate_eng_fr_upper,translate_eng_fr+uppercase
good evening,BONSOIR,translate_eng_fr_upper,translate_eng_fr+uppercase
good night,BONNE NUIT,translate_eng_fr_upper,translate_eng_fr+uppercase
how are you,COMMENT ALLEZ-VOUS,translate_eng_fr_upper,translate_eng_fr+uppercase
I love you,JE T'AIME,translate_eng_fr_upper,translate_eng_fr+uppercase
friend,AMI,translate_eng_fr_upper,translate_eng_fr+uppercase
family,FAMILLE,translate_eng_fr_upper,translate_eng_fr+uppercase
food,NOURRITURE,translate_eng_fr_upper,translate_eng_fr+uppercase
book,LIVRE,translate_eng_fr_upper,translate_eng_fr+uppercase
car,VOITURE,translate_eng_fr_upper,translate_eng_fr+uppercase
tree,ARBRE,translate_eng_fr_upper,translate_eng_fr+uppercase
flower,FLEUR,translate_eng_fr_upper,translate_eng_fr+uppercase
sun,SOLEIL,translate_eng_fr_upper,translate_eng_fr+uppercase
moon,LUNE,translate_eng_fr_upper,translate_eng_fr+uppercase
star,ÉTOILE,translate_eng_fr_upper,translate_eng_fr+uppercase
bread,PAIN,translate_eng_fr_upper,translate_eng_fr+uppercase
cheese,FROMAGE,translate_eng_fr_upper,translate_eng_fr+uppercase
wine,VIN,translate_eng_fr_upper,translate_eng_fr+uppercase
coffee,CAFÉ,translate_eng_fr_upper,translate_eng_fr+uppercase
tea,THÉ,translate_eng_fr_upper,translate_eng_fr+uppercase
milk,LAIT,translate_eng_fr_upper,translate_eng_fr+uppercase
sugar,SUCRE,translate_eng_fr_upper,translate_eng_fr+uppercase
salt,SEL,translate_eng_fr_upper,translate_eng_fr+uppercase
pepper,POIVRE,translate_eng_fr_upper,translate_eng_fr+uppercase
table,TABLE,translate_eng_fr_upper,translate_eng_fr+uppercase
chair,CHAISE,translate_eng_fr_upper,translate_eng_fr+uppercase
door,PORTE,translate_eng_fr_upper,translate_eng_fr+uppercase
window,FENÊTRE,translate_eng_fr_upper,translate_eng_fr+uppercase
street,RUE,translate_eng_fr_upper,translate_eng_fr+uppercase
city,VILLE,translate_eng_fr_upper,translate_eng_fr+uppercase
country,PAYS,translate_eng_fr_upper,translate_eng_fr+uppercase
world,MONDE,translate_eng_fr_upper,translate_eng_fr+uppercase
time,TEMPS,translate_eng_fr_upper,translate_eng_fr+uppercase
day,JOUR,translate_eng_fr_upper,translate_eng_fr+uppercase
night,NUIT,translate_eng_fr_upper,translate_eng_fr+uppercase
week,SEMAINE,translate_eng_fr_upper,translate_eng_fr+uppercase
month,MOIS,translate_eng_fr_upper,translate_eng_fr+uppercase
year,AN,translate_eng_fr_upper,translate_eng_fr+uppercase
today,AUJOURD'HUI,translate_eng_fr_upper,translate_eng_fr+uppercase
tomorrow,DEMAIN,translate_eng_fr_upper,translate_eng_fr+uppercase
yesterday,HIER,translate_eng_fr_upper,translate_eng_fr+uppercase
school,ÉCOLE,translate_eng_fr_upper,translate_eng_fr+uppercase
student,ÉTUDIANT,translate_eng_fr_upper,translate_eng_fr+uppercase
teacher,PROFESSEUR,translate_eng_fr_upper,translate_eng_fr+uppercase
horse,CHEVAL,translate_eng_fr_upper,translate_eng_fr+uppercase
letter,LETTRE,translate_eng_fr_upper,translate_eng_fr+uppercase
word,MOT,translate_eng_fr_upper,translate_eng_fr+uppercase
sentence,PHRASE,translate_eng_fr_upper,translate_eng_fr+uppercase
page,PAGE,translate_eng_fr_upper,translate_eng_fr+uppercase
music,MUSIQUE,translate_eng_fr_upper,translate_eng_fr+uppercase
song,CHANSON,translate_eng_fr_upper,translate_eng_fr+uppercase
game,JEU,translate_eng_fr_upper,translate_eng_fr+uppercase
sport,SPORT,translate_eng_fr_upper,translate_eng_fr+uppercase
ball,BALLE,translate_eng_fr_upper,translate_eng_fr+uppercase
hand,MAIN,translate_eng_fr_upper,translate_eng_fr+uppercase
head,TÊTE,translate_eng_fr_upper,translate_eng_fr+uppercase
eye,ŒIL,translate_eng_fr_upper,translate_eng_fr+uppercase
ear,OREILLE,translate_eng_fr_upper,translate_eng_fr+uppercase
nose,NEZ,translate_eng_fr_upper,translate_eng_fr+uppercase
mouth,BOUCHE,translate_eng_fr_upper,translate_eng_fr+uppercase
heart,CŒUR,translate_eng_fr_upper,translate_eng_fr+uppercase
brain,CERVEAU,translate_eng_fr_upper,translate_eng_fr+uppercase
body,CORPS,translate_eng_fr_upper,translate_eng_fr+uppercase
red,ROUGE,translate_eng_fr_upper,translate_eng_fr+uppercase
blue,BLEU,translate_eng_fr_upper,translate_eng_fr+uppercase
green,VERT,translate_eng_fr_upper,translate_eng_fr+uppercase
yellow,JAUNE,translate_eng_fr_upper,translate_eng_fr+uppercase
black,NOIR,translate_eng_fr_upper,translate_eng_fr+uppercase
white,BLANC,translate_eng_fr_upper,translate_eng_fr+uppercase
purple,VIOLET,translate_eng_fr_upper,translate_eng_fr+uppercase
pink,ROSE,translate_eng_fr_upper,translate_eng_fr+uppercase
gray,GRIS,translate_eng_fr_upper,translate_eng_fr+uppercase
brown,MARRON,translate_eng_fr_upper,translate_eng_fr+uppercase
big,GRAND,translate_eng_fr_upper,translate_eng_fr+uppercase
small,PETIT,translate_eng_fr_upper,translate_eng_fr+uppercase
hot,CHAUD,translate_eng_fr_upper,translate_eng_fr+uppercase
cold,FROID,translate_eng_fr_upper,translate_eng_fr+uppercase
new,NOUVEAU,translate_eng_fr_upper,translate_eng_fr+uppercase
old,VIEUX,translate_eng_fr_upper,translate_eng_fr+uppercase
good,BON,translate_eng_fr_upper,translate_eng_fr+uppercase
bad,MAUVAIS,translate_eng_fr_upper,translate_eng_fr+uppercase
happy,HEUREUX,translate_eng_fr_upper,translate_eng_fr+uppercase
sad,TRISTE,translate_eng_fr_upper,translate_eng_fr+uppercase
fast,RAPIDE,translate_eng_fr_upper,translate_eng_fr+uppercase
slow,LENT,translate_eng_fr_upper,translate_eng_fr+uppercase
strong,FORT,translate_eng_fr_upper,translate_eng_fr+uppercase
weak,FAIBLE,translate_eng_fr_upper,translate_eng_fr+uppercase
beautiful,BEAU,translate_eng_fr_upper,translate_eng_fr+uppercase
ugly,LAID,translate_eng_fr_upper,translate_eng_fr+uppercase
young,JEUNE,translate_eng_fr_upper,translate_eng_fr+uppercase
rich,RICHE,translate_eng_fr_upper,translate_eng_fr+uppercase
poor,PAUVRE,translate_eng_fr_upper,translate_eng_fr+uppercase
clean,PROPRE,translate_eng_fr_upper,translate_eng_fr+uppercase
dirty,SALE,translate_eng_fr_upper,translate_eng_fr+uppercase
easy,FACILE,translate_eng_fr_upper,translate_eng_fr+uppercase
difficult,DIFFICILE,translate_eng_fr_upper,translate_eng_fr+uppercase
long,LONG,translate_eng_fr_upper,translate_eng_fr+uppercase
short,COURT,translate_eng_fr_upper,translate_eng_fr+uppercase
high,HAUT,translate_eng_fr_upper,translate_eng_fr+uppercase
low,BAS,translate_eng_fr_upper,translate_eng_fr+uppercase
wide,LARGE,translate_eng_fr_upper,translate_eng_fr+uppercase
narrow,ÉTROIT,translate_eng_fr_upper,translate_eng_fr+uppercase
heavy,LOURD,translate_eng_fr_upper,translate_eng_fr+uppercase
light,LÉGER,translate_eng_fr_upper,translate_eng_fr+uppercase
full,PLEIN,translate_eng_fr_upper,translate_eng_fr+uppercase
empty,VIDE,translate_eng_fr_upper,translate_eng_fr+uppercase
right,DROIT,translate_eng_fr_upper,translate_eng_fr+uppercase
left,GAUCHE,translate_eng_fr_upper,translate_eng_fr+uppercase
up,HAUT,translate_eng_fr_upper,translate_eng_fr+uppercase
down,BAS,translate_eng_fr_upper,translate_eng_fr+uppercase
inside,DEDANS,translate_eng_fr_upper,translate_eng_fr+uppercase
outside,DEHORS,translate_eng_fr_upper,translate_eng_fr+uppercase
front,DEVANT,translate_eng_fr_upper,translate_eng_fr+uppercase
back,DERRIÈRE,translate_eng_fr_upper,translate_eng_fr+uppercase
near,PRÈS,translate_eng_fr_upper,translate_eng_fr+uppercase
far,LOIN,translate_eng_fr_upper,translate_eng_fr+uppercase
first,PREMIER,translate_eng_fr_upper,translate_eng_fr+uppercase
last,DERNIER,translate_eng_fr_upper,translate_eng_fr+uppercase
open,OUVERT,translate_eng_fr_upper,translate_eng_fr+uppercase
closed,FERMÉ,translate_eng_fr_upper,translate_eng_fr+uppercase
one,UN,translate_eng_fr_upper,translate_eng_fr+uppercase
two,DEUX,translate_eng_fr_upper,translate_eng_fr+uppercase
three,TROIS,translate_eng_fr_upper,translate_eng_fr+uppercase
four,QUATRE,translate_eng_fr_upper,translate_eng_fr+uppercase
five,CINQ,translate_eng_fr_upper,translate_eng_fr+uppercase
six,SIX,translate_eng_fr_upper,translate_eng_fr+uppercase
seven,SEPT,translate_eng_fr_upper,translate_eng_fr+uppercase
eight,HUIT,translate_eng_fr_upper,translate_eng_fr+uppercase
nine,NEUF,translate_eng_fr_upper,translate_eng_fr+uppercase
ten,DIX,translate_eng_fr_upper,translate_eng_fr+uppercase
hundred,CENT,translate_eng_fr_upper,translate_eng_fr+uppercase
thousand,MILLE,translate_eng_fr_upper,translate_eng_fr+uppercase
brother,FRÈRE,translate_eng_fr_upper,translate_eng_fr+uppercase
sister,SŒUR,translate_eng_fr_upper,translate_eng_fr+uppercase
father,PÈRE,translate_eng_fr_upper,translate_eng_fr+uppercase
mother,MÈRE,translate_eng_fr_upper,translate_eng_fr+uppercase
son,FILS,translate_eng_fr_upper,translate_eng_fr+uppercase
daughter,FILLE,translate_eng_fr_upper,translate_eng_fr+uppercase
husband,MARI,translate_eng_fr_upper,translate_eng_fr+uppercase
wife,FEMME,translate_eng_fr_upper,translate_eng_fr+uppercase
grandfather,GRAND-PÈRE,translate_eng_fr_upper,translate_eng_fr+uppercase
grandmother,GRAND-MÈRE,translate_eng_fr_upper,translate_eng_fr+uppercase
uncle,ONCLE,translate_eng_fr_upper,translate_eng_fr+uppercase
aunt,TANTE,translate_eng_fr_upper,translate_eng_fr+uppercase
cousin,COUSIN,translate_eng_fr_upper,translate_eng_fr+uppercase
king,ROI,translate_eng_fr_upper,translate_eng_fr+uppercase
queen,REINE,translate_eng_fr_upper,translate_eng_fr+uppercase
prince,PRINCE,translate_eng_fr_upper,translate_eng_fr+uppercase
princess,PRINCESSE,translate_eng_fr_upper,translate_eng_fr+uppercase
man,HOMME,translate_eng_fr_upper,translate_eng_fr+uppercase
woman,FEMME,translate_eng_fr_upper,translate_eng_fr+uppercase
boy,GARÇON,translate_eng_fr_upper,translate_eng_fr+uppercase
girl,FILLE,translate_eng_fr_upper,translate_eng_fr+uppercase
baby,BÉBÉ,translate_eng_fr_upper,translate_eng_fr+uppercase
doctor,MÉDECIN,translate_eng_fr_upper,translate_eng_fr+uppercase
nurse,INFIRMIÈRE,translate_eng_fr_upper,translate_eng_fr+uppercase
lawyer,AVOCAT,translate_eng_fr_upper,translate_eng_fr+uppercase
police,POLICE,translate_eng_fr_upper,translate_eng_fr+uppercase
soldier,SOLDAT,translate_eng_fr_upper,translate_eng_fr+uppercase
farmer,FERMIER,translate_eng_fr_upper,translate_eng_fr+uppercase
worker,OUVRIER,translate_eng_fr_upper,translate_eng_fr+uppercase
artist,ARTISTE,translate_eng_fr_upper,translate_eng_fr+uppercase
musician,MUSICIEN,translate_eng_fr_upper,translate_eng_fr+uppercase
HELLO,bonjour,translate_eng_fr_lower,translate_eng_fr+lowercase
GOODBYE,au revoir,translate_eng_fr_lower,translate_eng_fr+lowercase
THANK YOU,merci,translate_eng_fr_lower,translate_eng_fr+lowercase
PLEASE,s'il vous plaît,translate_eng_fr_lower,translate_eng_fr+lowercase
YES,oui,translate_eng_fr_lower,translate_eng_fr+lowercase
NO,non,translate_eng_fr_lower,translate_eng_fr+lowercase
WATER,eau,translate_eng_fr_lower,translate_eng_fr+lowercase
HOUSE,maison,translate_eng_fr_lower,translate_eng_fr+lowercase
CAT,chat,translate_eng_fr_lower,translate_eng_fr+lowercase
DOG,chien,translate_eng_fr_lower,translate_eng_fr+lowercase
GOOD MORNING,bonjour,translate_eng_fr_lower,translate_eng_fr+lowercase
GOOD EVENING,bonsoir,translate_eng_fr_lower,translate_eng_fr+lowercase
GOOD NIGHT,bonne nuit,translate_eng_fr_lower,translate_eng_fr+lowercase
HOW ARE YOU,comment allez-vous,translate_eng_fr_lower,translate_eng_fr+lowercase
I LOVE YOU,je t'aime,translate_eng_fr_lower,translate_eng_fr+lowercase
FRIEND,ami,translate_eng_fr_lower,translate_eng_fr+lowercase
FAMILY,famille,translate_eng_fr_lower,translate_eng_fr+lowercase
FOOD,nourriture,translate_eng_fr_lower,translate_eng_fr+lowercase
BOOK,livre,translate_eng_fr_lower,translate_eng_fr+lowercase
CAR,voiture,translate_eng_fr_lower,translate_eng_fr+lowercase
TREE,arbre,translate_eng_fr_lower,translate_eng_fr+lowercase
FLOWER,fleur,translate_eng_fr_lower,translate_eng_fr+lowercase
SUN,soleil,translate_eng_fr_lower,translate_eng_fr+lowercase
MOON,lune,translate_eng_fr_lower,translate_eng_fr+lowercase
STAR,étoile,translate_eng_fr_lower,translate_eng_fr+lowercase
BREAD,pain,translate_eng_fr_lower,translate_eng_fr+lowercase
CHEESE,fromage,translate_eng_fr_lower,translate_eng_fr+lowercase
WINE,vin,translate_eng_fr_lower,translate_eng_fr+lowercase
COFFEE,café,translate_eng_fr_lower,translate_eng_fr+lowercase
TEA,thé,translate_eng_fr_lower,translate_eng_fr+lowercase
MILK,lait,translate_eng_fr_lower,translate_eng_fr+lowercase
SUGAR,sucre,translate_eng_fr_lower,translate_eng_fr+lowercase
SALT,sel,translate_eng_fr_lower,translate_eng_fr+lowercase
PEPPER,poivre,translate_eng_fr_lower,translate_eng_fr+lowercase
TABLE,table,translate_eng_fr_lower,translate_eng_fr+lowercase
CHAIR,chaise,translate_eng_fr_lower,translate_eng_fr+lowercase
DOOR,porte,translate_eng_fr_lower,translate_eng_fr+lowercase
WINDOW,fenêtre,translate_eng_fr_lower,translate_eng_fr+lowercase
STREET,rue,translate_eng_fr_lower,translate_eng_fr+lowercase
CITY,ville,translate_eng_fr_lower,translate_eng_fr+lowercase
COUNTRY,pays,translate_eng_fr_lower,translate_eng_fr+lowercase
WORLD,monde,translate_eng_fr_lower,translate_eng_fr+lowercase
TIME,temps,translate_eng_fr_lower,translate_eng_fr+lowercase
DAY,jour,translate_eng_fr_lower,translate_eng_fr+lowercase
NIGHT,nuit,translate_eng_fr_lower,translate_eng_fr+lowercase
WEEK,semaine,translate_eng_fr_lower,translate_eng_fr+lowercase
MONTH,mois,translate_eng_fr_lower,translate_eng_fr+lowercase
YEAR,an,translate_eng_fr_lower,translate_eng_fr+lowercase
TODAY,aujourd'hui,translate_eng_fr_lower,translate_eng_fr+lowercase
TOMORROW,demain,translate_eng_fr_lower,translate_eng_fr+lowercase
YESTERDAY,hier,translate_eng_fr_lower,translate_eng_fr+lowercase
SCHOOL,école,translate_eng_fr_lower,translate_eng_fr+lowercase
STUDENT,étudiant,translate_eng_fr_lower,translate_eng_fr+lowercase
TEACHER,professeur,translate_eng_fr_lower,translate_eng_fr+lowercase
HORSE,cheval,translate_eng_fr_lower,translate_eng_fr+lowercase
LETTER,lettre,translate_eng_fr_lower,translate_eng_fr+lowercase
WORD,mot,translate_eng_fr_lower,translate_eng_fr+lowercase
SENTENCE,phrase,translate_eng_fr_lower,translate_eng_fr+lowercase
PAGE,page,translate_eng_fr_lower,translate_eng_fr+lowercase
MUSIC,musique,translate_eng_fr_lower,translate_eng_fr+lowercase
SONG,chanson,translate_eng_fr_lower,translate_eng_fr+lowercase
GAME,jeu,translate_eng_fr_lower,translate_eng_fr+lowercase
SPORT,sport,translate_eng_fr_lower,translate_eng_fr+lowercase
BALL,balle,translate_eng_fr_lower,translate_eng_fr+lowercase
HAND,main,translate_eng_fr_lower,translate_eng_fr+lowercase
HEAD,tête,translate_eng_fr_lower,translate_eng_fr+lowercase
EYE,œil,translate_eng_fr_lower,translate_eng_fr+lowercase
EAR,oreille,translate_eng_fr_lower,translate_eng_fr+lowercase
NOSE,nez,translate_eng_fr_lower,translate_eng_fr+lowercase
MOUTH,bouche,translate_eng_fr_lower,translate_eng_fr+lowercase
HEART,cœur,translate_eng_fr_lower,translate_eng_fr+lowercase
BRAIN,cerveau,translate_eng_fr_lower,translate_eng_fr+lowercase
BODY,corps,translate_eng_fr_lower,translate_eng_fr+lowercase
RED,rouge,translate_eng_fr_lower,translate_eng_fr+lowercase
BLUE,bleu,translate_eng_fr_lower,translate_eng_fr+lowercase
GREEN,vert,translate_eng_fr_lower,translate_eng_fr+lowercase
YELLOW,jaune,translate_eng_fr_lower,translate_eng_fr+lowercase
BLACK,noir,translate_eng_fr_lower,translate_eng_fr+lowercase
WHITE,blanc,translate_eng_fr_lower,translate_eng_fr+lowercase
PURPLE,violet,translate_eng_fr_lower,translate_eng_fr+lowercase
PINK,rose,translate_eng_fr_lower,translate_eng_fr+lowercase
GRAY,gris,translate_eng_fr_lower,translate_eng_fr+lowercase
BROWN,marron,translate_eng_fr_lower,translate_eng_fr+lowercase
BIG,grand,translate_eng_fr_lower,translate_eng_fr+lowercase
SMALL,petit,translate_eng_fr_lower,translate_eng_fr+lowercase
HOT,chaud,translate_eng_fr_lower,translate_eng_fr+lowercase
COLD,froid,translate_eng_fr_lower,translate_eng_fr+lowercase
NEW,nouveau,translate_eng_fr_lower,translate_eng_fr+lowercase
OLD,vieux,translate_eng_fr_lower,translate_eng_fr+lowercase
GOOD,bon,translate_eng_fr_lower,translate_eng_fr+lowercase
BAD,mauvais,translate_eng_fr_lower,translate_eng_fr+lowercase
HAPPY,heureux,translate_eng_fr_lower,translate_eng_fr+lowercase
SAD,triste,translate_eng_fr_lower,translate_eng_fr+lowercase
FAST,rapide,translate_eng_fr_lower,translate_eng_fr+lowercase
SLOW,lent,translate_eng_fr_lower,translate_eng_fr+lowercase
STRONG,fort,translate_eng_fr_lower,translate_eng_fr+lowercase
WEAK,faible,translate_eng_fr_lower,translate_eng_fr+lowercase
BEAUTIFUL,beau,translate_eng_fr_lower,translate_eng_fr+lowercase
UGLY,laid,translate_eng_fr_lower,translate_eng_fr+lowercase
YOUNG,jeune,translate_eng_fr_lower,translate_eng_fr+lowercase
RICH,riche,translate_eng_fr_lower,translate_eng_fr+lowercase
POOR,pauvre,translate_eng_fr_lower,translate_eng_fr+lowercase
CLEAN,propre,translate_eng_fr_lower,translate_eng_fr+lowercase
DIRTY,sale,translate_eng_fr_lower,translate_eng_fr+lowercase
EASY,facile,translate_eng_fr_lower,translate_eng_fr+lowercase
DIFFICULT,difficile,translate_eng_fr_lower,translate_eng_fr+lowercase
LONG,long,translate_eng_fr_lower,translate_eng_fr+lowercase
SHORT,court,translate_eng_fr_lower,translate_eng_fr+lowercase
HIGH,haut,translate_eng_fr_lower,translate_eng_fr+lowercase
LOW,bas,translate_eng_fr_lower,translate_eng_fr+lowercase
WIDE,large,translate_eng_fr_lower,translate_eng_fr+lowercase
NARROW,étroit,translate_eng_fr_lower,translate_eng_fr+lowercase
HEAVY,lourd,translate_eng_fr_lower,translate_eng_fr+lowercase
LIGHT,léger,translate_eng_fr_lower,translate_eng_fr+lowercase
FULL,plein,translate_eng_fr_lower,translate_eng_fr+lowercase
EMPTY,vide,translate_eng_fr_lower,translate_eng_fr+lowercase
RIGHT,droit,translate_eng_fr_lower,translate_eng_fr+lowercase
LEFT,gauche,translate_eng_fr_lower,translate_eng_fr+lowercase
UP,haut,translate_eng_fr_lower,translate_eng_fr+lowercase
DOWN,bas,translate_eng_fr_lower,translate_eng_fr+lowercase
INSIDE,dedans,translate_eng_fr_lower,translate_eng_fr+lowercase
OUTSIDE,dehors,translate_eng_fr_lower,translate_eng_fr+lowercase
FRONT,devant,translate_eng_fr_lower,translate_eng_fr+lowercase
BACK,derrière,translate_eng_fr_lower,translate_eng_fr+lowercase
NEAR,près,translate_eng_fr_lower,translate_eng_fr+lowercase
FAR,loin,translate_eng_fr_lower,translate_eng_fr+lowercase
FIRST,premier,translate_eng_fr_lower,translate_eng_fr+lowercase
LAST,dernier,translate_eng_fr_lower,translate_eng_fr+lowercase
OPEN,ouvert,translate_eng_fr_lower,translate_eng_fr+lowercase
CLOSED,fermé,translate_eng_fr_lower,translate_eng_fr+lowercase
ONE,un,translate_eng_fr_lower,translate_eng_fr+lowercase
TWO,deux,translate_eng_fr_lower,translate_eng_fr+lowercase
THREE,trois,translate_eng_fr_lower,translate_eng_fr+lowercase
FOUR,quatre,translate_eng_fr_lower,translate_eng_fr+lowercase
FIVE,cinq,translate_eng_fr_lower,translate_eng_fr+lowercase
SIX,six,translate_eng_fr_lower,translate_eng_fr+lowercase
SEVEN,sept,translate_eng_fr_lower,translate_eng_fr+lowercase
EIGHT,huit,translate_eng_fr_lower,translate_eng_fr+lowercase
NINE,neuf,translate_eng_fr_lower,translate_eng_fr+lowercase
TEN,dix,translate_eng_fr_lower,translate_eng_fr+lowercase
HUNDRED,cent,translate_eng_fr_lower,translate_eng_fr+lowercase
THOUSAND,mille,translate_eng_fr_lower,translate_eng_fr+lowercase
BROTHER,frère,translate_eng_fr_lower,translate_eng_fr+lowercase
SISTER,sœur,translate_eng_fr_lower,translate_eng_fr+lowercase
FATHER,père,translate_eng_fr_lower,translate_eng_fr+lowercase
MOTHER,mère,translate_eng_fr_lower,translate_eng_fr+lowercase
SON,fils,translate_eng_fr_lower,translate_eng_fr+lowercase
DAUGHTER,fille,translate_eng_fr_lower,translate_eng_fr+lowercase
HUSBAND,mari,translate_eng_fr_lower,translate_eng_fr+lowercase
WIFE,femme,translate_eng_fr_lower,translate_eng_fr+lowercase
GRANDFATHER,grand-père,translate_eng_fr_lower,translate_eng_fr+lowercase
GRANDMOTHER,grand-mère,translate_eng_fr_lower,translate_eng_fr+lowercase
UNCLE,oncle,translate_eng_fr_lower,translate_eng_fr+lowercase
AUNT,tante,translate_eng_fr_lower,translate_eng_fr+lowercase
COUSIN,cousin,translate_eng_fr_lower,translate_eng_fr+lowercase
KING,roi,translate_eng_fr_lower,translate_eng_fr+lowercase
QUEEN,reine,translate_eng_fr_lower,translate_eng_fr+lowercase
PRINCE,prince,translate_eng_fr_lower,translate_eng_fr+lowercase
PRINCESS,princesse,translate_eng_fr_lower,translate_eng_fr+lowercase
MAN,homme,translate_eng_fr_lower,translate_eng_fr+lowercase
WOMAN,femme,translate_eng_fr_lower,translate_eng_fr+lowercase
BOY,garçon,translate_eng_fr_lower,translate_eng_fr+lowercase
GIRL,fille,translate_eng_fr_lower,translate_eng_fr+lowercase
BABY,bébé,translate_eng_fr_lower,translate_eng_fr+lowercase
DOCTOR,médecin,translate_eng_fr_lower,translate_eng_fr+lowercase
NURSE,infirmière,translate_eng_fr_lower,translate_eng_fr+lowercase
LAWYER,avocat,translate_eng_fr_lower,translate_eng_fr+lowercase
POLICE,police,translate_eng_fr_lower,translate_eng_fr+lowercase
SOLDIER,soldat,translate_eng_fr_lower,translate_eng_fr+lowercase
FARMER,fermier,translate_eng_fr_lower,translate_eng_fr+lowercase
WORKER,ouvrier,translate_eng_fr_lower,translate_eng_fr+lowercase
ARTIST,artiste,translate_eng_fr_lower,translate_eng_fr+lowercase
MUSICIAN,musicien,translate_eng_fr_lower,translate_eng_fr+lowercase
hello,ruojnob,translate_eng_fr_reverse,translate_eng_fr+reverse
goodbye,riover ua,translate_eng_fr_reverse,translate_eng_fr+reverse
thank you,icrem,translate_eng_fr_reverse,translate_eng_fr+reverse
please,tîalp suov li's,translate_eng_fr_reverse,translate_eng_fr+reverse
yes,iuo,translate_eng_fr_reverse,translate_eng_fr+reverse
no,non,translate_eng_fr_reverse,translate_eng_fr+reverse
water,uae,translate_eng_fr_reverse,translate_eng_fr+reverse
house,nosiam,translate_eng_fr_reverse,translate_eng_fr+reverse
cat,tahc,translate_eng_fr_reverse,translate_eng_fr+reverse
dog,neihc,translate_eng_fr_reverse,translate_eng_fr+reverse
good morning,ruojnob,translate_eng_fr_reverse,translate_eng_fr+reverse
good evening,riosnob,translate_eng_fr_reverse,translate_eng_fr+reverse
good night,tiun ennob,translate_eng_fr_reverse,translate_eng_fr+reverse
how are you,suov-zella tnemmoc,translate_eng_fr_reverse,translate_eng_fr+reverse
I love you,emia't ej,translate_eng_fr_reverse,translate_eng_fr+reverse
friend,ima,translate_eng_fr_reverse,translate_eng_fr+reverse
family,ellimaf,translate_eng_fr_reverse,translate_eng_fr+reverse
food,erutirruon,translate_eng_fr_reverse,translate_eng_fr+reverse
book,ervil,translate_eng_fr_reverse,translate_eng_fr+reverse
car,erutiov,translate_eng_fr_reverse,translate_eng_fr+reverse
tree,erbra,translate_eng_fr_reverse,translate_eng_fr+reverse
flower,ruelf,translate_eng_fr_reverse,translate_eng_fr+reverse
sun,lielos,translate_eng_fr_reverse,translate_eng_fr+reverse
moon,enul,translate_eng_fr_reverse,translate_eng_fr+reverse
star,elioté,translate_eng_fr_reverse,translate_eng_fr+reverse
bread,niap,translate_eng_fr_reverse,translate_eng_fr+reverse
cheese,egamorf,translate_eng_fr_reverse,translate_eng_fr+reverse
wine,niv,translate_eng_fr_reverse,translate_eng_fr+reverse
coffee,éfac,translate_eng_fr_reverse,translate_eng_fr+reverse
tea,éht,translate_eng_fr_reverse,translate_eng_fr+reverse
milk,tial,translate_eng_fr_reverse,translate_eng_fr+reverse
sugar,ercus,translate_eng_fr_reverse,translate_eng_fr+reverse
salt,les,translate_eng_fr_reverse,translate_eng_fr+reverse
pepper,erviop,translate_eng_fr_reverse,translate_eng_fr+reverse
table,elbat,translate_eng_fr_reverse,translate_eng_fr+reverse
chair,esiahc,translate_eng_fr_reverse,translate_eng_fr+reverse
door,etrop,translate_eng_fr_reverse,translate_eng_fr+reverse
window,ertênef,translate_eng_fr_reverse,translate_eng_fr+reverse
street,eur,translate_eng_fr_reverse,translate_eng_fr+reverse
city,elliv,translate_eng_fr_reverse,translate_eng_fr+reverse
country,syap,translate_eng_fr_reverse,translate_eng_fr+reverse
world,ednom,translate_eng_fr_reverse,translate_eng_fr+reverse
time,spmet,translate_eng_fr_reverse,translate_eng_fr+reverse
day,ruoj,translate_eng_fr_reverse,translate_eng_fr+reverse
night,tiun,translate_eng_fr_reverse,translate_eng_fr+reverse
week,eniames,translate_eng_fr_reverse,translate_eng_fr+reverse
month,siom,translate_eng_fr_reverse,translate_eng_fr+reverse
year,na,translate_eng_fr_reverse,translate_eng_fr+reverse
today,iuh'druojua,translate_eng_fr_reverse,translate_eng_fr+reverse
tomorrow,niamed,translate_eng_fr_reverse,translate_eng_fr+reverse
yesterday,reih,translate_eng_fr_reverse,translate_eng_fr+reverse
school,elocé,translate_eng_fr_reverse,translate_eng_fr+reverse
student,tnaiduté,translate_eng_fr_reverse,translate_eng_fr+reverse
teacher,ruesseforp,translate_eng_fr_reverse,translate_eng_fr+reverse
horse,lavehc,translate_eng_fr_reverse,translate_eng_fr+reverse
letter,erttel,translate_eng_fr_reverse,translate_eng_fr+reverse
word,tom,translate_eng_fr_reverse,translate_eng_fr+reverse
sentence,esarhp,translate_eng_fr_reverse,translate_eng_fr+reverse
page,egap,translate_eng_fr_reverse,translate_eng_fr+reverse
music,euqisum,translate_eng_fr_reverse,translate_eng_fr+reverse
song,nosnahc,translate_eng_fr_reverse,translate_eng_fr+reverse
game,uej,translate_eng_fr_reverse,translate_eng_fr+reverse
sport,trops,translate_eng_fr_reverse,translate_eng_fr+reverse
ball,ellab,translate_eng_fr_reverse,translate_eng_fr+reverse
hand,niam,translate_eng_fr_reverse,translate_eng_fr+reverse
head,etêt,translate_eng_fr_reverse,translate_eng_fr+reverse
eye,liœ,translate_eng_fr_reverse,translate_eng_fr+reverse
ear,elliero,translate_eng_fr_reverse,translate_eng_fr+reverse
nose,zen,translate_eng_fr_reverse,translate_eng_fr+reverse
mouth,ehcuob,translate_eng_fr_reverse,translate_eng_fr+reverse
heart,ruœc,translate_eng_fr_reverse,translate_eng_fr+reverse
brain,uaevrec,translate_eng_fr_reverse,translate_eng_fr+reverse
body,sproc,translate_eng_fr_reverse,translate_eng_fr+reverse
red,eguor,translate_eng_fr_reverse,translate_eng_fr+reverse
blue,uelb,translate_eng_fr_reverse,translate_eng_fr+reverse
green,trev,translate_eng_fr_reverse,translate_eng_fr+reverse
yellow,enuaj,translate_eng_fr_reverse,translate_eng_fr+reverse
black,rion,translate_eng_fr_reverse,translate_eng_fr+reverse
white,cnalb,translate_eng_fr_reverse,translate_eng_fr+reverse
purple,teloiv,translate_eng_fr_reverse,translate_eng_fr+reverse
pink,esor,translate_eng_fr_reverse,translate_eng_fr+reverse
gray,sirg,translate_eng_fr_reverse,translate_eng_fr+reverse
brown,norram,translate_eng_fr_reverse,translate_eng_fr+reverse
big,dnarg,translate_eng_fr_reverse,translate_eng_fr+reverse
small,titep,translate_eng_fr_reverse,translate_eng_fr+reverse
hot,duahc,translate_eng_fr_reverse,translate_eng_fr+reverse
cold,diorf,translate_eng_fr_reverse,translate_eng_fr+reverse
new,uaevuon,translate_eng_fr_reverse,translate_eng_fr+reverse
old,xueiv,translate_eng_fr_reverse,translate_eng_fr+reverse
good,nob,translate_eng_fr_reverse,translate_eng_fr+reverse
bad,siavuam,translate_eng_fr_reverse,translate_eng_fr+reverse
happy,xuerueh,translate_eng_fr_reverse,translate_eng_fr+reverse
sad,etsirt,translate_eng_fr_reverse,translate_eng_fr+reverse
fast,edipar,translate_eng_fr_reverse,translate_eng_fr+reverse
slow,tnel,translate_eng_fr_reverse,translate_eng_fr+reverse
strong,trof,translate_eng_fr_reverse,translate_eng_fr+reverse
weak,elbiaf,translate_eng_fr_reverse,translate_eng_fr+reverse
beautiful,uaeb,translate_eng_fr_reverse,translate_eng_fr+reverse
ugly,dial,translate_eng_fr_reverse,translate_eng_fr+reverse
young,enuej,translate_eng_fr_reverse,translate_eng_fr+reverse
rich,ehcir,translate_eng_fr_reverse,translate_eng_fr+reverse
poor,ervuap,translate_eng_fr_reverse,translate_eng_fr+reverse
clean,erporp,translate_eng_fr_reverse,translate_eng_fr+reverse
dirty,elas,translate_eng_fr_reverse,translate_eng_fr+reverse
easy,elicaf,translate_eng_fr_reverse,translate_eng_fr+reverse
difficult,eliciffid,translate_eng_fr_reverse,translate_eng_fr+reverse
long,gnol,translate_eng_fr_reverse,translate_eng_fr+reverse
short,truoc,translate_eng_fr_reverse,translate_eng_fr+reverse
high,tuah,translate_eng_fr_reverse,translate_eng_fr+reverse
low,sab,translate_eng_fr_reverse,translate_eng_fr+reverse
wide,egral,translate_eng_fr_reverse,translate_eng_fr+reverse
narrow,tiorté,translate_eng_fr_reverse,translate_eng_fr+reverse
heavy,druol,translate_eng_fr_reverse,translate_eng_fr+reverse
light,regél,translate_eng_fr_reverse,translate_eng_fr+reverse
full,nielp,translate_eng_fr_reverse,translate_eng_fr+reverse
empty,ediv,translate_eng_fr_reverse,translate_eng_fr+reverse
right,tiord,translate_eng_fr_reverse,translate_eng_fr+reverse
left,ehcuag,translate_eng_fr_reverse,translate_eng_fr+reverse
up,tuah,translate_eng_fr_reverse,translate_eng_fr+reverse
down,sab,translate_eng_fr_reverse,translate_eng_fr+reverse
inside,snaded,translate_eng_fr_reverse,translate_eng_fr+reverse
outside,srohed,translate_eng_fr_reverse,translate_eng_fr+reverse
front,tnaved,translate_eng_fr_reverse,translate_eng_fr+reverse
back,erèirred,translate_eng_fr_reverse,translate_eng_fr+reverse
near,sèrp,translate_eng_fr_reverse,translate_eng_fr+reverse
far,niol,translate_eng_fr_reverse,translate_eng_fr+reverse
first,reimerp,translate_eng_fr_reverse,translate_eng_fr+reverse
last,reinred,translate_eng_fr_reverse,translate_eng_fr+reverse
open,trevuo,translate_eng_fr_reverse,translate_eng_fr+reverse
closed,émref,translate_eng_fr_reverse,translate_eng_fr+reverse
one,nu,translate_eng_fr_reverse,translate_eng_fr+reverse
two,xued,translate_eng_fr_reverse,translate_eng_fr+reverse
three,siort,translate_eng_fr_reverse,translate_eng_fr+reverse
four,ertauq,translate_eng_fr_reverse,translate_eng_fr+reverse
five,qnic,translate_eng_fr_reverse,translate_eng_fr+reverse
six,xis,translate_eng_fr_reverse,translate_eng_fr+reverse
seven,tpes,translate_eng_fr_reverse,translate_eng_fr+reverse
eight,tiuh,translate_eng_fr_reverse,translate_eng_fr+reverse
nine,fuen,translate_eng_fr_reverse,translate_eng_fr+reverse
ten,xid,translate_eng_fr_reverse,translate_eng_fr+reverse
hundred,tnec,translate_eng_fr_reverse,translate_eng_fr+reverse
thousand,ellim,translate_eng_fr_reverse,translate_eng_fr+reverse
brother,erèrf,translate_eng_fr_reverse,translate_eng_fr+reverse
sister,ruœs,translate_eng_fr_reverse,translate_eng_fr+reverse
father,erèp,translate_eng_fr_reverse,translate_eng_fr+reverse
mother,erèm,translate_eng_fr_reverse,translate_eng_fr+reverse
son,slif,translate_eng_fr_reverse,translate_eng_fr+reverse
daughter,ellif,translate_eng_fr_reverse,translate_eng_fr+reverse
husband,iram,translate_eng_fr_reverse,translate_eng_fr+reverse
wife,emmef,translate_eng_fr_reverse,translate_eng_fr+reverse
grandfather,erèp-dnarg,translate_eng_fr_reverse,translate_eng_fr+reverse
grandmother,erèm-dnarg,translate_eng_fr_reverse,translate_eng_fr+reverse
uncle,elcno,translate_eng_fr_reverse,translate_eng_fr+reverse
aunt,etnat,translate_eng_fr_reverse,translate_eng_fr+reverse
cousin,nisuoc,translate_eng_fr_reverse,translate_eng_fr+reverse
king,ior,translate_eng_fr_reverse,translate_eng_fr+reverse
queen,enier,translate_eng_fr_reverse,translate_eng_fr+reverse
prince,ecnirp,translate_eng_fr_reverse,translate_eng_fr+reverse
princess,essecnirp,translate_eng_fr_reverse,translate_eng_fr+reverse
man,emmoh,translate_eng_fr_reverse,translate_eng_fr+reverse
woman,emmef,translate_eng_fr_reverse,translate_eng_fr+reverse
boy,noçrag,translate_eng_fr_reverse,translate_eng_fr+reverse
girl,ellif,translate_eng_fr_reverse,translate_eng_fr+reverse
baby,ébéb,translate_eng_fr_reverse,translate_eng_fr+reverse
doctor,nicedém,translate_eng_fr_reverse,translate_eng_fr+reverse
nurse,erèimrifni,translate_eng_fr_reverse,translate_eng_fr+reverse
lawyer,tacova,translate_eng_fr_reverse,translate_eng_fr+reverse
police,ecilop,translate_eng_fr_reverse,translate_eng_fr+reverse
soldier,tadlos,translate_eng_fr_reverse,translate_eng_fr+reverse
farmer,reimref,translate_eng_fr_reverse,translate_eng_fr+reverse
worker,reirvuo,translate_eng_fr_reverse,translate_eng_fr+reverse
artist,etsitra,translate_eng_fr_reverse,translate_eng_fr+reverse
musician,neicisum,translate_eng_fr_reverse,translate_eng_fr+reverse
hello,b,translate_eng_fr_first,translate_eng_fr+first_letter
goodbye,a,translate_eng_fr_first,translate_eng_fr+first_letter
thank you,m,translate_eng_fr_first,translate_eng_fr+first_letter
please,s,translate_eng_fr_first,translate_eng_fr+first_letter
yes,o,translate_eng_fr_first,translate_eng_fr+first_letter
no,n,translate_eng_fr_first,translate_eng_fr+first_letter
water,e,translate_eng_fr_first,translate_eng_fr+first_letter
house,m,translate_eng_fr_first,translate_eng_fr+first_letter
cat,c,translate_eng_fr_first,translate_eng_fr+first_letter
dog,c,translate_eng_fr_first,translate_eng_fr+first_letter
good morning,b,translate_eng_fr_first,translate_eng_fr+first_letter
good evening,b,translate_eng_fr_first,translate_eng_fr+first_letter
good night,b,translate_eng_fr_first,translate_eng_fr+first_letter
how are you,c,translate_eng_fr_first,translate_eng_fr+first_letter
I love you,j,translate_eng_fr_first,translate_eng_fr+first_letter
friend,a,translate_eng_fr_first,translate_eng_fr+first_letter
family,f,translate_eng_fr_first,translate_eng_fr+first_letter
food,n,translate_eng_fr_first,translate_eng_fr+first_letter
book,l,translate_eng_fr_first,translate_eng_fr+first_letter
car,v,translate_eng_fr_first,translate_eng_fr+first_letter
tree,a,translate_eng_fr_first,translate_eng_fr+first_letter
flower,f,translate_eng_fr_first,translate_eng_fr+first_letter
sun,s,translate_eng_fr_first,translate_eng_fr+first_letter
moon,l,translate_eng_fr_first,translate_eng_fr+first_letter
star,é,translate_eng_fr_first,translate_eng_fr+first_letter
bread,p,translate_eng_fr_first,translate_eng_fr+first_letter
cheese,f,translate_eng_fr_first,translate_eng_fr+first_letter
wine,v,translate_eng_fr_first,translate_eng_fr+first_letter
coffee,c,translate_eng_fr_first,translate_eng_fr+first_letter
tea,t,translate_eng_fr_first,translate_eng_fr+first_letter
milk,l,translate_eng_fr_first,translate_eng_fr+first_letter
sugar,s,translate_eng_fr_first,translate_eng_fr+first_letter
salt,s,translate_eng_fr_first,translate_eng_fr+first_letter
pepper,p,translate_eng_fr_first,translate_eng_fr+first_letter
table,t,translate_eng_fr_first,translate_eng_fr+first_letter
chair,c,translate_eng_fr_first,translate_eng_fr+first_letter
door,p,translate_eng_fr_first,translate_eng_fr+first_letter
window,f,translate_eng_fr_first,translate_eng_fr+first_letter
street,r,translate_eng_fr_first,translate_eng_fr+first_letter
city,v,translate_eng_fr_first,translate_eng_fr+first_letter
country,p,translate_eng_fr_first,translate_eng_fr+first_letter
world,m,translate_eng_fr_first,translate_eng_fr+first_letter
time,t,translate_eng_fr_first,translate_eng_fr+first_letter
day,j,translate_eng_fr_first,translate_eng_fr+first_letter
night,n,translate_eng_fr_first,translate_eng_fr+first_letter
week,s,translate_eng_fr_first,translate_eng_fr+first_letter
month,m,translate_eng_fr_first,translate_eng_fr+first_letter
year,a,translate_eng_fr_first,translate_eng_fr+first_letter
today,a,translate_eng_fr_first,translate_eng_fr+first_letter
tomorrow,d,translate_eng_fr_first,translate_eng_fr+first_letter
yesterday,h,translate_eng_fr_first,translate_eng_fr+first_letter
school,é,translate_eng_fr_first,translate_eng_fr+first_letter
student,é,translate_eng_fr_first,translate_eng_fr+first_letter
teacher,p,translate_eng_fr_first,translate_eng_fr+first_letter
horse,c,translate_eng_fr_first,translate_eng_fr+first_letter
letter,l,translate_eng_fr_first,translate_eng_fr+first_letter
word,m,translate_eng_fr_first,translate_eng_fr+first_letter
sentence,p,translate_eng_fr_first,translate_eng_fr+first_letter
page,p,translate_eng_fr_first,translate_eng_fr+first_letter
music,m,translate_eng_fr_first,translate_eng_fr+first_letter
song,c,translate_eng_fr_first,translate_eng_fr+first_letter
game,j,translate_eng_fr_first,translate_eng_fr+first_letter
sport,s,translate_eng_fr_first,translate_eng_fr+first_letter
ball,b,translate_eng_fr_first,translate_eng_fr+first_letter
hand,m,translate_eng_fr_first,translate_eng_fr+first_letter
head,t,translate_eng_fr_first,translate_eng_fr+first_letter
eye,œ,translate_eng_fr_first,translate_eng_fr+first_letter
ear,o,translate_eng_fr_first,translate_eng_fr+first_letter
nose,n,translate_eng_fr_first,translate_eng_fr+first_letter
mouth,b,translate_eng_fr_first,translate_eng_fr+first_letter
heart,c,translate_eng_fr_first,translate_eng_fr+first_letter
brain,c,translate_eng_fr_first,translate_eng_fr+first_letter
body,c,translate_eng_fr_first,translate_eng_fr+first_letter
red,r,translate_eng_fr_first,translate_eng_fr+first_letter
blue,b,translate_eng_fr_first,translate_eng_fr+first_letter
green,v,translate_eng_fr_first,translate_eng_fr+first_letter
yellow,j,translate_eng_fr_first,translate_eng_fr+first_letter
black,n,translate_eng_fr_first,translate_eng_fr+first_letter
white,b,translate_eng_fr_first,translate_eng_fr+first_letter
purple,v,translate_eng_fr_first,translate_eng_fr+first_letter
pink,r,translate_eng_fr_first,translate_eng_fr+first_letter
gray,g,translate_eng_fr_first,translate_eng_fr+first_letter
brown,m,translate_eng_fr_first,translate_eng_fr+first_letter
big,g,translate_eng_fr_first,translate_eng_fr+first_letter
small,p,translate_eng_fr_first,translate_eng_fr+first_letter
hot,c,translate_eng_fr_first,translate_eng_fr+first_letter
cold,f,translate_eng_fr_first,translate_eng_fr+first_letter
new,n,translate_eng_fr_first,translate_eng_fr+first_letter
old,v,translate_eng_fr_first,translate_eng_fr+first_letter
good,b,translate_eng_fr_first,translate_eng_fr+first_letter
bad,m,translate_eng_fr_first,translate_eng_fr+first_letter
happy,h,translate_eng_fr_first,translate_eng_fr+first_letter
sad,t,translate_eng_fr_first,translate_eng_fr+first_letter
fast,r,translate_eng_fr_first,translate_eng_fr+first_letter
slow,l,translate_eng_fr_first,translate_eng_fr+first_letter
strong,f,translate_eng_fr_first,translate_eng_fr+first_letter
weak,f,translate_eng_fr_first,translate_eng_fr+first_letter
beautiful,b,translate_eng_fr_first,translate_eng_fr+first_letter
ugly,l,translate_eng_fr_first,translate_eng_fr+first_letter
young,j,translate_eng_fr_first,translate_eng_fr+first_letter
rich,r,translate_eng_fr_first,translate_eng_fr+first_letter
poor,p,translate_eng_fr_first,translate_eng_fr+first_letter
clean,p,translate_eng_fr_first,translate_eng_fr+first_letter
dirty,s,translate_eng_fr_first,translate_eng_fr+first_letter
easy,f,translate_eng_fr_first,translate_eng_fr+first_letter
difficult,d,translate_eng_fr_first,translate_eng_fr+first_letter
long,l,translate_eng_fr_first,translate_eng_fr+first_letter
short,c,translate_eng_fr_first,translate_eng_fr+first_letter
high,h,translate_eng_fr_first,translate_eng_fr+first_letter
low,b,translate_eng_fr_first,translate_eng_fr+first_letter
wide,l,translate_eng_fr_first,translate_eng_fr+first_letter
narrow,é,translate_eng_fr_first,translate_eng_fr+first_letter
heavy,l,translate_eng_fr_first,translate_eng_fr+first_letter
light,l,translate_eng_fr_first,translate_eng_fr+first_letter
full,p,translate_eng_fr_first,translate_eng_fr+first_letter
empty,v,translate_eng_fr_first,translate_eng_fr+first_letter
right,d,translate_eng_fr_first,translate_eng_fr+first_letter
left,g,translate_eng_fr_first,translate_eng_fr+first_letter
up,h,translate_eng_fr_first,translate_eng_fr+first_letter
down,b,translate_eng_fr_first,translate_eng_fr+first_letter
inside,d,translate_eng_fr_first,translate_eng_fr+first_letter
outside,d,translate_eng_fr_first,translate_eng_fr+first_letter
front,d,translate_eng_fr_first,translate_eng_fr+first_letter
back,d,translate_eng_fr_first,translate_eng_fr+first_letter
near,p,translate_eng_fr_first,translate_eng_fr+first_letter
far,l,translate_eng_fr_first,translate_eng_fr+first_letter
first,p,translate_eng_fr_first,translate_eng_fr+first_letter
last,d,translate_eng_fr_first,translate_eng_fr+first_letter
open,o,translate_eng_fr_first,translate_eng_fr+first_letter
closed,f,translate_eng_fr_first,translate_eng_fr+first_letter
one,u,translate_eng_fr_first,translate_eng_fr+first_letter
two,d,translate_eng_fr_first,translate_eng_fr+first_letter
three,t,translate_eng_fr_first,translate_eng_fr+first_letter
four,q,translate_eng_fr_first,translate_eng_fr+first_letter
five,c,translate_eng_fr_first,translate_eng_fr+first_letter
six,s,translate_eng_fr_first,translate_eng_fr+first_letter
seven,s,translate_eng_fr_first,translate_eng_fr+first_letter
eight,h,translate_eng_fr_first,translate_eng_fr+first_letter
nine,n,translate_eng_fr_first,translate_eng_fr+first_letter
ten,d,translate_eng_fr_first,translate_eng_fr+first_letter
hundred,c,translate_eng_fr_first,translate_eng_fr+first_letter
thousand,m,translate_eng_fr_first,translate_eng_fr+first_letter
brother,f,translate_eng_fr_first,translate_eng_fr+first_letter
sister,s,translate_eng_fr_first,translate_eng_fr+first_letter
father,p,translate_eng_fr_first,translate_eng_fr+first_letter
mother,m,translate_eng_fr_first,translate_eng_fr+first_letter
son,f,translate_eng_fr_first,translate_eng_fr+first_letter
daughter,f,translate_eng_fr_first,translate_eng_fr+first_letter
husband,m,translate_eng_fr_first,translate_eng_fr+first_letter
wife,f,translate_eng_fr_first,translate_eng_fr+first_letter
grandfather,g,translate_eng_fr_first,translate_eng_fr+first_letter
grandmother,g,translate_eng_fr_first,translate_eng_fr+first_letter
uncle,o,translate_eng_fr_first,translate_eng_fr+first_letter
aunt,t,translate_eng_fr_first,translate_eng_fr+first_letter
cousin,c,translate_eng_fr_first,translate_eng_fr+first_letter
king,r,translate_eng_fr_first,translate_eng_fr+first_letter
queen,r,translate_eng_fr_first,translate_eng_fr+first_letter
prince,p,translate_eng_fr_first,translate_eng_fr+first_letter
princess,p,translate_eng_fr_first,translate_eng_fr+first_letter
man,h,translate_eng_fr_first,translate_eng_fr+first_letter
woman,f,translate_eng_fr_first,translate_eng_fr+first_letter
boy,g,translate_eng_fr_first,translate_eng_fr+first_letter
girl,f,translate_eng_fr_first,translate_eng_fr+first_letter
baby,b,translate_eng_fr_first,translate_eng_fr+first_letter
doctor,m,translate_eng_fr_first,translate_eng_fr+first_letter
nurse,i,translate_eng_fr_first,translate_eng_fr+first_letter
lawyer,a,translate_eng_fr_first,translate_eng_fr+first_letter
police,p,translate_eng_fr_first,translate_eng_fr+first_letter
soldier,s,translate_eng_fr_first,translate_eng_fr+first_letter
farmer,f,translate_eng_fr_first,translate_eng_fr+first_letter
worker,o,translate_eng_fr_first,translate_eng_fr+first_letter
artist,a,translate_eng_fr_first,translate_eng_fr+first_letter
musician,m,translate_eng_fr_first,translate_eng_fr+first_letter
hello,r,translate_eng_fr_last,translate_eng_fr+last_letter
goodbye,r,translate_eng_fr_last,translate_eng_fr+last_letter
thank you,i,translate_eng_fr_last,translate_eng_fr+last_letter
please,t,translate_eng_fr_last,translate_eng_fr+last_letter
yes,i,translate_eng_fr_last,translate_eng_fr+last_letter
no,n,translate_eng_fr_last,translate_eng_fr+last_letter
water,u,translate_eng_fr_last,translate_eng_fr+last_letter
house,n,translate_eng_fr_last,translate_eng_fr+last_letter
cat,t,translate_eng_fr_last,translate_eng_fr+last_letter
dog,n,translate_eng_fr_last,translate_eng_fr+last_letter
good morning,r,translate_eng_fr_last,translate_eng_fr+last_letter
good evening,r,translate_eng_fr_last,translate_eng_fr+last_letter
good night,t,translate_eng_fr_last,translate_eng_fr+last_letter
how are you,s,translate_eng_fr_last,translate_eng_fr+last_letter
I love you,e,translate_eng_fr_last,translate_eng_fr+last_letter
friend,i,translate_eng_fr_last,translate_eng_fr+last_letter
family,e,translate_eng_fr_last,translate_eng_fr+last_letter
food,e,translate_eng_fr_last,translate_eng_fr+last_letter
book,e,translate_eng_fr_last,translate_eng_fr+last_letter
car,e,translate_eng_fr_last,translate_eng_fr+last_letter
tree,e,translate_eng_fr_last,translate_eng_fr+last_letter
flower,r,translate_eng_fr_last,translate_eng_fr+last_letter
sun,l,translate_eng_fr_last,translate_eng_fr+last_letter
moon,e,translate_eng_fr_last,translate_eng_fr+last_letter
star,e,translate_eng_fr_last,translate_eng_fr+last_letter
bread,n,translate_eng_fr_last,translate_eng_fr+last_letter
cheese,e,translate_eng_fr_last,translate_eng_fr+last_letter
wine,n,translate_eng_fr_last,translate_eng_fr+last_letter
coffee,é,translate_eng_fr_last,translate_eng_fr+last_letter
tea,é,translate_eng_fr_last,translate_eng_fr+last_letter
milk,t,translate_eng_fr_last,translate_eng_fr+last_letter
sugar,e,translate_eng_fr_last,translate_eng_fr+last_letter
salt,l,translate_eng_fr_last,translate_eng_fr+last_letter
pepper,e,translate_eng_fr_last,translate_eng_fr+last_letter
table,e,translate_eng_fr_last,translate_eng_fr+last_letter
chair,e,translate_eng_fr_last,translate_eng_fr+last_letter
door,e,translate_eng_fr_last,translate_eng_fr+last_letter
window,e,translate_eng_fr_last,translate_eng_fr+last_letter
street,e,translate_eng_fr_last,translate_eng_fr+last_letter
city,e,translate_eng_fr_last,translate_eng_fr+last_letter
country,s,translate_eng_fr_last,translate_eng_fr+last_letter
world,e,translate_eng_fr_last,translate_eng_fr+last_letter
time,s,translate_eng_fr_last,translate_eng_fr+last_letter
day,r,translate_eng_fr_last,translate_eng_fr+last_letter
night,t,translate_eng_fr_last,translate_eng_fr+last_letter
week,e,translate_eng_fr_last,translate_eng_fr+last_letter
month,s,translate_eng_fr_last,translate_eng_fr+last_letter
year,n,translate_eng_fr_last,translate_eng_fr+last_letter
today,i,translate_eng_fr_last,translate_eng_fr+last_letter
tomorrow,n,translate_eng_fr_last,translate_eng_fr+last_letter
yesterday,r,translate_eng_fr_last,translate_eng_fr+last_letter
school,e,translate_eng_fr_last,translate_eng_fr+last_letter
student,t,translate_eng_fr_last,translate_eng_fr+last_letter
teacher,r,translate_eng_fr_last,translate_eng_fr+last_letter
horse,l,translate_eng_fr_last,translate_eng_fr+last_letter
letter,e,translate_eng_fr_last,translate_eng_fr+last_letter
word,t,translate_eng_fr_last,translate_eng_fr+last_letter
sentence,e,translate_eng_fr_last,translate_eng_fr+last_letter
page,e,translate_eng_fr_last,translate_eng_fr+last_letter
music,e,translate_eng_fr_last,translate_eng_fr+last_letter
song,n,translate_eng_fr_last,translate_eng_fr+last_letter
game,u,translate_eng_fr_last,translate_eng_fr+last_letter
sport,t,translate_eng_fr_last,translate_eng_fr+last_letter
ball,e,translate_eng_fr_last,translate_eng_fr+last_letter
hand,n,translate_eng_fr_last,translate_eng_fr+last_letter
head,e,translate_eng_fr_last,translate_eng_fr+last_letter
eye,l,translate_eng_fr_last,translate_eng_fr+last_letter
ear,e,translate_eng_fr_last,translate_eng_fr+last_letter
nose,z,translate_eng_fr_last,translate_eng_fr+last_letter
mouth,e,translate_eng_fr_last,translate_eng_fr+last_letter
heart,r,translate_eng_fr_last,translate_eng_fr+last_letter
brain,u,translate_eng_fr_last,translate_eng_fr+last_letter
body,s,translate_eng_fr_last,translate_eng_fr+last_letter
red,e,translate_eng_fr_last,translate_eng_fr+last_letter
blue,u,translate_eng_fr_last,translate_eng_fr+last_letter
green,t,translate_eng_fr_last,translate_eng_fr+last_letter
yellow,e,translate_eng_fr_last,translate_eng_fr+last_letter
black,r,translate_eng_fr_last,translate_eng_fr+last_letter
white,c,translate_eng_fr_last,translate_eng_fr+last_letter
purple,t,translate_eng_fr_last,translate_eng_fr+last_letter
pink,e,translate_eng_fr_last,translate_eng_fr+last_letter
gray,s,translate_eng_fr_last,translate_eng_fr+last_letter
brown,n,translate_eng_fr_last,translate_eng_fr+last_letter
big,d,translate_eng_fr_last,translate_eng_fr+last_letter
small,t,translate_eng_fr_last,translate_eng_fr+last_letter
hot,d,translate_eng_fr_last,translate_eng_fr+last_letter
cold,d,translate_eng_fr_last,translate_eng_fr+last_letter
new,u,translate_eng_fr_last,translate_eng_fr+last_letter
old,x,translate_eng_fr_last,translate_eng_fr+last_letter
good,n,translate_eng_fr_last,translate_eng_fr+last_letter
bad,s,translate_eng_fr_last,translate_eng_fr+last_letter
happy,x,translate_eng_fr_last,translate_eng_fr+last_letter
sad,e,translate_eng_fr_last,translate_eng_fr+last_letter
fast,e,translate_eng_fr_last,translate_eng_fr+last_letter
slow,t,translate_eng_fr_last,translate_eng_fr+last_letter
strong,t,translate_eng_fr_last,translate_eng_fr+last_letter
weak,e,translate_eng_fr_last,translate_eng_fr+last_letter
beautiful,u,translate_eng_fr_last,translate_eng_fr+last_letter
ugly,d,translate_eng_fr_last,translate_eng_fr+last_letter
young,e,translate_eng_fr_last,translate_eng_fr+last_letter
rich,e,translate_eng_fr_last,translate_eng_fr+last_letter
poor,e,translate_eng_fr_last,translate_eng_fr+last_letter
clean,e,translate_eng_fr_last,translate_eng_fr+last_letter
dirty,e,translate_eng_fr_last,translate_eng_fr+last_letter
easy,e,translate_eng_fr_last,translate_eng_fr+last_letter
difficult,e,translate_eng_fr_last,translate_eng_fr+last_letter
long,g,translate_eng_fr_last,translate_eng_fr+last_letter
short,t,translate_eng_fr_last,translate_eng_fr+last_letter
high,t,translate_eng_fr_last,translate_eng_fr+last_letter
low,s,translate_eng_fr_last,translate_eng_fr+last_letter
wide,e,translate_eng_fr_last,translate_eng_fr+last_letter
narrow,t,translate_eng_fr_last,translate_eng_fr+last_letter
heavy,d,translate_eng_fr_last,translate_eng_fr+last_letter
light,r,translate_eng_fr_last,translate_eng_fr+last_letter
full,n,translate_eng_fr_last,translate_eng_fr+last_letter
empty,e,translate_eng_fr_last,translate_eng_fr+last_letter
right,t,translate_eng_fr_last,translate_eng_fr+last_letter
left,e,translate_eng_fr_last,translate_eng_fr+last_letter
up,t,translate_eng_fr_last,translate_eng_fr+last_letter
down,s,translate_eng_fr_last,translate_eng_fr+last_letter
inside,s,translate_eng_fr_last,translate_eng_fr+last_letter
outside,s,translate_eng_fr_last,translate_eng_fr+last_letter
front,t,translate_eng_fr_last,translate_eng_fr+last_letter
back,e,translate_eng_fr_last,translate_eng_fr+last_letter
near,s,translate_eng_fr_last,translate_eng_fr+last_letter
far,n,translate_eng_fr_last,translate_eng_fr+last_letter
first,r,translate_eng_fr_last,translate_eng_fr+last_letter
last,r,translate_eng_fr_last,translate_eng_fr+last_letter
open,t,translate_eng_fr_last,translate_eng_fr+last_letter
closed,é,translate_eng_fr_last,translate_eng_fr+last_letter
one,n,translate_eng_fr_last,translate_eng_fr+last_letter
two,x,translate_eng_fr_last,translate_eng_fr+last_letter
three,s,translate_eng_fr_last,translate_eng_fr+last_letter
four,e,translate_eng_fr_last,translate_eng_fr+last_letter
five,q,translate_eng_fr_last,translate_eng_fr+last_letter
six,x,translate_eng_fr_last,translate_eng_fr+last_letter
seven,t,translate_eng_fr_last,translate_eng_fr+last_letter
eight,t,translate_eng_fr_last,translate_eng_fr+last_letter
nine,f,translate_eng_fr_last,translate_eng_fr+last_letter
ten,x,translate_eng_fr_last,translate_eng_fr+last_letter
hundred,t,translate_eng_fr_last,translate_eng_fr+last_letter
thousand,e,translate_eng_fr_last,translate_eng_fr+last_letter
brother,e,translate_eng_fr_last,translate_eng_fr+last_letter
sister,r,translate_eng_fr_last,translate_eng_fr+last_letter
father,e,translate_eng_fr_last,translate_eng_fr+last_letter
mother,e,translate_eng_fr_last,translate_eng_fr+last_letter
son,s,translate_eng_fr_last,translate_eng_fr+last_letter
daughter,e,translate_eng_fr_last,translate_eng_fr+last_letter
husband,i,translate_eng_fr_last,translate_eng_fr+last_letter
wife,e,translate_eng_fr_last,translate_eng_fr+last_letter
grandfather,e,translate_eng_fr_last,translate_eng_fr+last_letter
grandmother,e,translate_eng_fr_last,translate_eng_fr+last_letter
uncle,e,translate_eng_fr_last,translate_eng_fr+last_letter
aunt,e,translate_eng_fr_last,translate_eng_fr+last_letter
cousin,n,translate_eng_fr_last,translate_eng_fr+last_letter
king,i,translate_eng_fr_last,translate_eng_fr+last_letter
queen,e,translate_eng_fr_last,translate_eng_fr+last_letter
prince,e,translate_eng_fr_last,translate_eng_fr+last_letter
princess,e,translate_eng_fr_last,translate_eng_fr+last_letter
man,e,translate_eng_fr_last,translate_eng_fr+last_letter
woman,e,translate_eng_fr_last,translate_eng_fr+last_letter
boy,n,translate_eng_fr_last,translate_eng_fr+last_letter
girl,e,translate_eng_fr_last,translate_eng_fr+last_letter
baby,é,translate_eng_fr_last,translate_eng_fr+last_letter
doctor,n,translate_eng_fr_last,translate_eng_fr+last_letter
nurse,e,translate_eng_fr_last,translate_eng_fr+last_letter
lawyer,t,translate_eng_fr_last,translate_eng_fr+last_letter
police,e,translate_eng_fr_last,translate_eng_fr+last_letter
soldier,t,translate_eng_fr_last,translate_eng_fr+last_letter
farmer,r,translate_eng_fr_last,translate_eng_fr+last_letter
worker,r,translate_eng_fr_last,translate_eng_fr+last_letter
artist,e,translate_eng_fr_last,translate_eng_fr+last_letter
musician,n,translate_eng_fr_last,translate_eng_fr+last_letter
hello,HOLA,translate_eng_sp_upper,translate_eng_sp+uppercase
goodbye,ADIÓS,translate_eng_sp_upper,translate_eng_sp+uppercase
thank you,GRACIAS,translate_eng_sp_upper,translate_eng_sp+uppercase
please,POR FAVOR,translate_eng_sp_upper,translate_eng_sp+uppercase
yes,SÍ,translate_eng_sp_upper,translate_eng_sp+uppercase
water,AGUA,translate_eng_sp_upper,translate_eng_sp+uppercase
house,CASA,translate_eng_sp_upper,translate_eng_sp+uppercase
cat,GATO,translate_eng_sp_upper,translate_eng_sp+uppercase
dog,PERRO,translate_eng_sp_upper,translate_eng_sp+uppercase
good morning,BUENOS DÍAS,translate_eng_sp_upper,translate_eng_sp+uppercase
good evening,BUENAS TARDES,translate_eng_sp_upper,translate_eng_sp+uppercase
good night,BUENAS NOCHES,translate_eng_sp_upper,translate_eng_sp+uppercase
how are you,CÓMO ESTÁS,translate_eng_sp_upper,translate_eng_sp+uppercase
i love you,TE QUIERO,translate_eng_sp_upper,translate_eng_sp+uppercase
friend,AMIGO,translate_eng_sp_upper,translate_eng_sp+uppercase
family,FAMILIA,translate_eng_sp_upper,translate_eng_sp+uppercase
food,COMIDA,translate_eng_sp_upper,translate_eng_sp+uppercase
book,LIBRO,translate_eng_sp_upper,translate_eng_sp+uppercase
car,COCHE,translate_eng_sp_upper,translate_eng_sp+uppercase
tree,ÁRBOL,translate_eng_sp_upper,translate_eng_sp+uppercase
flower,FLOR,translate_eng_sp_upper,translate_eng_sp+uppercase
sun,SOL,translate_eng_sp_upper,translate_eng_sp+uppercase
moon,LUNA,translate_eng_sp_upper,translate_eng_sp+uppercase
star,ESTRELLA,translate_eng_sp_upper,translate_eng_sp+uppercase
bread,PAN,translate_eng_sp_upper,translate_eng_sp+uppercase
cheese,QUESO,translate_eng_sp_upper,translate_eng_sp+uppercase
wine,VINO,translate_eng_sp_upper,translate_eng_sp+uppercase
tea,TÉ,translate_eng_sp_upper,translate_eng_sp+uppercase
milk,LECHE,translate_eng_sp_upper,translate_eng_sp+uppercase
sugar,AZÚCAR,translate_eng_sp_upper,translate_eng_sp+uppercase
salt,SAL,translate_eng_sp_upper,translate_eng_sp+uppercase
pepper,PIMIENTA,translate_eng_sp_upper,translate_eng_sp+uppercase
table,MESA,translate_eng_sp_upper,translate_eng_sp+uppercase
chair,SILLA,translate_eng_sp_upper,translate_eng_sp+uppercase
door,PUERTA,translate_eng_sp_upper,translate_eng_sp+uppercase
window,VENTANA,translate_eng_sp_upper,translate_eng_sp+uppercase
street,CALLE,translate_eng_sp_upper,translate_eng_sp+uppercase
city,CIUDAD,translate_eng_sp_upper,translate_eng_sp+uppercase
country,PAÍS,translate_eng_sp_upper,translate_eng_sp+uppercase
world,MUNDO,translate_eng_sp_upper,translate_eng_sp+uppercase
time,TIEMPO,translate_eng_sp_upper,translate_eng_sp+uppercase
day,DÍA,translate_eng_sp_upper,translate_eng_sp+uppercase
night,NOCHE,translate_eng_sp_upper,translate_eng_sp+uppercase
week,SEMANA,translate_eng_sp_upper,translate_eng_sp+uppercase
month,MES,translate_eng_sp_upper,translate_eng_sp+uppercase
year,AÑO,translate_eng_sp_upper,translate_eng_sp+uppercase
today,HOY,translate_eng_sp_upper,translate_eng_sp+uppercase
tomorrow,MAÑANA,translate_eng_sp_upper,translate_eng_sp+uppercase
yesterday,AYER,translate_eng_sp_upper,translate_eng_sp+uppercase
child,NIÑO,translate_eng_sp_upper,translate_eng_sp+uppercase
school,ESCUELA,translate_eng_sp_upper,translate_eng_sp+uppercase
student,ESTUDIANTE,translate_eng_sp_upper,translate_eng_sp+uppercase
teacher,PROFESOR,translate_eng_sp_upper,translate_eng_sp+uppercase
apple,MANZANA,translate_eng_sp_upper,translate_eng_sp+uppercase
orange,NARANJA,translate_eng_sp_upper,translate_eng_sp+uppercase
fish,PEZ,translate_eng_sp_upper,translate_eng_sp+uppercase
bird,PÁJARO,translate_eng_sp_upper,translate_eng_sp+uppercase
horse,CABALLO,translate_eng_sp_upper,translate_eng_sp+uppercase
letter,CARTA,translate_eng_sp_upper,translate_eng_sp+uppercase
word,PALABRA,translate_eng_sp_upper,translate_eng_sp+uppercase
sentence,FRASE,translate_eng_sp_upper,translate_eng_sp+uppercase
page,PÁGINA,translate_eng_sp_upper,translate_eng_sp+uppercase
music,MÚSICA,translate_eng_sp_upper,translate_eng_sp+uppercase
song,CANCIÓN,translate_eng_sp_upper,translate_eng_sp+uppercase
dance,BAILE,translate_eng_sp_upper,translate_eng_sp+uppercase
game,JUEGO,translate_eng_sp_upper,translate_eng_sp+uppercase
sport,DEPORTE,translate_eng_sp_upper,translate_eng_sp+uppercase
ball,PELOTA,translate_eng_sp_upper,translate_eng_sp+uppercase
hand,MANO,translate_eng_sp_upper,translate_eng_sp+uppercase
foot,PIE,translate_eng_sp_upper,translate_eng_sp+uppercase
head,CABEZA,translate_eng_sp_upper,translate_eng_sp+uppercase
eye,OJO,translate_eng_sp_upper,translate_eng_sp+uppercase
ear,OREJA,translate_eng_sp_upper,translate_eng_sp+uppercase
nose,NARIZ,translate_eng_sp_upper,translate_eng_sp+uppercase
mouth,BOCA,translate_eng_sp_upper,translate_eng_sp+uppercase
heart,CORAZÓN,translate_eng_sp_upper,translate_eng_sp+uppercase
brain,CEREBRO,translate_eng_sp_upper,translate_eng_sp+uppercase
body,CUERPO,translate_eng_sp_upper,translate_eng_sp+uppercase
red,ROJO,translate_eng_sp_upper,translate_eng_sp+uppercase
blue,AZUL,translate_eng_sp_upper,translate_eng_sp+uppercase
green,VERDE,translate_eng_sp_upper,translate_eng_sp+uppercase
yellow,AMARILLO,translate_eng_sp_upper,translate_eng_sp+uppercase
black,NEGRO,translate_eng_sp_upper,translate_eng_sp+uppercase
white,BLANCO,translate_eng_sp_upper,translate_eng_sp+uppercase
purple,MORADO,translate_eng_sp_upper,translate_eng_sp+uppercase
pink,ROSA,translate_eng_sp_upper,translate_eng_sp+uppercase
gray,GRIS,translate_eng_sp_upper,translate_eng_sp+uppercase
brown,MARRÓN,translate_eng_sp_upper,translate_eng_sp+uppercase
big,GRANDE,translate_eng_sp_upper,translate_eng_sp+uppercase
small,PEQUEÑO,translate_eng_sp_upper,translate_eng_sp+uppercase
hot,CALIENTE,translate_eng_sp_upper,translate_eng_sp+uppercase
cold,FRÍO,translate_eng_sp_upper,translate_eng_sp+uppercase
new,NUEVO,translate_eng_sp_upper,translate_eng_sp+uppercase
old,VIEJO,translate_eng_sp_upper,translate_eng_sp+uppercase
good,BUENO,translate_eng_sp_upper,translate_eng_sp+uppercase
bad,MALO,translate_eng_sp_upper,translate_eng_sp+uppercase
happy,FELIZ,translate_eng_sp_upper,translate_eng_sp+uppercase
sad,TRISTE,translate_eng_sp_upper,translate_eng_sp+uppercase
fast,RÁPIDO,translate_eng_sp_upper,translate_eng_sp+uppercase
slow,LENTO,translate_eng_sp_upper,translate_eng_sp+uppercase
strong,FUERTE,translate_eng_sp_upper,translate_eng_sp+uppercase
weak,DÉBIL,translate_eng_sp_upper,translate_eng_sp+uppercase
beautiful,HERMOSO,translate_eng_sp_upper,translate_eng_sp+uppercase
ugly,FEO,translate_eng_sp_upper,translate_eng_sp+uppercase
young,JOVEN,translate_eng_sp_upper,translate_eng_sp+uppercase
rich,RICO,translate_eng_sp_upper,translate_eng_sp+uppercase
poor,POBRE,translate_eng_sp_upper,translate_eng_sp+uppercase
clean,LIMPIO,translate_eng_sp_upper,translate_eng_sp+uppercase
dirty,SUCIO,translate_eng_sp_upper,translate_eng_sp+uppercase
easy,FÁCIL,translate_eng_sp_upper,translate_eng_sp+uppercase
difficult,DIFÍCIL,translate_eng_sp_upper,translate_eng_sp+uppercase
long,LARGO,translate_eng_sp_upper,translate_eng_sp+uppercase
short,CORTO,translate_eng_sp_upper,translate_eng_sp+uppercase
high,ALTO,translate_eng_sp_upper,translate_eng_sp+uppercase
low,BAJO,translate_eng_sp_upper,translate_eng_sp+uppercase
wide,ANCHO,translate_eng_sp_upper,translate_eng_sp+uppercase
narrow,ESTRECHO,translate_eng_sp_upper,translate_eng_sp+uppercase
heavy,PESADO,translate_eng_sp_upper,translate_eng_sp+uppercase
light,LIGERO,translate_eng_sp_upper,translate_eng_sp+uppercase
full,LLENO,translate_eng_sp_upper,translate_eng_sp+uppercase
empty,VACÍO,translate_eng_sp_upper,translate_eng_sp+uppercase
right,DERECHO,translate_eng_sp_upper,translate_eng_sp+uppercase
left,IZQUIERDO,translate_eng_sp_upper,translate_eng_sp+uppercase
up,ARRIBA,translate_eng_sp_upper,translate_eng_sp+uppercase
down,ABAJO,translate_eng_sp_upper,translate_eng_sp+uppercase
inside,DENTRO,translate_eng_sp_upper,translate_eng_sp+uppercase
outside,FUERA,translate_eng_sp_upper,translate_eng_sp+uppercase
front,FRENTE,translate_eng_sp_upper,translate_eng_sp+uppercase
back,ATRÁS,translate_eng_sp_upper,translate_eng_sp+uppercase
near,CERCA,translate_eng_sp_upper,translate_eng_sp+uppercase
far,LEJOS,translate_eng_sp_upper,translate_eng_sp+uppercase
first,PRIMERO,translate_eng_sp_upper,translate_eng_sp+uppercase
last,ÚLTIMO,translate_eng_sp_upper,translate_eng_sp+uppercase
open,ABIERTO,translate_eng_sp_upper,translate_eng_sp+uppercase
closed,CERRADO,translate_eng_sp_upper,translate_eng_sp+uppercase
one,UNO,translate_eng_sp_upper,translate_eng_sp+uppercase
two,DOS,translate_eng_sp_upper,translate_eng_sp+uppercase
three,TRES,translate_eng_sp_upper,translate_eng_sp+uppercase
four,CUATRO,translate_eng_sp_upper,translate_eng_sp+uppercase
five,CINCO,translate_eng_sp_upper,translate_eng_sp+uppercase
six,SEIS,translate_eng_sp_upper,translate_eng_sp+uppercase
seven,SIETE,translate_eng_sp_upper,translate_eng_sp+uppercase
eight,OCHO,translate_eng_sp_upper,translate_eng_sp+uppercase
nine,NUEVE,translate_eng_sp_upper,translate_eng_sp+uppercase
ten,DIEZ,translate_eng_sp_upper,translate_eng_sp+uppercase
hundred,CIEN,translate_eng_sp_upper,translate_eng_sp+uppercase
thousand,MIL,translate_eng_sp_upper,translate_eng_sp+uppercase
brother,HERMANO,translate_eng_sp_upper,translate_eng_sp+uppercase
sister,HERMANA,translate_eng_sp_upper,translate_eng_sp+uppercase
father,PADRE,translate_eng_sp_upper,translate_eng_sp+uppercase
mother,MADRE,translate_eng_sp_upper,translate_eng_sp+uppercase
son,HIJO,translate_eng_sp_upper,translate_eng_sp+uppercase
daughter,HIJA,translate_eng_sp_upper,translate_eng_sp+uppercase
husband,ESPOSO,translate_eng_sp_upper,translate_eng_sp+uppercase
wife,ESPOSA,translate_eng_sp_upper,translate_eng_sp+uppercase
grandfather,ABUELO,translate_eng_sp_upper,translate_eng_sp+uppercase
grandmother,ABUELA,translate_eng_sp_upper,translate_eng_sp+uppercase
uncle,TÍO,translate_eng_sp_upper,translate_eng_sp+uppercase
aunt,TÍA,translate_eng_sp_upper,translate_eng_sp+uppercase
cousin,PRIMO,translate_eng_sp_upper,translate_eng_sp+uppercase
king,REY,translate_eng_sp_upper,translate_eng_sp+uppercase
queen,REINA,translate_eng_sp_upper,translate_eng_sp+uppercase
prince,PRÍNCIPE,translate_eng_sp_upper,translate_eng_sp+uppercase
princess,PRINCESA,translate_eng_sp_upper,translate_eng_sp+uppercase
man,HOMBRE,translate_eng_sp_upper,translate_eng_sp+uppercase
woman,MUJER,translate_eng_sp_upper,translate_eng_sp+uppercase
girl,NIÑA,translate_eng_sp_upper,translate_eng_sp+uppercase
baby,BEBÉ,translate_eng_sp_upper,translate_eng_sp+uppercase
doctor,MÉDICO,translate_eng_sp_upper,translate_eng_sp+uppercase
nurse,ENFERMERA,translate_eng_sp_upper,translate_eng_sp+uppercase
lawyer,ABOGADO,translate_eng_sp_upper,translate_eng_sp+uppercase
police,POLICÍA,translate_eng_sp_upper,translate_eng_sp+uppercase
soldier,SOLDADO,translate_eng_sp_upper,translate_eng_sp+uppercase
farmer,GRANJERO,translate_eng_sp_upper,translate_eng_sp+uppercase
worker,TRABAJADOR,translate_eng_sp_upper,translate_eng_sp+uppercase
artist,ARTISTA,translate_eng_sp_upper,translate_eng_sp+uppercase
musician,MÚSICO,translate_eng_sp_upper,translate_eng_sp+uppercase
singer,CANTANTE,translate_eng_sp_upper,translate_eng_sp+uppercase
HELLO,hola,translate_eng_sp_lower,translate_eng_sp+lowercase
GOODBYE,adiós,translate_eng_sp_lower,translate_eng_sp+lowercase
THANK YOU,gracias,translate_eng_sp_lower,translate_eng_sp+lowercase
PLEASE,por favor,translate_eng_sp_lower,translate_eng_sp+lowercase
YES,sí,translate_eng_sp_lower,translate_eng_sp+lowercase
WATER,agua,translate_eng_sp_lower,translate_eng_sp+lowercase
HOUSE,casa,translate_eng_sp_lower,translate_eng_sp+lowercase
CAT,gato,translate_eng_sp_lower,translate_eng_sp+lowercase
DOG,perro,translate_eng_sp_lower,translate_eng_sp+lowercase
GOOD MORNING,buenos días,translate_eng_sp_lower,translate_eng_sp+lowercase
GOOD EVENING,buenas tardes,translate_eng_sp_lower,translate_eng_sp+lowercase
GOOD NIGHT,buenas noches,translate_eng_sp_lower,translate_eng_sp+lowercase
HOW ARE YOU,cómo estás,translate_eng_sp_lower,translate_eng_sp+lowercase
I LOVE YOU,te quiero,translate_eng_sp_lower,translate_eng_sp+lowercase
FRIEND,amigo,translate_eng_sp_lower,translate_eng_sp+lowercase
FAMILY,familia,translate_eng_sp_lower,translate_eng_sp+lowercase
FOOD,comida,translate_eng_sp_lower,translate_eng_sp+lowercase
BOOK,libro,translate_eng_sp_lower,translate_eng_sp+lowercase
CAR,coche,translate_eng_sp_lower,translate_eng_sp+lowercase
TREE,árbol,translate_eng_sp_lower,translate_eng_sp+lowercase
FLOWER,flor,translate_eng_sp_lower,translate_eng_sp+lowercase
SUN,sol,translate_eng_sp_lower,translate_eng_sp+lowercase
MOON,luna,translate_eng_sp_lower,translate_eng_sp+lowercase
STAR,estrella,translate_eng_sp_lower,translate_eng_sp+lowercase
BREAD,pan,translate_eng_sp_lower,translate_eng_sp+lowercase
CHEESE,queso,translate_eng_sp_lower,translate_eng_sp+lowercase
WINE,vino,translate_eng_sp_lower,translate_eng_sp+lowercase
TEA,té,translate_eng_sp_lower,translate_eng_sp+lowercase
MILK,leche,translate_eng_sp_lower,translate_eng_sp+lowercase
SUGAR,azúcar,translate_eng_sp_lower,translate_eng_sp+lowercase
SALT,sal,translate_eng_sp_lower,translate_eng_sp+lowercase
PEPPER,pimienta,translate_eng_sp_lower,translate_eng_sp+lowercase
TABLE,mesa,translate_eng_sp_lower,translate_eng_sp+lowercase
CHAIR,silla,translate_eng_sp_lower,translate_eng_sp+lowercase
DOOR,puerta,translate_eng_sp_lower,translate_eng_sp+lowercase
WINDOW,ventana,translate_eng_sp_lower,translate_eng_sp+lowercase
STREET,calle,translate_eng_sp_lower,translate_eng_sp+lowercase
CITY,ciudad,translate_eng_sp_lower,translate_eng_sp+lowercase
COUNTRY,país,translate_eng_sp_lower,translate_eng_sp+lowercase
WORLD,mundo,translate_eng_sp_lower,translate_eng_sp+lowercase
TIME,tiempo,translate_eng_sp_lower,translate_eng_sp+lowercase
DAY,día,translate_eng_sp_lower,translate_eng_sp+lowercase
NIGHT,noche,translate_eng_sp_lower,translate_eng_sp+lowercase
WEEK,semana,translate_eng_sp_lower,translate_eng_sp+lowercase
MONTH,mes,translate_eng_sp_lower,translate_eng_sp+lowercase
YEAR,año,translate_eng_sp_lower,translate_eng_sp+lowercase
TODAY,hoy,translate_eng_sp_lower,translate_eng_sp+lowercase
TOMORROW,mañana,translate_eng_sp_lower,translate_eng_sp+lowercase
YESTERDAY,ayer,translate_eng_sp_lower,translate_eng_sp+lowercase
CHILD,niño,translate_eng_sp_lower,translate_eng_sp+lowercase
SCHOOL,escuela,translate_eng_sp_lower,translate_eng_sp+lowercase
STUDENT,estudiante,translate_eng_sp_lower,translate_eng_sp+lowercase
TEACHER,profesor,translate_eng_sp_lower,translate_eng_sp+lowercase
APPLE,manzana,translate_eng_sp_lower,translate_eng_sp+lowercase
ORANGE,naranja,translate_eng_sp_lower,translate_eng_sp+lowercase
FISH,pez,translate_eng_sp_lower,translate_eng_sp+lowercase
BIRD,pájaro,translate_eng_sp_lower,translate_eng_sp+lowercase
HORSE,caballo,translate_eng_sp_lower,translate_eng_sp+lowercase
LETTER,carta,translate_eng_sp_lower,translate_eng_sp+lowercase
WORD,palabra,translate_eng_sp_lower,translate_eng_sp+lowercase
SENTENCE,frase,translate_eng_sp_lower,translate_eng_sp+lowercase
PAGE,página,translate_eng_sp_lower,translate_eng_sp+lowercase
MUSIC,música,translate_eng_sp_lower,translate_eng_sp+lowercase
SONG,canción,translate_eng_sp_lower,translate_eng_sp+lowercase
DANCE,baile,translate_eng_sp_lower,translate_eng_sp+lowercase
GAME,juego,translate_eng_sp_lower,translate_eng_sp+lowercase
SPORT,deporte,translate_eng_sp_lower,translate_eng_sp+lowercase
BALL,pelota,translate_eng_sp_lower,translate_eng_sp+lowercase
HAND,mano,translate_eng_sp_lower,translate_eng_sp+lowercase
FOOT,pie,translate_eng_sp_lower,translate_eng_sp+lowercase
HEAD,cabeza,translate_eng_sp_lower,translate_eng_sp+lowercase
EYE,ojo,translate_eng_sp_lower,translate_eng_sp+lowercase
EAR,oreja,translate_eng_sp_lower,translate_eng_sp+lowercase
NOSE,nariz,translate_eng_sp_lower,translate_eng_sp+lowercase
MOUTH,boca,translate_eng_sp_lower,translate_eng_sp+lowercase
HEART,corazón,translate_eng_sp_lower,translate_eng_sp+lowercase
BRAIN,cerebro,translate_eng_sp_lower,translate_eng_sp+lowercase
BODY,cuerpo,translate_eng_sp_lower,translate_eng_sp+lowercase
RED,rojo,translate_eng_sp_lower,translate_eng_sp+lowercase
BLUE,azul,translate_eng_sp_lower,translate_eng_sp+lowercase
GREEN,verde,translate_eng_sp_lower,translate_eng_sp+lowercase
YELLOW,amarillo,translate_eng_sp_lower,translate_eng_sp+lowercase
BLACK,negro,translate_eng_sp_lower,translate_eng_sp+lowercase
WHITE,blanco,translate_eng_sp_lower,translate_eng_sp+lowercase
PURPLE,morado,translate_eng_sp_lower,translate_eng_sp+lowercase
PINK,rosa,translate_eng_sp_lower,translate_eng_sp+lowercase
GRAY,gris,translate_eng_sp_lower,translate_eng_sp+lowercase
BROWN,marrón,translate_eng_sp_lower,translate_eng_sp+lowercase
BIG,grande,translate_eng_sp_lower,translate_eng_sp+lowercase
SMALL,pequeño,translate_eng_sp_lower,translate_eng_sp+lowercase
HOT,caliente,translate_eng_sp_lower,translate_eng_sp+lowercase
COLD,frío,translate_eng_sp_lower,translate_eng_sp+lowercase
NEW,nuevo,translate_eng_sp_lower,translate_eng_sp+lowercase
OLD,viejo,translate_eng_sp_lower,translate_eng_sp+lowercase
GOOD,bueno,translate_eng_sp_lower,translate_eng_sp+lowercase
BAD,malo,translate_eng_sp_lower,translate_eng_sp+lowercase
HAPPY,feliz,translate_eng_sp_lower,translate_eng_sp+lowercase
SAD,triste,translate_eng_sp_lower,translate_eng_sp+lowercase
FAST,rápido,translate_eng_sp_lower,translate_eng_sp+lowercase
SLOW,lento,translate_eng_sp_lower,translate_eng_sp+lowercase
STRONG,fuerte,translate_eng_sp_lower,translate_eng_sp+lowercase
WEAK,débil,translate_eng_sp_lower,translate_eng_sp+lowercase
BEAUTIFUL,hermoso,translate_eng_sp_lower,translate_eng_sp+lowercase
UGLY,feo,translate_eng_sp_lower,translate_eng_sp+lowercase
YOUNG,joven,translate_eng_sp_lower,translate_eng_sp+lowercase
RICH,rico,translate_eng_sp_lower,translate_eng_sp+lowercase
POOR,pobre,translate_eng_sp_lower,translate_eng_sp+lowercase
CLEAN,limpio,translate_eng_sp_lower,translate_eng_sp+lowercase
DIRTY,sucio,translate_eng_sp_lower,translate_eng_sp+lowercase
EASY,fácil,translate_eng_sp_lower,translate_eng_sp+lowercase
DIFFICULT,difícil,translate_eng_sp_lower,translate_eng_sp+lowercase
LONG,largo,translate_eng_sp_lower,translate_eng_sp+lowercase
SHORT,corto,translate_eng_sp_lower,translate_eng_sp+lowercase
HIGH,alto,translate_eng_sp_lower,translate_eng_sp+lowercase
LOW,bajo,translate_eng_sp_lower,translate_eng_sp+lowercase
WIDE,ancho,translate_eng_sp_lower,translate_eng_sp+lowercase
NARROW,estrecho,translate_eng_sp_lower,translate_eng_sp+lowercase
HEAVY,pesado,translate_eng_sp_lower,translate_eng_sp+lowercase
LIGHT,ligero,translate_eng_sp_lower,translate_eng_sp+lowercase
FULL,lleno,translate_eng_sp_lower,translate_eng_sp+lowercase
EMPTY,vacío,translate_eng_sp_lower,translate_eng_sp+lowercase
RIGHT,derecho,translate_eng_sp_lower,translate_eng_sp+lowercase
LEFT,izquierdo,translate_eng_sp_lower,translate_eng_sp+lowercase
UP,arriba,translate_eng_sp_lower,translate_eng_sp+lowercase
DOWN,abajo,translate_eng_sp_lower,translate_eng_sp+lowercase
INSIDE,dentro,translate_eng_sp_lower,translate_eng_sp+lowercase
OUTSIDE,fuera,translate_eng_sp_lower,translate_eng_sp+lowercase
FRONT,frente,translate_eng_sp_lower,translate_eng_sp+lowercase
BACK,atrás,translate_eng_sp_lower,translate_eng_sp+lowercase
NEAR,cerca,translate_eng_sp_lower,translate_eng_sp+lowercase
FAR,lejos,translate_eng_sp_lower,translate_eng_sp+lowercase
FIRST,primero,translate_eng_sp_lower,translate_eng_sp+lowercase
LAST,último,translate_eng_sp_lower,translate_eng_sp+lowercase
OPEN,abierto,translate_eng_sp_lower,translate_eng_sp+lowercase
CLOSED,cerrado,translate_eng_sp_lower,translate_eng_sp+lowercase
ONE,uno,translate_eng_sp_lower,translate_eng_sp+lowercase
TWO,dos,translate_eng_sp_lower,translate_eng_sp+lowercase
THREE,tres,translate_eng_sp_lower,translate_eng_sp+lowercase
FOUR,cuatro,translate_eng_sp_lower,translate_eng_sp+lowercase
FIVE,cinco,translate_eng_sp_lower,translate_eng_sp+lowercase
SIX,seis,translate_eng_sp_lower,translate_eng_sp+lowercase
SEVEN,siete,translate_eng_sp_lower,translate_eng_sp+lowercase
EIGHT,ocho,translate_eng_sp_lower,translate_eng_sp+lowercase
NINE,nueve,translate_eng_sp_lower,translate_eng_sp+lowercase
TEN,diez,translate_eng_sp_lower,translate_eng_sp+lowercase
HUNDRED,cien,translate_eng_sp_lower,translate_eng_sp+lowercase
THOUSAND,mil,translate_eng_sp_lower,translate_eng_sp+lowercase
BROTHER,hermano,translate_eng_sp_lower,translate_eng_sp+lowercase
SISTER,hermana,translate_eng_sp_lower,translate_eng_sp+lowercase
FATHER,padre,translate_eng_sp_lower,translate_eng_sp+lowercase
MOTHER,madre,translate_eng_sp_lower,translate_eng_sp+lowercase
SON,hijo,translate_eng_sp_lower,translate_eng_sp+lowercase
DAUGHTER,hija,translate_eng_sp_lower,translate_eng_sp+lowercase
HUSBAND,esposo,translate_eng_sp_lower,translate_eng_sp+lowercase
WIFE,esposa,translate_eng_sp_lower,translate_eng_sp+lowercase
GRANDFATHER,abuelo,translate_eng_sp_lower,translate_eng_sp+lowercase
GRANDMOTHER,abuela,translate_eng_sp_lower,translate_eng_sp+lowercase
UNCLE,tío,translate_eng_sp_lower,translate_eng_sp+lowercase
AUNT,tía,translate_eng_sp_lower,translate_eng_sp+lowercase
COUSIN,primo,translate_eng_sp_lower,translate_eng_sp+lowercase
KING,rey,translate_eng_sp_lower,translate_eng_sp+lowercase
QUEEN,reina,translate_eng_sp_lower,translate_eng_sp+lowercase
PRINCE,príncipe,translate_eng_sp_lower,translate_eng_sp+lowercase
PRINCESS,princesa,translate_eng_sp_lower,translate_eng_sp+lowercase
MAN,hombre,translate_eng_sp_lower,translate_eng_sp+lowercase
WOMAN,mujer,translate_eng_sp_lower,translate_eng_sp+lowercase
GIRL,niña,translate_eng_sp_lower,translate_eng_sp+lowercase
BABY,bebé,translate_eng_sp_lower,translate_eng_sp+lowercase
DOCTOR,médico,translate_eng_sp_lower,translate_eng_sp+lowercase
NURSE,enfermera,translate_eng_sp_lower,translate_eng_sp+lowercase
LAWYER,abogado,translate_eng_sp_lower,translate_eng_sp+lowercase
POLICE,policía,translate_eng_sp_lower,translate_eng_sp+lowercase
SOLDIER,soldado,translate_eng_sp_lower,translate_eng_sp+lowercase
FARMER,granjero,translate_eng_sp_lower,translate_eng_sp+lowercase
WORKER,trabajador,translate_eng_sp_lower,translate_eng_sp+lowercase
ARTIST,artista,translate_eng_sp_lower,translate_eng_sp+lowercase
MUSICIAN,músico,translate_eng_sp_lower,translate_eng_sp+lowercase
SINGER,cantante,translate_eng_sp_lower,translate_eng_sp+lowercase
hello,aloh,translate_eng_sp_reverse,translate_eng_sp+reverse
goodbye,sóida,translate_eng_sp_reverse,translate_eng_sp+reverse
thank you,saicarg,translate_eng_sp_reverse,translate_eng_sp+reverse
please,rovaf rop,translate_eng_sp_reverse,translate_eng_sp+reverse
yes,ís,translate_eng_sp_reverse,translate_eng_sp+reverse
water,auga,translate_eng_sp_reverse,translate_eng_sp+reverse
house,asac,translate_eng_sp_reverse,translate_eng_sp+reverse
cat,otag,translate_eng_sp_reverse,translate_eng_sp+reverse
dog,orrep,translate_eng_sp_reverse,translate_eng_sp+reverse
good morning,saíd soneub,translate_eng_sp_reverse,translate_eng_sp+reverse
good evening,sedrat saneub,translate_eng_sp_reverse,translate_eng_sp+reverse
good night,sehcon saneub,translate_eng_sp_reverse,translate_eng_sp+reverse
how are you,sátse omóc,translate_eng_sp_reverse,translate_eng_sp+reverse
i love you,oreiuq et,translate_eng_sp_reverse,translate_eng_sp+reverse
friend,ogima,translate_eng_sp_reverse,translate_eng_sp+reverse
family,ailimaf,translate_eng_sp_reverse,translate_eng_sp+reverse
food,adimoc,translate_eng_sp_reverse,translate_eng_sp+reverse
book,orbil,translate_eng_sp_reverse,translate_eng_sp+reverse
car,ehcoc,translate_eng_sp_reverse,translate_eng_sp+reverse
tree,lobrá,translate_eng_sp_reverse,translate_eng_sp+reverse
flower,rolf,translate_eng_sp_reverse,translate_eng_sp+reverse
sun,los,translate_eng_sp_reverse,translate_eng_sp+reverse
moon,anul,translate_eng_sp_reverse,translate_eng_sp+reverse
star,allertse,translate_eng_sp_reverse,translate_eng_sp+reverse
bread,nap,translate_eng_sp_reverse,translate_eng_sp+reverse
cheese,oseuq,translate_eng_sp_reverse,translate_eng_sp+reverse
wine,oniv,translate_eng_sp_reverse,translate_eng_sp+reverse
tea,ét,translate_eng_sp_reverse,translate_eng_sp+reverse
milk,ehcel,translate_eng_sp_reverse,translate_eng_sp+reverse
sugar,racúza,translate_eng_sp_reverse,translate_eng_sp+reverse
salt,las,translate_eng_sp_reverse,translate_eng_sp+reverse
pepper,atneimip,translate_eng_sp_reverse,translate_eng_sp+reverse
table,asem,translate_eng_sp_reverse,translate_eng_sp+reverse
chair,allis,translate_eng_sp_reverse,translate_eng_sp+reverse
door,atreup,translate_eng_sp_reverse,translate_eng_sp+reverse
window,anatnev,translate_eng_sp_reverse,translate_eng_sp+reverse
street,ellac,translate_eng_sp_reverse,translate_eng_sp+reverse
city,daduic,translate_eng_sp_reverse,translate_eng_sp+reverse
country,síap,translate_eng_sp_reverse,translate_eng_sp+reverse
world,odnum,translate_eng_sp_reverse,translate_eng_sp+reverse
time,opmeit,translate_eng_sp_reverse,translate_eng_sp+reverse
day,aíd,translate_eng_sp_reverse,translate_eng_sp+reverse
night,ehcon,translate_eng_sp_reverse,translate_eng_sp+reverse
week,anames,translate_eng_sp_reverse,translate_eng_sp+reverse
month,sem,translate_eng_sp_reverse,translate_eng_sp+reverse
year,oña,translate_eng_sp_reverse,translate_eng_sp+reverse
today,yoh,translate_eng_sp_reverse,translate_eng_sp+reverse
tomorrow,anañam,translate_eng_sp_reverse,translate_eng_sp+reverse
yesterday,reya,translate_eng_sp_reverse,translate_eng_sp+reverse
child,oñin,translate_eng_sp_reverse,translate_eng_sp+reverse
school,aleucse,translate_eng_sp_reverse,translate_eng_sp+reverse
student,etnaidutse,translate_eng_sp_reverse,translate_eng_sp+reverse
teacher,roseforp,translate_eng_sp_reverse,translate_eng_sp+reverse
apple,anaznam,translate_eng_sp_reverse,translate_eng_sp+reverse
orange,ajnaran,translate_eng_sp_reverse,translate_eng_sp+reverse
fish,zep,translate_eng_sp_reverse,translate_eng_sp+reverse
bird,orajáp,translate_eng_sp_reverse,translate_eng_sp+reverse
horse,ollabac,translate_eng_sp_reverse,translate_eng_sp+reverse
letter,atrac,translate_eng_sp_reverse,translate_eng_sp+reverse
word,arbalap,translate_eng_sp_reverse,translate_eng_sp+reverse
sentence,esarf,translate_eng_sp_reverse,translate_eng_sp+reverse
page,anigáp,translate_eng_sp_reverse,translate_eng_sp+reverse
music,acisúm,translate_eng_sp_reverse,translate_eng_sp+reverse
song,nóicnac,translate_eng_sp_reverse,translate_eng_sp+reverse
dance,eliab,translate_eng_sp_reverse,translate_eng_sp+reverse
game,ogeuj,translate_eng_sp_reverse,translate_eng_sp+reverse
sport,etroped,translate_eng_sp_reverse,translate_eng_sp+reverse
ball,atolep,translate_eng_sp_reverse,translate_eng_sp+reverse
hand,onam,translate_eng_sp_reverse,translate_eng_sp+reverse
foot,eip,translate_eng_sp_reverse,translate_eng_sp+reverse
head,azebac,translate_eng_sp_reverse,translate_eng_sp+reverse
eye,ojo,translate_eng_sp_reverse,translate_eng_sp+reverse
ear,ajero,translate_eng_sp_reverse,translate_eng_sp+reverse
nose,ziran,translate_eng_sp_reverse,translate_eng_sp+reverse
mouth,acob,translate_eng_sp_reverse,translate_eng_sp+reverse
heart,nózaroc,translate_eng_sp_reverse,translate_eng_sp+reverse
brain,orberec,translate_eng_sp_reverse,translate_eng_sp+reverse
body,opreuc,translate_eng_sp_reverse,translate_eng_sp+reverse
red,ojor,translate_eng_sp_reverse,translate_eng_sp+reverse
blue,luza,translate_eng_sp_reverse,translate_eng_sp+reverse
green,edrev,translate_eng_sp_reverse,translate_eng_sp+reverse
yellow,ollirama,translate_eng_sp_reverse,translate_eng_sp+reverse
black,orgen,translate_eng_sp_reverse,translate_eng_sp+reverse
white,ocnalb,translate_eng_sp_reverse,translate_eng_sp+reverse
purple,odarom,translate_eng_sp_reverse,translate_eng_sp+reverse
pink,asor,translate_eng_sp_reverse,translate_eng_sp+reverse
gray,sirg,translate_eng_sp_reverse,translate_eng_sp+reverse
brown,nórram,translate_eng_sp_reverse,translate_eng_sp+reverse
big,ednarg,translate_eng_sp_reverse,translate_eng_sp+reverse
small,oñeuqep,translate_eng_sp_reverse,translate_eng_sp+reverse
hot,etneilac,translate_eng_sp_reverse,translate_eng_sp+reverse
cold,oírf,translate_eng_sp_reverse,translate_eng_sp+reverse
new,oveun,translate_eng_sp_reverse,translate_eng_sp+reverse
old,ojeiv,translate_eng_sp_reverse,translate_eng_sp+reverse
good,oneub,translate_eng_sp_reverse,translate_eng_sp+reverse
bad,olam,translate_eng_sp_reverse,translate_eng_sp+reverse
happy,zilef,translate_eng_sp_reverse,translate_eng_sp+reverse
sad,etsirt,translate_eng_sp_reverse,translate_eng_sp+reverse
fast,odipár,translate_eng_sp_reverse,translate_eng_sp+reverse
slow,otnel,translate_eng_sp_reverse,translate_eng_sp+reverse
strong,etreuf,translate_eng_sp_reverse,translate_eng_sp+reverse
weak,libéd,translate_eng_sp_reverse,translate_eng_sp+reverse
beautiful,osomreh,translate_eng_sp_reverse,translate_eng_sp+reverse
ugly,oef,translate_eng_sp_reverse,translate_eng_sp+reverse
young,nevoj,translate_eng_sp_reverse,translate_eng_sp+reverse
rich,ocir,translate_eng_sp_reverse,translate_eng_sp+reverse
poor,erbop,translate_eng_sp_reverse,translate_eng_sp+reverse
clean,oipmil,translate_eng_sp_reverse,translate_eng_sp+reverse
dirty,oicus,translate_eng_sp_reverse,translate_eng_sp+reverse
easy,licáf,translate_eng_sp_reverse,translate_eng_sp+reverse
difficult,licífid,translate_eng_sp_reverse,translate_eng_sp+reverse
long,ogral,translate_eng_sp_reverse,translate_eng_sp+reverse
short,otroc,translate_eng_sp_reverse,translate_eng_sp+reverse
high,otla,translate_eng_sp_reverse,translate_eng_sp+reverse
low,ojab,translate_eng_sp_reverse,translate_eng_sp+reverse
wide,ohcna,translate_eng_sp_reverse,translate_eng_sp+reverse
narrow,ohcertse,translate_eng_sp_reverse,translate_eng_sp+reverse
heavy,odasep,translate_eng_sp_reverse,translate_eng_sp+reverse
light,oregil,translate_eng_sp_reverse,translate_eng_sp+reverse
full,onell,translate_eng_sp_reverse,translate_eng_sp+reverse
empty,oícav,translate_eng_sp_reverse,translate_eng_sp+reverse
right,ohcered,translate_eng_sp_reverse,translate_eng_sp+reverse
left,odreiuqzi,translate_eng_sp_reverse,translate_eng_sp+reverse
up,abirra,translate_eng_sp_reverse,translate_eng_sp+reverse
down,ojaba,translate_eng_sp_reverse,translate_eng_sp+reverse
inside,ortned,translate_eng_sp_reverse,translate_eng_sp+reverse
outside,areuf,translate_eng_sp_reverse,translate_eng_sp+reverse
front,etnerf,translate_eng_sp_reverse,translate_eng_sp+reverse
back,sárta,translate_eng_sp_reverse,translate_eng_sp+reverse
near,acrec,translate_eng_sp_reverse,translate_eng_sp+reverse
far,sojel,translate_eng_sp_reverse,translate_eng_sp+reverse
first,oremirp,translate_eng_sp_reverse,translate_eng_sp+reverse
last,omitlú,translate_eng_sp_reverse,translate_eng_sp+reverse
open,otreiba,translate_eng_sp_reverse,translate_eng_sp+reverse
closed,odarrec,translate_eng_sp_reverse,translate_eng_sp+reverse
one,onu,translate_eng_sp_reverse,translate_eng_sp+reverse
two,sod,translate_eng_sp_reverse,translate_eng_sp+reverse
three,sert,translate_eng_sp_reverse,translate_eng_sp+reverse
four,ortauc,translate_eng_sp_reverse,translate_eng_sp+reverse
five,ocnic,translate_eng_sp_reverse,translate_eng_sp+reverse
six,sies,translate_eng_sp_reverse,translate_eng_sp+reverse
seven,eteis,translate_eng_sp_reverse,translate_eng_sp+reverse
eight,ohco,translate_eng_sp_reverse,translate_eng_sp+reverse
nine,eveun,translate_eng_sp_reverse,translate_eng_sp+reverse
ten,zeid,translate_eng_sp_reverse,translate_eng_sp+reverse
hundred,neic,translate_eng_sp_reverse,translate_eng_sp+reverse
thousand,lim,translate_eng_sp_reverse,translate_eng_sp+reverse
brother,onamreh,translate_eng_sp_reverse,translate_eng_sp+reverse
sister,anamreh,translate_eng_sp_reverse,translate_eng_sp+reverse
father,erdap,translate_eng_sp_reverse,translate_eng_sp+reverse
mother,erdam,translate_eng_sp_reverse,translate_eng_sp+reverse
son,ojih,translate_eng_sp_reverse,translate_eng_sp+reverse
daughter,ajih,translate_eng_sp_reverse,translate_eng_sp+reverse
husband,osopse,translate_eng_sp_reverse,translate_eng_sp+reverse
wife,asopse,translate_eng_sp_reverse,translate_eng_sp+reverse
grandfather,oleuba,translate_eng_sp_reverse,translate_eng_sp+reverse
grandmother,aleuba,translate_eng_sp_reverse,translate_eng_sp+reverse
uncle,oít,translate_eng_sp_reverse,translate_eng_sp+reverse
aunt,aít,translate_eng_sp_reverse,translate_eng_sp+reverse
cousin,omirp,translate_eng_sp_reverse,translate_eng_sp+reverse
king,yer,translate_eng_sp_reverse,translate_eng_sp+reverse
queen,anier,translate_eng_sp_reverse,translate_eng_sp+reverse
prince,epicnírp,translate_eng_sp_reverse,translate_eng_sp+reverse
princess,asecnirp,translate_eng_sp_reverse,translate_eng_sp+reverse
man,erbmoh,translate_eng_sp_reverse,translate_eng_sp+reverse
woman,rejum,translate_eng_sp_reverse,translate_eng_sp+reverse
girl,añin,translate_eng_sp_reverse,translate_eng_sp+reverse
baby,ébeb,translate_eng_sp_reverse,translate_eng_sp+reverse
doctor,ocidém,translate_eng_sp_reverse,translate_eng_sp+reverse
nurse,aremrefne,translate_eng_sp_reverse,translate_eng_sp+reverse
lawyer,odagoba,translate_eng_sp_reverse,translate_eng_sp+reverse
police,aícilop,translate_eng_sp_reverse,translate_eng_sp+reverse
soldier,odadlos,translate_eng_sp_reverse,translate_eng_sp+reverse
farmer,orejnarg,translate_eng_sp_reverse,translate_eng_sp+reverse
worker,rodajabart,translate_eng_sp_reverse,translate_eng_sp+reverse
artist,atsitra,translate_eng_sp_reverse,translate_eng_sp+reverse
musician,ocisúm,translate_eng_sp_reverse,translate_eng_sp+reverse
singer,etnatnac,translate_eng_sp_reverse,translate_eng_sp+reverse
hello,h,translate_eng_sp_first,translate_eng_sp+first_letter
goodbye,a,translate_eng_sp_first,translate_eng_sp+first_letter
thank you,g,translate_eng_sp_first,translate_eng_sp+first_letter
please,p,translate_eng_sp_first,translate_eng_sp+first_letter
yes,s,translate_eng_sp_first,translate_eng_sp+first_letter
water,a,translate_eng_sp_first,translate_eng_sp+first_letter
house,c,translate_eng_sp_first,translate_eng_sp+first_letter
cat,g,translate_eng_sp_first,translate_eng_sp+first_letter
dog,p,translate_eng_sp_first,translate_eng_sp+first_letter
good morning,b,translate_eng_sp_first,translate_eng_sp+first_letter
good evening,b,translate_eng_sp_first,translate_eng_sp+first_letter
good night,b,translate_eng_sp_first,translate_eng_sp+first_letter
how are you,c,translate_eng_sp_first,translate_eng_sp+first_letter
i love you,t,translate_eng_sp_first,translate_eng_sp+first_letter
friend,a,translate_eng_sp_first,translate_eng_sp+first_letter
family,f,translate_eng_sp_first,translate_eng_sp+first_letter
food,c,translate_eng_sp_first,translate_eng_sp+first_letter
book,l,translate_eng_sp_first,translate_eng_sp+first_letter
car,c,translate_eng_sp_first,translate_eng_sp+first_letter
tree,á,translate_eng_sp_first,translate_eng_sp+first_letter
flower,f,translate_eng_sp_first,translate_eng_sp+first_letter
sun,s,translate_eng_sp_first,translate_eng_sp+first_letter
moon,l,translate_eng_sp_first,translate_eng_sp+first_letter
star,e,translate_eng_sp_first,translate_eng_sp+first_letter
bread,p,translate_eng_sp_first,translate_eng_sp+first_letter
cheese,q,translate_eng_sp_first,translate_eng_sp+first_letter
wine,v,translate_eng_sp_first,translate_eng_sp+first_letter
tea,t,translate_eng_sp_first,translate_eng_sp+first_letter
milk,l,translate_eng_sp_first,translate_eng_sp+first_letter
sugar,a,translate_eng_sp_first,translate_eng_sp+first_letter
salt,s,translate_eng_sp_first,translate_eng_sp+first_letter
pepper,p,translate_eng_sp_first,translate_eng_sp+first_letter
table,m,translate_eng_sp_first,translate_eng_sp+first_letter
chair,s,translate_eng_sp_first,translate_eng_sp+first_letter
door,p,translate_eng_sp_first,translate_eng_sp+first_letter
window,v,translate_eng_sp_first,translate_eng_sp+first_letter
street,c,translate_eng_sp_first,translate_eng_sp+first_letter
city,c,translate_eng_sp_first,translate_eng_sp+first_letter
country,p,translate_eng_sp_first,translate_eng_sp+first_letter
world,m,translate_eng_sp_first,translate_eng_sp+first_letter
time,t,translate_eng_sp_first,translate_eng_sp+first_letter
day,d,translate_eng_sp_first,translate_eng_sp+first_letter
night,n,translate_eng_sp_first,translate_eng_sp+first_letter
week,s,translate_eng_sp_first,translate_eng_sp+first_letter
month,m,translate_eng_sp_first,translate_eng_sp+first_letter
year,a,translate_eng_sp_first,translate_eng_sp+first_letter
today,h,translate_eng_sp_first,translate_eng_sp+first_letter
tomorrow,m,translate_eng_sp_first,translate_eng_sp+first_letter
yesterday,a,translate_eng_sp_first,translate_eng_sp+first_letter
child,n,translate_eng_sp_first,translate_eng_sp+first_letter
school,e,translate_eng_sp_first,translate_eng_sp+first_letter
student,e,translate_eng_sp_first,translate_eng_sp+first_letter
teacher,p,translate_eng_sp_first,translate_eng_sp+first_letter
apple,m,translate_eng_sp_first,translate_eng_sp+first_letter
orange,n,translate_eng_sp_first,translate_eng_sp+first_letter
fish,p,translate_eng_sp_first,translate_eng_sp+first_letter
bird,p,translate_eng_sp_first,translate_eng_sp+first_letter
horse,c,translate_eng_sp_first,translate_eng_sp+first_letter
letter,c,translate_eng_sp_first,translate_eng_sp+first_letter
word,p,translate_eng_sp_first,translate_eng_sp+first_letter
sentence,f,translate_eng_sp_first,translate_eng_sp+first_letter
page,p,translate_eng_sp_first,translate_eng_sp+first_letter
music,m,translate_eng_sp_first,translate_eng_sp+first_letter
song,c,translate_eng_sp_first,translate_eng_sp+first_letter
dance,b,translate_eng_sp_first,translate_eng_sp+first_letter
game,j,translate_eng_sp_first,translate_eng_sp+first_letter
sport,d,translate_eng_sp_first,translate_eng_sp+first_letter
ball,p,translate_eng_sp_first,translate_eng_sp+first_letter
hand,m,translate_eng_sp_first,translate_eng_sp+first_letter
foot,p,translate_eng_sp_first,translate_eng_sp+first_letter
head,c,translate_eng_sp_first,translate_eng_sp+first_letter
eye,o,translate_eng_sp_first,translate_eng_sp+first_letter
ear,o,translate_eng_sp_first,translate_eng_sp+first_letter
nose,n,translate_eng_sp_first,translate_eng_sp+first_letter
mouth,b,translate_eng_sp_first,translate_eng_sp+first_letter
heart,c,translate_eng_sp_first,translate_eng_sp+first_letter
brain,c,translate_eng_sp_first,translate_eng_sp+first_letter
body,c,translate_eng_sp_first,translate_eng_sp+first_letter
red,r,translate_eng_sp_first,translate_eng_sp+first_letter
blue,a,translate_eng_sp_first,translate_eng_sp+first_letter
green,v,translate_eng_sp_first,translate_eng_sp+first_letter
yellow,a,translate_eng_sp_first,translate_eng_sp+first_letter
black,n,translate_eng_sp_first,translate_eng_sp+first_letter
white,b,translate_eng_sp_first,translate_eng_sp+first_letter
purple,m,translate_eng_sp_first,translate_eng_sp+first_letter
pink,r,translate_eng_sp_first,translate_eng_sp+first_letter
gray,g,translate_eng_sp_first,translate_eng_sp+first_letter
brown,m,translate_eng_sp_first,translate_eng_sp+first_letter
big,g,translate_eng_sp_first,translate_eng_sp+first_letter
small,p,translate_eng_sp_first,translate_eng_sp+first_letter
hot,c,translate_eng_sp_first,translate_eng_sp+first_letter
cold,f,translate_eng_sp_first,translate_eng_sp+first_letter
new,n,translate_eng_sp_first,translate_eng_sp+first_letter
old,v,translate_eng_sp_first,translate_eng_sp+first_letter
good,b,translate_eng_sp_first,translate_eng_sp+first_letter
bad,m,translate_eng_sp_first,translate_eng_sp+first_letter
happy,f,translate_eng_sp_first,translate_eng_sp+first_letter
sad,t,translate_eng_sp_first,translate_eng_sp+first_letter
fast,r,translate_eng_sp_first,translate_eng_sp+first_letter
slow,l,translate_eng_sp_first,translate_eng_sp+first_letter
strong,f,translate_eng_sp_first,translate_eng_sp+first_letter
weak,d,translate_eng_sp_first,translate_eng_sp+first_letter
beautiful,h,translate_eng_sp_first,translate_eng_sp+first_letter
ugly,f,translate_eng_sp_first,translate_eng_sp+first_letter
young,j,translate_eng_sp_first,translate_eng_sp+first_letter
rich,r,translate_eng_sp_first,translate_eng_sp+first_letter
poor,p,translate_eng_sp_first,translate_eng_sp+first_letter
clean,l,translate_eng_sp_first,translate_eng_sp+first_letter
dirty,s,translate_eng_sp_first,translate_eng_sp+first_letter
easy,f,translate_eng_sp_first,translate_eng_sp+first_letter
difficult,d,translate_eng_sp_first,translate_eng_sp+first_letter
long,l,translate_eng_sp_first,translate_eng_sp+first_letter
short,c,translate_eng_sp_first,translate_eng_sp+first_letter
high,a,translate_eng_sp_first,translate_eng_sp+first_letter
low,b,translate_eng_sp_first,translate_eng_sp+first_letter
wide,a,translate_eng_sp_first,translate_eng_sp+first_letter
narrow,e,translate_eng_sp_first,translate_eng_sp+first_letter
heavy,p,translate_eng_sp_first,translate_eng_sp+first_letter
light,l,translate_eng_sp_first,translate_eng_sp+first_letter
full,l,translate_eng_sp_first,translate_eng_sp+first_letter
empty,v,translate_eng_sp_first,translate_eng_sp+first_letter
right,d,translate_eng_sp_first,translate_eng_sp+first_letter
left,i,translate_eng_sp_first,translate_eng_sp+first_letter
up,a,translate_eng_sp_first,translate_eng_sp+first_letter
down,a,translate_eng_sp_first,translate_eng_sp+first_letter
inside,d,translate_eng_sp_first,translate_eng_sp+first_letter
outside,f,translate_eng_sp_first,translate_eng_sp+first_letter
front,f,translate_eng_sp_first,translate_eng_sp+first_letter
back,a,translate_eng_sp_first,translate_eng_sp+first_letter
near,c,translate_eng_sp_first,translate_eng_sp+first_letter
far,l,translate_eng_sp_first,translate_eng_sp+first_letter
first,p,translate_eng_sp_first,translate_eng_sp+first_letter
last,ú,translate_eng_sp_first,translate_eng_sp+first_letter
open,a,translate_eng_sp_first,translate_eng_sp+first_letter
closed,c,translate_eng_sp_first,translate_eng_sp+first_letter
one,u,translate_eng_sp_first,translate_eng_sp+first_letter
two,d,translate_eng_sp_first,translate_eng_sp+first_letter
three,t,translate_eng_sp_first,translate_eng_sp+first_letter
four,c,translate_eng_sp_first,translate_eng_sp+first_letter
five,c,translate_eng_sp_first,translate_eng_sp+first_letter
six,s,translate_eng_sp_first,translate_eng_sp+first_letter
seven,s,translate_eng_sp_first,translate_eng_sp+first_letter
eight,o,translate_eng_sp_first,translate_eng_sp+first_letter
nine,n,translate_eng_sp_first,translate_eng_sp+first_letter
ten,d,translate_eng_sp_first,translate_eng_sp+first_letter
hundred,c,translate_eng_sp_first,translate_eng_sp+first_letter
thousand,m,translate_eng_sp_first,translate_eng_sp+first_letter
brother,h,translate_eng_sp_first,translate_eng_sp+first_letter
sister,h,translate_eng_sp_first,translate_eng_sp+first_letter
father,p,translate_eng_sp_first,translate_eng_sp+first_letter
mother,m,translate_eng_sp_first,translate_eng_sp+first_letter
son,h,translate_eng_sp_first,translate_eng_sp+first_letter
daughter,h,translate_eng_sp_first,translate_eng_sp+first_letter
husband,e,translate_eng_sp_first,translate_eng_sp+first_letter
wife,e,translate_eng_sp_first,translate_eng_sp+first_letter
grandfather,a,translate_eng_sp_first,translate_eng_sp+first_letter
grandmother,a,translate_eng_sp_first,translate_eng_sp+first_letter
uncle,t,translate_eng_sp_first,translate_eng_sp+first_letter
aunt,t,translate_eng_sp_first,translate_eng_sp+first_letter
cousin,p,translate_eng_sp_first,translate_eng_sp+first_letter
king,r,translate_eng_sp_first,translate_eng_sp+first_letter
queen,r,translate_eng_sp_first,translate_eng_sp+first_letter
prince,p,translate_eng_sp_first,translate_eng_sp+first_letter
princess,p,translate_eng_sp_first,translate_eng_sp+first_letter
man,h,translate_eng_sp_first,translate_eng_sp+first_letter
woman,m,translate_eng_sp_first,translate_eng_sp+first_letter
girl,n,translate_eng_sp_first,translate_eng_sp+first_letter
baby,b,translate_eng_sp_first,translate_eng_sp+first_letter
doctor,m,translate_eng_sp_first,translate_eng_sp+first_letter
nurse,e,translate_eng_sp_first,translate_eng_sp+first_letter
lawyer,a,translate_eng_sp_first,translate_eng_sp+first_letter
police,p,translate_eng_sp_first,translate_eng_sp+first_letter
soldier,s,translate_eng_sp_first,translate_eng_sp+first_letter
farmer,g,translate_eng_sp_first,translate_eng_sp+first_letter
worker,t,translate_eng_sp_first,translate_eng_sp+first_letter
artist,a,translate_eng_sp_first,translate_eng_sp+first_letter
musician,m,translate_eng_sp_first,translate_eng_sp+first_letter
singer,c,translate_eng_sp_first,translate_eng_sp+first_letter
hello,a,translate_eng_sp_last,translate_eng_sp+last_letter
goodbye,s,translate_eng_sp_last,translate_eng_sp+last_letter
thank you,s,translate_eng_sp_last,translate_eng_sp+last_letter
please,r,translate_eng_sp_last,translate_eng_sp+last_letter
yes,í,translate_eng_sp_last,translate_eng_sp+last_letter
water,a,translate_eng_sp_last,translate_eng_sp+last_letter
house,a,translate_eng_sp_last,translate_eng_sp+last_letter
cat,o,translate_eng_sp_last,translate_eng_sp+last_letter
dog,o,translate_eng_sp_last,translate_eng_sp+last_letter
good morning,s,translate_eng_sp_last,translate_eng_sp+last_letter
good evening,s,translate_eng_sp_last,translate_eng_sp+last_letter
good night,s,translate_eng_sp_last,translate_eng_sp+last_letter
how are you,s,translate_eng_sp_last,translate_eng_sp+last_letter
i love you,o,translate_eng_sp_last,translate_eng_sp+last_letter
friend,o,translate_eng_sp_last,translate_eng_sp+last_letter
family,a,translate_eng_sp_last,translate_eng_sp+last_letter
food,a,translate_eng_sp_last,translate_eng_sp+last_letter
book,o,translate_eng_sp_last,translate_eng_sp+last_letter
car,e,translate_eng_sp_last,translate_eng_sp+last_letter
tree,l,translate_eng_sp_last,translate_eng_sp+last_letter
flower,r,translate_eng_sp_last,translate_eng_sp+last_letter
sun,l,translate_eng_sp_last,translate_eng_sp+last_letter
moon,a,translate_eng_sp_last,translate_eng_sp+last_letter
star,a,translate_eng_sp_last,translate_eng_sp+last_letter
bread,n,translate_eng_sp_last,translate_eng_sp+last_letter
cheese,o,translate_eng_sp_last,translate_eng_sp+last_letter
wine,o,translate_eng_sp_last,translate_eng_sp+last_letter
tea,é,translate_eng_sp_last,translate_eng_sp+last_letter
milk,e,translate_eng_sp_last,translate_eng_sp+last_letter
sugar,r,translate_eng_sp_last,translate_eng_sp+last_letter
salt,l,translate_eng_sp_last,translate_eng_sp+last_letter
pepper,a,translate_eng_sp_last,translate_eng_sp+last_letter
table,a,translate_eng_sp_last,translate_eng_sp+last_letter
chair,a,translate_eng_sp_last,translate_eng_sp+last_letter
door,a,translate_eng_sp_last,translate_eng_sp+last_letter
window,a,translate_eng_sp_last,translate_eng_sp+last_letter
street,e,translate_eng_sp_last,translate_eng_sp+last_letter
city,d,translate_eng_sp_last,translate_eng_sp+last_letter
country,s,translate_eng_sp_last,translate_eng_sp+last_letter
world,o,translate_eng_sp_last,translate_eng_sp+last_letter
time,o,translate_eng_sp_last,translate_eng_sp+last_letter
day,a,translate_eng_sp_last,translate_eng_sp+last_letter
night,e,translate_eng_sp_last,translate_eng_sp+last_letter
week,a,translate_eng_sp_last,translate_eng_sp+last_letter
month,s,translate_eng_sp_last,translate_eng_sp+last_letter
year,o,translate_eng_sp_last,translate_eng_sp+last_letter
today,y,translate_eng_sp_last,translate_eng_sp+last_letter
tomorrow,a,translate_eng_sp_last,translate_eng_sp+last_letter
yesterday,r,translate_eng_sp_last,translate_eng_sp+last_letter
child,o,translate_eng_sp_last,translate_eng_sp+last_letter
school,a,translate_eng_sp_last,translate_eng_sp+last_letter
student,e,translate_eng_sp_last,translate_eng_sp+last_letter
teacher,r,translate_eng_sp_last,translate_eng_sp+last_letter
apple,a,translate_eng_sp_last,translate_eng_sp+last_letter
orange,a,translate_eng_sp_last,translate_eng_sp+last_letter
fish,z,translate_eng_sp_last,translate_eng_sp+last_letter
bird,o,translate_eng_sp_last,translate_eng_sp+last_letter
horse,o,translate_eng_sp_last,translate_eng_sp+last_letter
letter,a,translate_eng_sp_last,translate_eng_sp+last_letter
word,a,translate_eng_sp_last,translate_eng_sp+last_letter
sentence,e,translate_eng_sp_last,translate_eng_sp+last_letter
page,a,translate_eng_sp_last,translate_eng_sp+last_letter
music,a,translate_eng_sp_last,translate_eng_sp+last_letter
song,n,translate_eng_sp_last,translate_eng_sp+last_letter
dance,e,translate_eng_sp_last,translate_eng_sp+last_letter
game,o,translate_eng_sp_last,translate_eng_sp+last_letter
sport,e,translate_eng_sp_last,translate_eng_sp+last_letter
ball,a,translate_eng_sp_last,translate_eng_sp+last_letter
hand,o,translate_eng_sp_last,translate_eng_sp+last_letter
foot,e,translate_eng_sp_last,translate_eng_sp+last_letter
head,a,translate_eng_sp_last,translate_eng_sp+last_letter
eye,o,translate_eng_sp_last,translate_eng_sp+last_letter
ear,a,translate_eng_sp_last,translate_eng_sp+last_letter
nose,z,translate_eng_sp_last,translate_eng_sp+last_letter
mouth,a,translate_eng_sp_last,translate_eng_sp+last_letter
heart,n,translate_eng_sp_last,translate_eng_sp+last_letter
brain,o,translate_eng_sp_last,translate_eng_sp+last_letter
body,o,translate_eng_sp_last,translate_eng_sp+last_letter
red,o,translate_eng_sp_last,translate_eng_sp+last_letter
blue,l,translate_eng_sp_last,translate_eng_sp+last_letter
green,e,translate_eng_sp_last,translate_eng_sp+last_letter
yellow,o,translate_eng_sp_last,translate_eng_sp+last_letter
black,o,translate_eng_sp_last,translate_eng_sp+last_letter
white,o,translate_eng_sp_last,translate_eng_sp+last_letter
purple,o,translate_eng_sp_last,translate_eng_sp+last_letter
pink,a,translate_eng_sp_last,translate_eng_sp+last_letter
gray,s,translate_eng_sp_last,translate_eng_sp+last_letter
brown,n,translate_eng_sp_last,translate_eng_sp+last_letter
big,e,translate_eng_sp_last,translate_eng_sp+last_letter
small,o,translate_eng_sp_last,translate_eng_sp+last_letter
hot,e,translate_eng_sp_last,translate_eng_sp+last_letter
cold,o,translate_eng_sp_last,translate_eng_sp+last_letter
new,o,translate_eng_sp_last,translate_eng_sp+last_letter
old,o,translate_eng_sp_last,translate_eng_sp+last_letter
good,o,translate_eng_sp_last,translate_eng_sp+last_letter
bad,o,translate_eng_sp_last,translate_eng_sp+last_letter
happy,z,translate_eng_sp_last,translate_eng_sp+last_letter
sad,e,translate_eng_sp_last,translate_eng_sp+last_letter
fast,o,translate_eng_sp_last,translate_eng_sp+last_letter
slow,o,translate_eng_sp_last,translate_eng_sp+last_letter
strong,e,translate_eng_sp_last,translate_eng_sp+last_letter
weak,l,translate_eng_sp_last,translate_eng_sp+last_letter
beautiful,o,translate_eng_sp_last,translate_eng_sp+last_letter
ugly,o,translate_eng_sp_last,translate_eng_sp+last_letter
young,n,translate_eng_sp_last,translate_eng_sp+last_letter
rich,o,translate_eng_sp_last,translate_eng_sp+last_letter
poor,e,translate_eng_sp_last,translate_eng_sp+last_letter
clean,o,translate_eng_sp_last,translate_eng_sp+last_letter
dirty,o,translate_eng_sp_last,translate_eng_sp+last_letter
easy,l,translate_eng_sp_last,translate_eng_sp+last_letter
difficult,l,translate_eng_sp_last,translate_eng_sp+last_letter
long,o,translate_eng_sp_last,translate_eng_sp+last_letter
short,o,translate_eng_sp_last,translate_eng_sp+last_letter
high,o,translate_eng_sp_last,translate_eng_sp+last_letter
low,o,translate_eng_sp_last,translate_eng_sp+last_letter
wide,o,translate_eng_sp_last,translate_eng_sp+last_letter
narrow,o,translate_eng_sp_last,translate_eng_sp+last_letter
heavy,o,translate_eng_sp_last,translate_eng_sp+last_letter
light,o,translate_eng_sp_last,translate_eng_sp+last_letter
full,o,translate_eng_sp_last,translate_eng_sp+last_letter
empty,o,translate_eng_sp_last,translate_eng_sp+last_letter
right,o,translate_eng_sp_last,translate_eng_sp+last_letter
left,o,translate_eng_sp_last,translate_eng_sp+last_letter
up,a,translate_eng_sp_last,translate_eng_sp+last_letter
down,o,translate_eng_sp_last,translate_eng_sp+last_letter
inside,o,translate_eng_sp_last,translate_eng_sp+last_letter
outside,a,translate_eng_sp_last,translate_eng_sp+last_letter
front,e,translate_eng_sp_last,translate_eng_sp+last_letter
back,s,translate_eng_sp_last,translate_eng_sp+last_letter
near,a,translate_eng_sp_last,translate_eng_sp+last_letter
far,s,translate_eng_sp_last,translate_eng_sp+last_letter
first,o,translate_eng_sp_last,translate_eng_sp+last_letter
last,o,translate_eng_sp_last,translate_eng_sp+last_letter
open,o,translate_eng_sp_last,translate_eng_sp+last_letter
closed,o,translate_eng_sp_last,translate_eng_sp+last_letter
one,o,translate_eng_sp_last,translate_eng_sp+last_letter
two,s,translate_eng_sp_last,translate_eng_sp+last_letter
three,s,translate_eng_sp_last,translate_eng_sp+last_letter
four,o,translate_eng_sp_last,translate_eng_sp+last_letter
five,o,translate_eng_sp_last,translate_eng_sp+last_letter
six,s,translate_eng_sp_last,translate_eng_sp+last_letter
seven,e,translate_eng_sp_last,translate_eng_sp+last_letter
eight,o,translate_eng_sp_last,translate_eng_sp+last_letter
nine,e,translate_eng_sp_last,translate_eng_sp+last_letter
ten,z,translate_eng_sp_last,translate_eng_sp+last_letter
hundred,n,translate_eng_sp_last,translate_eng_sp+last_letter
thousand,l,translate_eng_sp_last,translate_eng_sp+last_letter
brother,o,translate_eng_sp_last,translate_eng_sp+last_letter
sister,a,translate_eng_sp_last,translate_eng_sp+last_letter
father,e,translate_eng_sp_last,translate_eng_sp+last_letter
mother,e,translate_eng_sp_last,translate_eng_sp+last_letter
son,o,translate_eng_sp_last,translate_eng_sp+last_letter
daughter,a,translate_eng_sp_last,translate_eng_sp+last_letter
husband,o,translate_eng_sp_last,translate_eng_sp+last_letter
wife,a,translate_eng_sp_last,translate_eng_sp+last_letter
grandfather,o,translate_eng_sp_last,translate_eng_sp+last_letter
grandmother,a,translate_eng_sp_last,translate_eng_sp+last_letter
uncle,o,translate_eng_sp_last,translate_eng_sp+last_letter
aunt,a,translate_eng_sp_last,translate_eng_sp+last_letter
cousin,o,translate_eng_sp_last,translate_eng_sp+last_letter
king,y,translate_eng_sp_last,translate_eng_sp+last_letter
queen,a,translate_eng_sp_last,translate_eng_sp+last_letter
prince,e,translate_eng_sp_last,translate_eng_sp+last_letter
princess,a,translate_eng_sp_last,translate_eng_sp+last_letter
man,e,translate_eng_sp_last,translate_eng_sp+last_letter
woman,r,translate_eng_sp_last,translate_eng_sp+last_letter
girl,a,translate_eng_sp_last,translate_eng_sp+last_letter
baby,é,translate_eng_sp_last,translate_eng_sp+last_letter
doctor,o,translate_eng_sp_last,translate_eng_sp+last_letter
nurse,a,translate_eng_sp_last,translate_eng_sp+last_letter
lawyer,o,translate_eng_sp_last,translate_eng_sp+last_letter
police,a,translate_eng_sp_last,translate_eng_sp+last_letter
soldier,o,translate_eng_sp_last,translate_eng_sp+last_letter
farmer,o,translate_eng_sp_last,translate_eng_sp+last_letter
worker,r,translate_eng_sp_last,translate_eng_sp+last_letter
artist,a,translate_eng_sp_last,translate_eng_sp+last_letter
musician,o,translate_eng_sp_last,translate_eng_sp+last_letter
singer,e,translate_eng_sp_last,translate_eng_sp+last_letter
bonjour,HELLO,translate_fr_eng_upper,translate_fr_eng+uppercase
au revoir,GOODBYE,translate_fr_eng_upper,translate_fr_eng+uppercase
merci,THANK YOU,translate_fr_eng_upper,translate_fr_eng+uppercase
s'il vous plaît,PLEASE,translate_fr_eng_upper,translate_fr_eng+uppercase
oui,YES,translate_fr_eng_upper,translate_fr_eng+uppercase
non,NO,translate_fr_eng_upper,translate_fr_eng+uppercase
eau,WATER,translate_fr_eng_upper,translate_fr_eng+uppercase
maison,HOUSE,translate_fr_eng_upper,translate_fr_eng+uppercase
chat,CAT,translate_fr_eng_upper,translate_fr_eng+uppercase
chien,DOG,translate_fr_eng_upper,translate_fr_eng+uppercase
bonsoir,GOOD EVENING,translate_fr_eng_upper,translate_fr_eng+uppercase
bonne nuit,GOOD NIGHT,translate_fr_eng_upper,translate_fr_eng+uppercase
comment allez-vous,HOW ARE YOU,translate_fr_eng_upper,translate_fr_eng+uppercase
je t'aime,I LOVE YOU,translate_fr_eng_upper,translate_fr_eng+uppercase
ami,FRIEND,translate_fr_eng_upper,translate_fr_eng+uppercase
famille,FAMILY,translate_fr_eng_upper,translate_fr_eng+uppercase
nourriture,FOOD,translate_fr_eng_upper,translate_fr_eng+uppercase
livre,BOOK,translate_fr_eng_upper,translate_fr_eng+uppercase
voiture,CAR,translate_fr_eng_upper,translate_fr_eng+uppercase
arbre,TREE,translate_fr_eng_upper,translate_fr_eng+uppercase
fleur,FLOWER,translate_fr_eng_upper,translate_fr_eng+uppercase
soleil,SUN,translate_fr_eng_upper,translate_fr_eng+uppercase
lune,MOON,translate_fr_eng_upper,translate_fr_eng+uppercase
étoile,STAR,translate_fr_eng_upper,translate_fr_eng+uppercase
pain,BREAD,translate_fr_eng_upper,translate_fr_eng+uppercase
fromage,CHEESE,translate_fr_eng_upper,translate_fr_eng+uppercase
vin,WINE,translate_fr_eng_upper,translate_fr_eng+uppercase
café,COFFEE,translate_fr_eng_upper,translate_fr_eng+uppercase
thé,TEA,translate_fr_eng_upper,translate_fr_eng+uppercase
lait,MILK,translate_fr_eng_upper,translate_fr_eng+uppercase
sucre,SUGAR,translate_fr_eng_upper,translate_fr_eng+uppercase
sel,SALT,translate_fr_eng_upper,translate_fr_eng+uppercase
poivre,PEPPER,translate_fr_eng_upper,translate_fr_eng+uppercase
chaise,CHAIR,translate_fr_eng_upper,translate_fr_eng+uppercase
porte,DOOR,translate_fr_eng_upper,translate_fr_eng+uppercase
fenêtre,WINDOW,translate_fr_eng_upper,translate_fr_eng+uppercase
rue,STREET,translate_fr_eng_upper,translate_fr_eng+uppercase
ville,CITY,translate_fr_eng_upper,translate_fr_eng+uppercase
pays,COUNTRY,translate_fr_eng_upper,translate_fr_eng+uppercase
monde,WORLD,translate_fr_eng_upper,translate_fr_eng+uppercase
temps,TIME,translate_fr_eng_upper,translate_fr_eng+uppercase
jour,DAY,translate_fr_eng_upper,translate_fr_eng+uppercase
nuit,NIGHT,translate_fr_eng_upper,translate_fr_eng+uppercase
semaine,WEEK,translate_fr_eng_upper,translate_fr_eng+uppercase
mois,MONTH,translate_fr_eng_upper,translate_fr_eng+uppercase
an,YEAR,translate_fr_eng_upper,translate_fr_eng+uppercase
aujourd'hui,TODAY,translate_fr_eng_upper,translate_fr_eng+uppercase
demain,TOMORROW,translate_fr_eng_upper,translate_fr_eng+uppercase
hier,YESTERDAY,translate_fr_eng_upper,translate_fr_eng+uppercase
enfant,CHILD,translate_fr_eng_upper,translate_fr_eng+uppercase
école,SCHOOL,translate_fr_eng_upper,translate_fr_eng+uppercase
étudiant,STUDENT,translate_fr_eng_upper,translate_fr_eng+uppercase
professeur,TEACHER,translate_fr_eng_upper,translate_fr_eng+uppercase
pomme,APPLE,translate_fr_eng_upper,translate_fr_eng+uppercase
poisson,FISH,translate_fr_eng_upper,translate_fr_eng+uppercase
oiseau,BIRD,translate_fr_eng_upper,translate_fr_eng+uppercase
cheval,HORSE,translate_fr_eng_upper,translate_fr_eng+uppercase
lettre,LETTER,translate_fr_eng_upper,translate_fr_eng+uppercase
mot,WORD,translate_fr_eng_upper,translate_fr_eng+uppercase
phrase,SENTENCE,translate_fr_eng_upper,translate_fr_eng+uppercase
musique,MUSIC,translate_fr_eng_upper,translate_fr_eng+uppercase
chanson,SONG,translate_fr_eng_upper,translate_fr_eng+uppercase
danse,DANCE,translate_fr_eng_upper,translate_fr_eng+uppercase
jeu,GAME,translate_fr_eng_upper,translate_fr_eng+uppercase
balle,BALL,translate_fr_eng_upper,translate_fr_eng+uppercase
main,HAND,translate_fr_eng_upper,translate_fr_eng+uppercase
pied,FOOT,translate_fr_eng_upper,translate_fr_eng+uppercase
tête,HEAD,translate_fr_eng_upper,translate_fr_eng+uppercase
œil,EYE,translate_fr_eng_upper,translate_fr_eng+uppercase
oreille,EAR,translate_fr_eng_upper,translate_fr_eng+uppercase
nez,NOSE,translate_fr_eng_upper,translate_fr_eng+uppercase
bouche,MOUTH,translate_fr_eng_upper,translate_fr_eng+uppercase
cœur,HEART,translate_fr_eng_upper,translate_fr_eng+uppercase
cerveau,BRAIN,translate_fr_eng_upper,translate_fr_eng+uppercase
corps,BODY,translate_fr_eng_upper,translate_fr_eng+uppercase
rouge,RED,translate_fr_eng_upper,translate_fr_eng+uppercase
bleu,BLUE,translate_fr_eng_upper,translate_fr_eng+uppercase
vert,GREEN,translate_fr_eng_upper,translate_fr_eng+uppercase
jaune,YELLOW,translate_fr_eng_upper,translate_fr_eng+uppercase
noir,BLACK,translate_fr_eng_upper,translate_fr_eng+uppercase
blanc,WHITE,translate_fr_eng_upper,translate_fr_eng+uppercase
violet,PURPLE,translate_fr_eng_upper,translate_fr_eng+uppercase
rose,PINK,translate_fr_eng_upper,translate_fr_eng+uppercase
gris,GRAY,translate_fr_eng_upper,translate_fr_eng+uppercase
marron,BROWN,translate_fr_eng_upper,translate_fr_eng+uppercase
grand,BIG,translate_fr_eng_upper,translate_fr_eng+uppercase
petit,SMALL,translate_fr_eng_upper,translate_fr_eng+uppercase
chaud,HOT,translate_fr_eng_upper,translate_fr_eng+uppercase
froid,COLD,translate_fr_eng_upper,translate_fr_eng+uppercase
nouveau,NEW,translate_fr_eng_upper,translate_fr_eng+uppercase
vieux,OLD,translate_fr_eng_upper,translate_fr_eng+uppercase
bon,GOOD,translate_fr_eng_upper,translate_fr_eng+uppercase
mauvais,BAD,translate_fr_eng_upper,translate_fr_eng+uppercase
heureux,HAPPY,translate_fr_eng_upper,translate_fr_eng+uppercase
triste,SAD,translate_fr_eng_upper,translate_fr_eng+uppercase
rapide,FAST,translate_fr_eng_upper,translate_fr_eng+uppercase
lent,SLOW,translate_fr_eng_upper,translate_fr_eng+uppercase
fort,STRONG,translate_fr_eng_upper,translate_fr_eng+uppercase
faible,WEAK,translate_fr_eng_upper,translate_fr_eng+uppercase
beau,BEAUTIFUL,translate_fr_eng_upper,translate_fr_eng+uppercase
laid,UGLY,translate_fr_eng_upper,translate_fr_eng+uppercase
jeune,YOUNG,translate_fr_eng_upper,translate_fr_eng+uppercase
riche,RICH,translate_fr_eng_upper,translate_fr_eng+uppercase
pauvre,POOR,translate_fr_eng_upper,translate_fr_eng+uppercase
propre,CLEAN,translate_fr_eng_upper,translate_fr_eng+uppercase
sale,DIRTY,translate_fr_eng_upper,translate_fr_eng+uppercase
facile,EASY,translate_fr_eng_upper,translate_fr_eng+uppercase
difficile,DIFFICULT,translate_fr_eng_upper,translate_fr_eng+uppercase
long,LONG,translate_fr_eng_upper,translate_fr_eng+uppercase
court,SHORT,translate_fr_eng_upper,translate_fr_eng+uppercase
haut,UP,translate_fr_eng_upper,translate_fr_eng+uppercase
bas,DOWN,translate_fr_eng_upper,translate_fr_eng+uppercase
large,WIDE,translate_fr_eng_upper,translate_fr_eng+uppercase
étroit,NARROW,translate_fr_eng_upper,translate_fr_eng+uppercase
lourd,HEAVY,translate_fr_eng_upper,translate_fr_eng+uppercase
léger,LIGHT,translate_fr_eng_upper,translate_fr_eng+uppercase
plein,FULL,translate_fr_eng_upper,translate_fr_eng+uppercase
vide,EMPTY,translate_fr_eng_upper,translate_fr_eng+uppercase
droit,RIGHT,translate_fr_eng_upper,translate_fr_eng+uppercase
gauche,LEFT,translate_fr_eng_upper,translate_fr_eng+uppercase
dedans,INSIDE,translate_fr_eng_upper,translate_fr_eng+uppercase
dehors,OUTSIDE,translate_fr_eng_upper,translate_fr_eng+uppercase
devant,FRONT,translate_fr_eng_upper,translate_fr_eng+uppercase
derrière,BACK,translate_fr_eng_upper,translate_fr_eng+uppercase
près,NEAR,translate_fr_eng_upper,translate_fr_eng+uppercase
loin,FAR,translate_fr_eng_upper,translate_fr_eng+uppercase
premier,FIRST,translate_fr_eng_upper,translate_fr_eng+uppercase
dernier,LAST,translate_fr_eng_upper,translate_fr_eng+uppercase
ouvert,OPEN,translate_fr_eng_upper,translate_fr_eng+uppercase
fermé,CLOSED,translate_fr_eng_upper,translate_fr_eng+uppercase
un,ONE,translate_fr_eng_upper,translate_fr_eng+uppercase
deux,TWO,translate_fr_eng_upper,translate_fr_eng+uppercase
trois,THREE,translate_fr_eng_upper,translate_fr_eng+uppercase
quatre,FOUR,translate_fr_eng_upper,translate_fr_eng+uppercase
cinq,FIVE,translate_fr_eng_upper,translate_fr_eng+uppercase
six,SIX,translate_fr_eng_upper,translate_fr_eng+uppercase
sept,SEVEN,translate_fr_eng_upper,translate_fr_eng+uppercase
huit,EIGHT,translate_fr_eng_upper,translate_fr_eng+uppercase
neuf,NINE,translate_fr_eng_upper,translate_fr_eng+uppercase
dix,TEN,translate_fr_eng_upper,translate_fr_eng+uppercase
cent,HUNDRED,translate_fr_eng_upper,translate_fr_eng+uppercase
mille,THOUSAND,translate_fr_eng_upper,translate_fr_eng+uppercase
frère,BROTHER,translate_fr_eng_upper,translate_fr_eng+uppercase
sœur,SISTER,translate_fr_eng_upper,translate_fr_eng+uppercase
père,FATHER,translate_fr_eng_upper,translate_fr_eng+uppercase
mère,MOTHER,translate_fr_eng_upper,translate_fr_eng+uppercase
fils,SON,translate_fr_eng_upper,translate_fr_eng+uppercase
fille,GIRL,translate_fr_eng_upper,translate_fr_eng+uppercase
mari,HUSBAND,translate_fr_eng_upper,translate_fr_eng+uppercase
femme,WOMAN,translate_fr_eng_upper,translate_fr_eng+uppercase
grand-père,GRANDFATHER,translate_fr_eng_upper,translate_fr_eng+uppercase
grand-mère,GRANDMOTHER,translate_fr_eng_upper,translate_fr_eng+uppercase
oncle,UNCLE,translate_fr_eng_upper,translate_fr_eng+uppercase
tante,AUNT,translate_fr_eng_upper,translate_fr_eng+uppercase
cousin,COUSIN,translate_fr_eng_upper,translate_fr_eng+uppercase
roi,KING,translate_fr_eng_upper,translate_fr_eng+uppercase
reine,QUEEN,translate_fr_eng_upper,translate_fr_eng+uppercase
prince,PRINCE,translate_fr_eng_upper,translate_fr_eng+uppercase
princesse,PRINCESS,translate_fr_eng_upper,translate_fr_eng+uppercase
homme,MAN,translate_fr_eng_upper,translate_fr_eng+uppercase
garçon,BOY,translate_fr_eng_upper,translate_fr_eng+uppercase
bébé,BABY,translate_fr_eng_upper,translate_fr_eng+uppercase
médecin,DOCTOR,translate_fr_eng_upper,translate_fr_eng+uppercase
infirmière,NURSE,translate_fr_eng_upper,translate_fr_eng+uppercase
avocat,LAWYER,translate_fr_eng_upper,translate_fr_eng+uppercase
police,POLICE,translate_fr_eng_upper,translate_fr_eng+uppercase
soldat,SOLDIER,translate_fr_eng_upper,translate_fr_eng+uppercase
fermier,FARMER,translate_fr_eng_upper,translate_fr_eng+uppercase
ouvrier,WORKER,translate_fr_eng_upper,translate_fr_eng+uppercase
artiste,ARTIST,translate_fr_eng_upper,translate_fr_eng+uppercase
musicien,MUSICIAN,translate_fr_eng_upper,translate_fr_eng+uppercase
BONJOUR,hello,translate_fr_eng_lower,translate_fr_eng+lowercase
AU REVOIR,goodbye,translate_fr_eng_lower,translate_fr_eng+lowercase
MERCI,thank you,translate_fr_eng_lower,translate_fr_eng+lowercase
S'IL VOUS PLAÎT,please,translate_fr_eng_lower,translate_fr_eng+lowercase
OUI,yes,translate_fr_eng_lower,translate_fr_eng+lowercase
NON,no,translate_fr_eng_lower,translate_fr_eng+lowercase
EAU,water,translate_fr_eng_lower,translate_fr_eng+lowercase
MAISON,house,translate_fr_eng_lower,translate_fr_eng+lowercase
CHAT,cat,translate_fr_eng_lower,translate_fr_eng+lowercase
CHIEN,dog,translate_fr_eng_lower,translate_fr_eng+lowercase
BONSOIR,good evening,translate_fr_eng_lower,translate_fr_eng+lowercase
BONNE NUIT,good night,translate_fr_eng_lower,translate_fr_eng+lowercase
COMMENT ALLEZ-VOUS,how are you,translate_fr_eng_lower,translate_fr_eng+lowercase
JE T'AIME,i love you,translate_fr_eng_lower,translate_fr_eng+lowercase
AMI,friend,translate_fr_eng_lower,translate_fr_eng+lowercase
FAMILLE,family,translate_fr_eng_lower,translate_fr_eng+lowercase
NOURRITURE,food,translate_fr_eng_lower,translate_fr_eng+lowercase
LIVRE,book,translate_fr_eng_lower,translate_fr_eng+lowercase
VOITURE,car,translate_fr_eng_lower,translate_fr_eng+lowercase
ARBRE,tree,translate_fr_eng_lower,translate_fr_eng+lowercase
FLEUR,flower,translate_fr_eng_lower,translate_fr_eng+lowercase
SOLEIL,sun,translate_fr_eng_lower,translate_fr_eng+lowercase
LUNE,moon,translate_fr_eng_lower,translate_fr_eng+lowercase
ÉTOILE,star,translate_fr_eng_lower,translate_fr_eng+lowercase
PAIN,bread,translate_fr_eng_lower,translate_fr_eng+lowercase
FROMAGE,cheese,translate_fr_eng_lower,translate_fr_eng+lowercase
VIN,wine,translate_fr_eng_lower,translate_fr_eng+lowercase
CAFÉ,coffee,translate_fr_eng_lower,translate_fr_eng+lowercase
THÉ,tea,translate_fr_eng_lower,translate_fr_eng+lowercase
LAIT,milk,translate_fr_eng_lower,translate_fr_eng+lowercase
SUCRE,sugar,translate_fr_eng_lower,translate_fr_eng+lowercase
SEL,salt,translate_fr_eng_lower,translate_fr_eng+lowercase
POIVRE,pepper,translate_fr_eng_lower,translate_fr_eng+lowercase
CHAISE,chair,translate_fr_eng_lower,translate_fr_eng+lowercase
PORTE,door,translate_fr_eng_lower,translate_fr_eng+lowercase
FENÊTRE,window,translate_fr_eng_lower,translate_fr_eng+lowercase
RUE,street,translate_fr_eng_lower,translate_fr_eng+lowercase
VILLE,city,translate_fr_eng_lower,translate_fr_eng+lowercase
PAYS,country,translate_fr_eng_lower,translate_fr_eng+lowercase
MONDE,world,translate_fr_eng_lower,translate_fr_eng+lowercase
TEMPS,time,translate_fr_eng_lower,translate_fr_eng+lowercase
JOUR,day,translate_fr_eng_lower,translate_fr_eng+lowercase
NUIT,night,translate_fr_eng_lower,translate_fr_eng+lowercase
SEMAINE,week,translate_fr_eng_lower,translate_fr_eng+lowercase
MOIS,month,translate_fr_eng_lower,translate_fr_eng+lowercase
AN,year,translate_fr_eng_lower,translate_fr_eng+lowercase
AUJOURD'HUI,today,translate_fr_eng_lower,translate_fr_eng+lowercase
DEMAIN,tomorrow,translate_fr_eng_lower,translate_fr_eng+lowercase
HIER,yesterday,translate_fr_eng_lower,translate_fr_eng+lowercase
ENFANT,child,translate_fr_eng_lower,translate_fr_eng+lowercase
ÉCOLE,school,translate_fr_eng_lower,translate_fr_eng+lowercase
ÉTUDIANT,student,translate_fr_eng_lower,translate_fr_eng+lowercase
PROFESSEUR,teacher,translate_fr_eng_lower,translate_fr_eng+lowercase
POMME,apple,translate_fr_eng_lower,translate_fr_eng+lowercase
POISSON,fish,translate_fr_eng_lower,translate_fr_eng+lowercase
OISEAU,bird,translate_fr_eng_lower,translate_fr_eng+lowercase
CHEVAL,horse,translate_fr_eng_lower,translate_fr_eng+lowercase
LETTRE,letter,translate_fr_eng_lower,translate_fr_eng+lowercase
MOT,word,translate_fr_eng_lower,translate_fr_eng+lowercase
PHRASE,sentence,translate_fr_eng_lower,translate_fr_eng+lowercase
MUSIQUE,music,translate_fr_eng_lower,translate_fr_eng+lowercase
CHANSON,song,translate_fr_eng_lower,translate_fr_eng+lowercase
DANSE,dance,translate_fr_eng_lower,translate_fr_eng+lowercase
JEU,game,translate_fr_eng_lower,translate_fr_eng+lowercase
BALLE,ball,translate_fr_eng_lower,translate_fr_eng+lowercase
MAIN,hand,translate_fr_eng_lower,translate_fr_eng+lowercase
PIED,foot,translate_fr_eng_lower,translate_fr_eng+lowercase
TÊTE,head,translate_fr_eng_lower,translate_fr_eng+lowercase
ŒIL,eye,translate_fr_eng_lower,translate_fr_eng+lowercase
OREILLE,ear,translate_fr_eng_lower,translate_fr_eng+lowercase
NEZ,nose,translate_fr_eng_lower,translate_fr_eng+lowercase
BOUCHE,mouth,translate_fr_eng_lower,translate_fr_eng+lowercase
CŒUR,heart,translate_fr_eng_lower,translate_fr_eng+lowercase
CERVEAU,brain,translate_fr_eng_lower,translate_fr_eng+lowercase
CORPS,body,translate_fr_eng_lower,translate_fr_eng+lowercase
ROUGE,red,translate_fr_eng_lower,translate_fr_eng+lowercase
BLEU,blue,translate_fr_eng_lower,translate_fr_eng+lowercase
VERT,green,translate_fr_eng_lower,translate_fr_eng+lowercase
JAUNE,yellow,translate_fr_eng_lower,translate_fr_eng+lowercase
NOIR,black,translate_fr_eng_lower,translate_fr_eng+lowercase
BLANC,white,translate_fr_eng_lower,translate_fr_eng+lowercase
VIOLET,purple,translate_fr_eng_lower,translate_fr_eng+lowercase
ROSE,pink,translate_fr_eng_lower,translate_fr_eng+lowercase
GRIS,gray,translate_fr_eng_lower,translate_fr_eng+lowercase
MARRON,brown,translate_fr_eng_lower,translate_fr_eng+lowercase
GRAND,big,translate_fr_eng_lower,translate_fr_eng+lowercase
PETIT,small,translate_fr_eng_lower,translate_fr_eng+lowercase
CHAUD,hot,translate_fr_eng_lower,translate_fr_eng+lowercase
FROID,cold,translate_fr_eng_lower,translate_fr_eng+lowercase
NOUVEAU,new,translate_fr_eng_lower,translate_fr_eng+lowercase
VIEUX,old,translate_fr_eng_lower,translate_fr_eng+lowercase
BON,good,translate_fr_eng_lower,translate_fr_eng+lowercase
MAUVAIS,bad,translate_fr_eng_lower,translate_fr_eng+lowercase
HEUREUX,happy,translate_fr_eng_lower,translate_fr_eng+lowercase
TRISTE,sad,translate_fr_eng_lower,translate_fr_eng+lowercase
RAPIDE,fast,translate_fr_eng_lower,translate_fr_eng+lowercase
LENT,slow,translate_fr_eng_lower,translate_fr_eng+lowercase
FORT,strong,translate_fr_eng_lower,translate_fr_eng+lowercase
FAIBLE,weak,translate_fr_eng_lower,translate_fr_eng+lowercase
BEAU,beautiful,translate_fr_eng_lower,translate_fr_eng+lowercase
LAID,ugly,translate_fr_eng_lower,translate_fr_eng+lowercase
JEUNE,young,translate_fr_eng_lower,translate_fr_eng+lowercase
RICHE,rich,translate_fr_eng_lower,translate_fr_eng+lowercase
PAUVRE,poor,translate_fr_eng_lower,translate_fr_eng+lowercase
PROPRE,clean,translate_fr_eng_lower,translate_fr_eng+lowercase
SALE,dirty,translate_fr_eng_lower,translate_fr_eng+lowercase
FACILE,easy,translate_fr_eng_lower,translate_fr_eng+lowercase
DIFFICILE,difficult,translate_fr_eng_lower,translate_fr_eng+lowercase
LONG,long,translate_fr_eng_lower,translate_fr_eng+lowercase
COURT,short,translate_fr_eng_lower,translate_fr_eng+lowercase
HAUT,up,translate_fr_eng_lower,translate_fr_eng+lowercase
BAS,down,translate_fr_eng_lower,translate_fr_eng+lowercase
LARGE,wide,translate_fr_eng_lower,translate_fr_eng+lowercase
ÉTROIT,narrow,translate_fr_eng_lower,translate_fr_eng+lowercase
LOURD,heavy,translate_fr_eng_lower,translate_fr_eng+lowercase
LÉGER,light,translate_fr_eng_lower,translate_fr_eng+lowercase
PLEIN,full,translate_fr_eng_lower,translate_fr_eng+lowercase
VIDE,empty,translate_fr_eng_lower,translate_fr_eng+lowercase
DROIT,right,translate_fr_eng_lower,translate_fr_eng+lowercase
GAUCHE,left,translate_fr_eng_lower,translate_fr_eng+lowercase
DEDANS,inside,translate_fr_eng_lower,translate_fr_eng+lowercase
DEHORS,outside,translate_fr_eng_lower,translate_fr_eng+lowercase
DEVANT,front,translate_fr_eng_lower,translate_fr_eng+lowercase
DERRIÈRE,back,translate_fr_eng_lower,translate_fr_eng+lowercase
PRÈS,near,translate_fr_eng_lower,translate_fr_eng+lowercase
LOIN,far,translate_fr_eng_lower,translate_fr_eng+lowercase
PREMIER,first,translate_fr_eng_lower,translate_fr_eng+lowercase
DERNIER,last,translate_fr_eng_lower,translate_fr_eng+lowercase
OUVERT,open,translate_fr_eng_lower,translate_fr_eng+lowercase
FERMÉ,closed,translate_fr_eng_lower,translate_fr_eng+lowercase
UN,one,translate_fr_eng_lower,translate_fr_eng+lowercase
DEUX,two,translate_fr_eng_lower,translate_fr_eng+lowercase
TROIS,three,translate_fr_eng_lower,translate_fr_eng+lowercase
QUATRE,four,translate_fr_eng_lower,translate_fr_eng+lowercase
CINQ,five,translate_fr_eng_lower,translate_fr_eng+lowercase
SIX,six,translate_fr_eng_lower,translate_fr_eng+lowercase
SEPT,seven,translate_fr_eng_lower,translate_fr_eng+lowercase
HUIT,eight,translate_fr_eng_lower,translate_fr_eng+lowercase
NEUF,nine,translate_fr_eng_lower,translate_fr_eng+lowercase
DIX,ten,translate_fr_eng_lower,translate_fr_eng+lowercase
CENT,hundred,translate_fr_eng_lower,translate_fr_eng+lowercase
MILLE,thousand,translate_fr_eng_lower,translate_fr_eng+lowercase
FRÈRE,brother,translate_fr_eng_lower,translate_fr_eng+lowercase
SŒUR,sister,translate_fr_eng_lower,translate_fr_eng+lowercase
PÈRE,father,translate_fr_eng_lower,translate_fr_eng+lowercase
MÈRE,mother,translate_fr_eng_lower,translate_fr_eng+lowercase
FILS,son,translate_fr_eng_lower,translate_fr_eng+lowercase
FILLE,girl,translate_fr_eng_lower,translate_fr_eng+lowercase
MARI,husband,translate_fr_eng_lower,translate_fr_eng+lowercase
FEMME,woman,translate_fr_eng_lower,translate_fr_eng+lowercase
GRAND-PÈRE,grandfather,translate_fr_eng_lower,translate_fr_eng+lowercase
GRAND-MÈRE,grandmother,translate_fr_eng_lower,translate_fr_eng+lowercase
ONCLE,uncle,translate_fr_eng_lower,translate_fr_eng+lowercase
TANTE,aunt,translate_fr_eng_lower,translate_fr_eng+lowercase
COUSIN,cousin,translate_fr_eng_lower,translate_fr_eng+lowercase
ROI,king,translate_fr_eng_lower,translate_fr_eng+lowercase
REINE,queen,translate_fr_eng_lower,translate_fr_eng+lowercase
PRINCE,prince,translate_fr_eng_lower,translate_fr_eng+lowercase
PRINCESSE,princess,translate_fr_eng_lower,translate_fr_eng+lowercase
HOMME,man,translate_fr_eng_lower,translate_fr_eng+lowercase
GARÇON,boy,translate_fr_eng_lower,translate_fr_eng+lowercase
BÉBÉ,baby,translate_fr_eng_lower,translate_fr_eng+lowercase
MÉDECIN,doctor,translate_fr_eng_lower,translate_fr_eng+lowercase
INFIRMIÈRE,nurse,translate_fr_eng_lower,translate_fr_eng+lowercase
AVOCAT,lawyer,translate_fr_eng_lower,translate_fr_eng+lowercase
POLICE,police,translate_fr_eng_lower,translate_fr_eng+lowercase
SOLDAT,soldier,translate_fr_eng_lower,translate_fr_eng+lowercase
FERMIER,farmer,translate_fr_eng_lower,translate_fr_eng+lowercase
OUVRIER,worker,translate_fr_eng_lower,translate_fr_eng+lowercase
ARTISTE,artist,translate_fr_eng_lower,translate_fr_eng+lowercase
MUSICIEN,musician,translate_fr_eng_lower,translate_fr_eng+lowercase
bonjour,olleh,translate_fr_eng_reverse,translate_fr_eng+reverse
au revoir,eybdoog,translate_fr_eng_reverse,translate_fr_eng+reverse
merci,uoy knaht,translate_fr_eng_reverse,translate_fr_eng+reverse
s'il vous plaît,esaelp,translate_fr_eng_reverse,translate_fr_eng+reverse
oui,sey,translate_fr_eng_reverse,translate_fr_eng+reverse
non,on,translate_fr_eng_reverse,translate_fr_eng+reverse
eau,retaw,translate_fr_eng_reverse,translate_fr_eng+reverse
maison,esuoh,translate_fr_eng_reverse,translate_fr_eng+reverse
chat,tac,translate_fr_eng_reverse,translate_fr_eng+reverse
chien,god,translate_fr_eng_reverse,translate_fr_eng+reverse
bonsoir,gnineve doog,translate_fr_eng_reverse,translate_fr_eng+reverse
bonne nuit,thgin doog,translate_fr_eng_reverse,translate_fr_eng+reverse
comment allez-vous,uoy era woh,translate_fr_eng_reverse,translate_fr_eng+reverse
je t'aime,uoy evol I,translate_fr_eng_reverse,translate_fr_eng+reverse
ami,dneirf,translate_fr_eng_reverse,translate_fr_eng+reverse
famille,ylimaf,translate_fr_eng_reverse,translate_fr_eng+reverse
nourriture,doof,translate_fr_eng_reverse,translate_fr_eng+reverse
livre,koob,translate_fr_eng_reverse,translate_fr_eng+reverse
voiture,rac,translate_fr_eng_reverse,translate_fr_eng+reverse
arbre,eert,translate_fr_eng_reverse,translate_fr_eng+reverse
fleur,rewolf,translate_fr_eng_reverse,translate_fr_eng+reverse
soleil,nus,translate_fr_eng_reverse,translate_fr_eng+reverse
lune,noom,translate_fr_eng_reverse,translate_fr_eng+reverse
étoile,rats,translate_fr_eng_reverse,translate_fr_eng+reverse
pain,daerb,translate_fr_eng_reverse,translate_fr_eng+reverse
fromage,eseehc,translate_fr_eng_reverse,translate_fr_eng+reverse
vin,eniw,translate_fr_eng_reverse,translate_fr_eng+reverse
café,eeffoc,translate_fr_eng_reverse,translate_fr_eng+reverse
thé,aet,translate_fr_eng_reverse,translate_fr_eng+reverse
lait,klim,translate_fr_eng_reverse,translate_fr_eng+reverse
sucre,ragus,translate_fr_eng_reverse,translate_fr_eng+reverse
sel,tlas,translate_fr_eng_reverse,translate_fr_eng+reverse
poivre,reppep,translate_fr_eng_reverse,translate_fr_eng+reverse
chaise,riahc,translate_fr_eng_reverse,translate_fr_eng+reverse
porte,rood,translate_fr_eng_reverse,translate_fr_eng+reverse
fenêtre,wodniw,translate_fr_eng_reverse,translate_fr_eng+reverse
rue,teerts,translate_fr_eng_reverse,translate_fr_eng+reverse
ville,ytic,translate_fr_eng_reverse,translate_fr_eng+reverse
pays,yrtnuoc,translate_fr_eng_reverse,translate_fr_eng+reverse
monde,dlrow,translate_fr_eng_reverse,translate_fr_eng+reverse
temps,emit,translate_fr_eng_reverse,translate_fr_eng+reverse
jour,yad,translate_fr_eng_reverse,translate_fr_eng+reverse
nuit,thgin,translate_fr_eng_reverse,translate_fr_eng+reverse
semaine,keew,translate_fr_eng_reverse,translate_fr_eng+reverse
mois,htnom,translate_fr_eng_reverse,translate_fr_eng+reverse
an,raey,translate_fr_eng_reverse,translate_fr_eng+reverse
aujourd'hui,yadot,translate_fr_eng_reverse,translate_fr_eng+reverse
demain,worromot,translate_fr_eng_reverse,translate_fr_eng+reverse
hier,yadretsey,translate_fr_eng_reverse,translate_fr_eng+reverse
enfant,dlihc,translate_fr_eng_reverse,translate_fr_eng+reverse
école,loohcs,translate_fr_eng_reverse,translate_fr_eng+reverse
étudiant,tneduts,translate_fr_eng_reverse,translate_fr_eng+reverse
professeur,rehcaet,translate_fr_eng_reverse,translate_fr_eng+reverse
pomme,elppa,translate_fr_eng_reverse,translate_fr_eng+reverse
poisson,hsif,translate_fr_eng_reverse,translate_fr_eng+reverse
oiseau,drib,translate_fr_eng_reverse,translate_fr_eng+reverse
cheval,esroh,translate_fr_eng_reverse,translate_fr_eng+reverse
lettre,rettel,translate_fr_eng_reverse,translate_fr_eng+reverse
mot,drow,translate_fr_eng_reverse,translate_fr_eng+reverse
phrase,ecnetnes,translate_fr_eng_reverse,translate_fr_eng+reverse
musique,cisum,translate_fr_eng_reverse,translate_fr_eng+reverse
chanson,gnos,translate_fr_eng_reverse,translate_fr_eng+reverse
danse,ecnad,translate_fr_eng_reverse,translate_fr_eng+reverse
jeu,emag,translate_fr_eng_reverse,translate_fr_eng+reverse
balle,llab,translate_fr_eng_reverse,translate_fr_eng+reverse
main,dnah,translate_fr_eng_reverse,translate_fr_eng+reverse
pied,toof,translate_fr_eng_reverse,translate_fr_eng+reverse
tête,daeh,translate_fr_eng_reverse,translate_fr_eng+reverse
œil,eye,translate_fr_eng_reverse,translate_fr_eng+reverse
oreille,rae,translate_fr_eng_reverse,translate_fr_eng+reverse
nez,eson,translate_fr_eng_reverse,translate_fr_eng+reverse
bouche,htuom,translate_fr_eng_reverse,translate_fr_eng+reverse
cœur,traeh,translate_fr_eng_reverse,translate_fr_eng+reverse
cerveau,niarb,translate_fr_eng_reverse,translate_fr_eng+reverse
corps,ydob,translate_fr_eng_reverse,translate_fr_eng+reverse
rouge,der,translate_fr_eng_reverse,translate_fr_eng+reverse
bleu,eulb,translate_fr_eng_reverse,translate_fr_eng+reverse
vert,neerg,translate_fr_eng_reverse,translate_fr_eng+reverse
jaune,wolley,translate_fr_eng_reverse,translate_fr_eng+reverse
noir,kcalb,translate_fr_eng_reverse,translate_fr_eng+reverse
blanc,etihw,translate_fr_eng_reverse,translate_fr_eng+reverse
violet,elprup,translate_fr_eng_reverse,translate_fr_eng+reverse
rose,knip,translate_fr_eng_reverse,translate_fr_eng+reverse
gris,yarg,translate_fr_eng_reverse,translate_fr_eng+reverse
marron,nworb,translate_fr_eng_reverse,translate_fr_eng+reverse
grand,gib,translate_fr_eng_reverse,translate_fr_eng+reverse
petit,llams,translate_fr_eng_reverse,translate_fr_eng+reverse
chaud,toh,translate_fr_eng_reverse,translate_fr_eng+reverse
froid,dloc,translate_fr_eng_reverse,translate_fr_eng+reverse
nouveau,wen,translate_fr_eng_reverse,translate_fr_eng+reverse
vieux,dlo,translate_fr_eng_reverse,translate_fr_eng+reverse
bon,doog,translate_fr_eng_reverse,translate_fr_eng+reverse
mauvais,dab,translate_fr_eng_reverse,translate_fr_eng+reverse
heureux,yppah,translate_fr_eng_reverse,translate_fr_eng+reverse
triste,das,translate_fr_eng_reverse,translate_fr_eng+reverse
rapide,tsaf,translate_fr_eng_reverse,translate_fr_eng+reverse
lent,wols,translate_fr_eng_reverse,translate_fr_eng+reverse
fort,gnorts,translate_fr_eng_reverse,translate_fr_eng+reverse
faible,kaew,translate_fr_eng_reverse,translate_fr_eng+reverse
beau,lufituaeb,translate_fr_eng_reverse,translate_fr_eng+reverse
laid,ylgu,translate_fr_eng_reverse,translate_fr_eng+reverse
jeune,gnuoy,translate_fr_eng_reverse,translate_fr_eng+reverse
riche,hcir,translate_fr_eng_reverse,translate_fr_eng+reverse
pauvre,roop,translate_fr_eng_reverse,translate_fr_eng+reverse
propre,naelc,translate_fr_eng_reverse,translate_fr_eng+reverse
sale,ytrid,translate_fr_eng_reverse,translate_fr_eng+reverse
facile,ysae,translate_fr_eng_reverse,translate_fr_eng+reverse
difficile,tluciffid,translate_fr_eng_reverse,translate_fr_eng+reverse
long,gnol,translate_fr_eng_reverse,translate_fr_eng+reverse
court,trohs,translate_fr_eng_reverse,translate_fr_eng+reverse
haut,pu,translate_fr_eng_reverse,translate_fr_eng+reverse
bas,nwod,translate_fr_eng_reverse,translate_fr_eng+reverse
large,ediw,translate_fr_eng_reverse,translate_fr_eng+reverse
étroit,worran,translate_fr_eng_reverse,translate_fr_eng+reverse
lourd,yvaeh,translate_fr_eng_reverse,translate_fr_eng+reverse
léger,thgil,translate_fr_eng_reverse,translate_fr_eng+reverse
plein,lluf,translate_fr_eng_reverse,translate_fr_eng+reverse
vide,ytpme,translate_fr_eng_reverse,translate_fr_eng+reverse
droit,thgir,translate_fr_eng_reverse,translate_fr_eng+reverse
gauche,tfel,translate_fr_eng_reverse,translate_fr_eng+reverse
dedans,edisni,translate_fr_eng_reverse,translate_fr_eng+reverse
dehors,edistuo,translate_fr_eng_reverse,translate_fr_eng+reverse
devant,tnorf,translate_fr_eng_reverse,translate_fr_eng+reverse
derrière,kcab,translate_fr_eng_reverse,translate_fr_eng+reverse
près,raen,translate_fr_eng_reverse,translate_fr_eng+reverse
loin,raf,translate_fr_eng_reverse,translate_fr_eng+reverse
premier,tsrif,translate_fr_eng_reverse,translate_fr_eng+reverse
dernier,tsal,translate_fr_eng_reverse,translate_fr_eng+reverse
ouvert,nepo,translate_fr_eng_reverse,translate_fr_eng+reverse
fermé,desolc,translate_fr_eng_reverse,translate_fr_eng+reverse
un,eno,translate_fr_eng_reverse,translate_fr_eng+reverse
deux,owt,translate_fr_eng_reverse,translate_fr_eng+reverse
trois,eerht,translate_fr_eng_reverse,translate_fr_eng+reverse
quatre,ruof,translate_fr_eng_reverse,translate_fr_eng+reverse
cinq,evif,translate_fr_eng_reverse,translate_fr_eng+reverse
six,xis,translate_fr_eng_reverse,translate_fr_eng+reverse
sept,neves,translate_fr_eng_reverse,translate_fr_eng+reverse
huit,thgie,translate_fr_eng_reverse,translate_fr_eng+reverse
neuf,enin,translate_fr_eng_reverse,translate_fr_eng+reverse
dix,net,translate_fr_eng_reverse,translate_fr_eng+reverse
cent,derdnuh,translate_fr_eng_reverse,translate_fr_eng+reverse
mille,dnasuoht,translate_fr_eng_reverse,translate_fr_eng+reverse
frère,rehtorb,translate_fr_eng_reverse,translate_fr_eng+reverse
sœur,retsis,translate_fr_eng_reverse,translate_fr_eng+reverse
père,rehtaf,translate_fr_eng_reverse,translate_fr_eng+reverse
mère,rehtom,translate_fr_eng_reverse,translate_fr_eng+reverse
fils,nos,translate_fr_eng_reverse,translate_fr_eng+reverse
fille,lrig,translate_fr_eng_reverse,translate_fr_eng+reverse
mari,dnabsuh,translate_fr_eng_reverse,translate_fr_eng+reverse
femme,namow,translate_fr_eng_reverse,translate_fr_eng+reverse
grand-père,rehtafdnarg,translate_fr_eng_reverse,translate_fr_eng+reverse
grand-mère,rehtomdnarg,translate_fr_eng_reverse,translate_fr_eng+reverse
oncle,elcnu,translate_fr_eng_reverse,translate_fr_eng+reverse
tante,tnua,translate_fr_eng_reverse,translate_fr_eng+reverse
cousin,nisuoc,translate_fr_eng_reverse,translate_fr_eng+reverse
roi,gnik,translate_fr_eng_reverse,translate_fr_eng+reverse
reine,neeuq,translate_fr_eng_reverse,translate_fr_eng+reverse
prince,ecnirp,translate_fr_eng_reverse,translate_fr_eng+reverse
princesse,ssecnirp,translate_fr_eng_reverse,translate_fr_eng+reverse
homme,nam,translate_fr_eng_reverse,translate_fr_eng+reverse
garçon,yob,translate_fr_eng_reverse,translate_fr_eng+reverse
bébé,ybab,translate_fr_eng_reverse,translate_fr_eng+reverse
médecin,rotcod,translate_fr_eng_reverse,translate_fr_eng+reverse
infirmière,esrun,translate_fr_eng_reverse,translate_fr_eng+reverse
avocat,reywal,translate_fr_eng_reverse,translate_fr_eng+reverse
police,ecilop,translate_fr_eng_reverse,translate_fr_eng+reverse
soldat,reidlos,translate_fr_eng_reverse,translate_fr_eng+reverse
fermier,remraf,translate_fr_eng_reverse,translate_fr_eng+reverse
ouvrier,rekrow,translate_fr_eng_reverse,translate_fr_eng+reverse
artiste,tsitra,translate_fr_eng_reverse,translate_fr_eng+reverse
musicien,naicisum,translate_fr_eng_reverse,translate_fr_eng+reverse
bonjour,h,translate_fr_eng_first,translate_fr_eng+first_letter
au revoir,g,translate_fr_eng_first,translate_fr_eng+first_letter
merci,t,translate_fr_eng_first,translate_fr_eng+first_letter
s'il vous plaît,p,translate_fr_eng_first,translate_fr_eng+first_letter
oui,y,translate_fr_eng_first,translate_fr_eng+first_letter
non,n,translate_fr_eng_first,translate_fr_eng+first_letter
eau,w,translate_fr_eng_first,translate_fr_eng+first_letter
maison,h,translate_fr_eng_first,translate_fr_eng+first_letter
chat,c,translate_fr_eng_first,translate_fr_eng+first_letter
chien,d,translate_fr_eng_first,translate_fr_eng+first_letter
bonsoir,g,translate_fr_eng_first,translate_fr_eng+first_letter
bonne nuit,g,translate_fr_eng_first,translate_fr_eng+first_letter
comment allez-vous,h,translate_fr_eng_first,translate_fr_eng+first_letter
je t'aime,I,translate_fr_eng_first,translate_fr_eng+first_letter
ami,f,translate_fr_eng_first,translate_fr_eng+first_letter
famille,f,translate_fr_eng_first,translate_fr_eng+first_letter
nourriture,f,translate_fr_eng_first,translate_fr_eng+first_letter
livre,b,translate_fr_eng_first,translate_fr_eng+first_letter
voiture,c,translate_fr_eng_first,translate_fr_eng+first_letter
arbre,t,translate_fr_eng_first,translate_fr_eng+first_letter
fleur,f,translate_fr_eng_first,translate_fr_eng+first_letter
soleil,s,translate_fr_eng_first,translate_fr_eng+first_letter
lune,m,translate_fr_eng_first,translate_fr_eng+first_letter
étoile,s,translate_fr_eng_first,translate_fr_eng+first_letter
pain,b,translate_fr_eng_first,translate_fr_eng+first_letter
fromage,c,translate_fr_eng_first,translate_fr_eng+first_letter
vin,w,translate_fr_eng_first,translate_fr_eng+first_letter
café,c,translate_fr_eng_first,translate_fr_eng+first_letter
thé,t,translate_fr_eng_first,translate_fr_eng+first_letter
lait,m,translate_fr_eng_first,translate_fr_eng+first_letter
sucre,s,translate_fr_eng_first,translate_fr_eng+first_letter
sel,s,translate_fr_eng_first,translate_fr_eng+first_letter
poivre,p,translate_fr_eng_first,translate_fr_eng+first_letter
chaise,c,translate_fr_eng_first,translate_fr_eng+first_letter
porte,d,translate_fr_eng_first,translate_fr_eng+first_letter
fenêtre,w,translate_fr_eng_first,translate_fr_eng+first_letter
rue,s,translate_fr_eng_first,translate_fr_eng+first_letter
ville,c,translate_fr_eng_first,translate_fr_eng+first_letter
pays,c,translate_fr_eng_first,translate_fr_eng+first_letter
monde,w,translate_fr_eng_first,translate_fr_eng+first_letter
temps,t,translate_fr_eng_first,translate_fr_eng+first_letter
jour,d,translate_fr_eng_first,translate_fr_eng+first_letter
nuit,n,translate_fr_eng_first,translate_fr_eng+first_letter
semaine,w,translate_fr_eng_first,translate_fr_eng+first_letter
mois,m,translate_fr_eng_first,translate_fr_eng+first_letter
an,y,translate_fr_eng_first,translate_fr_eng+first_letter
aujourd'hui,t,translate_fr_eng_first,translate_fr_eng+first_letter
demain,t,translate_fr_eng_first,translate_fr_eng+first_letter
hier,y,translate_fr_eng_first,translate_fr_eng+first_letter
enfant,c,translate_fr_eng_first,translate_fr_eng+first_letter
école,s,translate_fr_eng_first,translate_fr_eng+first_letter
étudiant,s,translate_fr_eng_first,translate_fr_eng+first_letter
professeur,t,translate_fr_eng_first,translate_fr_eng+first_letter
pomme,a,translate_fr_eng_first,translate_fr_eng+first_letter
poisson,f,translate_fr_eng_first,translate_fr_eng+first_letter
oiseau,b,translate_fr_eng_first,translate_fr_eng+first_letter
cheval,h,translate_fr_eng_first,translate_fr_eng+first_letter
lettre,l,translate_fr_eng_first,translate_fr_eng+first_letter
mot,w,translate_fr_eng_first,translate_fr_eng+first_letter
phrase,s,translate_fr_eng_first,translate_fr_eng+first_letter
musique,m,translate_fr_eng_first,translate_fr_eng+first_letter
chanson,s,translate_fr_eng_first,translate_fr_eng+first_letter
danse,d,translate_fr_eng_first,translate_fr_eng+first_letter
jeu,g,translate_fr_eng_first,translate_fr_eng+first_letter
balle,b,translate_fr_eng_first,translate_fr_eng+first_letter
main,h,translate_fr_eng_first,translate_fr_eng+first_letter
pied,f,translate_fr_eng_first,translate_fr_eng+first_letter
tête,h,translate_fr_eng_first,translate_fr_eng+first_letter
œil,e,translate_fr_eng_first,translate_fr_eng+first_letter
oreille,e,translate_fr_eng_first,translate_fr_eng+first_letter
nez,n,translate_fr_eng_first,translate_fr_eng+first_letter
bouche,m,translate_fr_eng_first,translate_fr_eng+first_letter
cœur,h,translate_fr_eng_first,translate_fr_eng+first_letter
cerveau,b,translate_fr_eng_first,translate_fr_eng+first_letter
corps,b,translate_fr_eng_first,translate_fr_eng+first_letter
rouge,r,translate_fr_eng_first,translate_fr_eng+first_letter
bleu,b,translate_fr_eng_first,translate_fr_eng+first_letter
vert,g,translate_fr_eng_first,translate_fr_eng+first_letter
jaune,y,translate_fr_eng_first,translate_fr_eng+first_letter
noir,b,translate_fr_eng_first,translate_fr_eng+first_letter
blanc,w,translate_fr_eng_first,translate_fr_eng+first_letter
violet,p,translate_fr_eng_first,translate_fr_eng+first_letter
rose,p,translate_fr_eng_first,translate_fr_eng+first_letter
gris,g,translate_fr_eng_first,translate_fr_eng+first_letter
marron,b,translate_fr_eng_first,translate_fr_eng+first_letter
grand,b,translate_fr_eng_first,translate_fr_eng+first_letter
petit,s,translate_fr_eng_first,translate_fr_eng+first_letter
chaud,h,translate_fr_eng_first,translate_fr_eng+first_letter
froid,c,translate_fr_eng_first,translate_fr_eng+first_letter
nouveau,n,translate_fr_eng_first,translate_fr_eng+first_letter
vieux,o,translate_fr_eng_first,translate_fr_eng+first_letter
bon,g,translate_fr_eng_first,translate_fr_eng+first_letter
mauvais,b,translate_fr_eng_first,translate_fr_eng+first_letter
heureux,h,translate_fr_eng_first,translate_fr_eng+first_letter
triste,s,translate_fr_eng_first,translate_fr_eng+first_letter
rapide,f,translate_fr_eng_first,translate_fr_eng+first_letter
lent,s,translate_fr_eng_first,translate_fr_eng+first_letter
fort,s,translate_fr_eng_first,translate_fr_eng+first_letter
faible,w,translate_fr_eng_first,translate_fr_eng+first_letter
beau,b,translate_fr_eng_first,translate_fr_eng+first_letter
laid,u,translate_fr_eng_first,translate_fr_eng+first_letter
jeune,y,translate_fr_eng_first,translate_fr_eng+first_letter
riche,r,translate_fr_eng_first,translate_fr_eng+first_letter
pauvre,p,translate_fr_eng_first,translate_fr_eng+first_letter
propre,c,translate_fr_eng_first,translate_fr_eng+first_letter
sale,d,translate_fr_eng_first,translate_fr_eng+first_letter
facile,e,translate_fr_eng_first,translate_fr_eng+first_letter
difficile,d,translate_fr_eng_first,translate_fr_eng+first_letter
long,l,translate_fr_eng_first,translate_fr_eng+first_letter
court,s,translate_fr_eng_first,translate_fr_eng+first_letter
haut,u,translate_fr_eng_first,translate_fr_eng+first_letter
bas,d,translate_fr_eng_first,translate_fr_eng+first_letter
large,w,translate_fr_eng_first,translate_fr_eng+first_letter
étroit,n,translate_fr_eng_first,translate_fr_eng+first_letter
lourd,h,translate_fr_eng_first,translate_fr_eng+first_letter
léger,l,translate_fr_eng_first,translate_fr_eng+first_letter
plein,f,translate_fr_eng_first,translate_fr_eng+first_letter
vide,e,translate_fr_eng_first,translate_fr_eng+first_letter
droit,r,translate_fr_eng_first,translate_fr_eng+first_letter
gauche,l,translate_fr_eng_first,translate_fr_eng+first_letter
dedans,i,translate_fr_eng_first,translate_fr_eng+first_letter
dehors,o,translate_fr_eng_first,translate_fr_eng+first_letter
devant,f,translate_fr_eng_first,translate_fr_eng+first_letter
derrière,b,translate_fr_eng_first,translate_fr_eng+first_letter
près,n,translate_fr_eng_first,translate_fr_eng+first_letter
loin,f,translate_fr_eng_first,translate_fr_eng+first_letter
premier,f,translate_fr_eng_first,translate_fr_eng+first_letter
dernier,l,translate_fr_eng_first,translate_fr_eng+first_letter
ouvert,o,translate_fr_eng_first,translate_fr_eng+first_letter
fermé,c,translate_fr_eng_first,translate_fr_eng+first_letter
un,o,translate_fr_eng_first,translate_fr_eng+first_letter
deux,t,translate_fr_eng_first,translate_fr_eng+first_letter
trois,t,translate_fr_eng_first,translate_fr_eng+first_letter
quatre,f,translate_fr_eng_first,translate_fr_eng+first_letter
cinq,f,translate_fr_eng_first,translate_fr_eng+first_letter
six,s,translate_fr_eng_first,translate_fr_eng+first_letter
sept,s,translate_fr_eng_first,translate_fr_eng+first_letter
huit,e,translate_fr_eng_first,translate_fr_eng+first_letter
neuf,n,translate_fr_eng_first,translate_fr_eng+first_letter
dix,t,translate_fr_eng_first,translate_fr_eng+first_letter
cent,h,translate_fr_eng_first,translate_fr_eng+first_letter
mille,t,translate_fr_eng_first,translate_fr_eng+first_letter
frère,b,translate_fr_eng_first,translate_fr_eng+first_letter
sœur,s,translate_fr_eng_first,translate_fr_eng+first_letter
père,f,translate_fr_eng_first,translate_fr_eng+first_letter
mère,m,translate_fr_eng_first,translate_fr_eng+first_letter
fils,s,translate_fr_eng_first,translate_fr_eng+first_letter
fille,g,translate_fr_eng_first,translate_fr_eng+first_letter
mari,h,translate_fr_eng_first,translate_fr_eng+first_letter
femme,w,translate_fr_eng_first,translate_fr_eng+first_letter
grand-père,g,translate_fr_eng_first,translate_fr_eng+first_letter
grand-mère,g,translate_fr_eng_first,translate_fr_eng+first_letter
oncle,u,translate_fr_eng_first,translate_fr_eng+first_letter
tante,a,translate_fr_eng_first,translate_fr_eng+first_letter
cousin,c,translate_fr_eng_first,translate_fr_eng+first_letter
roi,k,translate_fr_eng_first,translate_fr_eng+first_letter
reine,q,translate_fr_eng_first,translate_fr_eng+first_letter
prince,p,translate_fr_eng_first,translate_fr_eng+first_letter
princesse,p,translate_fr_eng_first,translate_fr_eng+first_letter
homme,m,translate_fr_eng_first,translate_fr_eng+first_letter
garçon,b,translate_fr_eng_first,translate_fr_eng+first_letter
bébé,b,translate_fr_eng_first,translate_fr_eng+first_letter
médecin,d,translate_fr_eng_first,translate_fr_eng+first_letter
infirmière,n,translate_fr_eng_first,translate_fr_eng+first_letter
avocat,l,translate_fr_eng_first,translate_fr_eng+first_letter
police,p,translate_fr_eng_first,translate_fr_eng+first_letter
soldat,s,translate_fr_eng_first,translate_fr_eng+first_letter
fermier,f,translate_fr_eng_first,translate_fr_eng+first_letter
ouvrier,w,translate_fr_eng_first,translate_fr_eng+first_letter
artiste,a,translate_fr_eng_first,translate_fr_eng+first_letter
musicien,m,translate_fr_eng_first,translate_fr_eng+first_letter
bonjour,o,translate_fr_eng_last,translate_fr_eng+last_letter
au revoir,e,translate_fr_eng_last,translate_fr_eng+last_letter
merci,u,translate_fr_eng_last,translate_fr_eng+last_letter
s'il vous plaît,e,translate_fr_eng_last,translate_fr_eng+last_letter
oui,s,translate_fr_eng_last,translate_fr_eng+last_letter
non,o,translate_fr_eng_last,translate_fr_eng+last_letter
eau,r,translate_fr_eng_last,translate_fr_eng+last_letter
maison,e,translate_fr_eng_last,translate_fr_eng+last_letter
chat,t,translate_fr_eng_last,translate_fr_eng+last_letter
chien,g,translate_fr_eng_last,translate_fr_eng+last_letter
bonsoir,g,translate_fr_eng_last,translate_fr_eng+last_letter
bonne nuit,t,translate_fr_eng_last,translate_fr_eng+last_letter
comment allez-vous,u,translate_fr_eng_last,translate_fr_eng+last_letter
je t'aime,u,translate_fr_eng_last,translate_fr_eng+last_letter
ami,d,translate_fr_eng_last,translate_fr_eng+last_letter
famille,y,translate_fr_eng_last,translate_fr_eng+last_letter
nourriture,d,translate_fr_eng_last,translate_fr_eng+last_letter
livre,k,translate_fr_eng_last,translate_fr_eng+last_letter
voiture,r,translate_fr_eng_last,translate_fr_eng+last_letter
arbre,e,translate_fr_eng_last,translate_fr_eng+last_letter
fleur,r,translate_fr_eng_last,translate_fr_eng+last_letter
soleil,n,translate_fr_eng_last,translate_fr_eng+last_letter
lune,n,translate_fr_eng_last,translate_fr_eng+last_letter
étoile,r,translate_fr_eng_last,translate_fr_eng+last_letter
pain,d,translate_fr_eng_last,translate_fr_eng+last_letter
fromage,e,translate_fr_eng_last,translate_fr_eng+last_letter
vin,e,translate_fr_eng_last,translate_fr_eng+last_letter
café,e,translate_fr_eng_last,translate_fr_eng+last_letter
thé,a,translate_fr_eng_last,translate_fr_eng+last_letter
lait,k,translate_fr_eng_last,translate_fr_eng+last_letter
sucre,r,translate_fr_eng_last,translate_fr_eng+last_letter
sel,t,translate_fr_eng_last,translate_fr_eng+last_letter
poivre,r,translate_fr_eng_last,translate_fr_eng+last_letter
chaise,r,translate_fr_eng_last,translate_fr_eng+last_letter
porte,r,translate_fr_eng_last,translate_fr_eng+last_letter
fenêtre,w,translate_fr_eng_last,translate_fr_eng+last_letter
rue,t,translate_fr_eng_last,translate_fr_eng+last_letter
ville,y,translate_fr_eng_last,translate_fr_eng+last_letter
pays,y,translate_fr_eng_last,translate_fr_eng+last_letter
monde,d,translate_fr_eng_last,translate_fr_eng+last_letter
temps,e,translate_fr_eng_last,translate_fr_eng+last_letter
jour,y,translate_fr_eng_last,translate_fr_eng+last_letter
nuit,t,translate_fr_eng_last,translate_fr_eng+last_letter
semaine,k,translate_fr_eng_last,translate_fr_eng+last_letter
mois,h,translate_fr_eng_last,translate_fr_eng+last_letter
an,r,translate_fr_eng_last,translate_fr_eng+last_letter
aujourd'hui,y,translate_fr_eng_last,translate_fr_eng+last_letter
demain,w,translate_fr_eng_last,translate_fr_eng+last_letter
hier,y,translate_fr_eng_last,translate_fr_eng+last_letter
enfant,d,translate_fr_eng_last,translate_fr_eng+last_letter
école,l,translate_fr_eng_last,translate_fr_eng+last_letter
étudiant,t,translate_fr_eng_last,translate_fr_eng+last_letter
professeur,r,translate_fr_eng_last,translate_fr_eng+last_letter
pomme,e,translate_fr_eng_last,translate_fr_eng+last_letter
poisson,h,translate_fr_eng_last,translate_fr_eng+last_letter
oiseau,d,translate_fr_eng_last,translate_fr_eng+last_letter
cheval,e,translate_fr_eng_last,translate_fr_eng+last_letter
lettre,r,translate_fr_eng_last,translate_fr_eng+last_letter
mot,d,translate_fr_eng_last,translate_fr_eng+last_letter
phrase,e,translate_fr_eng_last,translate_fr_eng+last_letter
musique,c,translate_fr_eng_last,translate_fr_eng+last_letter
chanson,g,translate_fr_eng_last,translate_fr_eng+last_letter
danse,e,translate_fr_eng_last,translate_fr_eng+last_letter
jeu,e,translate_fr_eng_last,translate_fr_eng+last_letter
balle,l,translate_fr_eng_last,translate_fr_eng+last_letter
main,d,translate_fr_eng_last,translate_fr_eng+last_letter
pied,t,translate_fr_eng_last,translate_fr_eng+last_letter
tête,d,translate_fr_eng_last,translate_fr_eng+last_letter
œil,e,translate_fr_eng_last,translate_fr_eng+last_letter
oreille,r,translate_fr_eng_last,translate_fr_eng+last_letter
nez,e,translate_fr_eng_last,translate_fr_eng+last_letter
bouche,h,translate_fr_eng_last,translate_fr_eng+last_letter
cœur,t,translate_fr_eng_last,translate_fr_eng+last_letter
cerveau,n,translate_fr_eng_last,translate_fr_eng+last_letter
corps,y,translate_fr_eng_last,translate_fr_eng+last_letter
rouge,d,translate_fr_eng_last,translate_fr_eng+last_letter
bleu,e,translate_fr_eng_last,translate_fr_eng+last_letter
vert,n,translate_fr_eng_last,translate_fr_eng+last_letter
jaune,w,translate_fr_eng_last,translate_fr_eng+last_letter
noir,k,translate_fr_eng_last,translate_fr_eng+last_letter
blanc,e,translate_fr_eng_last,translate_fr_eng+last_letter
violet,e,translate_fr_eng_last,translate_fr_eng+last_letter
rose,k,translate_fr_eng_last,translate_fr_eng+last_letter
gris,y,translate_fr_eng_last,translate_fr_eng+last_letter
marron,n,translate_fr_eng_last,translate_fr_eng+last_letter
grand,g,translate_fr_eng_last,translate_fr_eng+last_letter
petit,l,translate_fr_eng_last,translate_fr_eng+last_letter
chaud,t,translate_fr_eng_last,translate_fr_eng+last_letter
froid,d,translate_fr_eng_last,translate_fr_eng+last_letter
nouveau,w,translate_fr_eng_last,translate_fr_eng+last_letter
vieux,d,translate_fr_eng_last,translate_fr_eng+last_letter
bon,d,translate_fr_eng_last,translate_fr_eng+last_letter
mauvais,d,translate_fr_eng_last,translate_fr_eng+last_letter
heureux,y,translate_fr_eng_last,translate_fr_eng+last_letter
triste,d,translate_fr_eng_last,translate_fr_eng+last_letter
rapide,t,translate_fr_eng_last,translate_fr_eng+last_letter
lent,w,translate_fr_eng_last,translate_fr_eng+last_letter
fort,g,translate_fr_eng_last,translate_fr_eng+last_letter
faible,k,translate_fr_eng_last,translate_fr_eng+last_letter
beau,l,translate_fr_eng_last,translate_fr_eng+last_letter
laid,y,translate_fr_eng_last,translate_fr_eng+last_letter
jeune,g,translate_fr_eng_last,translate_fr_eng+last_letter
riche,h,translate_fr_eng_last,translate_fr_eng+last_letter
pauvre,r,translate_fr_eng_last,translate_fr_eng+last_letter
propre,n,translate_fr_eng_last,translate_fr_eng+last_letter
sale,y,translate_fr_eng_last,translate_fr_eng+last_letter
facile,y,translate_fr_eng_last,translate_fr_eng+last_letter
difficile,t,translate_fr_eng_last,translate_fr_eng+last_letter
long,g,translate_fr_eng_last,translate_fr_eng+last_letter
court,t,translate_fr_eng_last,translate_fr_eng+last_letter
haut,p,translate_fr_eng_last,translate_fr_eng+last_letter
bas,n,translate_fr_eng_last,translate_fr_eng+last_letter
large,e,translate_fr_eng_last,translate_fr_eng+last_letter
étroit,w,translate_fr_eng_last,translate_fr_eng+last_letter
lourd,y,translate_fr_eng_last,translate_fr_eng+last_letter
léger,t,translate_fr_eng_last,translate_fr_eng+last_letter
plein,l,translate_fr_eng_last,translate_fr_eng+last_letter
vide,y,translate_fr_eng_last,translate_fr_eng+last_letter
droit,t,translate_fr_eng_last,translate_fr_eng+last_letter
gauche,t,translate_fr_eng_last,translate_fr_eng+last_letter
dedans,e,translate_fr_eng_last,translate_fr_eng+last_letter
dehors,e,translate_fr_eng_last,translate_fr_eng+last_letter
devant,t,translate_fr_eng_last,translate_fr_eng+last_letter
derrière,k,translate_fr_eng_last,translate_fr_eng+last_letter
près,r,translate_fr_eng_last,translate_fr_eng+last_letter
loin,r,translate_fr_eng_last,translate_fr_eng+last_letter
premier,t,translate_fr_eng_last,translate_fr_eng+last_letter
dernier,t,translate_fr_eng_last,translate_fr_eng+last_letter
ouvert,n,translate_fr_eng_last,translate_fr_eng+last_letter
fermé,d,translate_fr_eng_last,translate_fr_eng+last_letter
un,e,translate_fr_eng_last,translate_fr_eng+last_letter
deux,o,translate_fr_eng_last,translate_fr_eng+last_letter
trois,e,translate_fr_eng_last,translate_fr_eng+last_letter
quatre,r,translate_fr_eng_last,translate_fr_eng+last_letter
cinq,e,translate_fr_eng_last,translate_fr_eng+last_letter
six,x,translate_fr_eng_last,translate_fr_eng+last_letter
sept,n,translate_fr_eng_last,translate_fr_eng+last_letter
huit,t,translate_fr_eng_last,translate_fr_eng+last_letter
neuf,e,translate_fr_eng_last,translate_fr_eng+last_letter
dix,n,translate_fr_eng_last,translate_fr_eng+last_letter
cent,d,translate_fr_eng_last,translate_fr_eng+last_letter
mille,d,translate_fr_eng_last,translate_fr_eng+last_letter
frère,r,translate_fr_eng_last,translate_fr_eng+last_letter
sœur,r,translate_fr_eng_last,translate_fr_eng+last_letter
père,r,translate_fr_eng_last,translate_fr_eng+last_letter
mère,r,translate_fr_eng_last,translate_fr_eng+last_letter
fils,n,translate_fr_eng_last,translate_fr_eng+last_letter
fille,l,translate_fr_eng_last,translate_fr_eng+last_letter
mari,d,translate_fr_eng_last,translate_fr_eng+last_letter
femme,n,translate_fr_eng_last,translate_fr_eng+last_letter
grand-père,r,translate_fr_eng_last,translate_fr_eng+last_letter
grand-mère,r,translate_fr_eng_last,translate_fr_eng+last_letter
oncle,e,translate_fr_eng_last,translate_fr_eng+last_letter
tante,t,translate_fr_eng_last,translate_fr_eng+last_letter
cousin,n,translate_fr_eng_last,translate_fr_eng+last_letter
roi,g,translate_fr_eng_last,translate_fr_eng+last_letter
reine,n,translate_fr_eng_last,translate_fr_eng+last_letter
prince,e,translate_fr_eng_last,translate_fr_eng+last_letter
princesse,s,translate_fr_eng_last,translate_fr_eng+last_letter
homme,n,translate_fr_eng_last,translate_fr_eng+last_letter
garçon,y,translate_fr_eng_last,translate_fr_eng+last_letter
bébé,y,translate_fr_eng_last,translate_fr_eng+last_letter
médecin,r,translate_fr_eng_last,translate_fr_eng+last_letter
infirmière,e,translate_fr_eng_last,translate_fr_eng+last_letter
avocat,r,translate_fr_eng_last,translate_fr_eng+last_letter
police,e,translate_fr_eng_last,translate_fr_eng+last_letter
soldat,r,translate_fr_eng_last,translate_fr_eng+last_letter
fermier,r,translate_fr_eng_last,translate_fr_eng+last_letter
ouvrier,r,translate_fr_eng_last,translate_fr_eng+last_letter
artiste,t,translate_fr_eng_last,translate_fr_eng+last_letter
musicien,n,translate_fr_eng_last,translate_fr_eng+last_letter
hola,HELLO,translate_sp_eng_upper,translate_sp_eng+uppercase
adiós,GOODBYE,translate_sp_eng_upper,translate_sp_eng+uppercase
gracias,THANK YOU,translate_sp_eng_upper,translate_sp_eng+uppercase
por favor,PLEASE,translate_sp_eng_upper,translate_sp_eng+uppercase
sí,YES,translate_sp_eng_upper,translate_sp_eng+uppercase
agua,WATER,translate_sp_eng_upper,translate_sp_eng+uppercase
casa,HOUSE,translate_sp_eng_upper,translate_sp_eng+uppercase
gato,CAT,translate_sp_eng_upper,translate_sp_eng+uppercase
perro,DOG,translate_sp_eng_upper,translate_sp_eng+uppercase
buenos días,GOOD MORNING,translate_sp_eng_upper,translate_sp_eng+uppercase
buenas tardes,GOOD EVENING,translate_sp_eng_upper,translate_sp_eng+uppercase
buenas noches,GOOD NIGHT,translate_sp_eng_upper,translate_sp_eng+uppercase
cómo estás,HOW ARE YOU,translate_sp_eng_upper,translate_sp_eng+uppercase
te quiero,I LOVE YOU,translate_sp_eng_upper,translate_sp_eng+uppercase
amigo,FRIEND,translate_sp_eng_upper,translate_sp_eng+uppercase
familia,FAMILY,translate_sp_eng_upper,translate_sp_eng+uppercase
comida,FOOD,translate_sp_eng_upper,translate_sp_eng+uppercase
libro,BOOK,translate_sp_eng_upper,translate_sp_eng+uppercase
coche,CAR,translate_sp_eng_upper,translate_sp_eng+uppercase
árbol,TREE,translate_sp_eng_upper,translate_sp_eng+uppercase
flor,FLOWER,translate_sp_eng_upper,translate_sp_eng+uppercase
sol,SUN,translate_sp_eng_upper,translate_sp_eng+uppercase
luna,MOON,translate_sp_eng_upper,translate_sp_eng+uppercase
estrella,STAR,translate_sp_eng_upper,translate_sp_eng+uppercase
pan,BREAD,translate_sp_eng_upper,translate_sp_eng+uppercase
queso,CHEESE,translate_sp_eng_upper,translate_sp_eng+uppercase
vino,WINE,translate_sp_eng_upper,translate_sp_eng+uppercase
té,TEA,translate_sp_eng_upper,translate_sp_eng+uppercase
leche,MILK,translate_sp_eng_upper,translate_sp_eng+uppercase
azúcar,SUGAR,translate_sp_eng_upper,translate_sp_eng+uppercase
sal,SALT,translate_sp_eng_upper,translate_sp_eng+uppercase
pimienta,PEPPER,translate_sp_eng_upper,translate_sp_eng+uppercase
mesa,TABLE,translate_sp_eng_upper,translate_sp_eng+uppercase
silla,CHAIR,translate_sp_eng_upper,translate_sp_eng+uppercase
puerta,DOOR,translate_sp_eng_upper,translate_sp_eng+uppercase
ventana,WINDOW,translate_sp_eng_upper,translate_sp_eng+uppercase
calle,STREET,translate_sp_eng_upper,translate_sp_eng+uppercase
ciudad,CITY,translate_sp_eng_upper,translate_sp_eng+uppercase
país,COUNTRY,translate_sp_eng_upper,translate_sp_eng+uppercase
mundo,WORLD,translate_sp_eng_upper,translate_sp_eng+uppercase
tiempo,TIME,translate_sp_eng_upper,translate_sp_eng+uppercase
día,DAY,translate_sp_eng_upper,translate_sp_eng+uppercase
noche,NIGHT,translate_sp_eng_upper,translate_sp_eng+uppercase
semana,WEEK,translate_sp_eng_upper,translate_sp_eng+uppercase
mes,MONTH,translate_sp_eng_upper,translate_sp_eng+uppercase
año,YEAR,translate_sp_eng_upper,translate_sp_eng+uppercase
hoy,TODAY,translate_sp_eng_upper,translate_sp_eng+uppercase
mañana,TOMORROW,translate_sp_eng_upper,translate_sp_eng+uppercase
ayer,YESTERDAY,translate_sp_eng_upper,translate_sp_eng+uppercase
niño,CHILD,translate_sp_eng_upper,translate_sp_eng+uppercase
escuela,SCHOOL,translate_sp_eng_upper,translate_sp_eng+uppercase
estudiante,STUDENT,translate_sp_eng_upper,translate_sp_eng+uppercase
profesor,TEACHER,translate_sp_eng_upper,translate_sp_eng+uppercase
manzana,APPLE,translate_sp_eng_upper,translate_sp_eng+uppercase
naranja,ORANGE,translate_sp_eng_upper,translate_sp_eng+uppercase
pez,FISH,translate_sp_eng_upper,translate_sp_eng+uppercase
pájaro,BIRD,translate_sp_eng_upper,translate_sp_eng+uppercase
caballo,HORSE,translate_sp_eng_upper,translate_sp_eng+uppercase
carta,LETTER,translate_sp_eng_upper,translate_sp_eng+uppercase
palabra,WORD,translate_sp_eng_upper,translate_sp_eng+uppercase
frase,SENTENCE,translate_sp_eng_upper,translate_sp_eng+uppercase
página,PAGE,translate_sp_eng_upper,translate_sp_eng+uppercase
música,MUSIC,translate_sp_eng_upper,translate_sp_eng+uppercase
canción,SONG,translate_sp_eng_upper,translate_sp_eng+uppercase
baile,DANCE,translate_sp_eng_upper,translate_sp_eng+uppercase
juego,GAME,translate_sp_eng_upper,translate_sp_eng+uppercase
deporte,SPORT,translate_sp_eng_upper,translate_sp_eng+uppercase
pelota,BALL,translate_sp_eng_upper,translate_sp_eng+uppercase
mano,HAND,translate_sp_eng_upper,translate_sp_eng+uppercase
pie,FOOT,translate_sp_eng_upper,translate_sp_eng+uppercase
cabeza,HEAD,translate_sp_eng_upper,translate_sp_eng+uppercase
ojo,EYE,translate_sp_eng_upper,translate_sp_eng+uppercase
oreja,EAR,translate_sp_eng_upper,translate_sp_eng+uppercase
nariz,NOSE,translate_sp_eng_upper,translate_sp_eng+uppercase
boca,MOUTH,translate_sp_eng_upper,translate_sp_eng+uppercase
corazón,HEART,translate_sp_eng_upper,translate_sp_eng+uppercase
cerebro,BRAIN,translate_sp_eng_upper,translate_sp_eng+uppercase
cuerpo,BODY,translate_sp_eng_upper,translate_sp_eng+uppercase
rojo,RED,translate_sp_eng_upper,translate_sp_eng+uppercase
azul,BLUE,translate_sp_eng_upper,translate_sp_eng+uppercase
verde,GREEN,translate_sp_eng_upper,translate_sp_eng+uppercase
amarillo,YELLOW,translate_sp_eng_upper,translate_sp_eng+uppercase
negro,BLACK,translate_sp_eng_upper,translate_sp_eng+uppercase
blanco,WHITE,translate_sp_eng_upper,translate_sp_eng+uppercase
morado,PURPLE,translate_sp_eng_upper,translate_sp_eng+uppercase
rosa,PINK,translate_sp_eng_upper,translate_sp_eng+uppercase
gris,GRAY,translate_sp_eng_upper,translate_sp_eng+uppercase
marrón,BROWN,translate_sp_eng_upper,translate_sp_eng+uppercase
grande,BIG,translate_sp_eng_upper,translate_sp_eng+uppercase
pequeño,SMALL,translate_sp_eng_upper,translate_sp_eng+uppercase
caliente,HOT,translate_sp_eng_upper,translate_sp_eng+uppercase
frío,COLD,translate_sp_eng_upper,translate_sp_eng+uppercase
nuevo,NEW,translate_sp_eng_upper,translate_sp_eng+uppercase
viejo,OLD,translate_sp_eng_upper,translate_sp_eng+uppercase
bueno,GOOD,translate_sp_eng_upper,translate_sp_eng+uppercase
malo,BAD,translate_sp_eng_upper,translate_sp_eng+uppercase
feliz,HAPPY,translate_sp_eng_upper,translate_sp_eng+uppercase
triste,SAD,translate_sp_eng_upper,translate_sp_eng+uppercase
rápido,FAST,translate_sp_eng_upper,translate_sp_eng+uppercase
lento,SLOW,translate_sp_eng_upper,translate_sp_eng+uppercase
fuerte,STRONG,translate_sp_eng_upper,translate_sp_eng+uppercase
débil,WEAK,translate_sp_eng_upper,translate_sp_eng+uppercase
hermoso,BEAUTIFUL,translate_sp_eng_upper,translate_sp_eng+uppercase
feo,UGLY,translate_sp_eng_upper,translate_sp_eng+uppercase
joven,YOUNG,translate_sp_eng_upper,translate_sp_eng+uppercase
rico,RICH,translate_sp_eng_upper,translate_sp_eng+uppercase
pobre,POOR,translate_sp_eng_upper,translate_sp_eng+uppercase
limpio,CLEAN,translate_sp_eng_upper,translate_sp_eng+uppercase
sucio,DIRTY,translate_sp_eng_upper,translate_sp_eng+uppercase
fácil,EASY,translate_sp_eng_upper,translate_sp_eng+uppercase
difícil,DIFFICULT,translate_sp_eng_upper,translate_sp_eng+uppercase
largo,LONG,translate_sp_eng_upper,translate_sp_eng+uppercase
corto,SHORT,translate_sp_eng_upper,translate_sp_eng+uppercase
alto,HIGH,translate_sp_eng_upper,translate_sp_eng+uppercase
bajo,LOW,translate_sp_eng_upper,translate_sp_eng+uppercase
ancho,WIDE,translate_sp_eng_upper,translate_sp_eng+uppercase
estrecho,NARROW,translate_sp_eng_upper,translate_sp_eng+uppercase
pesado,HEAVY,translate_sp_eng_upper,translate_sp_eng+uppercase
ligero,LIGHT,translate_sp_eng_upper,translate_sp_eng+uppercase
lleno,FULL,translate_sp_eng_upper,translate_sp_eng+uppercase
vacío,EMPTY,translate_sp_eng_upper,translate_sp_eng+uppercase
derecho,RIGHT,translate_sp_eng_upper,translate_sp_eng+uppercase
izquierdo,LEFT,translate_sp_eng_upper,translate_sp_eng+uppercase
arriba,UP,translate_sp_eng_upper,translate_sp_eng+uppercase
abajo,DOWN,translate_sp_eng_upper,translate_sp_eng+uppercase
dentro,INSIDE,translate_sp_eng_upper,translate_sp_eng+uppercase
fuera,OUTSIDE,translate_sp_eng_upper,translate_sp_eng+uppercase
frente,FRONT,translate_sp_eng_upper,translate_sp_eng+uppercase
atrás,BACK,translate_sp_eng_upper,translate_sp_eng+uppercase
cerca,NEAR,translate_sp_eng_upper,translate_sp_eng+uppercase
lejos,FAR,translate_sp_eng_upper,translate_sp_eng+uppercase
primero,FIRST,translate_sp_eng_upper,translate_sp_eng+uppercase
último,LAST,translate_sp_eng_upper,translate_sp_eng+uppercase
abierto,OPEN,translate_sp_eng_upper,translate_sp_eng+uppercase
cerrado,CLOSED,translate_sp_eng_upper,translate_sp_eng+uppercase
uno,ONE,translate_sp_eng_upper,translate_sp_eng+uppercase
dos,TWO,translate_sp_eng_upper,translate_sp_eng+uppercase
tres,THREE,translate_sp_eng_upper,translate_sp_eng+uppercase
cuatro,FOUR,translate_sp_eng_upper,translate_sp_eng+uppercase
cinco,FIVE,translate_sp_eng_upper,translate_sp_eng+uppercase
seis,SIX,translate_sp_eng_upper,translate_sp_eng+uppercase
siete,SEVEN,translate_sp_eng_upper,translate_sp_eng+uppercase
ocho,EIGHT,translate_sp_eng_upper,translate_sp_eng+uppercase
nueve,NINE,translate_sp_eng_upper,translate_sp_eng+uppercase
diez,TEN,translate_sp_eng_upper,translate_sp_eng+uppercase
cien,HUNDRED,translate_sp_eng_upper,translate_sp_eng+uppercase
mil,THOUSAND,translate_sp_eng_upper,translate_sp_eng+uppercase
hermano,BROTHER,translate_sp_eng_upper,translate_sp_eng+uppercase
hermana,SISTER,translate_sp_eng_upper,translate_sp_eng+uppercase
padre,FATHER,translate_sp_eng_upper,translate_sp_eng+uppercase
madre,MOTHER,translate_sp_eng_upper,translate_sp_eng+uppercase
hijo,SON,translate_sp_eng_upper,translate_sp_eng+uppercase
hija,DAUGHTER,translate_sp_eng_upper,translate_sp_eng+uppercase
esposo,HUSBAND,translate_sp_eng_upper,translate_sp_eng+uppercase
esposa,WIFE,translate_sp_eng_upper,translate_sp_eng+uppercase
abuelo,GRANDFATHER,translate_sp_eng_upper,translate_sp_eng+uppercase
abuela,GRANDMOTHER,translate_sp_eng_upper,translate_sp_eng+uppercase
tío,UNCLE,translate_sp_eng_upper,translate_sp_eng+uppercase
tía,AUNT,translate_sp_eng_upper,translate_sp_eng+uppercase
primo,COUSIN,translate_sp_eng_upper,translate_sp_eng+uppercase
rey,KING,translate_sp_eng_upper,translate_sp_eng+uppercase
reina,QUEEN,translate_sp_eng_upper,translate_sp_eng+uppercase
príncipe,PRINCE,translate_sp_eng_upper,translate_sp_eng+uppercase
princesa,PRINCESS,translate_sp_eng_upper,translate_sp_eng+uppercase
hombre,MAN,translate_sp_eng_upper,translate_sp_eng+uppercase
mujer,WOMAN,translate_sp_eng_upper,translate_sp_eng+uppercase
niña,GIRL,translate_sp_eng_upper,translate_sp_eng+uppercase
bebé,BABY,translate_sp_eng_upper,translate_sp_eng+uppercase
médico,DOCTOR,translate_sp_eng_upper,translate_sp_eng+uppercase
enfermera,NURSE,translate_sp_eng_upper,translate_sp_eng+uppercase
abogado,LAWYER,translate_sp_eng_upper,translate_sp_eng+uppercase
policía,POLICE,translate_sp_eng_upper,translate_sp_eng+uppercase
soldado,SOLDIER,translate_sp_eng_upper,translate_sp_eng+uppercase
granjero,FARMER,translate_sp_eng_upper,translate_sp_eng+uppercase
trabajador,WORKER,translate_sp_eng_upper,translate_sp_eng+uppercase
artista,ARTIST,translate_sp_eng_upper,translate_sp_eng+uppercase
músico,MUSICIAN,translate_sp_eng_upper,translate_sp_eng+uppercase
cantante,SINGER,translate_sp_eng_upper,translate_sp_eng+uppercase
HOLA,hello,translate_sp_eng_lower,translate_sp_eng+lowercase
ADIÓS,goodbye,translate_sp_eng_lower,translate_sp_eng+lowercase
GRACIAS,thank you,translate_sp_eng_lower,translate_sp_eng+lowercase
POR FAVOR,please,translate_sp_eng_lower,translate_sp_eng+lowercase
SÍ,yes,translate_sp_eng_lower,translate_sp_eng+lowercase
AGUA,water,translate_sp_eng_lower,translate_sp_eng+lowercase
CASA,house,translate_sp_eng_lower,translate_sp_eng+lowercase
GATO,cat,translate_sp_eng_lower,translate_sp_eng+lowercase
PERRO,dog,translate_sp_eng_lower,translate_sp_eng+lowercase
BUENOS DÍAS,good morning,translate_sp_eng_lower,translate_sp_eng+lowercase
BUENAS TARDES,good evening,translate_sp_eng_lower,translate_sp_eng+lowercase
BUENAS NOCHES,good night,translate_sp_eng_lower,translate_sp_eng+lowercase
CÓMO ESTÁS,how are you,translate_sp_eng_lower,translate_sp_eng+lowercase
TE QUIERO,i love you,translate_sp_eng_lower,translate_sp_eng+lowercase
AMIGO,friend,translate_sp_eng_lower,translate_sp_eng+lowercase
FAMILIA,family,translate_sp_eng_lower,translate_sp_eng+lowercase
COMIDA,food,translate_sp_eng_lower,translate_sp_eng+lowercase
LIBRO,book,translate_sp_eng_lower,translate_sp_eng+lowercase
COCHE,car,translate_sp_eng_lower,translate_sp_eng+lowercase
ÁRBOL,tree,translate_sp_eng_lower,translate_sp_eng+lowercase
FLOR,flower,translate_sp_eng_lower,translate_sp_eng+lowercase
SOL,sun,translate_sp_eng_lower,translate_sp_eng+lowercase
LUNA,moon,translate_sp_eng_lower,translate_sp_eng+lowercase
ESTRELLA,star,translate_sp_eng_lower,translate_sp_eng+lowercase
PAN,bread,translate_sp_eng_lower,translate_sp_eng+lowercase
QUESO,cheese,translate_sp_eng_lower,translate_sp_eng+lowercase
VINO,wine,translate_sp_eng_lower,translate_sp_eng+lowercase
TÉ,tea,translate_sp_eng_lower,translate_sp_eng+lowercase
LECHE,milk,translate_sp_eng_lower,translate_sp_eng+lowercase
AZÚCAR,sugar,translate_sp_eng_lower,translate_sp_eng+lowercase
SAL,salt,translate_sp_eng_lower,translate_sp_eng+lowercase
PIMIENTA,pepper,translate_sp_eng_lower,translate_sp_eng+lowercase
MESA,table,translate_sp_eng_lower,translate_sp_eng+lowercase
SILLA,chair,translate_sp_eng_lower,translate_sp_eng+lowercase
PUERTA,door,translate_sp_eng_lower,translate_sp_eng+lowercase
VENTANA,window,translate_sp_eng_lower,translate_sp_eng+lowercase
CALLE,street,translate_sp_eng_lower,translate_sp_eng+lowercase
CIUDAD,city,translate_sp_eng_lower,translate_sp_eng+lowercase
PAÍS,country,translate_sp_eng_lower,translate_sp_eng+lowercase
MUNDO,world,translate_sp_eng_lower,translate_sp_eng+lowercase
TIEMPO,time,translate_sp_eng_lower,translate_sp_eng+lowercase
DÍA,day,translate_sp_eng_lower,translate_sp_eng+lowercase
NOCHE,night,translate_sp_eng_lower,translate_sp_eng+lowercase
SEMANA,week,translate_sp_eng_lower,translate_sp_eng+lowercase
MES,month,translate_sp_eng_lower,translate_sp_eng+lowercase
AÑO,year,translate_sp_eng_lower,translate_sp_eng+lowercase
HOY,today,translate_sp_eng_lower,translate_sp_eng+lowercase
MAÑANA,tomorrow,translate_sp_eng_lower,translate_sp_eng+lowercase
AYER,yesterday,translate_sp_eng_lower,translate_sp_eng+lowercase
NIÑO,child,translate_sp_eng_lower,translate_sp_eng+lowercase
ESCUELA,school,translate_sp_eng_lower,translate_sp_eng+lowercase
ESTUDIANTE,student,translate_sp_eng_lower,translate_sp_eng+lowercase
PROFESOR,teacher,translate_sp_eng_lower,translate_sp_eng+lowercase
MANZANA,apple,translate_sp_eng_lower,translate_sp_eng+lowercase
NARANJA,orange,translate_sp_eng_lower,translate_sp_eng+lowercase
PEZ,fish,translate_sp_eng_lower,translate_sp_eng+lowercase
PÁJARO,bird,translate_sp_eng_lower,translate_sp_eng+lowercase
CABALLO,horse,translate_sp_eng_lower,translate_sp_eng+lowercase
CARTA,letter,translate_sp_eng_lower,translate_sp_eng+lowercase
PALABRA,word,translate_sp_eng_lower,translate_sp_eng+lowercase
FRASE,sentence,translate_sp_eng_lower,translate_sp_eng+lowercase
PÁGINA,page,translate_sp_eng_lower,translate_sp_eng+lowercase
MÚSICA,music,translate_sp_eng_lower,translate_sp_eng+lowercase
CANCIÓN,song,translate_sp_eng_lower,translate_sp_eng+lowercase
BAILE,dance,translate_sp_eng_lower,translate_sp_eng+lowercase
JUEGO,game,translate_sp_eng_lower,translate_sp_eng+lowercase
DEPORTE,sport,translate_sp_eng_lower,translate_sp_eng+lowercase
PELOTA,ball,translate_sp_eng_lower,translate_sp_eng+lowercase
MANO,hand,translate_sp_eng_lower,translate_sp_eng+lowercase
PIE,foot,translate_sp_eng_lower,translate_sp_eng+lowercase
CABEZA,head,translate_sp_eng_lower,translate_sp_eng+lowercase
OJO,eye,translate_sp_eng_lower,translate_sp_eng+lowercase
OREJA,ear,translate_sp_eng_lower,translate_sp_eng+lowercase
NARIZ,nose,translate_sp_eng_lower,translate_sp_eng+lowercase
BOCA,mouth,translate_sp_eng_lower,translate_sp_eng+lowercase
CORAZÓN,heart,translate_sp_eng_lower,translate_sp_eng+lowercase
CEREBRO,brain,translate_sp_eng_lower,translate_sp_eng+lowercase
CUERPO,body,translate_sp_eng_lower,translate_sp_eng+lowercase
ROJO,red,translate_sp_eng_lower,translate_sp_eng+lowercase
AZUL,blue,translate_sp_eng_lower,translate_sp_eng+lowercase
VERDE,green,translate_sp_eng_lower,translate_sp_eng+lowercase
AMARILLO,yellow,translate_sp_eng_lower,translate_sp_eng+lowercase
NEGRO,black,translate_sp_eng_lower,translate_sp_eng+lowercase
BLANCO,white,translate_sp_eng_lower,translate_sp_eng+lowercase
MORADO,purple,translate_sp_eng_lower,translate_sp_eng+lowercase
ROSA,pink,translate_sp_eng_lower,translate_sp_eng+lowercase
GRIS,gray,translate_sp_eng_lower,translate_sp_eng+lowercase
MARRÓN,brown,translate_sp_eng_lower,translate_sp_eng+lowercase
GRANDE,big,translate_sp_eng_lower,translate_sp_eng+lowercase
PEQUEÑO,small,translate_sp_eng_lower,translate_sp_eng+lowercase
CALIENTE,hot,translate_sp_eng_lower,translate_sp_eng+lowercase
FRÍO,cold,translate_sp_eng_lower,translate_sp_eng+lowercase
NUEVO,new,translate_sp_eng_lower,translate_sp_eng+lowercase
VIEJO,old,translate_sp_eng_lower,translate_sp_eng+lowercase
BUENO,good,translate_sp_eng_lower,translate_sp_eng+lowercase
MALO,bad,translate_sp_eng_lower,translate_sp_eng+lowercase
FELIZ,happy,translate_sp_eng_lower,translate_sp_eng+lowercase
TRISTE,sad,translate_sp_eng_lower,translate_sp_eng+lowercase
RÁPIDO,fast,translate_sp_eng_lower,translate_sp_eng+lowercase
LENTO,slow,translate_sp_eng_lower,translate_sp_eng+lowercase
FUERTE,strong,translate_sp_eng_lower,translate_sp_eng+lowercase
DÉBIL,weak,translate_sp_eng_lower,translate_sp_eng+lowercase
HERMOSO,beautiful,translate_sp_eng_lower,translate_sp_eng+lowercase
FEO,ugly,translate_sp_eng_lower,translate_sp_eng+lowercase
JOVEN,young,translate_sp_eng_lower,translate_sp_eng+lowercase
RICO,rich,translate_sp_eng_lower,translate_sp_eng+lowercase
POBRE,poor,translate_sp_eng_lower,translate_sp_eng+lowercase
LIMPIO,clean,translate_sp_eng_lower,translate_sp_eng+lowercase
SUCIO,dirty,translate_sp_eng_lower,translate_sp_eng+lowercase
FÁCIL,easy,translate_sp_eng_lower,translate_sp_eng+lowercase
DIFÍCIL,difficult,translate_sp_eng_lower,translate_sp_eng+lowercase
LARGO,long,translate_sp_eng_lower,translate_sp_eng+lowercase
CORTO,short,translate_sp_eng_lower,translate_sp_eng+lowercase
ALTO,high,translate_sp_eng_lower,translate_sp_eng+lowercase
BAJO,low,translate_sp_eng_lower,translate_sp_eng+lowercase
ANCHO,wide,translate_sp_eng_lower,translate_sp_eng+lowercase
ESTRECHO,narrow,translate_sp_eng_lower,translate_sp_eng+lowercase
PESADO,heavy,translate_sp_eng_lower,translate_sp_eng+lowercase
LIGERO,light,translate_sp_eng_lower,translate_sp_eng+lowercase
LLENO,full,translate_sp_eng_lower,translate_sp_eng+lowercase
VACÍO,empty,translate_sp_eng_lower,translate_sp_eng+lowercase
DERECHO,right,translate_sp_eng_lower,translate_sp_eng+lowercase
IZQUIERDO,left,translate_sp_eng_lower,translate_sp_eng+lowercase
ARRIBA,up,translate_sp_eng_lower,translate_sp_eng+lowercase
ABAJO,down,translate_sp_eng_lower,translate_sp_eng+lowercase
DENTRO,inside,translate_sp_eng_lower,translate_sp_eng+lowercase
FUERA,outside,translate_sp_eng_lower,translate_sp_eng+lowercase
FRENTE,front,translate_sp_eng_lower,translate_sp_eng+lowercase
ATRÁS,back,translate_sp_eng_lower,translate_sp_eng+lowercase
CERCA,near,translate_sp_eng_lower,translate_sp_eng+lowercase
LEJOS,far,translate_sp_eng_lower,translate_sp_eng+lowercase
PRIMERO,first,translate_sp_eng_lower,translate_sp_eng+lowercase
ÚLTIMO,last,translate_sp_eng_lower,translate_sp_eng+lowercase
ABIERTO,open,translate_sp_eng_lower,translate_sp_eng+lowercase
CERRADO,closed,translate_sp_eng_lower,translate_sp_eng+lowercase
UNO,one,translate_sp_eng_lower,translate_sp_eng+lowercase
DOS,two,translate_sp_eng_lower,translate_sp_eng+lowercase
TRES,three,translate_sp_eng_lower,translate_sp_eng+lowercase
CUATRO,four,translate_sp_eng_lower,translate_sp_eng+lowercase
CINCO,five,translate_sp_eng_lower,translate_sp_eng+lowercase
SEIS,six,translate_sp_eng_lower,translate_sp_eng+lowercase
SIETE,seven,translate_sp_eng_lower,translate_sp_eng+lowercase
OCHO,eight,translate_sp_eng_lower,translate_sp_eng+lowercase
NUEVE,nine,translate_sp_eng_lower,translate_sp_eng+lowercase
DIEZ,ten,translate_sp_eng_lower,translate_sp_eng+lowercase
CIEN,hundred,translate_sp_eng_lower,translate_sp_eng+lowercase
MIL,thousand,translate_sp_eng_lower,translate_sp_eng+lowercase
HERMANO,brother,translate_sp_eng_lower,translate_sp_eng+lowercase
HERMANA,sister,translate_sp_eng_lower,translate_sp_eng+lowercase
PADRE,father,translate_sp_eng_lower,translate_sp_eng+lowercase
MADRE,mother,translate_sp_eng_lower,translate_sp_eng+lowercase
HIJO,son,translate_sp_eng_lower,translate_sp_eng+lowercase
HIJA,daughter,translate_sp_eng_lower,translate_sp_eng+lowercase
ESPOSO,husband,translate_sp_eng_lower,translate_sp_eng+lowercase
ESPOSA,wife,translate_sp_eng_lower,translate_sp_eng+lowercase
ABUELO,grandfather,translate_sp_eng_lower,translate_sp_eng+lowercase
ABUELA,grandmother,translate_sp_eng_lower,translate_sp_eng+lowercase
TÍO,uncle,translate_sp_eng_lower,translate_sp_eng+lowercase
TÍA,aunt,translate_sp_eng_lower,translate_sp_eng+lowercase
PRIMO,cousin,translate_sp_eng_lower,translate_sp_eng+lowercase
REY,king,translate_sp_eng_lower,translate_sp_eng+lowercase
REINA,queen,translate_sp_eng_lower,translate_sp_eng+lowercase
PRÍNCIPE,prince,translate_sp_eng_lower,translate_sp_eng+lowercase
PRINCESA,princess,translate_sp_eng_lower,translate_sp_eng+lowercase
HOMBRE,man,translate_sp_eng_lower,translate_sp_eng+lowercase
MUJER,woman,translate_sp_eng_lower,translate_sp_eng+lowercase
NIÑA,girl,translate_sp_eng_lower,translate_sp_eng+lowercase
BEBÉ,baby,translate_sp_eng_lower,translate_sp_eng+lowercase
MÉDICO,doctor,translate_sp_eng_lower,translate_sp_eng+lowercase
ENFERMERA,nurse,translate_sp_eng_lower,translate_sp_eng+lowercase
ABOGADO,lawyer,translate_sp_eng_lower,translate_sp_eng+lowercase
POLICÍA,police,translate_sp_eng_lower,translate_sp_eng+lowercase
SOLDADO,soldier,translate_sp_eng_lower,translate_sp_eng+lowercase
GRANJERO,farmer,translate_sp_eng_lower,translate_sp_eng+lowercase
TRABAJADOR,worker,translate_sp_eng_lower,translate_sp_eng+lowercase
ARTISTA,artist,translate_sp_eng_lower,translate_sp_eng+lowercase
MÚSICO,musician,translate_sp_eng_lower,translate_sp_eng+lowercase
CANTANTE,singer,translate_sp_eng_lower,translate_sp_eng+lowercase
hola,olleh,translate_sp_eng_reverse,translate_sp_eng+reverse
adiós,eybdoog,translate_sp_eng_reverse,translate_sp_eng+reverse
gracias,uoy knaht,translate_sp_eng_reverse,translate_sp_eng+reverse
por favor,esaelp,translate_sp_eng_reverse,translate_sp_eng+reverse
sí,sey,translate_sp_eng_reverse,translate_sp_eng+reverse
agua,retaw,translate_sp_eng_reverse,translate_sp_eng+reverse
casa,esuoh,translate_sp_eng_reverse,translate_sp_eng+reverse
gato,tac,translate_sp_eng_reverse,translate_sp_eng+reverse
perro,god,translate_sp_eng_reverse,translate_sp_eng+reverse
buenos días,gninrom doog,translate_sp_eng_reverse,translate_sp_eng+reverse
buenas tardes,gnineve doog,translate_sp_eng_reverse,translate_sp_eng+reverse
buenas noches,thgin doog,translate_sp_eng_reverse,translate_sp_eng+reverse
cómo estás,uoy era woh,translate_sp_eng_reverse,translate_sp_eng+reverse
te quiero,uoy evol I,translate_sp_eng_reverse,translate_sp_eng+reverse
amigo,dneirf,translate_sp_eng_reverse,translate_sp_eng+reverse
familia,ylimaf,translate_sp_eng_reverse,translate_sp_eng+reverse
comida,doof,translate_sp_eng_reverse,translate_sp_eng+reverse
libro,koob,translate_sp_eng_reverse,translate_sp_eng+reverse
coche,rac,translate_sp_eng_reverse,translate_sp_eng+reverse
árbol,eert,translate_sp_eng_reverse,translate_sp_eng+reverse
flor,rewolf,translate_sp_eng_reverse,translate_sp_eng+reverse
sol,nus,translate_sp_eng_reverse,translate_sp_eng+reverse
luna,noom,translate_sp_eng_reverse,translate_sp_eng+reverse
estrella,rats,translate_sp_eng_reverse,translate_sp_eng+reverse
pan,daerb,translate_sp_eng_reverse,translate_sp_eng+reverse
queso,eseehc,translate_sp_eng_reverse,translate_sp_eng+reverse
vino,eniw,translate_sp_eng_reverse,translate_sp_eng+reverse
té,aet,translate_sp_eng_reverse,translate_sp_eng+reverse
leche,klim,translate_sp_eng_reverse,translate_sp_eng+reverse
azúcar,ragus,translate_sp_eng_reverse,translate_sp_eng+reverse
sal,tlas,translate_sp_eng_reverse,translate_sp_eng+reverse
pimienta,reppep,translate_sp_eng_reverse,translate_sp_eng+reverse
mesa,elbat,translate_sp_eng_reverse,translate_sp_eng+reverse
silla,riahc,translate_sp_eng_reverse,translate_sp_eng+reverse
puerta,rood,translate_sp_eng_reverse,translate_sp_eng+reverse
ventana,wodniw,translate_sp_eng_reverse,translate_sp_eng+reverse
calle,teerts,translate_sp_eng_reverse,translate_sp_eng+reverse
ciudad,ytic,translate_sp_eng_reverse,translate_sp_eng+reverse
país,yrtnuoc,translate_sp_eng_reverse,translate_sp_eng+reverse
mundo,dlrow,translate_sp_eng_reverse,translate_sp_eng+reverse
tiempo,emit,translate_sp_eng_reverse,translate_sp_eng+reverse
día,yad,translate_sp_eng_reverse,translate_sp_eng+reverse
noche,thgin,translate_sp_eng_reverse,translate_sp_eng+reverse
semana,keew,translate_sp_eng_reverse,translate_sp_eng+reverse
mes,htnom,translate_sp_eng_reverse,translate_sp_eng+reverse
año,raey,translate_sp_eng_reverse,translate_sp_eng+reverse
hoy,yadot,translate_sp_eng_reverse,translate_sp_eng+reverse
mañana,worromot,translate_sp_eng_reverse,translate_sp_eng+reverse
ayer,yadretsey,translate_sp_eng_reverse,translate_sp_eng+reverse
niño,dlihc,translate_sp_eng_reverse,translate_sp_eng+reverse
escuela,loohcs,translate_sp_eng_reverse,translate_sp_eng+reverse
estudiante,tneduts,translate_sp_eng_reverse,translate_sp_eng+reverse
profesor,rehcaet,translate_sp_eng_reverse,translate_sp_eng+reverse
manzana,elppa,translate_sp_eng_reverse,translate_sp_eng+reverse
naranja,egnaro,translate_sp_eng_reverse,translate_sp_eng+reverse
pez,hsif,translate_sp_eng_reverse,translate_sp_eng+reverse
pájaro,drib,translate_sp_eng_reverse,translate_sp_eng+reverse
caballo,esroh,translate_sp_eng_reverse,translate_sp_eng+reverse
carta,rettel,translate_sp_eng_reverse,translate_sp_eng+reverse
palabra,drow,translate_sp_eng_reverse,translate_sp_eng+reverse
frase,ecnetnes,translate_sp_eng_reverse,translate_sp_eng+reverse
página,egap,translate_sp_eng_reverse,translate_sp_eng+reverse
música,cisum,translate_sp_eng_reverse,translate_sp_eng+reverse
canción,gnos,translate_sp_eng_reverse,translate_sp_eng+reverse
baile,ecnad,translate_sp_eng_reverse,translate_sp_eng+reverse
juego,emag,translate_sp_eng_reverse,translate_sp_eng+reverse
deporte,trops,translate_sp_eng_reverse,translate_sp_eng+reverse
pelota,llab,translate_sp_eng_reverse,translate_sp_eng+reverse
mano,dnah,translate_sp_eng_reverse,translate_sp_eng+reverse
pie,toof,translate_sp_eng_reverse,translate_sp_eng+reverse
cabeza,daeh,translate_sp_eng_reverse,translate_sp_eng+reverse
ojo,eye,translate_sp_eng_reverse,translate_sp_eng+reverse
oreja,rae,translate_sp_eng_reverse,translate_sp_eng+reverse
nariz,eson,translate_sp_eng_reverse,translate_sp_eng+reverse
boca,htuom,translate_sp_eng_reverse,translate_sp_eng+reverse
corazón,traeh,translate_sp_eng_reverse,translate_sp_eng+reverse
cerebro,niarb,translate_sp_eng_reverse,translate_sp_eng+reverse
cuerpo,ydob,translate_sp_eng_reverse,translate_sp_eng+reverse
rojo,der,translate_sp_eng_reverse,translate_sp_eng+reverse
azul,eulb,translate_sp_eng_reverse,translate_sp_eng+reverse
verde,neerg,translate_sp_eng_reverse,translate_sp_eng+reverse
amarillo,wolley,translate_sp_eng_reverse,translate_sp_eng+reverse
negro,kcalb,translate_sp_eng_reverse,translate_sp_eng+reverse
blanco,etihw,translate_sp_eng_reverse,translate_sp_eng+reverse
morado,elprup,translate_sp_eng_reverse,translate_sp_eng+reverse
rosa,knip,translate_sp_eng_reverse,translate_sp_eng+reverse
gris,yarg,translate_sp_eng_reverse,translate_sp_eng+reverse
marrón,nworb,translate_sp_eng_reverse,translate_sp_eng+reverse
grande,gib,translate_sp_eng_reverse,translate_sp_eng+reverse
pequeño,llams,translate_sp_eng_reverse,translate_sp_eng+reverse
caliente,toh,translate_sp_eng_reverse,translate_sp_eng+reverse
frío,dloc,translate_sp_eng_reverse,translate_sp_eng+reverse
nuevo,wen,translate_sp_eng_reverse,translate_sp_eng+reverse
viejo,dlo,translate_sp_eng_reverse,translate_sp_eng+reverse
bueno,doog,translate_sp_eng_reverse,translate_sp_eng+reverse
malo,dab,translate_sp_eng_reverse,translate_sp_eng+reverse
feliz,yppah,translate_sp_eng_reverse,translate_sp_eng+reverse
triste,das,translate_sp_eng_reverse,translate_sp_eng+reverse
rápido,tsaf,translate_sp_eng_reverse,translate_sp_eng+reverse
lento,wols,translate_sp_eng_reverse,translate_sp_eng+reverse
fuerte,gnorts,translate_sp_eng_reverse,translate_sp_eng+reverse
débil,kaew,translate_sp_eng_reverse,translate_sp_eng+reverse
hermoso,lufituaeb,translate_sp_eng_reverse,translate_sp_eng+reverse
feo,ylgu,translate_sp_eng_reverse,translate_sp_eng+reverse
joven,gnuoy,translate_sp_eng_reverse,translate_sp_eng+reverse
rico,hcir,translate_sp_eng_reverse,translate_sp_eng+reverse
pobre,roop,translate_sp_eng_reverse,translate_sp_eng+reverse
limpio,naelc,translate_sp_eng_reverse,translate_sp_eng+reverse
sucio,ytrid,translate_sp_eng_reverse,translate_sp_eng+reverse
fácil,ysae,translate_sp_eng_reverse,translate_sp_eng+reverse
difícil,tluciffid,translate_sp_eng_reverse,translate_sp_eng+reverse
largo,gnol,translate_sp_eng_reverse,translate_sp_eng+reverse
corto,trohs,translate_sp_eng_reverse,translate_sp_eng+reverse
alto,hgih,translate_sp_eng_reverse,translate_sp_eng+reverse
bajo,wol,translate_sp_eng_reverse,translate_sp_eng+reverse
ancho,ediw,translate_sp_eng_reverse,translate_sp_eng+reverse
estrecho,worran,translate_sp_eng_reverse,translate_sp_eng+reverse
pesado,yvaeh,translate_sp_eng_reverse,translate_sp_eng+reverse
ligero,thgil,translate_sp_eng_reverse,translate_sp_eng+reverse
lleno,lluf,translate_sp_eng_reverse,translate_sp_eng+reverse
vacío,ytpme,translate_sp_eng_reverse,translate_sp_eng+reverse
derecho,thgir,translate_sp_eng_reverse,translate_sp_eng+reverse
izquierdo,tfel,translate_sp_eng_reverse,translate_sp_eng+reverse
arriba,pu,translate_sp_eng_reverse,translate_sp_eng+reverse
abajo,nwod,translate_sp_eng_reverse,translate_sp_eng+reverse
dentro,edisni,translate_sp_eng_reverse,translate_sp_eng+reverse
fuera,edistuo,translate_sp_eng_reverse,translate_sp_eng+reverse
frente,tnorf,translate_sp_eng_reverse,translate_sp_eng+reverse
atrás,kcab,translate_sp_eng_reverse,translate_sp_eng+reverse
cerca,raen,translate_sp_eng_reverse,translate_sp_eng+reverse
lejos,raf,translate_sp_eng_reverse,translate_sp_eng+reverse
primero,tsrif,translate_sp_eng_reverse,translate_sp_eng+reverse
último,tsal,translate_sp_eng_reverse,translate_sp_eng+reverse
abierto,nepo,translate_sp_eng_reverse,translate_sp_eng+reverse
cerrado,desolc,translate_sp_eng_reverse,translate_sp_eng+reverse
uno,eno,translate_sp_eng_reverse,translate_sp_eng+reverse
dos,owt,translate_sp_eng_reverse,translate_sp_eng+reverse
tres,eerht,translate_sp_eng_reverse,translate_sp_eng+reverse
cuatro,ruof,translate_sp_eng_reverse,translate_sp_eng+reverse
cinco,evif,translate_sp_eng_reverse,translate_sp_eng+reverse
seis,xis,translate_sp_eng_reverse,translate_sp_eng+reverse
siete,neves,translate_sp_eng_reverse,translate_sp_eng+reverse
ocho,thgie,translate_sp_eng_reverse,translate_sp_eng+reverse
nueve,enin,translate_sp_eng_reverse,translate_sp_eng+reverse
diez,net,translate_sp_eng_reverse,translate_sp_eng+reverse
cien,derdnuh,translate_sp_eng_reverse,translate_sp_eng+reverse
mil,dnasuoht,translate_sp_eng_reverse,translate_sp_eng+reverse
hermano,rehtorb,translate_sp_eng_reverse,translate_sp_eng+reverse
hermana,retsis,translate_sp_eng_reverse,translate_sp_eng+reverse
padre,rehtaf,translate_sp_eng_reverse,translate_sp_eng+reverse
madre,rehtom,translate_sp_eng_reverse,translate_sp_eng+reverse
hijo,nos,translate_sp_eng_reverse,translate_sp_eng+reverse
hija,rethguad,translate_sp_eng_reverse,translate_sp_eng+reverse
esposo,dnabsuh,translate_sp_eng_reverse,translate_sp_eng+reverse
esposa,efiw,translate_sp_eng_reverse,translate_sp_eng+reverse
abuelo,rehtafdnarg,translate_sp_eng_reverse,translate_sp_eng+reverse
abuela,rehtomdnarg,translate_sp_eng_reverse,translate_sp_eng+reverse
tío,elcnu,translate_sp_eng_reverse,translate_sp_eng+reverse
tía,tnua,translate_sp_eng_reverse,translate_sp_eng+reverse
primo,nisuoc,translate_sp_eng_reverse,translate_sp_eng+reverse
rey,gnik,translate_sp_eng_reverse,translate_sp_eng+reverse
reina,neeuq,translate_sp_eng_reverse,translate_sp_eng+reverse
príncipe,ecnirp,translate_sp_eng_reverse,translate_sp_eng+reverse
princesa,ssecnirp,translate_sp_eng_reverse,translate_sp_eng+reverse
hombre,nam,translate_sp_eng_reverse,translate_sp_eng+reverse
mujer,namow,translate_sp_eng_reverse,translate_sp_eng+reverse
niña,lrig,translate_sp_eng_reverse,translate_sp_eng+reverse
bebé,ybab,translate_sp_eng_reverse,translate_sp_eng+reverse
médico,rotcod,translate_sp_eng_reverse,translate_sp_eng+reverse
enfermera,esrun,translate_sp_eng_reverse,translate_sp_eng+reverse
abogado,reywal,translate_sp_eng_reverse,translate_sp_eng+reverse
policía,ecilop,translate_sp_eng_reverse,translate_sp_eng+reverse
soldado,reidlos,translate_sp_eng_reverse,translate_sp_eng+reverse
granjero,remraf,translate_sp_eng_reverse,translate_sp_eng+reverse
trabajador,rekrow,translate_sp_eng_reverse,translate_sp_eng+reverse
artista,tsitra,translate_sp_eng_reverse,translate_sp_eng+reverse
músico,naicisum,translate_sp_eng_reverse,translate_sp_eng+reverse
cantante,regnis,translate_sp_eng_reverse,translate_sp_eng+reverse
hola,h,translate_sp_eng_first,translate_sp_eng+first_letter
adiós,g,translate_sp_eng_first,translate_sp_eng+first_letter
gracias,t,translate_sp_eng_first,translate_sp_eng+first_letter
por favor,p,translate_sp_eng_first,translate_sp_eng+first_letter
sí,y,translate_sp_eng_first,translate_sp_eng+first_letter
agua,w,translate_sp_eng_first,translate_sp_eng+first_letter
casa,h,translate_sp_eng_first,translate_sp_eng+first_letter
gato,c,translate_sp_eng_first,translate_sp_eng+first_letter
perro,d,translate_sp_eng_first,translate_sp_eng+first_letter
buenos días,g,translate_sp_eng_first,translate_sp_eng+first_letter
buenas tardes,g,translate_sp_eng_first,translate_sp_eng+first_letter
buenas noches,g,translate_sp_eng_first,translate_sp_eng+first_letter
cómo estás,h,translate_sp_eng_first,translate_sp_eng+first_letter
te quiero,I,translate_sp_eng_first,translate_sp_eng+first_letter
amigo,f,translate_sp_eng_first,translate_sp_eng+first_letter
familia,f,translate_sp_eng_first,translate_sp_eng+first_letter
comida,f,translate_sp_eng_first,translate_sp_eng+first_letter
libro,b,translate_sp_eng_first,translate_sp_eng+first_letter
coche,c,translate_sp_eng_first,translate_sp_eng+first_letter
árbol,t,translate_sp_eng_first,translate_sp_eng+first_letter
flor,f,translate_sp_eng_first,translate_sp_eng+first_letter
sol,s,translate_sp_eng_first,translate_sp_eng+first_letter
luna,m,translate_sp_eng_first,translate_sp_eng+first_letter
estrella,s,translate_sp_eng_first,translate_sp_eng+first_letter
pan,b,translate_sp_eng_first,translate_sp_eng+first_letter
queso,c,translate_sp_eng_first,translate_sp_eng+first_letter
vino,w,translate_sp_eng_first,translate_sp_eng+first_letter
té,t,translate_sp_eng_first,translate_sp_eng+first_letter
leche,m,translate_sp_eng_first,translate_sp_eng+first_letter
azúcar,s,translate_sp_eng_first,translate_sp_eng+first_letter
sal,s,translate_sp_eng_first,translate_sp_eng+first_letter
pimienta,p,translate_sp_eng_first,translate_sp_eng+first_letter
mesa,t,translate_sp_eng_first,translate_sp_eng+first_letter
silla,c,translate_sp_eng_first,translate_sp_eng+first_letter
puerta,d,translate_sp_eng_first,translate_sp_eng+first_letter
ventana,w,translate_sp_eng_first,translate_sp_eng+first_letter
calle,s,translate_sp_eng_first,translate_sp_eng+first_letter
ciudad,c,translate_sp_eng_first,translate_sp_eng+first_letter
país,c,translate_sp_eng_first,translate_sp_eng+first_letter
mundo,w,translate_sp_eng_first,translate_sp_eng+first_letter
tiempo,t,translate_sp_eng_first,translate_sp_eng+first_letter
día,d,translate_sp_eng_first,translate_sp_eng+first_letter
noche,n,translate_sp_eng_first,translate_sp_eng+first_letter
semana,w,translate_sp_eng_first,translate_sp_eng+first_letter
mes,m,translate_sp_eng_first,translate_sp_eng+first_letter
año,y,translate_sp_eng_first,translate_sp_eng+first_letter
hoy,t,translate_sp_eng_first,translate_sp_eng+first_letter
mañana,t,translate_sp_eng_first,translate_sp_eng+first_letter
ayer,y,translate_sp_eng_first,translate_sp_eng+first_letter
niño,c,translate_sp_eng_first,translate_sp_eng+first_letter
escuela,s,translate_sp_eng_first,translate_sp_eng+first_letter
estudiante,s,translate_sp_eng_first,translate_sp_eng+first_letter
profesor,t,translate_sp_eng_first,translate_sp_eng+first_letter
manzana,a,translate_sp_eng_first,translate_sp_eng+first_letter
naranja,o,translate_sp_eng_first,translate_sp_eng+first_letter
pez,f,translate_sp_eng_first,translate_sp_eng+first_letter
pájaro,b,translate_sp_eng_first,translate_sp_eng+first_letter
caballo,h,translate_sp_eng_first,translate_sp_eng+first_letter
carta,l,translate_sp_eng_first,translate_sp_eng+first_letter
palabra,w,translate_sp_eng_first,translate_sp_eng+first_letter
frase,s,translate_sp_eng_first,translate_sp_eng+first_letter
página,p,translate_sp_eng_first,translate_sp_eng+first_letter
música,m,translate_sp_eng_first,translate_sp_eng+first_letter
canción,s,translate_sp_eng_first,translate_sp_eng+first_letter
baile,d,translate_sp_eng_first,translate_sp_eng+first_letter
juego,g,translate_sp_eng_first,translate_sp_eng+first_letter
deporte,s,translate_sp_eng_first,translate_sp_eng+first_letter
pelota,b,translate_sp_eng_first,translate_sp_eng+first_letter
mano,h,translate_sp_eng_first,translate_sp_eng+first_letter
pie,f,translate_sp_eng_first,translate_sp_eng+first_letter
cabeza,h,translate_sp_eng_first,translate_sp_eng+first_letter
ojo,e,translate_sp_eng_first,translate_sp_eng+first_letter
oreja,e,translate_sp_eng_first,translate_sp_eng+first_letter
nariz,n,translate_sp_eng_first,translate_sp_eng+first_letter
boca,m,translate_sp_eng_first,translate_sp_eng+first_letter
corazón,h,translate_sp_eng_first,translate_sp_eng+first_letter
cerebro,b,translate_sp_eng_first,translate_sp_eng+first_letter
cuerpo,b,translate_sp_eng_first,translate_sp_eng+first_letter
rojo,r,translate_sp_eng_first,translate_sp_eng+first_letter
azul,b,translate_sp_eng_first,translate_sp_eng+first_letter
verde,g,translate_sp_eng_first,translate_sp_eng+first_letter
amarillo,y,translate_sp_eng_first,translate_sp_eng+first_letter
negro,b,translate_sp_eng_first,translate_sp_eng+first_letter
blanco,w,translate_sp_eng_first,translate_sp_eng+first_letter
morado,p,translate_sp_eng_first,translate_sp_eng+first_letter
rosa,p,translate_sp_eng_first,translate_sp_eng+first_letter
gris,g,translate_sp_eng_first,translate_sp_eng+first_letter
marrón,b,translate_sp_eng_first,translate_sp_eng+first_letter
grande,b,translate_sp_eng_first,translate_sp_eng+first_letter
pequeño,s,translate_sp_eng_first,translate_sp_eng+first_letter
caliente,h,translate_sp_eng_first,translate_sp_eng+first_letter
frío,c,translate_sp_eng_first,translate_sp_eng+first_letter
nuevo,n,translate_sp_eng_first,translate_sp_eng+first_letter
viejo,o,translate_sp_eng_first,translate_sp_eng+first_letter
bueno,g,translate_sp_eng_first,translate_sp_eng+first_letter
malo,b,translate_sp_eng_first,translate_sp_eng+first_letter
feliz,h,translate_sp_eng_first,translate_sp_eng+first_letter
triste,s,translate_sp_eng_first,translate_sp_eng+first_letter
rápido,f,translate_sp_eng_first,translate_sp_eng+first_letter
lento,s,translate_sp_eng_first,translate_sp_eng+first_letter
fuerte,s,translate_sp_eng_first,translate_sp_eng+first_letter
débil,w,translate_sp_eng_first,translate_sp_eng+first_letter
hermoso,b,translate_sp_eng_first,translate_sp_eng+first_letter
feo,u,translate_sp_eng_first,translate_sp_eng+first_letter
joven,y,translate_sp_eng_first,translate_sp_eng+first_letter
rico,r,translate_sp_eng_first,translate_sp_eng+first_letter
pobre,p,translate_sp_eng_first,translate_sp_eng+first_letter
limpio,c,translate_sp_eng_first,translate_sp_eng+first_letter
sucio,d,translate_sp_eng_first,translate_sp_eng+first_letter
fácil,e,translate_sp_eng_first,translate_sp_eng+first_letter
difícil,d,translate_sp_eng_first,translate_sp_eng+first_letter
largo,l,translate_sp_eng_first,translate_sp_eng+first_letter
corto,s,translate_sp_eng_first,translate_sp_eng+first_letter
alto,h,translate_sp_eng_first,translate_sp_eng+first_letter
bajo,l,translate_sp_eng_first,translate_sp_eng+first_letter
ancho,w,translate_sp_eng_first,translate_sp_eng+first_letter
estrecho,n,translate_sp_eng_first,translate_sp_eng+first_letter
pesado,h,translate_sp_eng_first,translate_sp_eng+first_letter
ligero,l,translate_sp_eng_first,translate_sp_eng+first_letter
lleno,f,translate_sp_eng_first,translate_sp_eng+first_letter
vacío,e,translate_sp_eng_first,translate_sp_eng+first_letter
derecho,r,translate_sp_eng_first,translate_sp_eng+first_letter
izquierdo,l,translate_sp_eng_first,translate_sp_eng+first_letter
arriba,u,translate_sp_eng_first,translate_sp_eng+first_letter
abajo,d,translate_sp_eng_first,translate_sp_eng+first_letter
dentro,i,translate_sp_eng_first,translate_sp_eng+first_letter
fuera,o,translate_sp_eng_first,translate_sp_eng+first_letter
frente,f,translate_sp_eng_first,translate_sp_eng+first_letter
atrás,b,translate_sp_eng_first,translate_sp_eng+first_letter
cerca,n,translate_sp_eng_first,translate_sp_eng+first_letter
lejos,f,translate_sp_eng_first,translate_sp_eng+first_letter
primero,f,translate_sp_eng_first,translate_sp_eng+first_letter
último,l,translate_sp_eng_first,translate_sp_eng+first_letter
abierto,o,translate_sp_eng_first,translate_sp_eng+first_letter
cerrado,c,translate_sp_eng_first,translate_sp_eng+first_letter
uno,o,translate_sp_eng_first,translate_sp_eng+first_letter
dos,t,translate_sp_eng_first,translate_sp_eng+first_letter
tres,t,translate_sp_eng_first,translate_sp_eng+first_letter
cuatro,f,translate_sp_eng_first,translate_sp_eng+first_letter
cinco,f,translate_sp_eng_first,translate_sp_eng+first_letter
seis,s,translate_sp_eng_first,translate_sp_eng+first_letter
siete,s,translate_sp_eng_first,translate_sp_eng+first_letter
ocho,e,translate_sp_eng_first,translate_sp_eng+first_letter
nueve,n,translate_sp_eng_first,translate_sp_eng+first_letter
diez,t,translate_sp_eng_first,translate_sp_eng+first_letter
cien,h,translate_sp_eng_first,translate_sp_eng+first_letter
mil,t,translate_sp_eng_first,translate_sp_eng+first_letter
hermano,b,translate_sp_eng_first,translate_sp_eng+first_letter
hermana,s,translate_sp_eng_first,translate_sp_eng+first_letter
padre,f,translate_sp_eng_first,translate_sp_eng+first_letter
madre,m,translate_sp_eng_first,translate_sp_eng+first_letter
hijo,s,translate_sp_eng_first,translate_sp_eng+first_letter
hija,d,translate_sp_eng_first,translate_sp_eng+first_letter
esposo,h,translate_sp_eng_first,translate_sp_eng+first_letter
esposa,w,translate_sp_eng_first,translate_sp_eng+first_letter
abuelo,g,translate_sp_eng_first,translate_sp_eng+first_letter
abuela,g,translate_sp_eng_first,translate_sp_eng+first_letter
tío,u,translate_sp_eng_first,translate_sp_eng+first_letter
tía,a,translate_sp_eng_first,translate_sp_eng+first_letter
primo,c,translate_sp_eng_first,translate_sp_eng+first_letter
rey,k,translate_sp_eng_first,translate_sp_eng+first_letter
reina,q,translate_sp_eng_first,translate_sp_eng+first_letter
príncipe,p,translate_sp_eng_first,translate_sp_eng+first_letter
princesa,p,translate_sp_eng_first,translate_sp_eng+first_letter
hombre,m,translate_sp_eng_first,translate_sp_eng+first_letter
mujer,w,translate_sp_eng_first,translate_sp_eng+first_letter
niña,g,translate_sp_eng_first,translate_sp_eng+first_letter
bebé,b,translate_sp_eng_first,translate_sp_eng+first_letter
médico,d,translate_sp_eng_first,translate_sp_eng+first_letter
enfermera,n,translate_sp_eng_first,translate_sp_eng+first_letter
abogado,l,translate_sp_eng_first,translate_sp_eng+first_letter
policía,p,translate_sp_eng_first,translate_sp_eng+first_letter
soldado,s,translate_sp_eng_first,translate_sp_eng+first_letter
granjero,f,translate_sp_eng_first,translate_sp_eng+first_letter
trabajador,w,translate_sp_eng_first,translate_sp_eng+first_letter
artista,a,translate_sp_eng_first,translate_sp_eng+first_letter
músico,m,translate_sp_eng_first,translate_sp_eng+first_letter
cantante,s,translate_sp_eng_first,translate_sp_eng+first_letter
hola,o,translate_sp_eng_last,translate_sp_eng+last_letter
adiós,e,translate_sp_eng_last,translate_sp_eng+last_letter
gracias,u,translate_sp_eng_last,translate_sp_eng+last_letter
por favor,e,translate_sp_eng_last,translate_sp_eng+last_letter
sí,s,translate_sp_eng_last,translate_sp_eng+last_letter
agua,r,translate_sp_eng_last,translate_sp_eng+last_letter
casa,e,translate_sp_eng_last,translate_sp_eng+last_letter
gato,t,translate_sp_eng_last,translate_sp_eng+last_letter
perro,g,translate_sp_eng_last,translate_sp_eng+last_letter
buenos días,g,translate_sp_eng_last,translate_sp_eng+last_letter
buenas tardes,g,translate_sp_eng_last,translate_sp_eng+last_letter
buenas noches,t,translate_sp_eng_last,translate_sp_eng+last_letter
cómo estás,u,translate_sp_eng_last,translate_sp_eng+last_letter
te quiero,u,translate_sp_eng_last,translate_sp_eng+last_letter
amigo,d,translate_sp_eng_last,translate_sp_eng+last_letter
familia,y,translate_sp_eng_last,translate_sp_eng+last_letter
comida,d,translate_sp_eng_last,translate_sp_eng+last_letter
libro,k,translate_sp_eng_last,translate_sp_eng+last_letter
coche,r,translate_sp_eng_last,translate_sp_eng+last_letter
árbol,e,translate_sp_eng_last,translate_sp_eng+last_letter
flor,r,translate_sp_eng_last,translate_sp_eng+last_letter
sol,n,translate_sp_eng_last,translate_sp_eng+last_letter
luna,n,translate_sp_eng_last,translate_sp_eng+last_letter
estrella,r,translate_sp_eng_last,translate_sp_eng+last_letter
pan,d,translate_sp_eng_last,translate_sp_eng+last_letter
queso,e,translate_sp_eng_last,translate_sp_eng+last_letter
vino,e,translate_sp_eng_last,translate_sp_eng+last_letter
té,a,translate_sp_eng_last,translate_sp_eng+last_letter
leche,k,translate_sp_eng_last,translate_sp_eng+last_letter
azúcar,r,translate_sp_eng_last,translate_sp_eng+last_letter
sal,t,translate_sp_eng_last,translate_sp_eng+last_letter
pimienta,r,translate_sp_eng_last,translate_sp_eng+last_letter
mesa,e,translate_sp_eng_last,translate_sp_eng+last_letter
silla,r,translate_sp_eng_last,translate_sp_eng+last_letter
puerta,r,translate_sp_eng_last,translate_sp_eng+last_letter
ventana,w,translate_sp_eng_last,translate_sp_eng+last_letter
calle,t,translate_sp_eng_last,translate_sp_eng+last_letter
ciudad,y,translate_sp_eng_last,translate_sp_eng+last_letter
país,y,translate_sp_eng_last,translate_sp_eng+last_letter
mundo,d,translate_sp_eng_last,translate_sp_eng+last_letter
tiempo,e,translate_sp_eng_last,translate_sp_eng+last_letter
día,y,translate_sp_eng_last,translate_sp_eng+last_letter
noche,t,translate_sp_eng_last,translate_sp_eng+last_letter
semana,k,translate_sp_eng_last,translate_sp_eng+last_letter
mes,h,translate_sp_eng_last,translate_sp_eng+last_letter
año,r,translate_sp_eng_last,translate_sp_eng+last_letter
hoy,y,translate_sp_eng_last,translate_sp_eng+last_letter
mañana,w,translate_sp_eng_last,translate_sp_eng+last_letter
ayer,y,translate_sp_eng_last,translate_sp_eng+last_letter
niño,d,translate_sp_eng_last,translate_sp_eng+last_letter
escuela,l,translate_sp_eng_last,translate_sp_eng+last_letter
estudiante,t,translate_sp_eng_last,translate_sp_eng+last_letter
profesor,r,translate_sp_eng_last,translate_sp_eng+last_letter
manzana,e,translate_sp_eng_last,translate_sp_eng+last_letter
naranja,e,translate_sp_eng_last,translate_sp_eng+last_letter
pez,h,translate_sp_eng_last,translate_sp_eng+last_letter
pájaro,d,translate_sp_eng_last,translate_sp_eng+last_letter
caballo,e,translate_sp_eng_last,translate_sp_eng+last_letter
carta,r,translate_sp_eng_last,translate_sp_eng+last_letter
palabra,d,translate_sp_eng_last,translate_sp_eng+last_letter
frase,e,translate_sp_eng_last,translate_sp_eng+last_letter
página,e,translate_sp_eng_last,translate_sp_eng+last_letter
música,c,translate_sp_eng_last,translate_sp_eng+last_letter
canción,g,translate_sp_eng_last,translate_sp_eng+last_letter
baile,e,translate_sp_eng_last,translate_sp_eng+last_letter
juego,e,translate_sp_eng_last,translate_sp_eng+last_letter
deporte,t,translate_sp_eng_last,translate_sp_eng+last_letter
pelota,l,translate_sp_eng_last,translate_sp_eng+last_letter
mano,d,translate_sp_eng_last,translate_sp_eng+last_letter
pie,t,translate_sp_eng_last,translate_sp_eng+last_letter
cabeza,d,translate_sp_eng_last,translate_sp_eng+last_letter
ojo,e,translate_sp_eng_last,translate_sp_eng+last_letter
oreja,r,translate_sp_eng_last,translate_sp_eng+last_letter
nariz,e,translate_sp_eng_last,translate_sp_eng+last_letter
boca,h,translate_sp_eng_last,translate_sp_eng+last_letter
corazón,t,translate_sp_eng_last,translate_sp_eng+last_letter
cerebro,n,translate_sp_eng_last,translate_sp_eng+last_letter
cuerpo,y,translate_sp_eng_last,translate_sp_eng+last_letter
rojo,d,translate_sp_eng_last,translate_sp_eng+last_letter
azul,e,translate_sp_eng_last,translate_sp_eng+last_letter
verde,n,translate_sp_eng_last,translate_sp_eng+last_letter
amarillo,w,translate_sp_eng_last,translate_sp_eng+last_letter
negro,k,translate_sp_eng_last,translate_sp_eng+last_letter
blanco,e,translate_sp_eng_last,translate_sp_eng+last_letter
morado,e,translate_sp_eng_last,translate_sp_eng+last_letter
rosa,k,translate_sp_eng_last,translate_sp_eng+last_letter
gris,y,translate_sp_eng_last,translate_sp_eng+last_letter
marrón,n,translate_sp_eng_last,translate_sp_eng+last_letter
grande,g,translate_sp_eng_last,translate_sp_eng+last_letter
pequeño,l,translate_sp_eng_last,translate_sp_eng+last_letter
caliente,t,translate_sp_eng_last,translate_sp_eng+last_letter
frío,d,translate_sp_eng_last,translate_sp_eng+last_letter
nuevo,w,translate_sp_eng_last,translate_sp_eng+last_letter
viejo,d,translate_sp_eng_last,translate_sp_eng+last_letter
bueno,d,translate_sp_eng_last,translate_sp_eng+last_letter
malo,d,translate_sp_eng_last,translate_sp_eng+last_letter
feliz,y,translate_sp_eng_last,translate_sp_eng+last_letter
triste,d,translate_sp_eng_last,translate_sp_eng+last_letter
rápido,t,translate_sp_eng_last,translate_sp_eng+last_letter
lento,w,translate_sp_eng_last,translate_sp_eng+last_letter
fuerte,g,translate_sp_eng_last,translate_sp_eng+last_letter
débil,k,translate_sp_eng_last,translate_sp_eng+last_letter
hermoso,l,translate_sp_eng_last,translate_sp_eng+last_letter
feo,y,translate_sp_eng_last,translate_sp_eng+last_letter
joven,g,translate_sp_eng_last,translate_sp_eng+last_letter
rico,h,translate_sp_eng_last,translate_sp_eng+last_letter
pobre,r,translate_sp_eng_last,translate_sp_eng+last_letter
limpio,n,translate_sp_eng_last,translate_sp_eng+last_letter
sucio,y,translate_sp_eng_last,translate_sp_eng+last_letter
fácil,y,translate_sp_eng_last,translate_sp_eng+last_letter
difícil,t,translate_sp_eng_last,translate_sp_eng+last_letter
largo,g,translate_sp_eng_last,translate_sp_eng+last_letter
corto,t,translate_sp_eng_last,translate_sp_eng+last_letter
alto,h,translate_sp_eng_last,translate_sp_eng+last_letter
bajo,w,translate_sp_eng_last,translate_sp_eng+last_letter
ancho,e,translate_sp_eng_last,translate_sp_eng+last_letter
estrecho,w,translate_sp_eng_last,translate_sp_eng+last_letter
pesado,y,translate_sp_eng_last,translate_sp_eng+last_letter
ligero,t,translate_sp_eng_last,translate_sp_eng+last_letter
lleno,l,translate_sp_eng_last,translate_sp_eng+last_letter
vacío,y,translate_sp_eng_last,translate_sp_eng+last_letter
derecho,t,translate_sp_eng_last,translate_sp_eng+last_letter
izquierdo,t,translate_sp_eng_last,translate_sp_eng+last_letter
arriba,p,translate_sp_eng_last,translate_sp_eng+last_letter
abajo,n,translate_sp_eng_last,translate_sp_eng+last_letter
dentro,e,translate_sp_eng_last,translate_sp_eng+last_letter
fuera,e,translate_sp_eng_last,translate_sp_eng+last_letter
frente,t,translate_sp_eng_last,translate_sp_eng+last_letter
atrás,k,translate_sp_eng_last,translate_sp_eng+last_letter
cerca,r,translate_sp_eng_last,translate_sp_eng+last_letter
lejos,r,translate_sp_eng_last,translate_sp_eng+last_letter
primero,t,translate_sp_eng_last,translate_sp_eng+last_letter
último,t,translate_sp_eng_last,translate_sp_eng+last_letter
abierto,n,translate_sp_eng_last,translate_sp_eng+last_letter
cerrado,d,translate_sp_eng_last,translate_sp_eng+last_letter
uno,e,translate_sp_eng_last,translate_sp_eng+last_letter
dos,o,translate_sp_eng_last,translate_sp_eng+last_letter
tres,e,translate_sp_eng_last,translate_sp_eng+last_letter
cuatro,r,translate_sp_eng_last,translate_sp_eng+last_letter
cinco,e,translate_sp_eng_last,translate_sp_eng+last_letter
seis,x,translate_sp_eng_last,translate_sp_eng+last_letter
siete,n,translate_sp_eng_last,translate_sp_eng+last_letter
ocho,t,translate_sp_eng_last,translate_sp_eng+last_letter
nueve,e,translate_sp_eng_last,translate_sp_eng+last_letter
diez,n,translate_sp_eng_last,translate_sp_eng+last_letter
cien,d,translate_sp_eng_last,translate_sp_eng+last_letter
mil,d,translate_sp_eng_last,translate_sp_eng+last_letter
hermano,r,translate_sp_eng_last,translate_sp_eng+last_letter
hermana,r,translate_sp_eng_last,translate_sp_eng+last_letter
padre,r,translate_sp_eng_last,translate_sp_eng+last_letter
madre,r,translate_sp_eng_last,translate_sp_eng+last_letter
hijo,n,translate_sp_eng_last,translate_sp_eng+last_letter
hija,r,translate_sp_eng_last,translate_sp_eng+last_letter
esposo,d,translate_sp_eng_last,translate_sp_eng+last_letter
esposa,e,translate_sp_eng_last,translate_sp_eng+last_letter
abuelo,r,translate_sp_eng_last,translate_sp_eng+last_letter
abuela,r,translate_sp_eng_last,translate_sp_eng+last_letter
tío,e,translate_sp_eng_last,translate_sp_eng+last_letter
tía,t,translate_sp_eng_last,translate_sp_eng+last_letter
primo,n,translate_sp_eng_last,translate_sp_eng+last_letter
rey,g,translate_sp_eng_last,translate_sp_eng+last_letter
reina,n,translate_sp_eng_last,translate_sp_eng+last_letter
príncipe,e,translate_sp_eng_last,translate_sp_eng+last_letter
princesa,s,translate_sp_eng_last,translate_sp_eng+last_letter
hombre,n,translate_sp_eng_last,translate_sp_eng+last_letter
mujer,n,translate_sp_eng_last,translate_sp_eng+last_letter
niña,l,translate_sp_eng_last,translate_sp_eng+last_letter
bebé,y,translate_sp_eng_last,translate_sp_eng+last_letter
médico,r,translate_sp_eng_last,translate_sp_eng+last_letter
enfermera,e,translate_sp_eng_last,translate_sp_eng+last_letter
abogado,r,translate_sp_eng_last,translate_sp_eng+last_letter
policía,e,translate_sp_eng_last,translate_sp_eng+last_letter
soldado,r,translate_sp_eng_last,translate_sp_eng+last_letter
granjero,r,translate_sp_eng_last,translate_sp_eng+last_letter
trabajador,r,translate_sp_eng_last,translate_sp_eng+last_letter
artista,t,translate_sp_eng_last,translate_sp_eng+last_letter
músico,n,translate_sp_eng_last,translate_sp_eng+last_letter
cantante,r,translate_sp_eng_last,translate_sp_eng+last_letter
run,RUNNING,gerund_upper,present_to_gerund+uppercase
swim,SWIMMING,gerund_upper,present_to_gerund+uppercase
walk,WALKING,gerund_upper,present_to_gerund+uppercase
jump,JUMPING,gerund_upper,present_to_gerund+uppercase
dance,DANCING,gerund_upper,present_to_gerund+uppercase
sing,SINGING,gerund_upper,present_to_gerund+uppercase
read,READING,gerund_upper,present_to_gerund+uppercase
write,WRITING,gerund_upper,present_to_gerund+uppercase
sleep,SLEEPING,gerund_upper,present_to_gerund+uppercase
eat,EATING,gerund_upper,present_to_gerund+uppercase
drink,DRINKING,gerund_upper,present_to_gerund+uppercase
talk,TALKING,gerund_upper,present_to_gerund+uppercase
listen,LISTENING,gerund_upper,present_to_gerund+uppercase
think,THINKING,gerund_upper,present_to_gerund+uppercase
work,WORKING,gerund_upper,present_to_gerund+uppercase
play,PLAYING,gerund_upper,present_to_gerund+uppercase
study,STUDYING,gerund_upper,present_to_gerund+uppercase
learn,LEARNING,gerund_upper,present_to_gerund+uppercase
teach,TEACHING,gerund_upper,present_to_gerund+uppercase
build,BUILDING,gerund_upper,present_to_gerund+uppercase
create,CREATING,gerund_upper,present_to_gerund+uppercase
paint,PAINTING,gerund_upper,present_to_gerund+uppercase
draw,DRAWING,gerund_upper,present_to_gerund+uppercase
cook,COOKING,gerund_upper,present_to_gerund+uppercase
bake,BAKING,gerund_upper,present_to_gerund+uppercase
clean,CLEANING,gerund_upper,present_to_gerund+uppercase
wash,WASHING,gerund_upper,present_to_gerund+uppercase
drive,DRIVING,gerund_upper,present_to_gerund+uppercase
fly,FLYING,gerund_upper,present_to_gerund+uppercase
sail,SAILING,gerund_upper,present_to_gerund+uppercase
climb,CLIMBING,gerund_upper,present_to_gerund+uppercase
hike,HIKING,gerund_upper,present_to_gerund+uppercase
bike,BIKING,gerund_upper,present_to_gerund+uppercase
ski,SKIING,gerund_upper,present_to_gerund+uppercase
skate,SKATING,gerund_upper,present_to_gerund+uppercase
fish,FISHING,gerund_upper,present_to_gerund+uppercase
hunt,HUNTING,gerund_upper,present_to_gerund+uppercase
camp,CAMPING,gerund_upper,present_to_gerund+uppercase
travel,TRAVELING,gerund_upper,present_to_gerund+uppercase
explore,EXPLORING,gerund_upper,present_to_gerund+uppercase
laugh,LAUGHING,gerund_upper,present_to_gerund+uppercase
smile,SMILING,gerund_upper,present_to_gerund+uppercase
cry,CRYING,gerund_upper,present_to_gerund+uppercase
shout,SHOUTING,gerund_upper,present_to_gerund+uppercase
whisper,WHISPERING,gerund_upper,present_to_gerund+uppercase
love,LOVING,gerund_upper,present_to_gerund+uppercase
hate,HATING,gerund_upper,present_to_gerund+uppercase
help,HELPING,gerund_upper,present_to_gerund+uppercase
share,SHARING,gerund_upper,present_to_gerund+uppercase
care,CARING,gerund_upper,present_to_gerund+uppercase
meet,MEETING,gerund_upper,present_to_gerund+uppercase
see,SEEING,gerund_upper,present_to_gerund+uppercase
hear,HEARING,gerund_upper,present_to_gerund+uppercase
feel,FEELING,gerund_upper,present_to_gerund+uppercase
smell,SMELLING,gerund_upper,present_to_gerund+uppercase
taste,TASTING,gerund_upper,present_to_gerund+uppercase
touch,TOUCHING,gerund_upper,present_to_gerund+uppercase
hold,HOLDING,gerund_upper,present_to_gerund+uppercase
carry,CARRYING,gerund_upper,present_to_gerund+uppercase
throw,THROWING,gerund_upper,present_to_gerund+uppercase
catch,CATCHING,gerund_upper,present_to_gerund+uppercase
push,PUSHING,gerund_upper,present_to_gerund+uppercase
pull,PULLING,gerund_upper,present_to_gerund+uppercase
open,OPENING,gerund_upper,present_to_gerund+uppercase
close,CLOSING,gerund_upper,present_to_gerund+uppercase
start,STARTING,gerund_upper,present_to_gerund+uppercase
stop,STOPPING,gerund_upper,present_to_gerund+uppercase
begin,BEGINNING,gerund_upper,present_to_gerund+uppercase
end,ENDING,gerund_upper,present_to_gerund+uppercase
finish,FINISHING,gerund_upper,present_to_gerund+uppercase
stand,STANDING,gerund_upper,present_to_gerund+uppercase
sit,SITTING,gerund_upper,present_to_gerund+uppercase
lie,LYING,gerund_upper,present_to_gerund+uppercase
kneel,KNEELING,gerund_upper,present_to_gerund+uppercase
bend,BENDING,gerund_upper,present_to_gerund+uppercase
stretch,STRETCHING,gerund_upper,present_to_gerund+uppercase
relax,RELAXING,gerund_upper,present_to_gerund+uppercase
rest,RESTING,gerund_upper,present_to_gerund+uppercase
wait,WAITING,gerund_upper,present_to_gerund+uppercase
move,MOVING,gerund_upper,present_to_gerund+uppercase
live,LIVING,gerund_upper,present_to_gerund+uppercase
give,GIVING,gerund_upper,present_to_gerund+uppercase
take,TAKING,gerund_upper,present_to_gerund+uppercase
make,MAKING,gerund_upper,present_to_gerund+uppercase
come,COMING,gerund_upper,present_to_gerund+uppercase
leave,LEAVING,gerund_upper,present_to_gerund+uppercase
arrive,ARRIVING,gerund_upper,present_to_gerund+uppercase
believe,BELIEVING,gerund_upper,present_to_gerund+uppercase
achieve,ACHIEVING,gerund_upper,present_to_gerund+uppercase
receive,RECEIVING,gerund_upper,present_to_gerund+uppercase
decide,DECIDING,gerund_upper,present_to_gerund+uppercase
hope,HOPING,gerund_upper,present_to_gerund+uppercase
change,CHANGING,gerund_upper,present_to_gerund+uppercase
manage,MANAGING,gerund_upper,present_to_gerund+uppercase
improve,IMPROVING,gerund_upper,present_to_gerund+uppercase
practice,PRACTICING,gerund_upper,present_to_gerund+uppercase
notice,NOTICING,gerund_upper,present_to_gerund+uppercase
realize,REALIZING,gerund_upper,present_to_gerund+uppercase
organize,ORGANIZING,gerund_upper,present_to_gerund+uppercase
recognize,RECOGNIZING,gerund_upper,present_to_gerund+uppercase
apologize,APOLOGIZING,gerund_upper,present_to_gerund+uppercase
criticize,CRITICIZING,gerund_upper,present_to_gerund+uppercase
advertise,ADVERTISING,gerund_upper,present_to_gerund+uppercase
exercise,EXERCISING,gerund_upper,present_to_gerund+uppercase
surprise,SURPRISING,gerund_upper,present_to_gerund+uppercase
promise,PROMISING,gerund_upper,present_to_gerund+uppercase
imagine,IMAGINING,gerund_upper,present_to_gerund+uppercase
examine,EXAMINING,gerund_upper,present_to_gerund+uppercase
determine,DETERMINING,gerund_upper,present_to_gerund+uppercase
continue,CONTINUING,gerund_upper,present_to_gerund+uppercase
argue,ARGUING,gerund_upper,present_to_gerund+uppercase
issue,ISSUING,gerund_upper,present_to_gerund+uppercase
rescue,RESCUING,gerund_upper,present_to_gerund+uppercase
pursue,PURSUING,gerund_upper,present_to_gerund+uppercase
value,VALUING,gerund_upper,present_to_gerund+uppercase
invite,INVITING,gerund_upper,present_to_gerund+uppercase
excite,EXCITING,gerund_upper,present_to_gerund+uppercase
unite,UNITING,gerund_upper,present_to_gerund+uppercase
compete,COMPETING,gerund_upper,present_to_gerund+uppercase
complete,COMPLETING,gerund_upper,present_to_gerund+uppercase
delete,DELETING,gerund_upper,present_to_gerund+uppercase
greet,GREETING,gerund_upper,present_to_gerund+uppercase
repeat,REPEATING,gerund_upper,present_to_gerund+uppercase
defeat,DEFEATING,gerund_upper,present_to_gerund+uppercase
treat,TREATING,gerund_upper,present_to_gerund+uppercase
relate,RELATING,gerund_upper,present_to_gerund+uppercase
celebrate,CELEBRATING,gerund_upper,present_to_gerund+uppercase
demonstrate,DEMONSTRATING,gerund_upper,present_to_gerund+uppercase
hesitate,HESITATING,gerund_upper,present_to_gerund+uppercase
appreciate,APPRECIATING,gerund_upper,present_to_gerund+uppercase
communicate,COMMUNICATING,gerund_upper,present_to_gerund+uppercase
educate,EDUCATING,gerund_upper,present_to_gerund+uppercase
investigate,INVESTIGATING,gerund_upper,present_to_gerund+uppercase
concentrate,CONCENTRATING,gerund_upper,present_to_gerund+uppercase
cooperate,COOPERATING,gerund_upper,present_to_gerund+uppercase
decorate,DECORATING,gerund_upper,present_to_gerund+uppercase
operate,OPERATING,gerund_upper,present_to_gerund+uppercase
separate,SEPARATING,gerund_upper,present_to_gerund+uppercase
participate,PARTICIPATING,gerund_upper,present_to_gerund+uppercase
navigate,NAVIGATING,gerund_upper,present_to_gerund+uppercase
motivate,MOTIVATING,gerund_upper,present_to_gerund+uppercase
activate,ACTIVATING,gerund_upper,present_to_gerund+uppercase
illustrate,ILLUSTRATING,gerund_upper,present_to_gerund+uppercase
calculate,CALCULATING,gerund_upper,present_to_gerund+uppercase
translate,TRANSLATING,gerund_upper,present_to_gerund+uppercase
accelerate,ACCELERATING,gerund_upper,present_to_gerund+uppercase
dominate,DOMINATING,gerund_upper,present_to_gerund+uppercase
eliminate,ELIMINATING,gerund_upper,present_to_gerund+uppercase
fascinate,FASCINATING,gerund_upper,present_to_gerund+uppercase
generate,GENERATING,gerund_upper,present_to_gerund+uppercase
imitate,IMITATING,gerund_upper,present_to_gerund+uppercase
irritate,IRRITATING,gerund_upper,present_to_gerund+uppercase
meditate,MEDITATING,gerund_upper,present_to_gerund+uppercase
negotiate,NEGOTIATING,gerund_upper,present_to_gerund+uppercase
penetrate,PENETRATING,gerund_upper,present_to_gerund+uppercase
radiate,RADIATING,gerund_upper,present_to_gerund+uppercase
rotate,ROTATING,gerund_upper,present_to_gerund+uppercase
stimulate,STIMULATING,gerund_upper,present_to_gerund+uppercase
tolerate,TOLERATING,gerund_upper,present_to_gerund+uppercase
validate,VALIDATING,gerund_upper,present_to_gerund+uppercase
vibrate,VIBRATING,gerund_upper,present_to_gerund+uppercase
anticipate,ANTICIPATING,gerund_upper,present_to_gerund+uppercase
contemplate,CONTEMPLATING,gerund_upper,present_to_gerund+uppercase
coordinate,COORDINATING,gerund_upper,present_to_gerund+uppercase
cultivate,CULTIVATING,gerund_upper,present_to_gerund+uppercase
dedicate,DEDICATING,gerund_upper,present_to_gerund+uppercase
designate,DESIGNATING,gerund_upper,present_to_gerund+uppercase
deviate,DEVIATING,gerund_upper,present_to_gerund+uppercase
escalate,ESCALATING,gerund_upper,present_to_gerund+uppercase
evaluate,EVALUATING,gerund_upper,present_to_gerund+uppercase
evaporate,EVAPORATING,gerund_upper,present_to_gerund+uppercase
exaggerate,EXAGGERATING,gerund_upper,present_to_gerund+uppercase
hibernate,HIBERNATING,gerund_upper,present_to_gerund+uppercase
incorporate,INCORPORATING,gerund_upper,present_to_gerund+uppercase
innovate,INNOVATING,gerund_upper,present_to_gerund+uppercase
integrate,INTEGRATING,gerund_upper,present_to_gerund+uppercase
initiate,INITIATING,gerund_upper,present_to_gerund+uppercase
terminate,TERMINATING,gerund_upper,present_to_gerund+uppercase
RUN,running,gerund_lower,present_to_gerund+lowercase
SWIM,swimming,gerund_lower,present_to_gerund+lowercase
WALK,walking,gerund_lower,present_to_gerund+lowercase
JUMP,jumping,gerund_lower,present_to_gerund+lowercase
DANCE,dancing,gerund_lower,present_to_gerund+lowercase
SING,singing,gerund_lower,present_to_gerund+lowercase
READ,reading,gerund_lower,present_to_gerund+lowercase
WRITE,writing,gerund_lower,present_to_gerund+lowercase
SLEEP,sleeping,gerund_lower,present_to_gerund+lowercase
EAT,eating,gerund_lower,present_to_gerund+lowercase
DRINK,drinking,gerund_lower,present_to_gerund+lowercase
TALK,talking,gerund_lower,present_to_gerund+lowercase
LISTEN,listening,gerund_lower,present_to_gerund+lowercase
THINK,thinking,gerund_lower,present_to_gerund+lowercase
WORK,working,gerund_lower,present_to_gerund+lowercase
PLAY,playing,gerund_lower,present_to_gerund+lowercase
STUDY,studying,gerund_lower,present_to_gerund+lowercase
LEARN,learning,gerund_lower,present_to_gerund+lowercase
TEACH,teaching,gerund_lower,present_to_gerund+lowercase
BUILD,building,gerund_lower,present_to_gerund+lowercase
CREATE,creating,gerund_lower,present_to_gerund+lowercase
PAINT,painting,gerund_lower,present_to_gerund+lowercase
DRAW,drawing,gerund_lower,present_to_gerund+lowercase
COOK,cooking,gerund_lower,present_to_gerund+lowercase
BAKE,baking,gerund_lower,present_to_gerund+lowercase
CLEAN,cleaning,gerund_lower,present_to_gerund+lowercase
WASH,washing,gerund_lower,present_to_gerund+lowercase
DRIVE,driving,gerund_lower,present_to_gerund+lowercase
FLY,flying,gerund_lower,present_to_gerund+lowercase
SAIL,sailing,gerund_lower,present_to_gerund+lowercase
CLIMB,climbing,gerund_lower,present_to_gerund+lowercase
HIKE,hiking,gerund_lower,present_to_gerund+lowercase
BIKE,biking,gerund_lower,present_to_gerund+lowercase
SKI,skiing,gerund_lower,present_to_gerund+lowercase
SKATE,skating,gerund_lower,present_to_gerund+lowercase
FISH,fishing,gerund_lower,present_to_gerund+lowercase
HUNT,hunting,gerund_lower,present_to_gerund+lowercase
CAMP,camping,gerund_lower,present_to_gerund+lowercase
TRAVEL,traveling,gerund_lower,present_to_gerund+lowercase
EXPLORE,exploring,gerund_lower,present_to_gerund+lowercase
LAUGH,laughing,gerund_lower,present_to_gerund+lowercase
SMILE,smiling,gerund_lower,present_to_gerund+lowercase
CRY,crying,gerund_lower,present_to_gerund+lowercase
SHOUT,shouting,gerund_lower,present_to_gerund+lowercase
WHISPER,whispering,gerund_lower,present_to_gerund+lowercase
LOVE,loving,gerund_lower,present_to_gerund+lowercase
HATE,hating,gerund_lower,present_to_gerund+lowercase
HELP,helping,gerund_lower,present_to_gerund+lowercase
SHARE,sharing,gerund_lower,present_to_gerund+lowercase
CARE,caring,gerund_lower,present_to_gerund+lowercase
MEET,meeting,gerund_lower,present_to_gerund+lowercase
SEE,seeing,gerund_lower,present_to_gerund+lowercase
HEAR,hearing,gerund_lower,present_to_gerund+lowercase
FEEL,feeling,gerund_lower,present_to_gerund+lowercase
SMELL,smelling,gerund_lower,present_to_gerund+lowercase
TASTE,tasting,gerund_lower,present_to_gerund+lowercase
TOUCH,touching,gerund_lower,present_to_gerund+lowercase
HOLD,holding,gerund_lower,present_to_gerund+lowercase
CARRY,carrying,gerund_lower,present_to_gerund+lowercase
THROW,throwing,gerund_lower,present_to_gerund+lowercase
CATCH,catching,gerund_lower,present_to_gerund+lowercase
PUSH,pushing,gerund_lower,present_to_gerund+lowercase
PULL,pulling,gerund_lower,present_to_gerund+lowercase
OPEN,opening,gerund_lower,present_to_gerund+lowercase
CLOSE,closing,gerund_lower,present_to_gerund+lowercase
START,starting,gerund_lower,present_to_gerund+lowercase
STOP,stopping,gerund_lower,present_to_gerund+lowercase
BEGIN,beginning,gerund_lower,present_to_gerund+lowercase
END,ending,gerund_lower,present_to_gerund+lowercase
FINISH,finishing,gerund_lower,present_to_gerund+lowercase
STAND,standing,gerund_lower,present_to_gerund+lowercase
SIT,sitting,gerund_lower,present_to_gerund+lowercase
LIE,lying,gerund_lower,present_to_gerund+lowercase
KNEEL,kneeling,gerund_lower,present_to_gerund+lowercase
BEND,bending,gerund_lower,present_to_gerund+lowercase
STRETCH,stretching,gerund_lower,present_to_gerund+lowercase
RELAX,relaxing,gerund_lower,present_to_gerund+lowercase
REST,resting,gerund_lower,present_to_gerund+lowercase
WAIT,waiting,gerund_lower,present_to_gerund+lowercase
MOVE,moving,gerund_lower,present_to_gerund+lowercase
LIVE,living,gerund_lower,present_to_gerund+lowercase
GIVE,giving,gerund_lower,present_to_gerund+lowercase
TAKE,taking,gerund_lower,present_to_gerund+lowercase
MAKE,making,gerund_lower,present_to_gerund+lowercase
COME,coming,gerund_lower,present_to_gerund+lowercase
LEAVE,leaving,gerund_lower,present_to_gerund+lowercase
ARRIVE,arriving,gerund_lower,present_to_gerund+lowercase
BELIEVE,believing,gerund_lower,present_to_gerund+lowercase
ACHIEVE,achieving,gerund_lower,present_to_gerund+lowercase
RECEIVE,receiving,gerund_lower,present_to_gerund+lowercase
DECIDE,deciding,gerund_lower,present_to_gerund+lowercase
HOPE,hoping,gerund_lower,present_to_gerund+lowercase
CHANGE,changing,gerund_lower,present_to_gerund+lowercase
MANAGE,managing,gerund_lower,present_to_gerund+lowercase
IMPROVE,improving,gerund_lower,present_to_gerund+lowercase
PRACTICE,practicing,gerund_lower,present_to_gerund+lowercase
NOTICE,noticing,gerund_lower,present_to_gerund+lowercase
REALIZE,realizing,gerund_lower,present_to_gerund+lowercase
ORGANIZE,organizing,gerund_lower,present_to_gerund+lowercase
RECOGNIZE,recognizing,gerund_lower,present_to_gerund+lowercase
APOLOGIZE,apologizing,gerund_lower,present_to_gerund+lowercase
CRITICIZE,criticizing,gerund_lower,present_to_gerund+lowercase
ADVERTISE,advertising,gerund_lower,present_to_gerund+lowercase
EXERCISE,exercising,gerund_lower,present_to_gerund+lowercase
SURPRISE,surprising,gerund_lower,present_to_gerund+lowercase
PROMISE,promising,gerund_lower,present_to_gerund+lowercase
IMAGINE,imagining,gerund_lower,present_to_gerund+lowercase
EXAMINE,examining,gerund_lower,present_to_gerund+lowercase
DETERMINE,determining,gerund_lower,present_to_gerund+lowercase
CONTINUE,continuing,gerund_lower,present_to_gerund+lowercase
ARGUE,arguing,gerund_lower,present_to_gerund+lowercase
ISSUE,issuing,gerund_lower,present_to_gerund+lowercase
RESCUE,rescuing,gerund_lower,present_to_gerund+lowercase
PURSUE,pursuing,gerund_lower,present_to_gerund+lowercase
VALUE,valuing,gerund_lower,present_to_gerund+lowercase
INVITE,inviting,gerund_lower,present_to_gerund+lowercase
EXCITE,exciting,gerund_lower,present_to_gerund+lowercase
UNITE,uniting,gerund_lower,present_to_gerund+lowercase
COMPETE,competing,gerund_lower,present_to_gerund+lowercase
COMPLETE,completing,gerund_lower,present_to_gerund+lowercase
DELETE,deleting,gerund_lower,present_to_gerund+lowercase
GREET,greeting,gerund_lower,present_to_gerund+lowercase
REPEAT,repeating,gerund_lower,present_to_gerund+lowercase
DEFEAT,defeating,gerund_lower,present_to_gerund+lowercase
TREAT,treating,gerund_lower,present_to_gerund+lowercase
RELATE,relating,gerund_lower,present_to_gerund+lowercase
CELEBRATE,celebrating,gerund_lower,present_to_gerund+lowercase
DEMONSTRATE,demonstrating,gerund_lower,present_to_gerund+lowercase
HESITATE,hesitating,gerund_lower,present_to_gerund+lowercase
APPRECIATE,appreciating,gerund_lower,present_to_gerund+lowercase
COMMUNICATE,communicating,gerund_lower,present_to_gerund+lowercase
EDUCATE,educating,gerund_lower,present_to_gerund+lowercase
INVESTIGATE,investigating,gerund_lower,present_to_gerund+lowercase
CONCENTRATE,concentrating,gerund_lower,present_to_gerund+lowercase
COOPERATE,cooperating,gerund_lower,present_to_gerund+lowercase
DECORATE,decorating,gerund_lower,present_to_gerund+lowercase
OPERATE,operating,gerund_lower,present_to_gerund+lowercase
SEPARATE,separating,gerund_lower,present_to_gerund+lowercase
PARTICIPATE,participating,gerund_lower,present_to_gerund+lowercase
NAVIGATE,navigating,gerund_lower,present_to_gerund+lowercase
MOTIVATE,motivating,gerund_lower,present_to_gerund+lowercase
ACTIVATE,activating,gerund_lower,present_to_gerund+lowercase
ILLUSTRATE,illustrating,gerund_lower,present_to_gerund+lowercase
CALCULATE,calculating,gerund_lower,present_to_gerund+lowercase
TRANSLATE,translating,gerund_lower,present_to_gerund+lowercase
ACCELERATE,accelerating,gerund_lower,present_to_gerund+lowercase
DOMINATE,dominating,gerund_lower,present_to_gerund+lowercase
ELIMINATE,eliminating,gerund_lower,present_to_gerund+lowercase
FASCINATE,fascinating,gerund_lower,present_to_gerund+lowercase
GENERATE,generating,gerund_lower,present_to_gerund+lowercase
IMITATE,imitating,gerund_lower,present_to_gerund+lowercase
IRRITATE,irritating,gerund_lower,present_to_gerund+lowercase
MEDITATE,meditating,gerund_lower,present_to_gerund+lowercase
NEGOTIATE,negotiating,gerund_lower,present_to_gerund+lowercase
PENETRATE,penetrating,gerund_lower,present_to_gerund+lowercase
RADIATE,radiating,gerund_lower,present_to_gerund+lowercase
ROTATE,rotating,gerund_lower,present_to_gerund+lowercase
STIMULATE,stimulating,gerund_lower,present_to_gerund+lowercase
TOLERATE,tolerating,gerund_lower,present_to_gerund+lowercase
VALIDATE,validating,gerund_lower,present_to_gerund+lowercase
VIBRATE,vibrating,gerund_lower,present_to_gerund+lowercase
ANTICIPATE,anticipating,gerund_lower,present_to_gerund+lowercase
CONTEMPLATE,contemplating,gerund_lower,present_to_gerund+lowercase
COORDINATE,coordinating,gerund_lower,present_to_gerund+lowercase
CULTIVATE,cultivating,gerund_lower,present_to_gerund+lowercase
DEDICATE,dedicating,gerund_lower,present_to_gerund+lowercase
DESIGNATE,designating,gerund_lower,present_to_gerund+lowercase
DEVIATE,deviating,gerund_lower,present_to_gerund+lowercase
ESCALATE,escalating,gerund_lower,present_to_gerund+lowercase
EVALUATE,evaluating,gerund_lower,present_to_gerund+lowercase
EVAPORATE,evaporating,gerund_lower,present_to_gerund+lowercase
EXAGGERATE,exaggerating,gerund_lower,present_to_gerund+lowercase
HIBERNATE,hibernating,gerund_lower,present_to_gerund+lowercase
INCORPORATE,incorporating,gerund_lower,present_to_gerund+lowercase
INNOVATE,innovating,gerund_lower,present_to_gerund+lowercase
INTEGRATE,integrating,gerund_lower,present_to_gerund+lowercase
INITIATE,initiating,gerund_lower,present_to_gerund+lowercase
TERMINATE,terminating,gerund_lower,present_to_gerund+lowercase
run,gninnur,gerund_reverse,present_to_gerund+reverse
swim,gnimmiws,gerund_reverse,present_to_gerund+reverse
walk,gniklaw,gerund_reverse,present_to_gerund+reverse
jump,gnipmuj,gerund_reverse,present_to_gerund+reverse
dance,gnicnad,gerund_reverse,present_to_gerund+reverse
sing,gnignis,gerund_reverse,present_to_gerund+reverse
read,gnidaer,gerund_reverse,present_to_gerund+reverse
write,gnitirw,gerund_reverse,present_to_gerund+reverse
sleep,gnipeels,gerund_reverse,present_to_gerund+reverse
eat,gnitae,gerund_reverse,present_to_gerund+reverse
drink,gniknird,gerund_reverse,present_to_gerund+reverse
talk,gniklat,gerund_reverse,present_to_gerund+reverse
listen,gninetsil,gerund_reverse,present_to_gerund+reverse
think,gnikniht,gerund_reverse,present_to_gerund+reverse
work,gnikrow,gerund_reverse,present_to_gerund+reverse
play,gniyalp,gerund_reverse,present_to_gerund+reverse
study,gniyduts,gerund_reverse,present_to_gerund+reverse
learn,gninrael,gerund_reverse,present_to_gerund+reverse
teach,gnihcaet,gerund_reverse,present_to_gerund+reverse
build,gnidliub,gerund_reverse,present_to_gerund+reverse
create,gnitaerc,gerund_reverse,present_to_gerund+reverse
paint,gnitniap,gerund_reverse,present_to_gerund+reverse
draw,gniward,gerund_reverse,present_to_gerund+reverse
cook,gnikooc,gerund_reverse,present_to_gerund+reverse
bake,gnikab,gerund_reverse,present_to_gerund+reverse
clean,gninaelc,gerund_reverse,present_to_gerund+reverse
wash,gnihsaw,gerund_reverse,present_to_gerund+reverse
drive,gnivird,gerund_reverse,present_to_gerund+reverse
fly,gniylf,gerund_reverse,present_to_gerund+reverse
sail,gnilias,gerund_reverse,present_to_gerund+reverse
climb,gnibmilc,gerund_reverse,present_to_gerund+reverse
hike,gnikih,gerund_reverse,present_to_gerund+reverse
bike,gnikib,gerund_reverse,present_to_gerund+reverse
ski,gniiks,gerund_reverse,present_to_gerund+reverse
skate,gnitaks,gerund_reverse,present_to_gerund+reverse
fish,gnihsif,gerund_reverse,present_to_gerund+reverse
hunt,gnitnuh,gerund_reverse,present_to_gerund+reverse
camp,gnipmac,gerund_reverse,present_to_gerund+reverse
travel,gnilevart,gerund_reverse,present_to_gerund+reverse
explore,gnirolpxe,gerund_reverse,present_to_gerund+reverse
laugh,gnihgual,gerund_reverse,present_to_gerund+reverse
smile,gnilims,gerund_reverse,present_to_gerund+reverse
cry,gniyrc,gerund_reverse,present_to_gerund+reverse
shout,gnituohs,gerund_reverse,present_to_gerund+reverse
whisper,gnirepsihw,gerund_reverse,present_to_gerund+reverse
love,gnivol,gerund_reverse,present_to_gerund+reverse
hate,gnitah,gerund_reverse,present_to_gerund+reverse
help,gnipleh,gerund_reverse,present_to_gerund+reverse
share,gnirahs,gerund_reverse,present_to_gerund+reverse
care,gnirac,gerund_reverse,present_to_gerund+reverse
meet,gniteem,gerund_reverse,present_to_gerund+reverse
see,gniees,gerund_reverse,present_to_gerund+reverse
hear,gniraeh,gerund_reverse,present_to_gerund+reverse
feel,gnileef,gerund_reverse,present_to_gerund+reverse
smell,gnillems,gerund_reverse,present_to_gerund+reverse
taste,gnitsat,gerund_reverse,present_to_gerund+reverse
touch,gnihcuot,gerund_reverse,present_to_gerund+reverse
hold,gnidloh,gerund_reverse,present_to_gerund+reverse
carry,gniyrrac,gerund_reverse,present_to_gerund+reverse
throw,gniworht,gerund_reverse,present_to_gerund+reverse
catch,gnihctac,gerund_reverse,present_to_gerund+reverse
push,gnihsup,gerund_reverse,present_to_gerund+reverse
pull,gnillup,gerund_reverse,present_to_gerund+reverse
open,gninepo,gerund_reverse,present_to_gerund+reverse
close,gnisolc,gerund_reverse,present_to_gerund+reverse
start,gnitrats,gerund_reverse,present_to_gerund+reverse
stop,gnippots,gerund_reverse,present_to_gerund+reverse
begin,gninnigeb,gerund_reverse,present_to_gerund+reverse
end,gnidne,gerund_reverse,present_to_gerund+reverse
finish,gnihsinif,gerund_reverse,present_to_gerund+reverse
stand,gnidnats,gerund_reverse,present_to_gerund+reverse
sit,gnittis,gerund_reverse,present_to_gerund+reverse
lie,gniyl,gerund_reverse,present_to_gerund+reverse
kneel,gnileenk,gerund_reverse,present_to_gerund+reverse
bend,gnidneb,gerund_reverse,present_to_gerund+reverse
stretch,gnihcterts,gerund_reverse,present_to_gerund+reverse
relax,gnixaler,gerund_reverse,present_to_gerund+reverse
rest,gnitser,gerund_reverse,present_to_gerund+reverse
wait,gnitiaw,gerund_reverse,present_to_gerund+reverse
move,gnivom,gerund_reverse,present_to_gerund+reverse
live,gnivil,gerund_reverse,present_to_gerund+reverse
give,gnivig,gerund_reverse,present_to_gerund+reverse
take,gnikat,gerund_reverse,present_to_gerund+reverse
make,gnikam,gerund_reverse,present_to_gerund+reverse
come,gnimoc,gerund_reverse,present_to_gerund+reverse
leave,gnivael,gerund_reverse,present_to_gerund+reverse
arrive,gnivirra,gerund_reverse,present_to_gerund+reverse
believe,gniveileb,gerund_reverse,present_to_gerund+reverse
achieve,gniveihca,gerund_reverse,present_to_gerund+reverse
receive,gniviecer,gerund_reverse,present_to_gerund+reverse
decide,gnidiced,gerund_reverse,present_to_gerund+reverse
hope,gnipoh,gerund_reverse,present_to_gerund+reverse
change,gnignahc,gerund_reverse,present_to_gerund+reverse
manage,gniganam,gerund_reverse,present_to_gerund+reverse
improve,gnivorpmi,gerund_reverse,present_to_gerund+reverse
practice,gnicitcarp,gerund_reverse,present_to_gerund+reverse
notice,gniciton,gerund_reverse,present_to_gerund+reverse
realize,gnizilaer,gerund_reverse,present_to_gerund+reverse
organize,gnizinagro,gerund_reverse,present_to_gerund+reverse
recognize,gnizingocer,gerund_reverse,present_to_gerund+reverse
apologize,gnizigolopa,gerund_reverse,present_to_gerund+reverse
criticize,gnizicitirc,gerund_reverse,present_to_gerund+reverse
advertise,gnisitrevda,gerund_reverse,present_to_gerund+reverse
exercise,gnisicrexe,gerund_reverse,present_to_gerund+reverse
surprise,gnisirprus,gerund_reverse,present_to_gerund+reverse
promise,gnisimorp,gerund_reverse,present_to_gerund+reverse
imagine,gninigami,gerund_reverse,present_to_gerund+reverse
examine,gninimaxe,gerund_reverse,present_to_gerund+reverse
determine,gninimreted,gerund_reverse,present_to_gerund+reverse
continue,gniunitnoc,gerund_reverse,present_to_gerund+reverse
argue,gniugra,gerund_reverse,present_to_gerund+reverse
issue,gniussi,gerund_reverse,present_to_gerund+reverse
rescue,gniucser,gerund_reverse,present_to_gerund+reverse
pursue,gniusrup,gerund_reverse,present_to_gerund+reverse
value,gniulav,gerund_reverse,present_to_gerund+reverse
invite,gnitivni,gerund_reverse,present_to_gerund+reverse
excite,gniticxe,gerund_reverse,present_to_gerund+reverse
unite,gnitinu,gerund_reverse,present_to_gerund+reverse
compete,gnitepmoc,gerund_reverse,present_to_gerund+reverse
complete,gnitelpmoc,gerund_reverse,present_to_gerund+reverse
delete,gniteled,gerund_reverse,present_to_gerund+reverse
greet,gniteerg,gerund_reverse,present_to_gerund+reverse
repeat,gnitaeper,gerund_reverse,present_to_gerund+reverse
defeat,gnitaefed,gerund_reverse,present_to_gerund+reverse
treat,gnitaert,gerund_reverse,present_to_gerund+reverse
relate,gnitaler,gerund_reverse,present_to_gerund+reverse
celebrate,gnitarbelec,gerund_reverse,present_to_gerund+reverse
demonstrate,gnitartsnomed,gerund_reverse,present_to_gerund+reverse
hesitate,gnitatiseh,gerund_reverse,present_to_gerund+reverse
appreciate,gnitaicerppa,gerund_reverse,present_to_gerund+reverse
communicate,gnitacinummoc,gerund_reverse,present_to_gerund+reverse
educate,gnitacude,gerund_reverse,present_to_gerund+reverse
investigate,gnitagitsevni,gerund_reverse,present_to_gerund+reverse
concentrate,gnitartnecnoc,gerund_reverse,present_to_gerund+reverse
cooperate,gnitarepooc,gerund_reverse,present_to_gerund+reverse
decorate,gnitaroced,gerund_reverse,present_to_gerund+reverse
operate,gnitarepo,gerund_reverse,present_to_gerund+reverse
separate,gnitarapes,gerund_reverse,present_to_gerund+reverse
participate,gnitapicitrap,gerund_reverse,present_to_gerund+reverse
navigate,gnitagivan,gerund_reverse,present_to_gerund+reverse
motivate,gnitavitom,gerund_reverse,present_to_gerund+reverse
activate,gnitavitca,gerund_reverse,present_to_gerund+reverse
illustrate,gnitartsulli,gerund_reverse,present_to_gerund+reverse
calculate,gnitaluclac,gerund_reverse,present_to_gerund+reverse
translate,gnitalsnart,gerund_reverse,present_to_gerund+reverse
accelerate,gnitarelecca,gerund_reverse,present_to_gerund+reverse
dominate,gnitanimod,gerund_reverse,present_to_gerund+reverse
eliminate,gnitanimile,gerund_reverse,present_to_gerund+reverse
fascinate,gnitanicsaf,gerund_reverse,present_to_gerund+reverse
generate,gnitareneg,gerund_reverse,present_to_gerund+reverse
imitate,gnitatimi,gerund_reverse,present_to_gerund+reverse
irritate,gnitatirri,gerund_reverse,present_to_gerund+reverse
meditate,gnitatidem,gerund_reverse,present_to_gerund+reverse
negotiate,gnitaitogen,gerund_reverse,present_to_gerund+reverse
penetrate,gnitartenep,gerund_reverse,present_to_gerund+reverse
radiate,gnitaidar,gerund_reverse,present_to_gerund+reverse
rotate,gnitator,gerund_reverse,present_to_gerund+reverse
stimulate,gnitalumits,gerund_reverse,present_to_gerund+reverse
tolerate,gnitarelot,gerund_reverse,present_to_gerund+reverse
validate,gnitadilav,gerund_reverse,present_to_gerund+reverse
vibrate,gnitarbiv,gerund_reverse,present_to_gerund+reverse
anticipate,gnitapicitna,gerund_reverse,present_to_gerund+reverse
contemplate,gnitalpmetnoc,gerund_reverse,present_to_gerund+reverse
coordinate,gnitanidrooc,gerund_reverse,present_to_gerund+reverse
cultivate,gnitavitluc,gerund_reverse,present_to_gerund+reverse
dedicate,gnitacided,gerund_reverse,present_to_gerund+reverse
designate,gnitangised,gerund_reverse,present_to_gerund+reverse
deviate,gnitaived,gerund_reverse,present_to_gerund+reverse
escalate,gnitalacse,gerund_reverse,present_to_gerund+reverse
evaluate,gnitaulave,gerund_reverse,present_to_gerund+reverse
evaporate,gnitaropave,gerund_reverse,present_to_gerund+reverse
exaggerate,gnitareggaxe,gerund_reverse,present_to_gerund+reverse
hibernate,gnitanrebih,gerund_reverse,present_to_gerund+reverse
incorporate,gnitaroprocni,gerund_reverse,present_to_gerund+reverse
innovate,gnitavonni,gerund_reverse,present_to_gerund+reverse
integrate,gnitargetni,gerund_reverse,present_to_gerund+reverse
initiate,gnitaitini,gerund_reverse,present_to_gerund+reverse
terminate,gnitanimret,gerund_reverse,present_to_gerund+reverse
run,r,gerund_first,present_to_gerund+first_letter
swim,s,gerund_first,present_to_gerund+first_letter
walk,w,gerund_first,present_to_gerund+first_letter
jump,j,gerund_first,present_to_gerund+first_letter
dance,d,gerund_first,present_to_gerund+first_letter
sing,s,gerund_first,present_to_gerund+first_letter
read,r,gerund_first,present_to_gerund+first_letter
write,w,gerund_first,present_to_gerund+first_letter
sleep,s,gerund_first,present_to_gerund+first_letter
eat,e,gerund_first,present_to_gerund+first_letter
drink,d,gerund_first,present_to_gerund+first_letter
talk,t,gerund_first,present_to_gerund+first_letter
listen,l,gerund_first,present_to_gerund+first_letter
think,t,gerund_first,present_to_gerund+first_letter
work,w,gerund_first,present_to_gerund+first_letter
play,p,gerund_first,present_to_gerund+first_letter
study,s,gerund_first,present_to_gerund+first_letter
learn,l,gerund_first,present_to_gerund+first_letter
teach,t,gerund_first,present_to_gerund+first_letter
build,b,gerund_first,present_to_gerund+first_letter
create,c,gerund_first,present_to_gerund+first_letter
paint,p,gerund_first,present_to_gerund+first_letter
draw,d,gerund_first,present_to_gerund+first_letter
cook,c,gerund_first,present_to_gerund+first_letter
bake,b,gerund_first,present_to_gerund+first_letter
clean,c,gerund_first,present_to_gerund+first_letter
wash,w,gerund_first,present_to_gerund+first_letter
drive,d,gerund_first,present_to_gerund+first_letter
fly,f,gerund_first,present_to_gerund+first_letter
sail,s,gerund_first,present_to_gerund+first_letter
climb,c,gerund_first,present_to_gerund+first_letter
hike,h,gerund_first,present_to_gerund+first_letter
bike,b,gerund_first,present_to_gerund+first_letter
ski,s,gerund_first,present_to_gerund+first_letter
skate,s,gerund_first,present_to_gerund+first_letter
fish,f,gerund_first,present_to_gerund+first_letter
hunt,h,gerund_first,present_to_gerund+first_letter
camp,c,gerund_first,present_to_gerund+first_letter
travel,t,gerund_first,present_to_gerund+first_letter
explore,e,gerund_first,present_to_gerund+first_letter
laugh,l,gerund_first,present_to_gerund+first_letter
smile,s,gerund_first,present_to_gerund+first_letter
cry,c,gerund_first,present_to_gerund+first_letter
shout,s,gerund_first,present_to_gerund+first_letter
whisper,w,gerund_first,present_to_gerund+first_letter
love,l,gerund_first,present_to_gerund+first_letter
hate,h,gerund_first,present_to_gerund+first_letter
help,h,gerund_first,present_to_gerund+first_letter
share,s,gerund_first,present_to_gerund+first_letter
care,c,gerund_first,present_to_gerund+first_letter
meet,m,gerund_first,present_to_gerund+first_letter
see,s,gerund_first,present_to_gerund+first_letter
hear,h,gerund_first,present_to_gerund+first_letter
feel,f,gerund_first,present_to_gerund+first_letter
smell,s,gerund_first,present_to_gerund+first_letter
taste,t,gerund_first,present_to_gerund+first_letter
touch,t,gerund_first,present_to_gerund+first_letter
hold,h,gerund_first,present_to_gerund+first_letter
carry,c,gerund_first,present_to_gerund+first_letter
throw,t,gerund_first,present_to_gerund+first_letter
catch,c,gerund_first,present_to_gerund+first_letter
push,p,gerund_first,present_to_gerund+first_letter
pull,p,gerund_first,present_to_gerund+first_letter
open,o,gerund_first,present_to_gerund+first_letter
close,c,gerund_first,present_to_gerund+first_letter
start,s,gerund_first,present_to_gerund+first_letter
stop,s,gerund_first,present_to_gerund+first_letter
begin,b,gerund_first,present_to_gerund+first_letter
end,e,gerund_first,present_to_gerund+first_letter
finish,f,gerund_first,present_to_gerund+first_letter
stand,s,gerund_first,present_to_gerund+first_letter
sit,s,gerund_first,present_to_gerund+first_letter
lie,l,gerund_first,present_to_gerund+first_letter
kneel,k,gerund_first,present_to_gerund+first_letter
bend,b,gerund_first,present_to_gerund+first_letter
stretch,s,gerund_first,present_to_gerund+first_letter
relax,r,gerund_first,present_to_gerund+first_letter
rest,r,gerund_first,present_to_gerund+first_letter
wait,w,gerund_first,present_to_gerund+first_letter
move,m,gerund_first,present_to_gerund+first_letter
live,l,gerund_first,present_to_gerund+first_letter
give,g,gerund_first,present_to_gerund+first_letter
take,t,gerund_first,present_to_gerund+first_letter
make,m,gerund_first,present_to_gerund+first_letter
come,c,gerund_first,present_to_gerund+first_letter
leave,l,gerund_first,present_to_gerund+first_letter
arrive,a,gerund_first,present_to_gerund+first_letter
believe,b,gerund_first,present_to_gerund+first_letter
achieve,a,gerund_first,present_to_gerund+first_letter
receive,r,gerund_first,present_to_gerund+first_letter
decide,d,gerund_first,present_to_gerund+first_letter
hope,h,gerund_first,present_to_gerund+first_letter
change,c,gerund_first,present_to_gerund+first_letter
manage,m,gerund_first,present_to_gerund+first_letter
improve,i,gerund_first,present_to_gerund+first_letter
practice,p,gerund_first,present_to_gerund+first_letter
notice,n,gerund_first,present_to_gerund+first_letter
realize,r,gerund_first,present_to_gerund+first_letter
organize,o,gerund_first,present_to_gerund+first_letter
recognize,r,gerund_first,present_to_gerund+first_letter
apologize,a,gerund_first,present_to_gerund+first_letter
criticize,c,gerund_first,present_to_gerund+first_letter
advertise,a,gerund_first,present_to_gerund+first_letter
exercise,e,gerund_first,present_to_gerund+first_letter
surprise,s,gerund_first,present_to_gerund+first_letter
promise,p,gerund_first,present_to_gerund+first_letter
imagine,i,gerund_first,present_to_gerund+first_letter
examine,e,gerund_first,present_to_gerund+first_letter
determine,d,gerund_first,present_to_gerund+first_letter
continue,c,gerund_first,present_to_gerund+first_letter
argue,a,gerund_first,present_to_gerund+first_letter
issue,i,gerund_first,present_to_gerund+first_letter
rescue,r,gerund_first,present_to_gerund+first_letter
pursue,p,gerund_first,present_to_gerund+first_letter
value,v,gerund_first,present_to_gerund+first_letter
invite,i,gerund_first,present_to_gerund+first_letter
excite,e,gerund_first,present_to_gerund+first_letter
unite,u,gerund_first,present_to_gerund+first_letter
compete,c,gerund_first,present_to_gerund+first_letter
complete,c,gerund_first,present_to_gerund+first_letter
delete,d,gerund_first,present_to_gerund+first_letter
greet,g,gerund_first,present_to_gerund+first_letter
repeat,r,gerund_first,present_to_gerund+first_letter
defeat,d,gerund_first,present_to_gerund+first_letter
treat,t,gerund_first,present_to_gerund+first_letter
relate,r,gerund_first,present_to_gerund+first_letter
celebrate,c,gerund_first,present_to_gerund+first_letter
demonstrate,d,gerund_first,present_to_gerund+first_letter
hesitate,h,gerund_first,present_to_gerund+first_letter
appreciate,a,gerund_first,present_to_gerund+first_letter
communicate,c,gerund_first,present_to_gerund+first_letter
educate,e,gerund_first,present_to_gerund+first_letter
investigate,i,gerund_first,present_to_gerund+first_letter
concentrate,c,gerund_first,present_to_gerund+first_letter
cooperate,c,gerund_first,present_to_gerund+first_letter
decorate,d,gerund_first,present_to_gerund+first_letter
operate,o,gerund_first,present_to_gerund+first_letter
separate,s,gerund_first,present_to_gerund+first_letter
participate,p,gerund_first,present_to_gerund+first_letter
navigate,n,gerund_first,present_to_gerund+first_letter
motivate,m,gerund_first,present_to_gerund+first_letter
activate,a,gerund_first,present_to_gerund+first_letter
illustrate,i,gerund_first,present_to_gerund+first_letter
calculate,c,gerund_first,present_to_gerund+first_letter
translate,t,gerund_first,present_to_gerund+first_letter
accelerate,a,gerund_first,present_to_gerund+first_letter
dominate,d,gerund_first,present_to_gerund+first_letter
eliminate,e,gerund_first,present_to_gerund+first_letter
fascinate,f,gerund_first,present_to_gerund+first_letter
generate,g,gerund_first,present_to_gerund+first_letter
imitate,i,gerund_first,present_to_gerund+first_letter
irritate,i,gerund_first,present_to_gerund+first_letter
meditate,m,gerund_first,present_to_gerund+first_letter
negotiate,n,gerund_first,present_to_gerund+first_letter
penetrate,p,gerund_first,present_to_gerund+first_letter
radiate,r,gerund_first,present_to_gerund+first_letter
rotate,r,gerund_first,present_to_gerund+first_letter
stimulate,s,gerund_first,present_to_gerund+first_letter
tolerate,t,gerund_first,present_to_gerund+first_letter
validate,v,gerund_first,present_to_gerund+first_letter
vibrate,v,gerund_first,present_to_gerund+first_letter
anticipate,a,gerund_first,present_to_gerund+first_letter
contemplate,c,gerund_first,present_to_gerund+first_letter
coordinate,c,gerund_first,present_to_gerund+first_letter
cultivate,c,gerund_first,present_to_gerund+first_letter
dedicate,d,gerund_first,present_to_gerund+first_letter
designate,d,gerund_first,present_to_gerund+first_letter
deviate,d,gerund_first,present_to_gerund+first_letter
escalate,e,gerund_first,present_to_gerund+first_letter
evaluate,e,gerund_first,present_to_gerund+first_letter
evaporate,e,gerund_first,present_to_gerund+first_letter
exaggerate,e,gerund_first,present_to_gerund+first_letter
hibernate,h,gerund_first,present_to_gerund+first_letter
incorporate,i,gerund_first,present_to_gerund+first_letter
innovate,i,gerund_first,present_to_gerund+first_letter
integrate,i,gerund_first,present_to_gerund+first_letter
initiate,i,gerund_first,present_to_gerund+first_letter
terminate,t,gerund_first,present_to_gerund+first_letter
child,CHILDREN,plural_upper,singular_to_plural+uppercase
mouse,MICE,plural_upper,singular_to_plural+uppercase
foot,FEET,plural_upper,singular_to_plural+uppercase
tooth,TEETH,plural_upper,singular_to_plural+uppercase
woman,WOMEN,plural_upper,singular_to_plural+uppercase
man,MEN,plural_upper,singular_to_plural+uppercase
person,PEOPLE,plural_upper,singular_to_plural+uppercase
bird,BIRDS,plural_upper,singular_to_plural+uppercase
sheep,SHEEP,plural_upper,singular_to_plural+uppercase
deer,DEER,plural_upper,singular_to_plural+uppercase
goose,GEESE,plural_upper,singular_to_plural+uppercase
ox,OXEN,plural_upper,singular_to_plural+uppercase
computer,COMPUTERS,plural_upper,singular_to_plural+uppercase
phone,PHONES,plural_upper,singular_to_plural+uppercase
pen,PENS,plural_upper,singular_to_plural+uppercase
pencil,PENCILS,plural_upper,singular_to_plural+uppercase
paper,PAPERS,plural_upper,singular_to_plural+uppercase
cup,CUPS,plural_upper,singular_to_plural+uppercase
glass,GLASSES,plural_upper,singular_to_plural+uppercase
plate,PLATES,plural_upper,singular_to_plural+uppercase
knife,KNIVES,plural_upper,singular_to_plural+uppercase
fork,FORKS,plural_upper,singular_to_plural+uppercase
spoon,SPOONS,plural_upper,singular_to_plural+uppercase
apple,APPLES,plural_upper,singular_to_plural+uppercase
orange,ORANGES,plural_upper,singular_to_plural+uppercase
banana,BANANAS,plural_upper,singular_to_plural+uppercase
potato,POTATOES,plural_upper,singular_to_plural+uppercase
tomato,TOMATOES,plural_upper,singular_to_plural+uppercase
box,BOXES,plural_upper,singular_to_plural+uppercase
brush,BRUSHES,plural_upper,singular_to_plural+uppercase
watch,WATCHES,plural_upper,singular_to_plural+uppercase
beach,BEACHES,plural_upper,singular_to_plural+uppercase
class,CLASSES,plural_upper,singular_to_plural+uppercase
bus,BUSES,plural_upper,singular_to_plural+uppercase
kiss,KISSES,plural_upper,singular_to_plural+uppercase
dish,DISHES,plural_upper,singular_to_plural+uppercase
fox,FOXES,plural_upper,singular_to_plural+uppercase
church,CHURCHES,plural_upper,singular_to_plural+uppercase
baby,BABIES,plural_upper,singular_to_plural+uppercase
lady,LADIES,plural_upper,singular_to_plural+uppercase
story,STORIES,plural_upper,singular_to_plural+uppercase
party,PARTIES,plural_upper,singular_to_plural+uppercase
library,LIBRARIES,plural_upper,singular_to_plural+uppercase
berry,BERRIES,plural_upper,singular_to_plural+uppercase
butterfly,BUTTERFLIES,plural_upper,singular_to_plural+uppercase
leaf,LEAVES,plural_upper,singular_to_plural+uppercase
wolf,WOLVES,plural_upper,singular_to_plural+uppercase
life,LIVES,plural_upper,singular_to_plural+uppercase
wife,WIVES,plural_upper,singular_to_plural+uppercase
half,HALVES,plural_upper,singular_to_plural+uppercase
loaf,LOAVES,plural_upper,singular_to_plural+uppercase
shelf,SHELVES,plural_upper,singular_to_plural+uppercase
thief,THIEVES,plural_upper,singular_to_plural+uppercase
scarf,SCARVES,plural_upper,singular_to_plural+uppercase
calf,CALVES,plural_upper,singular_to_plural+uppercase
hero,HEROES,plural_upper,singular_to_plural+uppercase
echo,ECHOES,plural_upper,singular_to_plural+uppercase
cargo,CARGOES,plural_upper,singular_to_plural+uppercase
mosquito,MOSQUITOES,plural_upper,singular_to_plural+uppercase
volcano,VOLCANOES,plural_upper,singular_to_plural+uppercase
piano,PIANOS,plural_upper,singular_to_plural+uppercase
photo,PHOTOS,plural_upper,singular_to_plural+uppercase
video,VIDEOS,plural_upper,singular_to_plural+uppercase
radio,RADIOS,plural_upper,singular_to_plural+uppercase
studio,STUDIOS,plural_upper,singular_to_plural+uppercase
tree,TREES,plural_upper,singular_to_plural+uppercase
key,KEYS,plural_upper,singular_to_plural+uppercase
boy,BOYS,plural_upper,singular_to_plural+uppercase
toy,TOYS,plural_upper,singular_to_plural+uppercase
day,DAYS,plural_upper,singular_to_plural+uppercase
way,WAYS,plural_upper,singular_to_plural+uppercase
eye,EYES,plural_upper,singular_to_plural+uppercase
guy,GUYS,plural_upper,singular_to_plural+uppercase
ray,RAYS,plural_upper,singular_to_plural+uppercase
bay,BAYS,plural_upper,singular_to_plural+uppercase
arm,ARMS,plural_upper,singular_to_plural+uppercase
leg,LEGS,plural_upper,singular_to_plural+uppercase
ear,EARS,plural_upper,singular_to_plural+uppercase
hand,HANDS,plural_upper,singular_to_plural+uppercase
finger,FINGERS,plural_upper,singular_to_plural+uppercase
toe,TOES,plural_upper,singular_to_plural+uppercase
nose,NOSES,plural_upper,singular_to_plural+uppercase
bone,BONES,plural_upper,singular_to_plural+uppercase
muscle,MUSCLES,plural_upper,singular_to_plural+uppercase
nerve,NERVES,plural_upper,singular_to_plural+uppercase
vein,VEINS,plural_upper,singular_to_plural+uppercase
artery,ARTERIES,plural_upper,singular_to_plural+uppercase
lung,LUNGS,plural_upper,singular_to_plural+uppercase
kidney,KIDNEYS,plural_upper,singular_to_plural+uppercase
liver,LIVERS,plural_upper,singular_to_plural+uppercase
brain,BRAINS,plural_upper,singular_to_plural+uppercase
heart,HEARTS,plural_upper,singular_to_plural+uppercase
stomach,STOMACHS,plural_upper,singular_to_plural+uppercase
teacher,TEACHERS,plural_upper,singular_to_plural+uppercase
student,STUDENTS,plural_upper,singular_to_plural+uppercase
doctor,DOCTORS,plural_upper,singular_to_plural+uppercase
nurse,NURSES,plural_upper,singular_to_plural+uppercase
farmer,FARMERS,plural_upper,singular_to_plural+uppercase
worker,WORKERS,plural_upper,singular_to_plural+uppercase
driver,DRIVERS,plural_upper,singular_to_plural+uppercase
pilot,PILOTS,plural_upper,singular_to_plural+uppercase
singer,SINGERS,plural_upper,singular_to_plural+uppercase
dancer,DANCERS,plural_upper,singular_to_plural+uppercase
writer,WRITERS,plural_upper,singular_to_plural+uppercase
painter,PAINTERS,plural_upper,singular_to_plural+uppercase
player,PLAYERS,plural_upper,singular_to_plural+uppercase
swimmer,SWIMMERS,plural_upper,singular_to_plural+uppercase
runner,RUNNERS,plural_upper,singular_to_plural+uppercase
builder,BUILDERS,plural_upper,singular_to_plural+uppercase
soldier,SOLDIERS,plural_upper,singular_to_plural+uppercase
sailor,SAILORS,plural_upper,singular_to_plural+uppercase
officer,OFFICERS,plural_upper,singular_to_plural+uppercase
lawyer,LAWYERS,plural_upper,singular_to_plural+uppercase
engineer,ENGINEERS,plural_upper,singular_to_plural+uppercase
scientist,SCIENTISTS,plural_upper,singular_to_plural+uppercase
musician,MUSICIANS,plural_upper,singular_to_plural+uppercase
artist,ARTISTS,plural_upper,singular_to_plural+uppercase
actor,ACTORS,plural_upper,singular_to_plural+uppercase
actress,ACTRESSES,plural_upper,singular_to_plural+uppercase
chef,CHEFS,plural_upper,singular_to_plural+uppercase
baker,BAKERS,plural_upper,singular_to_plural+uppercase
butcher,BUTCHERS,plural_upper,singular_to_plural+uppercase
tailor,TAILORS,plural_upper,singular_to_plural+uppercase
clerk,CLERKS,plural_upper,singular_to_plural+uppercase
manager,MANAGERS,plural_upper,singular_to_plural+uppercase
director,DIRECTORS,plural_upper,singular_to_plural+uppercase
president,PRESIDENTS,plural_upper,singular_to_plural+uppercase
king,KINGS,plural_upper,singular_to_plural+uppercase
queen,QUEENS,plural_upper,singular_to_plural+uppercase
prince,PRINCES,plural_upper,singular_to_plural+uppercase
princess,PRINCESSES,plural_upper,singular_to_plural+uppercase
emperor,EMPERORS,plural_upper,singular_to_plural+uppercase
empress,EMPRESSES,plural_upper,singular_to_plural+uppercase
duke,DUKES,plural_upper,singular_to_plural+uppercase
duchess,DUCHESSES,plural_upper,singular_to_plural+uppercase
lord,LORDS,plural_upper,singular_to_plural+uppercase
knight,KNIGHTS,plural_upper,singular_to_plural+uppercase
heroine,HEROINES,plural_upper,singular_to_plural+uppercase
villain,VILLAINS,plural_upper,singular_to_plural+uppercase
self,SELVES,plural_upper,singular_to_plural+uppercase
elf,ELVES,plural_upper,singular_to_plural+uppercase
wharf,WHARVES,plural_upper,singular_to_plural+uppercase
belief,BELIEFS,plural_upper,singular_to_plural+uppercase
chief,CHIEFS,plural_upper,singular_to_plural+uppercase
cliff,CLIFFS,plural_upper,singular_to_plural+uppercase
proof,PROOFS,plural_upper,singular_to_plural+uppercase
roof,ROOFS,plural_upper,singular_to_plural+uppercase
safe,SAFES,plural_upper,singular_to_plural+uppercase
grief,GRIEFS,plural_upper,singular_to_plural+uppercase
reef,REEFS,plural_upper,singular_to_plural+uppercase
gulf,GULFS,plural_upper,singular_to_plural+uppercase
dwarf,DWARVES,plural_upper,singular_to_plural+uppercase
hoof,HOOVES,plural_upper,singular_to_plural+uppercase
datum,DATA,plural_upper,singular_to_plural+uppercase
medium,MEDIA,plural_upper,singular_to_plural+uppercase
curriculum,CURRICULA,plural_upper,singular_to_plural+uppercase
phenomenon,PHENOMENA,plural_upper,singular_to_plural+uppercase
criterion,CRITERIA,plural_upper,singular_to_plural+uppercase
analysis,ANALYSES,plural_upper,singular_to_plural+uppercase
basis,BASES,plural_upper,singular_to_plural+uppercase
crisis,CRISES,plural_upper,singular_to_plural+uppercase
thesis,THESES,plural_upper,singular_to_plural+uppercase
oasis,OASES,plural_upper,singular_to_plural+uppercase
axis,AXES,plural_upper,singular_to_plural+uppercase
parenthesis,PARENTHESES,plural_upper,singular_to_plural+uppercase
CHILD,children,plural_lower,singular_to_plural+lowercase
MOUSE,mice,plural_lower,singular_to_plural+lowercase
FOOT,feet,plural_lower,singular_to_plural+lowercase
TOOTH,teeth,plural_lower,singular_to_plural+lowercase
WOMAN,women,plural_lower,singular_to_plural+lowercase
MAN,men,plural_lower,singular_to_plural+lowercase
PERSON,people,plural_lower,singular_to_plural+lowercase
BIRD,birds,plural_lower,singular_to_plural+lowercase
SHEEP,sheep,plural_lower,singular_to_plural+lowercase
DEER,deer,plural_lower,singular_to_plural+lowercase
GOOSE,geese,plural_lower,singular_to_plural+lowercase
OX,oxen,plural_lower,singular_to_plural+lowercase
COMPUTER,computers,plural_lower,singular_to_plural+lowercase
PHONE,phones,plural_lower,singular_to_plural+lowercase
PEN,pens,plural_lower,singular_to_plural+lowercase
PENCIL,pencils,plural_lower,singular_to_plural+lowercase
PAPER,papers,plural_lower,singular_to_plural+lowercase
CUP,cups,plural_lower,singular_to_plural+lowercase
GLASS,glasses,plural_lower,singular_to_plural+lowercase
PLATE,plates,plural_lower,singular_to_plural+lowercase
KNIFE,knives,plural_lower,singular_to_plural+lowercase
FORK,forks,plural_lower,singular_to_plural+lowercase
SPOON,spoons,plural_lower,singular_to_plural+lowercase
APPLE,apples,plural_lower,singular_to_plural+lowercase
ORANGE,oranges,plural_lower,singular_to_plural+lowercase
BANANA,bananas,plural_lower,singular_to_plural+lowercase
POTATO,potatoes,plural_lower,singular_to_plural+lowercase
TOMATO,tomatoes,plural_lower,singular_to_plural+lowercase
BOX,boxes,plural_lower,singular_to_plural+lowercase
BRUSH,brushes,plural_lower,singular_to_plural+lowercase
WATCH,watches,plural_lower,singular_to_plural+lowercase
BEACH,beaches,plural_lower,singular_to_plural+lowercase
CLASS,classes,plural_lower,singular_to_plural+lowercase
BUS,buses,plural_lower,singular_to_plural+lowercase
KISS,kisses,plural_lower,singular_to_plural+lowercase
DISH,dishes,plural_lower,singular_to_plural+lowercase
FOX,foxes,plural_lower,singular_to_plural+lowercase
CHURCH,churches,plural_lower,singular_to_plural+lowercase
BABY,babies,plural_lower,singular_to_plural+lowercase
LADY,ladies,plural_lower,singular_to_plural+lowercase
STORY,stories,plural_lower,singular_to_plural+lowercase
PARTY,parties,plural_lower,singular_to_plural+lowercase
LIBRARY,libraries,plural_lower,singular_to_plural+lowercase
BERRY,berries,plural_lower,singular_to_plural+lowercase
BUTTERFLY,butterflies,plural_lower,singular_to_plural+lowercase
LEAF,leaves,plural_lower,singular_to_plural+lowercase
WOLF,wolves,plural_lower,singular_to_plural+lowercase
LIFE,lives,plural_lower,singular_to_plural+lowercase
WIFE,wives,plural_lower,singular_to_plural+lowercase
HALF,halves,plural_lower,singular_to_plural+lowercase
LOAF,loaves,plural_lower,singular_to_plural+lowercase
SHELF,shelves,plural_lower,singular_to_plural+lowercase
THIEF,thieves,plural_lower,singular_to_plural+lowercase
SCARF,scarves,plural_lower,singular_to_plural+lowercase
CALF,calves,plural_lower,singular_to_plural+lowercase
HERO,heroes,plural_lower,singular_to_plural+lowercase
ECHO,echoes,plural_lower,singular_to_plural+lowercase
CARGO,cargoes,plural_lower,singular_to_plural+lowercase
MOSQUITO,mosquitoes,plural_lower,singular_to_plural+lowercase
VOLCANO,volcanoes,plural_lower,singular_to_plural+lowercase
PIANO,pianos,plural_lower,singular_to_plural+lowercase
PHOTO,photos,plural_lower,singular_to_plural+lowercase
VIDEO,videos,plural_lower,singular_to_plural+lowercase
RADIO,radios,plural_lower,singular_to_plural+lowercase
STUDIO,studios,plural_lower,singular_to_plural+lowercase
TREE,trees,plural_lower,singular_to_plural+lowercase
KEY,keys,plural_lower,singular_to_plural+lowercase
BOY,boys,plural_lower,singular_to_plural+lowercase
TOY,toys,plural_lower,singular_to_plural+lowercase
DAY,days,plural_lower,singular_to_plural+lowercase
WAY,ways,plural_lower,singular_to_plural+lowercase
EYE,eyes,plural_lower,singular_to_plural+lowercase
GUY,guys,plural_lower,singular_to_plural+lowercase
RAY,rays,plural_lower,singular_to_plural+lowercase
BAY,bays,plural_lower,singular_to_plural+lowercase
ARM,arms,plural_lower,singular_to_plural+lowercase
LEG,legs,plural_lower,singular_to_plural+lowercase
EAR,ears,plural_lower,singular_to_plural+lowercase
HAND,hands,plural_lower,singular_to_plural+lowercase
FINGER,fingers,plural_lower,singular_to_plural+lowercase
TOE,toes,plural_lower,singular_to_plural+lowercase
NOSE,noses,plural_lower,singular_to_plural+lowercase
BONE,bones,plural_lower,singular_to_plural+lowercase
MUSCLE,muscles,plural_lower,singular_to_plural+lowercase
NERVE,nerves,plural_lower,singular_to_plural+lowercase
VEIN,veins,plural_lower,singular_to_plural+lowercase
ARTERY,arteries,plural_lower,singular_to_plural+lowercase
LUNG,lungs,plural_lower,singular_to_plural+lowercase
KIDNEY,kidneys,plural_lower,singular_to_plural+lowercase
LIVER,livers,plural_lower,singular_to_plural+lowercase
BRAIN,brains,plural_lower,singular_to_plural+lowercase
HEART,hearts,plural_lower,singular_to_plural+lowercase
STOMACH,stomachs,plural_lower,singular_to_plural+lowercase
TEACHER,teachers,plural_lower,singular_to_plural+lowercase
STUDENT,students,plural_lower,singular_to_plural+lowercase
DOCTOR,doctors,plural_lower,singular_to_plural+lowercase
NURSE,nurses,plural_lower,singular_to_plural+lowercase
FARMER,farmers,plural_lower,singular_to_plural+lowercase
WORKER,workers,plural_lower,singular_to_plural+lowercase
DRIVER,drivers,plural_lower,singular_to_plural+lowercase
PILOT,pilots,plural_lower,singular_to_plural+lowercase
SINGER,singers,plural_lower,singular_to_plural+lowercase
DANCER,dancers,plural_lower,singular_to_plural+lowercase
WRITER,writers,plural_lower,singular_to_plural+lowercase
PAINTER,painters,plural_lower,singular_to_plural+lowercase
PLAYER,players,plural_lower,singular_to_plural+lowercase
SWIMMER,swimmers,plural_lower,singular_to_plural+lowercase
RUNNER,runners,plural_lower,singular_to_plural+lowercase
BUILDER,builders,plural_lower,singular_to_plural+lowercase
SOLDIER,soldiers,plural_lower,singular_to_plural+lowercase
SAILOR,sailors,plural_lower,singular_to_plural+lowercase
OFFICER,officers,plural_lower,singular_to_plural+lowercase
LAWYER,lawyers,plural_lower,singular_to_plural+lowercase
ENGINEER,engineers,plural_lower,singular_to_plural+lowercase
SCIENTIST,scientists,plural_lower,singular_to_plural+lowercase
MUSICIAN,musicians,plural_lower,singular_to_plural+lowercase
ARTIST,artists,plural_lower,singular_to_plural+lowercase
ACTOR,actors,plural_lower,singular_to_plural+lowercase
ACTRESS,actresses,plural_lower,singular_to_plural+lowercase
CHEF,chefs,plural_lower,singular_to_plural+lowercase
BAKER,bakers,plural_lower,singular_to_plural+lowercase
BUTCHER,butchers,plural_lower,singular_to_plural+lowercase
TAILOR,tailors,plural_lower,singular_to_plural+lowercase
CLERK,clerks,plural_lower,singular_to_plural+lowercase
MANAGER,managers,plural_lower,singular_to_plural+lowercase
DIRECTOR,directors,plural_lower,singular_to_plural+lowercase
PRESIDENT,presidents,plural_lower,singular_to_plural+lowercase
KING,kings,plural_lower,singular_to_plural+lowercase
QUEEN,queens,plural_lower,singular_to_plural+lowercase
PRINCE,princes,plural_lower,singular_to_plural+lowercase
PRINCESS,princesses,plural_lower,singular_to_plural+lowercase
EMPEROR,emperors,plural_lower,singular_to_plural+lowercase
EMPRESS,empresses,plural_lower,singular_to_plural+lowercase
DUKE,dukes,plural_lower,singular_to_plural+lowercase
DUCHESS,duchesses,plural_lower,singular_to_plural+lowercase
LORD,lords,plural_lower,singular_to_plural+lowercase
KNIGHT,knights,plural_lower,singular_to_plural+lowercase
HEROINE,heroines,plural_lower,singular_to_plural+lowercase
VILLAIN,villains,plural_lower,singular_to_plural+lowercase
SELF,selves,plural_lower,singular_to_plural+lowercase
ELF,elves,plural_lower,singular_to_plural+lowercase
WHARF,wharves,plural_lower,singular_to_plural+lowercase
BELIEF,beliefs,plural_lower,singular_to_plural+lowercase
CHIEF,chiefs,plural_lower,singular_to_plural+lowercase
CLIFF,cliffs,plural_lower,singular_to_plural+lowercase
PROOF,proofs,plural_lower,singular_to_plural+lowercase
ROOF,roofs,plural_lower,singular_to_plural+lowercase
SAFE,safes,plural_lower,singular_to_plural+lowercase
GRIEF,griefs,plural_lower,singular_to_plural+lowercase
REEF,reefs,plural_lower,singular_to_plural+lowercase
GULF,gulfs,plural_lower,singular_to_plural+lowercase
DWARF,dwarves,plural_lower,singular_to_plural+lowercase
HOOF,hooves,plural_lower,singular_to_plural+lowercase
DATUM,data,plural_lower,singular_to_plural+lowercase
MEDIUM,media,plural_lower,singular_to_plural+lowercase
CURRICULUM,curricula,plural_lower,singular_to_plural+lowercase
PHENOMENON,phenomena,plural_lower,singular_to_plural+lowercase
CRITERION,criteria,plural_lower,singular_to_plural+lowercase
ANALYSIS,analyses,plural_lower,singular_to_plural+lowercase
BASIS,bases,plural_lower,singular_to_plural+lowercase
CRISIS,crises,plural_lower,singular_to_plural+lowercase
THESIS,theses,plural_lower,singular_to_plural+lowercase
OASIS,oases,plural_lower,singular_to_plural+lowercase
AXIS,axes,plural_lower,singular_to_plural+lowercase
PARENTHESIS,parentheses,plural_lower,singular_to_plural+lowercase
child,nerdlihc,plural_reverse,singular_to_plural+reverse
mouse,ecim,plural_reverse,singular_to_plural+reverse
foot,teef,plural_reverse,singular_to_plural+reverse
tooth,hteet,plural_reverse,singular_to_plural+reverse
woman,nemow,plural_reverse,singular_to_plural+reverse
man,nem,plural_reverse,singular_to_plural+reverse
person,elpoep,plural_reverse,singular_to_plural+reverse
bird,sdrib,plural_reverse,singular_to_plural+reverse
sheep,peehs,plural_reverse,singular_to_plural+reverse
deer,reed,plural_reverse,singular_to_plural+reverse
goose,eseeg,plural_reverse,singular_to_plural+reverse
ox,nexo,plural_reverse,singular_to_plural+reverse
computer,sretupmoc,plural_reverse,singular_to_plural+reverse
phone,senohp,plural_reverse,singular_to_plural+reverse
pen,snep,plural_reverse,singular_to_plural+reverse
pencil,slicnep,plural_reverse,singular_to_plural+reverse
paper,srepap,plural_reverse,singular_to_plural+reverse
cup,spuc,plural_reverse,singular_to_plural+reverse
glass,sessalg,plural_reverse,singular_to_plural+reverse
plate,setalp,plural_reverse,singular_to_plural+reverse
knife,sevink,plural_reverse,singular_to_plural+reverse
fork,skrof,plural_reverse,singular_to_plural+reverse
spoon,snoops,plural_reverse,singular_to_plural+reverse
apple,selppa,plural_reverse,singular_to_plural+reverse
orange,segnaro,plural_reverse,singular_to_plural+reverse
banana,sananab,plural_reverse,singular_to_plural+reverse
potato,seotatop,plural_reverse,singular_to_plural+reverse
tomato,seotamot,plural_reverse,singular_to_plural+reverse
box,sexob,plural_reverse,singular_to_plural+reverse
brush,sehsurb,plural_reverse,singular_to_plural+reverse
watch,sehctaw,plural_reverse,singular_to_plural+reverse
beach,sehcaeb,plural_reverse,singular_to_plural+reverse
class,sessalc,plural_reverse,singular_to_plural+reverse
bus,sesub,plural_reverse,singular_to_plural+reverse
kiss,sessik,plural_reverse,singular_to_plural+reverse
dish,sehsid,plural_reverse,singular_to_plural+reverse
fox,sexof,plural_reverse,singular_to_plural+reverse
church,sehcruhc,plural_reverse,singular_to_plural+reverse
baby,seibab,plural_reverse,singular_to_plural+reverse
lady,seidal,plural_reverse,singular_to_plural+reverse
story,seirots,plural_reverse,singular_to_plural+reverse
party,seitrap,plural_reverse,singular_to_plural+reverse
library,seirarbil,plural_reverse,singular_to_plural+reverse
berry,seirreb,plural_reverse,singular_to_plural+reverse
butterfly,seilfrettub,plural_reverse,singular_to_plural+reverse
leaf,sevael,plural_reverse,singular_to_plural+reverse
wolf,sevlow,plural_reverse,singular_to_plural+reverse
life,sevil,plural_reverse,singular_to_plural+reverse
wife,seviw,plural_reverse,singular_to_plural+reverse
half,sevlah,plural_reverse,singular_to_plural+reverse
loaf,sevaol,plural_reverse,singular_to_plural+reverse
shelf,sevlehs,plural_reverse,singular_to_plural+reverse
thief,seveiht,plural_reverse,singular_to_plural+reverse
scarf,sevracs,plural_reverse,singular_to_plural+reverse
calf,sevlac,plural_reverse,singular_to_plural+reverse
hero,seoreh,plural_reverse,singular_to_plural+reverse
echo,seohce,plural_reverse,singular_to_plural+reverse
cargo,seograc,plural_reverse,singular_to_plural+reverse
mosquito,seotiuqsom,plural_reverse,singular_to_plural+reverse
volcano,seonaclov,plural_reverse,singular_to_plural+reverse
piano,sonaip,plural_reverse,singular_to_plural+reverse
photo,sotohp,plural_reverse,singular_to_plural+reverse
video,soediv,plural_reverse,singular_to_plural+reverse
radio,soidar,plural_reverse,singular_to_plural+reverse
studio,soiduts,plural_reverse,singular_to_plural+reverse
tree,seert,plural_reverse,singular_to_plural+reverse
key,syek,plural_reverse,singular_to_plural+reverse
boy,syob,plural_reverse,singular_to_plural+reverse
toy,syot,plural_reverse,singular_to_plural+reverse
day,syad,plural_reverse,singular_to_plural+reverse
way,syaw,plural_reverse,singular_to_plural+reverse
eye,seye,plural_reverse,singular_to_plural+reverse
guy,syug,plural_reverse,singular_to_plural+reverse
ray,syar,plural_reverse,singular_to_plural+reverse
bay,syab,plural_reverse,singular_to_plural+reverse
arm,smra,plural_reverse,singular_to_plural+reverse
leg,sgel,plural_reverse,singular_to_plural+reverse
ear,srae,plural_reverse,singular_to_plural+reverse
hand,sdnah,plural_reverse,singular_to_plural+reverse
finger,sregnif,plural_reverse,singular_to_plural+reverse
toe,seot,plural_reverse,singular_to_plural+reverse
nose,seson,plural_reverse,singular_to_plural+reverse
bone,senob,plural_reverse,singular_to_plural+reverse
muscle,selcsum,plural_reverse,singular_to_plural+reverse
nerve,sevren,plural_reverse,singular_to_plural+reverse
vein,sniev,plural_reverse,singular_to_plural+reverse
artery,seiretra,plural_reverse,singular_to_plural+reverse
lung,sgnul,plural_reverse,singular_to_plural+reverse
kidney,syendik,plural_reverse,singular_to_plural+reverse
liver,srevil,plural_reverse,singular_to_plural+reverse
brain,sniarb,plural_reverse,singular_to_plural+reverse
heart,straeh,plural_reverse,singular_to_plural+reverse
stomach,shcamots,plural_reverse,singular_to_plural+reverse
teacher,srehcaet,plural_reverse,singular_to_plural+reverse
student,stneduts,plural_reverse,singular_to_plural+reverse
doctor,srotcod,plural_reverse,singular_to_plural+reverse
nurse,sesrun,plural_reverse,singular_to_plural+reverse
farmer,sremraf,plural_reverse,singular_to_plural+reverse
worker,srekrow,plural_reverse,singular_to_plural+reverse
driver,srevird,plural_reverse,singular_to_plural+reverse
pilot,stolip,plural_reverse,singular_to_plural+reverse
singer,sregnis,plural_reverse,singular_to_plural+reverse
dancer,srecnad,plural_reverse,singular_to_plural+reverse
writer,sretirw,plural_reverse,singular_to_plural+reverse
painter,sretniap,plural_reverse,singular_to_plural+reverse
player,sreyalp,plural_reverse,singular_to_plural+reverse
swimmer,sremmiws,plural_reverse,singular_to_plural+reverse
runner,srennur,plural_reverse,singular_to_plural+reverse
builder,sredliub,plural_reverse,singular_to_plural+reverse
soldier,sreidlos,plural_reverse,singular_to_plural+reverse
sailor,srolias,plural_reverse,singular_to_plural+reverse
officer,sreciffo,plural_reverse,singular_to_plural+reverse
lawyer,sreywal,plural_reverse,singular_to_plural+reverse
engineer,sreenigne,plural_reverse,singular_to_plural+reverse
scientist,stsitneics,plural_reverse,singular_to_plural+reverse
musician,snaicisum,plural_reverse,singular_to_plural+reverse
artist,stsitra,plural_reverse,singular_to_plural+reverse
actor,srotca,plural_reverse,singular_to_plural+reverse
actress,sessertca,plural_reverse,singular_to_plural+reverse
chef,sfehc,plural_reverse,singular_to_plural+reverse
baker,srekab,plural_reverse,singular_to_plural+reverse
butcher,srehctub,plural_reverse,singular_to_plural+reverse
tailor,sroliat,plural_reverse,singular_to_plural+reverse
clerk,skrelc,plural_reverse,singular_to_plural+reverse
manager,sreganam,plural_reverse,singular_to_plural+reverse
director,srotcerid,plural_reverse,singular_to_plural+reverse
president,stnediserp,plural_reverse,singular_to_plural+reverse
king,sgnik,plural_reverse,singular_to_plural+reverse
queen,sneeuq,plural_reverse,singular_to_plural+reverse
prince,secnirp,plural_reverse,singular_to_plural+reverse
princess,sessecnirp,plural_reverse,singular_to_plural+reverse
emperor,srorepme,plural_reverse,singular_to_plural+reverse
empress,sesserpme,plural_reverse,singular_to_plural+reverse
duke,sekud,plural_reverse,singular_to_plural+reverse
duchess,sessehcud,plural_reverse,singular_to_plural+reverse
lord,sdrol,plural_reverse,singular_to_plural+reverse
knight,sthgink,plural_reverse,singular_to_plural+reverse
heroine,senioreh,plural_reverse,singular_to_plural+reverse
villain,snialliv,plural_reverse,singular_to_plural+reverse
self,sevles,plural_reverse,singular_to_plural+reverse
elf,sevle,plural_reverse,singular_to_plural+reverse
wharf,sevrahw,plural_reverse,singular_to_plural+reverse
belief,sfeileb,plural_reverse,singular_to_plural+reverse
chief,sfeihc,plural_reverse,singular_to_plural+reverse
cliff,sffilc,plural_reverse,singular_to_plural+reverse
proof,sfoorp,plural_reverse,singular_to_plural+reverse
roof,sfoor,plural_reverse,singular_to_plural+reverse
safe,sefas,plural_reverse,singular_to_plural+reverse
grief,sfeirg,plural_reverse,singular_to_plural+reverse
reef,sfeer,plural_reverse,singular_to_plural+reverse
gulf,sflug,plural_reverse,singular_to_plural+reverse
dwarf,sevrawd,plural_reverse,singular_to_plural+reverse
hoof,sevooh,plural_reverse,singular_to_plural+reverse
datum,atad,plural_reverse,singular_to_plural+reverse
medium,aidem,plural_reverse,singular_to_plural+reverse
curriculum,alucirruc,plural_reverse,singular_to_plural+reverse
phenomenon,anemonehp,plural_reverse,singular_to_plural+reverse
criterion,airetirc,plural_reverse,singular_to_plural+reverse
analysis,sesylana,plural_reverse,singular_to_plural+reverse
basis,sesab,plural_reverse,singular_to_plural+reverse
crisis,sesirc,plural_reverse,singular_to_plural+reverse
thesis,seseht,plural_reverse,singular_to_plural+reverse
oasis,sesao,plural_reverse,singular_to_plural+reverse
axis,sexa,plural_reverse,singular_to_plural+reverse
parenthesis,sesehtnerap,plural_reverse,singular_to_plural+reverse
child,c,plural_first,singular_to_plural+first_letter
mouse,m,plural_first,singular_to_plural+first_letter
foot,f,plural_first,singular_to_plural+first_letter
tooth,t,plural_first,singular_to_plural+first_letter
woman,w,plural_first,singular_to_plural+first_letter
man,m,plural_first,singular_to_plural+first_letter
person,p,plural_first,singular_to_plural+first_letter
bird,b,plural_first,singular_to_plural+first_letter
sheep,s,plural_first,singular_to_plural+first_letter
deer,d,plural_first,singular_to_plural+first_letter
goose,g,plural_first,singular_to_plural+first_letter
ox,o,plural_first,singular_to_plural+first_letter
computer,c,plural_first,singular_to_plural+first_letter
phone,p,plural_first,singular_to_plural+first_letter
pen,p,plural_first,singular_to_plural+first_letter
pencil,p,plural_first,singular_to_plural+first_letter
paper,p,plural_first,singular_to_plural+first_letter
cup,c,plural_first,singular_to_plural+first_letter
glass,g,plural_first,singular_to_plural+first_letter
plate,p,plural_first,singular_to_plural+first_letter
knife,k,plural_first,singular_to_plural+first_letter
fork,f,plural_first,singular_to_plural+first_letter
spoon,s,plural_first,singular_to_plural+first_letter
apple,a,plural_first,singular_to_plural+first_letter
orange,o,plural_first,singular_to_plural+first_letter
banana,b,plural_first,singular_to_plural+first_letter
potato,p,plural_first,singular_to_plural+first_letter
tomato,t,plural_first,singular_to_plural+first_letter
box,b,plural_first,singular_to_plural+first_letter
brush,b,plural_first,singular_to_plural+first_letter
watch,w,plural_first,singular_to_plural+first_letter
beach,b,plural_first,singular_to_plural+first_letter
class,c,plural_first,singular_to_plural+first_letter
bus,b,plural_first,singular_to_plural+first_letter
kiss,k,plural_first,singular_to_plural+first_letter
dish,d,plural_first,singular_to_plural+first_letter
fox,f,plural_first,singular_to_plural+first_letter
church,c,plural_first,singular_to_plural+first_letter
baby,b,plural_first,singular_to_plural+first_letter
lady,l,plural_first,singular_to_plural+first_letter
story,s,plural_first,singular_to_plural+first_letter
party,p,plural_first,singular_to_plural+first_letter
library,l,plural_first,singular_to_plural+first_letter
berry,b,plural_first,singular_to_plural+first_letter
butterfly,b,plural_first,singular_to_plural+first_letter
leaf,l,plural_first,singular_to_plural+first_letter
wolf,w,plural_first,singular_to_plural+first_letter
life,l,plural_first,singular_to_plural+first_letter
wife,w,plural_first,singular_to_plural+first_letter
half,h,plural_first,singular_to_plural+first_letter
loaf,l,plural_first,singular_to_plural+first_letter
shelf,s,plural_first,singular_to_plural+first_letter
thief,t,plural_first,singular_to_plural+first_letter
scarf,s,plural_first,singular_to_plural+first_letter
calf,c,plural_first,singular_to_plural+first_letter
hero,h,plural_first,singular_to_plural+first_letter
echo,e,plural_first,singular_to_plural+first_letter
cargo,c,plural_first,singular_to_plural+first_letter
mosquito,m,plural_first,singular_to_plural+first_letter
volcano,v,plural_first,singular_to_plural+first_letter
piano,p,plural_first,singular_to_plural+first_letter
photo,p,plural_first,singular_to_plural+first_letter
video,v,plural_first,singular_to_plural+first_letter
radio,r,plural_first,singular_to_plural+first_letter
studio,s,plural_first,singular_to_plural+first_letter
tree,t,plural_first,singular_to_plural+first_letter
key,k,plural_first,singular_to_plural+first_letter
boy,b,plural_first,singular_to_plural+first_letter
toy,t,plural_first,singular_to_plural+first_letter
day,d,plural_first,singular_to_plural+first_letter
way,w,plural_first,singular_to_plural+first_letter
eye,e,plural_first,singular_to_plural+first_letter
guy,g,plural_first,singular_to_plural+first_letter
ray,r,plural_first,singular_to_plural+first_letter
bay,b,plural_first,singular_to_plural+first_letter
arm,a,plural_first,singular_to_plural+first_letter
leg,l,plural_first,singular_to_plural+first_letter
ear,e,plural_first,singular_to_plural+first_letter
hand,h,plural_first,singular_to_plural+first_letter
finger,f,plural_first,singular_to_plural+first_letter
toe,t,plural_first,singular_to_plural+first_letter
nose,n,plural_first,singular_to_plural+first_letter
bone,b,plural_first,singular_to_plural+first_letter
muscle,m,plural_first,singular_to_plural+first_letter
nerve,n,plural_first,singular_to_plural+first_letter
vein,v,plural_first,singular_to_plural+first_letter
artery,a,plural_first,singular_to_plural+first_letter
lung,l,plural_first,singular_to_plural+first_letter
kidney,k,plural_first,singular_to_plural+first_letter
liver,l,plural_first,singular_to_plural+first_letter
brain,b,plural_first,singular_to_plural+first_letter
heart,h,plural_first,singular_to_plural+first_letter
stomach,s,plural_first,singular_to_plural+first_letter
teacher,t,plural_first,singular_to_plural+first_letter
student,s,plural_first,singular_to_plural+first_letter
doctor,d,plural_first,singular_to_plural+first_letter
nurse,n,plural_first,singular_to_plural+first_letter
farmer,f,plural_first,singular_to_plural+first_letter
worker,w,plural_first,singular_to_plural+first_letter
driver,d,plural_first,singular_to_plural+first_letter
pilot,p,plural_first,singular_to_plural+first_letter
singer,s,plural_first,singular_to_plural+first_letter
dancer,d,plural_first,singular_to_plural+first_letter
writer,w,plural_first,singular_to_plural+first_letter
painter,p,plural_first,singular_to_plural+first_letter
player,p,plural_first,singular_to_plural+first_letter
swimmer,s,plural_first,singular_to_plural+first_letter
runner,r,plural_first,singular_to_plural+first_letter
builder,b,plural_first,singular_to_plural+first_letter
soldier,s,plural_first,singular_to_plural+first_letter
sailor,s,plural_first,singular_to_plural+first_letter
officer,o,plural_first,singular_to_plural+first_letter
lawyer,l,plural_first,singular_to_plural+first_letter
engineer,e,plural_first,singular_to_plural+first_letter
scientist,s,plural_first,singular_to_plural+first_letter
musician,m,plural_first,singular_to_plural+first_letter
artist,a,plural_first,singular_to_plural+first_letter
actor,a,plural_first,singular_to_plural+first_letter
actress,a,plural_first,singular_to_plural+first_letter
chef,c,plural_first,singular_to_plural+first_letter
baker,b,plural_first,singular_to_plural+first_letter
butcher,b,plural_first,singular_to_plural+first_letter
tailor,t,plural_first,singular_to_plural+first_letter
clerk,c,plural_first,singular_to_plural+first_letter
manager,m,plural_first,singular_to_plural+first_letter
director,d,plural_first,singular_to_plural+first_letter
president,p,plural_first,singular_to_plural+first_letter
king,k,plural_first,singular_to_plural+first_letter
queen,q,plural_first,singular_to_plural+first_letter
prince,p,plural_first,singular_to_plural+first_letter
princess,p,plural_first,singular_to_plural+first_letter
emperor,e,plural_first,singular_to_plural+first_letter
empress,e,plural_first,singular_to_plural+first_letter
duke,d,plural_first,singular_to_plural+first_letter
duchess,d,plural_first,singular_to_plural+first_letter
lord,l,plural_first,singular_to_plural+first_letter
knight,k,plural_first,singular_to_plural+first_letter
heroine,h,plural_first,singular_to_plural+first_letter
villain,v,plural_first,singular_to_plural+first_letter
self,s,plural_first,singular_to_plural+first_letter
elf,e,plural_first,singular_to_plural+first_letter
wharf,w,plural_first,singular_to_plural+first_letter
belief,b,plural_first,singular_to_plural+first_letter
chief,c,plural_first,singular_to_plural+first_letter
cliff,c,plural_first,singular_to_plural+first_letter
proof,p,plural_first,singular_to_plural+first_letter
roof,r,plural_first,singular_to_plural+first_letter
safe,s,plural_first,singular_to_plural+first_letter
grief,g,plural_first,singular_to_plural+first_letter
reef,r,plural_first,singular_to_plural+first_letter
gulf,g,plural_first,singular_to_plural+first_letter
dwarf,d,plural_first,singular_to_plural+first_letter
hoof,h,plural_first,singular_to_plural+first_letter
datum,d,plural_first,singular_to_plural+first_letter
medium,m,plural_first,singular_to_plural+first_letter
curriculum,c,plural_first,singular_to_plural+first_letter
phenomenon,p,plural_first,singular_to_plural+first_letter
criterion,c,plural_first,singular_to_plural+first_letter
analysis,a,plural_first,singular_to_plural+first_letter
basis,b,plural_first,singular_to_plural+first_letter
crisis,c,plural_first,singular_to_plural+first_letter
thesis,t,plural_first,singular_to_plural+first_letter
oasis,o,plural_first,singular_to_plural+first_letter
axis,a,plural_first,singular_to_plural+first_letter
parenthesis,p,plural_first,singular_to_plural+first_letter
run,GNINNUR,gerund_upper_reverse,present_to_gerund+uppercase+reverse
swim,GNIMMIWS,gerund_upper_reverse,present_to_gerund+uppercase+reverse
walk,GNIKLAW,gerund_upper_reverse,present_to_gerund+uppercase+reverse
jump,GNIPMUJ,gerund_upper_reverse,present_to_gerund+uppercase+reverse
dance,GNICNAD,gerund_upper_reverse,present_to_gerund+uppercase+reverse
sing,GNIGNIS,gerund_upper_reverse,present_to_gerund+uppercase+reverse
read,GNIDAER,gerund_upper_reverse,present_to_gerund+uppercase+reverse
write,GNITIRW,gerund_upper_reverse,present_to_gerund+uppercase+reverse
sleep,GNIPEELS,gerund_upper_reverse,present_to_gerund+uppercase+reverse
eat,GNITAE,gerund_upper_reverse,present_to_gerund+uppercase+reverse
drink,GNIKNIRD,gerund_upper_reverse,present_to_gerund+uppercase+reverse
talk,GNIKLAT,gerund_upper_reverse,present_to_gerund+uppercase+reverse
listen,GNINETSIL,gerund_upper_reverse,present_to_gerund+uppercase+reverse
think,GNIKNIHT,gerund_upper_reverse,present_to_gerund+uppercase+reverse
work,GNIKROW,gerund_upper_reverse,present_to_gerund+uppercase+reverse
play,GNIYALP,gerund_upper_reverse,present_to_gerund+uppercase+reverse
study,GNIYDUTS,gerund_upper_reverse,present_to_gerund+uppercase+reverse
learn,GNINRAEL,gerund_upper_reverse,present_to_gerund+uppercase+reverse
teach,GNIHCAET,gerund_upper_reverse,present_to_gerund+uppercase+reverse
build,GNIDLIUB,gerund_upper_reverse,present_to_gerund+uppercase+reverse
create,GNITAERC,gerund_upper_reverse,present_to_gerund+uppercase+reverse
paint,GNITNIAP,gerund_upper_reverse,present_to_gerund+uppercase+reverse
draw,GNIWARD,gerund_upper_reverse,present_to_gerund+uppercase+reverse
cook,GNIKOOC,gerund_upper_reverse,present_to_gerund+uppercase+reverse
bake,GNIKAB,gerund_upper_reverse,present_to_gerund+uppercase+reverse
clean,GNINAELC,gerund_upper_reverse,present_to_gerund+uppercase+reverse
wash,GNIHSAW,gerund_upper_reverse,present_to_gerund+uppercase+reverse
drive,GNIVIRD,gerund_upper_reverse,present_to_gerund+uppercase+reverse
fly,GNIYLF,gerund_upper_reverse,present_to_gerund+uppercase+reverse
sail,GNILIAS,gerund_upper_reverse,present_to_gerund+uppercase+reverse
climb,GNIBMILC,gerund_upper_reverse,present_to_gerund+uppercase+reverse
hike,GNIKIH,gerund_upper_reverse,present_to_gerund+uppercase+reverse
bike,GNIKIB,gerund_upper_reverse,present_to_gerund+uppercase+reverse
ski,GNIIKS,gerund_upper_reverse,present_to_gerund+uppercase+reverse
skate,GNITAKS,gerund_upper_reverse,present_to_gerund+uppercase+reverse
fish,GNIHSIF,gerund_upper_reverse,present_to_gerund+uppercase+reverse
hunt,GNITNUH,gerund_upper_reverse,present_to_gerund+uppercase+reverse
camp,GNIPMAC,gerund_upper_reverse,present_to_gerund+uppercase+reverse
travel,GNILEVART,gerund_upper_reverse,present_to_gerund+uppercase+reverse
explore,GNIROLPXE,gerund_upper_reverse,present_to_gerund+uppercase+reverse
laugh,GNIHGUAL,gerund_upper_reverse,present_to_gerund+uppercase+reverse
smile,GNILIMS,gerund_upper_reverse,present_to_gerund+uppercase+reverse
cry,GNIYRC,gerund_upper_reverse,present_to_gerund+uppercase+reverse
shout,GNITUOHS,gerund_upper_reverse,present_to_gerund+uppercase+reverse
whisper,GNIREPSIHW,gerund_upper_reverse,present_to_gerund+uppercase+reverse
love,GNIVOL,gerund_upper_reverse,present_to_gerund+uppercase+reverse
hate,GNITAH,gerund_upper_reverse,present_to_gerund+uppercase+reverse
help,GNIPLEH,gerund_upper_reverse,present_to_gerund+uppercase+reverse
share,GNIRAHS,gerund_upper_reverse,present_to_gerund+uppercase+reverse
care,GNIRAC,gerund_upper_reverse,present_to_gerund+uppercase+reverse
meet,GNITEEM,gerund_upper_reverse,present_to_gerund+uppercase+reverse
see,GNIEES,gerund_upper_reverse,present_to_gerund+uppercase+reverse
hear,GNIRAEH,gerund_upper_reverse,present_to_gerund+uppercase+reverse
feel,GNILEEF,gerund_upper_reverse,present_to_gerund+uppercase+reverse
smell,GNILLEMS,gerund_upper_reverse,present_to_gerund+uppercase+reverse
taste,GNITSAT,gerund_upper_reverse,present_to_gerund+uppercase+reverse
touch,GNIHCUOT,gerund_upper_reverse,present_to_gerund+uppercase+reverse
hold,GNIDLOH,gerund_upper_reverse,present_to_gerund+uppercase+reverse
carry,GNIYRRAC,gerund_upper_reverse,present_to_gerund+uppercase+reverse
throw,GNIWORHT,gerund_upper_reverse,present_to_gerund+uppercase+reverse
catch,GNIHCTAC,gerund_upper_reverse,present_to_gerund+uppercase+reverse
push,GNIHSUP,gerund_upper_reverse,present_to_gerund+uppercase+reverse
pull,GNILLUP,gerund_upper_reverse,present_to_gerund+uppercase+reverse
open,GNINEPO,gerund_upper_reverse,present_to_gerund+uppercase+reverse
close,GNISOLC,gerund_upper_reverse,present_to_gerund+uppercase+reverse
start,GNITRATS,gerund_upper_reverse,present_to_gerund+uppercase+reverse
stop,GNIPPOTS,gerund_upper_reverse,present_to_gerund+uppercase+reverse
begin,GNINNIGEB,gerund_upper_reverse,present_to_gerund+uppercase+reverse
end,GNIDNE,gerund_upper_reverse,present_to_gerund+uppercase+reverse
finish,GNIHSINIF,gerund_upper_reverse,present_to_gerund+uppercase+reverse
stand,GNIDNATS,gerund_upper_reverse,present_to_gerund+uppercase+reverse
sit,GNITTIS,gerund_upper_reverse,present_to_gerund+uppercase+reverse
lie,GNIYL,gerund_upper_reverse,present_to_gerund+uppercase+reverse
kneel,GNILEENK,gerund_upper_reverse,present_to_gerund+uppercase+reverse
bend,GNIDNEB,gerund_upper_reverse,present_to_gerund+uppercase+reverse
stretch,GNIHCTERTS,gerund_upper_reverse,present_to_gerund+uppercase+reverse
relax,GNIXALER,gerund_upper_reverse,present_to_gerund+uppercase+reverse
rest,GNITSER,gerund_upper_reverse,present_to_gerund+uppercase+reverse
wait,GNITIAW,gerund_upper_reverse,present_to_gerund+uppercase+reverse
move,GNIVOM,gerund_upper_reverse,present_to_gerund+uppercase+reverse
live,GNIVIL,gerund_upper_reverse,present_to_gerund+uppercase+reverse
give,GNIVIG,gerund_upper_reverse,present_to_gerund+uppercase+reverse
take,GNIKAT,gerund_upper_reverse,present_to_gerund+uppercase+reverse
make,GNIKAM,gerund_upper_reverse,present_to_gerund+uppercase+reverse
come,GNIMOC,gerund_upper_reverse,present_to_gerund+uppercase+reverse
leave,GNIVAEL,gerund_upper_reverse,present_to_gerund+uppercase+reverse
arrive,GNIVIRRA,gerund_upper_reverse,present_to_gerund+uppercase+reverse
believe,GNIVEILEB,gerund_upper_reverse,present_to_gerund+uppercase+reverse
achieve,GNIVEIHCA,gerund_upper_reverse,present_to_gerund+uppercase+reverse
receive,GNIVIECER,gerund_upper_reverse,present_to_gerund+uppercase+reverse
decide,GNIDICED,gerund_upper_reverse,present_to_gerund+uppercase+reverse
hope,GNIPOH,gerund_upper_reverse,present_to_gerund+uppercase+reverse
change,GNIGNAHC,gerund_upper_reverse,present_to_gerund+uppercase+reverse
manage,GNIGANAM,gerund_upper_reverse,present_to_gerund+uppercase+reverse
improve,GNIVORPMI,gerund_upper_reverse,present_to_gerund+uppercase+reverse
practice,GNICITCARP,gerund_upper_reverse,present_to_gerund+uppercase+reverse
notice,GNICITON,gerund_upper_reverse,present_to_gerund+uppercase+reverse
realize,GNIZILAER,gerund_upper_reverse,present_to_gerund+uppercase+reverse
organize,GNIZINAGRO,gerund_upper_reverse,present_to_gerund+uppercase+reverse
recognize,GNIZINGOCER,gerund_upper_reverse,present_to_gerund+uppercase+reverse
apologize,GNIZIGOLOPA,gerund_upper_reverse,present_to_gerund+uppercase+reverse
criticize,GNIZICITIRC,gerund_upper_reverse,present_to_gerund+uppercase+reverse
advertise,GNISITREVDA,gerund_upper_reverse,present_to_gerund+uppercase+reverse
exercise,GNISICREXE,gerund_upper_reverse,present_to_gerund+uppercase+reverse
surprise,GNISIRPRUS,gerund_upper_reverse,present_to_gerund+uppercase+reverse
promise,GNISIMORP,gerund_upper_reverse,present_to_gerund+uppercase+reverse
imagine,GNINIGAMI,gerund_upper_reverse,present_to_gerund+uppercase+reverse
examine,GNINIMAXE,gerund_upper_reverse,present_to_gerund+uppercase+reverse
determine,GNINIMRETED,gerund_upper_reverse,present_to_gerund+uppercase+reverse
continue,GNIUNITNOC,gerund_upper_reverse,present_to_gerund+uppercase+reverse
argue,GNIUGRA,gerund_upper_reverse,present_to_gerund+uppercase+reverse
issue,GNIUSSI,gerund_upper_reverse,present_to_gerund+uppercase+reverse
rescue,GNIUCSER,gerund_upper_reverse,present_to_gerund+uppercase+reverse
pursue,GNIUSRUP,gerund_upper_reverse,present_to_gerund+uppercase+reverse
value,GNIULAV,gerund_upper_reverse,present_to_gerund+uppercase+reverse
invite,GNITIVNI,gerund_upper_reverse,present_to_gerund+uppercase+reverse
excite,GNITICXE,gerund_upper_reverse,present_to_gerund+uppercase+reverse
unite,GNITINU,gerund_upper_reverse,present_to_gerund+uppercase+reverse
compete,GNITEPMOC,gerund_upper_reverse,present_to_gerund+uppercase+reverse
complete,GNITELPMOC,gerund_upper_reverse,present_to_gerund+uppercase+reverse
delete,GNITELED,gerund_upper_reverse,present_to_gerund+uppercase+reverse
greet,GNITEERG,gerund_upper_reverse,present_to_gerund+uppercase+reverse
repeat,GNITAEPER,gerund_upper_reverse,present_to_gerund+uppercase+reverse
defeat,GNITAEFED,gerund_upper_reverse,present_to_gerund+uppercase+reverse
treat,GNITAERT,gerund_upper_reverse,present_to_gerund+uppercase+reverse
relate,GNITALER,gerund_upper_reverse,present_to_gerund+uppercase+reverse
celebrate,GNITARBELEC,gerund_upper_reverse,present_to_gerund+uppercase+reverse
demonstrate,GNITARTSNOMED,gerund_upper_reverse,present_to_gerund+uppercase+reverse
hesitate,GNITATISEH,gerund_upper_reverse,present_to_gerund+uppercase+reverse
appreciate,GNITAICERPPA,gerund_upper_reverse,present_to_gerund+uppercase+reverse
communicate,GNITACINUMMOC,gerund_upper_reverse,present_to_gerund+uppercase+reverse
educate,GNITACUDE,gerund_upper_reverse,present_to_gerund+uppercase+reverse
investigate,GNITAGITSEVNI,gerund_upper_reverse,present_to_gerund+uppercase+reverse
concentrate,GNITARTNECNOC,gerund_upper_reverse,present_to_gerund+uppercase+reverse
cooperate,GNITAREPOOC,gerund_upper_reverse,present_to_gerund+uppercase+reverse
decorate,GNITAROCED,gerund_upper_reverse,present_to_gerund+uppercase+reverse
operate,GNITAREPO,gerund_upper_reverse,present_to_gerund+uppercase+reverse
separate,GNITARAPES,gerund_upper_reverse,present_to_gerund+uppercase+reverse
participate,GNITAPICITRAP,gerund_upper_reverse,present_to_gerund+uppercase+reverse
navigate,GNITAGIVAN,gerund_upper_reverse,present_to_gerund+uppercase+reverse
motivate,GNITAVITOM,gerund_upper_reverse,present_to_gerund+uppercase+reverse
activate,GNITAVITCA,gerund_upper_reverse,present_to_gerund+uppercase+reverse
illustrate,GNITARTSULLI,gerund_upper_reverse,present_to_gerund+uppercase+reverse
calculate,GNITALUCLAC,gerund_upper_reverse,present_to_gerund+uppercase+reverse
translate,GNITALSNART,gerund_upper_reverse,present_to_gerund+uppercase+reverse
accelerate,GNITARELECCA,gerund_upper_reverse,present_to_gerund+uppercase+reverse
dominate,GNITANIMOD,gerund_upper_reverse,present_to_gerund+uppercase+reverse
eliminate,GNITANIMILE,gerund_upper_reverse,present_to_gerund+uppercase+reverse
fascinate,GNITANICSAF,gerund_upper_reverse,present_to_gerund+uppercase+reverse
generate,GNITARENEG,gerund_upper_reverse,present_to_gerund+uppercase+reverse
imitate,GNITATIMI,gerund_upper_reverse,present_to_gerund+uppercase+reverse
irritate,GNITATIRRI,gerund_upper_reverse,present_to_gerund+uppercase+reverse
meditate,GNITATIDEM,gerund_upper_reverse,present_to_gerund+uppercase+reverse
negotiate,GNITAITOGEN,gerund_upper_reverse,present_to_gerund+uppercase+reverse
penetrate,GNITARTENEP,gerund_upper_reverse,present_to_gerund+uppercase+reverse
radiate,GNITAIDAR,gerund_upper_reverse,present_to_gerund+uppercase+reverse
rotate,GNITATOR,gerund_upper_reverse,present_to_gerund+uppercase+reverse
stimulate,GNITALUMITS,gerund_upper_reverse,present_to_gerund+uppercase+reverse
tolerate,GNITARELOT,gerund_upper_reverse,present_to_gerund+uppercase+reverse
validate,GNITADILAV,gerund_upper_reverse,present_to_gerund+uppercase+reverse
vibrate,GNITARBIV,gerund_upper_reverse,present_to_gerund+uppercase+reverse
anticipate,GNITAPICITNA,gerund_upper_reverse,present_to_gerund+uppercase+reverse
contemplate,GNITALPMETNOC,gerund_upper_reverse,present_to_gerund+uppercase+reverse
coordinate,GNITANIDROOC,gerund_upper_reverse,present_to_gerund+uppercase+reverse
cultivate,GNITAVITLUC,gerund_upper_reverse,present_to_gerund+uppercase+reverse
dedicate,GNITACIDED,gerund_upper_reverse,present_to_gerund+uppercase+reverse
designate,GNITANGISED,gerund_upper_reverse,present_to_gerund+uppercase+reverse
deviate,GNITAIVED,gerund_upper_reverse,present_to_gerund+uppercase+reverse
escalate,GNITALACSE,gerund_upper_reverse,present_to_gerund+uppercase+reverse
evaluate,GNITAULAVE,gerund_upper_reverse,present_to_gerund+uppercase+reverse
evaporate,GNITAROPAVE,gerund_upper_reverse,present_to_gerund+uppercase+reverse
exaggerate,GNITAREGGAXE,gerund_upper_reverse,present_to_gerund+uppercase+reverse
hibernate,GNITANREBIH,gerund_upper_reverse,present_to_gerund+uppercase+reverse
incorporate,GNITAROPROCNI,gerund_upper_reverse,present_to_gerund+uppercase+reverse
innovate,GNITAVONNI,gerund_upper_reverse,present_to_gerund+uppercase+reverse
integrate,GNITARGETNI,gerund_upper_reverse,present_to_gerund+uppercase+reverse
initiate,GNITAITINI,gerund_upper_reverse,present_to_gerund+uppercase+reverse
terminate,GNITANIMRET,gerund_upper_reverse,present_to_gerund+uppercase+reverse
child,NERDLIHC,plural_upper_reverse,singular_to_plural+uppercase+reverse
mouse,ECIM,plural_upper_reverse,singular_to_plural+uppercase+reverse
foot,TEEF,plural_upper_reverse,singular_to_plural+uppercase+reverse
tooth,HTEET,plural_upper_reverse,singular_to_plural+uppercase+reverse
woman,NEMOW,plural_upper_reverse,singular_to_plural+uppercase+reverse
man,NEM,plural_upper_reverse,singular_to_plural+uppercase+reverse
person,ELPOEP,plural_upper_reverse,singular_to_plural+uppercase+reverse
bird,SDRIB,plural_upper_reverse,singular_to_plural+uppercase+reverse
sheep,PEEHS,plural_upper_reverse,singular_to_plural+uppercase+reverse
deer,REED,plural_upper_reverse,singular_to_plural+uppercase+reverse
goose,ESEEG,plural_upper_reverse,singular_to_plural+uppercase+reverse
ox,NEXO,plural_upper_reverse,singular_to_plural+uppercase+reverse
computer,SRETUPMOC,plural_upper_reverse,singular_to_plural+uppercase+reverse
phone,SENOHP,plural_upper_reverse,singular_to_plural+uppercase+reverse
pen,SNEP,plural_upper_reverse,singular_to_plural+uppercase+reverse
pencil,SLICNEP,plural_upper_reverse,singular_to_plural+uppercase+reverse
paper,SREPAP,plural_upper_reverse,singular_to_plural+uppercase+reverse
cup,SPUC,plural_upper_reverse,singular_to_plural+uppercase+reverse
glass,SESSALG,plural_upper_reverse,singular_to_plural+uppercase+reverse
plate,SETALP,plural_upper_reverse,singular_to_plural+uppercase+reverse
knife,SEVINK,plural_upper_reverse,singular_to_plural+uppercase+reverse
fork,SKROF,plural_upper_reverse,singular_to_plural+uppercase+reverse
spoon,SNOOPS,plural_upper_reverse,singular_to_plural+uppercase+reverse
apple,SELPPA,plural_upper_reverse,singular_to_plural+uppercase+reverse
orange,SEGNARO,plural_upper_reverse,singular_to_plural+uppercase+reverse
banana,SANANAB,plural_upper_reverse,singular_to_plural+uppercase+reverse
potato,SEOTATOP,plural_upper_reverse,singular_to_plural+uppercase+reverse
tomato,SEOTAMOT,plural_upper_reverse,singular_to_plural+uppercase+reverse
box,SEXOB,plural_upper_reverse,singular_to_plural+uppercase+reverse
brush,SEHSURB,plural_upper_reverse,singular_to_plural+uppercase+reverse
watch,SEHCTAW,plural_upper_reverse,singular_to_plural+uppercase+reverse
beach,SEHCAEB,plural_upper_reverse,singular_to_plural+uppercase+reverse
class,SESSALC,plural_upper_reverse,singular_to_plural+uppercase+reverse
bus,SESUB,plural_upper_reverse,singular_to_plural+uppercase+reverse
kiss,SESSIK,plural_upper_reverse,singular_to_plural+uppercase+reverse
dish,SEHSID,plural_upper_reverse,singular_to_plural+uppercase+reverse
fox,SEXOF,plural_upper_reverse,singular_to_plural+uppercase+reverse
church,SEHCRUHC,plural_upper_reverse,singular_to_plural+uppercase+reverse
baby,SEIBAB,plural_upper_reverse,singular_to_plural+uppercase+reverse
lady,SEIDAL,plural_upper_reverse,singular_to_plural+uppercase+reverse
story,SEIROTS,plural_upper_reverse,singular_to_plural+uppercase+reverse
party,SEITRAP,plural_upper_reverse,singular_to_plural+uppercase+reverse
library,SEIRARBIL,plural_upper_reverse,singular_to_plural+uppercase+reverse
berry,SEIRREB,plural_upper_reverse,singular_to_plural+uppercase+reverse
butterfly,SEILFRETTUB,plural_upper_reverse,singular_to_plural+uppercase+reverse
leaf,SEVAEL,plural_upper_reverse,singular_to_plural+uppercase+reverse
wolf,SEVLOW,plural_upper_reverse,singular_to_plural+uppercase+reverse
life,SEVIL,plural_upper_reverse,singular_to_plural+uppercase+reverse
wife,SEVIW,plural_upper_reverse,singular_to_plural+uppercase+reverse
half,SEVLAH,plural_upper_reverse,singular_to_plural+uppercase+reverse
loaf,SEVAOL,plural_upper_reverse,singular_to_plural+uppercase+reverse
shelf,SEVLEHS,plural_upper_reverse,singular_to_plural+uppercase+reverse
thief,SEVEIHT,plural_upper_reverse,singular_to_plural+uppercase+reverse
scarf,SEVRACS,plural_upper_reverse,singular_to_plural+uppercase+reverse
calf,SEVLAC,plural_upper_reverse,singular_to_plural+uppercase+reverse
hero,SEOREH,plural_upper_reverse,singular_to_plural+uppercase+reverse
echo,SEOHCE,plural_upper_reverse,singular_to_plural+uppercase+reverse
cargo,SEOGRAC,plural_upper_reverse,singular_to_plural+uppercase+reverse
mosquito,SEOTIUQSOM,plural_upper_reverse,singular_to_plural+uppercase+reverse
volcano,SEONACLOV,plural_upper_reverse,singular_to_plural+uppercase+reverse
piano,SONAIP,plural_upper_reverse,singular_to_plural+uppercase+reverse
photo,SOTOHP,plural_upper_reverse,singular_to_plural+uppercase+reverse
video,SOEDIV,plural_upper_reverse,singular_to_plural+uppercase+reverse
radio,SOIDAR,plural_upper_reverse,singular_to_plural+uppercase+reverse
studio,SOIDUTS,plural_upper_reverse,singular_to_plural+uppercase+reverse
tree,SEERT,plural_upper_reverse,singular_to_plural+uppercase+reverse
key,SYEK,plural_upper_reverse,singular_to_plural+uppercase+reverse
boy,SYOB,plural_upper_reverse,singular_to_plural+uppercase+reverse
toy,SYOT,plural_upper_reverse,singular_to_plural+uppercase+reverse
day,SYAD,plural_upper_reverse,singular_to_plural+uppercase+reverse
way,SYAW,plural_upper_reverse,singular_to_plural+uppercase+reverse
eye,SEYE,plural_upper_reverse,singular_to_plural+uppercase+reverse
guy,SYUG,plural_upper_reverse,singular_to_plural+uppercase+reverse
ray,SYAR,plural_upper_reverse,singular_to_plural+uppercase+reverse
bay,SYAB,plural_upper_reverse,singular_to_plural+uppercase+reverse
arm,SMRA,plural_upper_reverse,singular_to_plural+uppercase+reverse
leg,SGEL,plural_upper_reverse,singular_to_plural+uppercase+reverse
ear,SRAE,plural_upper_reverse,singular_to_plural+uppercase+reverse
hand,SDNAH,plural_upper_reverse,singular_to_plural+uppercase+reverse
finger,SREGNIF,plural_upper_reverse,singular_to_plural+uppercase+reverse
toe,SEOT,plural_upper_reverse,singular_to_plural+uppercase+reverse
nose,SESON,plural_upper_reverse,singular_to_plural+uppercase+reverse
bone,SENOB,plural_upper_reverse,singular_to_plural+uppercase+reverse
muscle,SELCSUM,plural_upper_reverse,singular_to_plural+uppercase+reverse
nerve,SEVREN,plural_upper_reverse,singular_to_plural+uppercase+reverse
vein,SNIEV,plural_upper_reverse,singular_to_plural+uppercase+reverse
artery,SEIRETRA,plural_upper_reverse,singular_to_plural+uppercase+reverse
lung,SGNUL,plural_upper_reverse,singular_to_plural+uppercase+reverse
kidney,SYENDIK,plural_upper_reverse,singular_to_plural+uppercase+reverse
liver,SREVIL,plural_upper_reverse,singular_to_plural+uppercase+reverse
brain,SNIARB,plural_upper_reverse,singular_to_plural+uppercase+reverse
heart,STRAEH,plural_upper_reverse,singular_to_plural+uppercase+reverse
stomach,SHCAMOTS,plural_upper_reverse,singular_to_plural+uppercase+reverse
teacher,SREHCAET,plural_upper_reverse,singular_to_plural+uppercase+reverse
student,STNEDUTS,plural_upper_reverse,singular_to_plural+uppercase+reverse
doctor,SROTCOD,plural_upper_reverse,singular_to_plural+uppercase+reverse
nurse,SESRUN,plural_upper_reverse,singular_to_plural+uppercase+reverse
farmer,SREMRAF,plural_upper_reverse,singular_to_plural+uppercase+reverse
worker,SREKROW,plural_upper_reverse,singular_to_plural+uppercase+reverse
driver,SREVIRD,plural_upper_reverse,singular_to_plural+uppercase+reverse
pilot,STOLIP,plural_upper_reverse,singular_to_plural+uppercase+reverse
singer,SREGNIS,plural_upper_reverse,singular_to_plural+uppercase+reverse
dancer,SRECNAD,plural_upper_reverse,singular_to_plural+uppercase+reverse
writer,SRETIRW,plural_upper_reverse,singular_to_plural+uppercase+reverse
painter,SRETNIAP,plural_upper_reverse,singular_to_plural+uppercase+reverse
player,SREYALP,plural_upper_reverse,singular_to_plural+uppercase+reverse
swimmer,SREMMIWS,plural_upper_reverse,singular_to_plural+uppercase+reverse
runner,SRENNUR,plural_upper_reverse,singular_to_plural+uppercase+reverse
builder,SREDLIUB,plural_upper_reverse,singular_to_plural+uppercase+reverse
soldier,SREIDLOS,plural_upper_reverse,singular_to_plural+uppercase+reverse
sailor,SROLIAS,plural_upper_reverse,singular_to_plural+uppercase+reverse
officer,SRECIFFO,plural_upper_reverse,singular_to_plural+uppercase+reverse
lawyer,SREYWAL,plural_upper_reverse,singular_to_plural+uppercase+reverse
engineer,SREENIGNE,plural_upper_reverse,singular_to_plural+uppercase+reverse
scientist,STSITNEICS,plural_upper_reverse,singular_to_plural+uppercase+reverse
musician,SNAICISUM,plural_upper_reverse,singular_to_plural+uppercase+reverse
artist,STSITRA,plural_upper_reverse,singular_to_plural+uppercase+reverse
actor,SROTCA,plural_upper_reverse,singular_to_plural+uppercase+reverse
actress,SESSERTCA,plural_upper_reverse,singular_to_plural+uppercase+reverse
chef,SFEHC,plural_upper_reverse,singular_to_plural+uppercase+reverse
baker,SREKAB,plural_upper_reverse,singular_to_plural+uppercase+reverse
butcher,SREHCTUB,plural_upper_reverse,singular_to_plural+uppercase+reverse
tailor,SROLIAT,plural_upper_reverse,singular_to_plural+uppercase+reverse
clerk,SKRELC,plural_upper_reverse,singular_to_plural+uppercase+reverse
manager,SREGANAM,plural_upper_reverse,singular_to_plural+uppercase+reverse
director,SROTCERID,plural_upper_reverse,singular_to_plural+uppercase+reverse
president,STNEDISERP,plural_upper_reverse,singular_to_plural+uppercase+reverse
king,SGNIK,plural_upper_reverse,singular_to_plural+uppercase+reverse
queen,SNEEUQ,plural_upper_reverse,singular_to_plural+uppercase+reverse
prince,SECNIRP,plural_upper_reverse,singular_to_plural+uppercase+reverse
princess,SESSECNIRP,plural_upper_reverse,singular_to_plural+uppercase+reverse
emperor,SROREPME,plural_upper_reverse,singular_to_plural+uppercase+reverse
empress,SESSERPME,plural_upper_reverse,singular_to_plural+uppercase+reverse
duke,SEKUD,plural_upper_reverse,singular_to_plural+uppercase+reverse
duchess,SESSEHCUD,plural_upper_reverse,singular_to_plural+uppercase+reverse
lord,SDROL,plural_upper_reverse,singular_to_plural+uppercase+reverse
knight,STHGINK,plural_upper_reverse,singular_to_plural+uppercase+reverse
heroine,SENIOREH,plural_upper_reverse,singular_to_plural+uppercase+reverse
villain,SNIALLIV,plural_upper_reverse,singular_to_plural+uppercase+reverse
self,SEVLES,plural_upper_reverse,singular_to_plural+uppercase+reverse
elf,SEVLE,plural_upper_reverse,singular_to_plural+uppercase+reverse
wharf,SEVRAHW,plural_upper_reverse,singular_to_plural+uppercase+reverse
belief,SFEILEB,plural_upper_reverse,singular_to_plural+uppercase+reverse
chief,SFEIHC,plural_upper_reverse,singular_to_plural+uppercase+reverse
cliff,SFFILC,plural_upper_reverse,singular_to_plural+uppercase+reverse
proof,SFOORP,plural_upper_reverse,singular_to_plural+uppercase+reverse
roof,SFOOR,plural_upper_reverse,singular_to_plural+uppercase+reverse
safe,SEFAS,plural_upper_reverse,singular_to_plural+uppercase+reverse
grief,SFEIRG,plural_upper_reverse,singular_to_plural+uppercase+reverse
reef,SFEER,plural_upper_reverse,singular_to_plural+uppercase+reverse
gulf,SFLUG,plural_upper_reverse,singular_to_plural+uppercase+reverse
dwarf,SEVRAWD,plural_upper_reverse,singular_to_plural+uppercase+reverse
hoof,SEVOOH,plural_upper_reverse,singular_to_plural+uppercase+reverse
datum,ATAD,plural_upper_reverse,singular_to_plural+uppercase+reverse
medium,AIDEM,plural_upper_reverse,singular_to_plural+uppercase+reverse
curriculum,ALUCIRRUC,plural_upper_reverse,singular_to_plural+uppercase+reverse
phenomenon,ANEMONEHP,plural_upper_reverse,singular_to_plural+uppercase+reverse
criterion,AIRETIRC,plural_upper_reverse,singular_to_plural+uppercase+reverse
analysis,SESYLANA,plural_upper_reverse,singular_to_plural+uppercase+reverse
basis,SESAB,plural_upper_reverse,singular_to_plural+uppercase+reverse
crisis,SESIRC,plural_upper_reverse,singular_to_plural+uppercase+reverse
thesis,SESEHT,plural_upper_reverse,singular_to_plural+uppercase+reverse
oasis,SESAO,plural_upper_reverse,singular_to_plural+uppercase+reverse
axis,SEXA,plural_upper_reverse,singular_to_plural+uppercase+reverse
parenthesis,SESEHTNERAP,plural_upper_reverse,singular_to_plural+uppercase+reverse
hello,RUOJNOB,translate_eng_fr_upper_reverse,translate_eng_fr+uppercase+reverse
goodbye,RIOVER UA,translate_eng_fr_upper_reverse,translate_eng_fr+uppercase+reverse
thank you,ICREM,translate_eng_fr_upper_reverse,translate_eng_fr+uppercase+reverse
please,TÎALP SUOV LI'S,translate_eng_fr_upper_reverse,translate_eng_fr+uppercase+reverse
yes,IUO,translate_eng_fr_upper_reverse,translate_eng_fr+uppercase+reverse
no,NON,translate_eng_fr_upper_reverse,translate_eng_fr+uppercase+reverse
water,UAE,translate_eng_fr_upper_reverse,translate_eng_fr+uppercase+reverse
house,NOSIAM,translate_eng_fr_upper_reverse,translate_eng_fr+uppercase+reverse
cat,TAHC,translate_eng_fr_upper_reverse,translate_eng_fr+uppercase+reverse
dog,NEIHC,translate_eng_fr_upper_reverse,translate_eng_fr+uppercase+reverse
good morning,RUOJNOB,translate_eng_fr_upper_reverse,translate_eng_fr+uppercase+reverse
good evening,RIOSNOB,translate_eng_fr_upper_reverse,translate_eng_fr+uppercase+reverse
good night,TIUN ENNOB,translate_eng_fr_upper_reverse,translate_eng_fr+uppercase+reverse
how are you,SUOV-ZELLA TNEMMOC,translate_eng_fr_upper_reverse,translate_eng_fr+uppercase+reverse
I love you,EMIA'T EJ,translate_eng_fr_upper_reverse,translate_eng_fr+uppercase+reverse
friend,IMA,translate_eng_fr_upper_reverse,translate_eng_fr+uppercase+reverse
family,ELLIMAF,translate_eng_fr_upper_reverse,translate_eng_fr+uppercase+reverse
food,ERUTIRRUON,translate_eng_fr_upper_reverse,translate_eng_fr+uppercase+reverse
book,ERVIL,translate_eng_fr_upper_reverse,translate_eng_fr+uppercase+reverse
car,ERUTIOV,translate_eng_fr_upper_reverse,translate_eng_fr+uppercase+reverse
tree,ERBRA,translate_eng_fr_upper_reverse,translate_eng_fr+uppercase+reverse
flower,RUELF,translate_eng_fr_upper_reverse,translate_eng_fr+uppercase+reverse
sun,LIELOS,translate_eng_fr_upper_reverse,translate_eng_fr+uppercase+reverse
moon,ENUL,translate_eng_fr_upper_reverse,translate_eng_fr+uppercase+reverse
star,ELIOTÉ,translate_eng_fr_upper_reverse,translate_eng_fr+uppercase+reverse
bread,NIAP,translate_eng_fr_upper_reverse,translate_eng_fr+uppercase+reverse
cheese,EGAMORF,translate_eng_fr_upper_reverse,translate_eng_fr+uppercase+reverse
wine,NIV,translate_eng_fr_upper_reverse,translate_eng_fr+uppercase+reverse
coffee,ÉFAC,translate_eng_fr_upper_reverse,translate_eng_fr+uppercase+reverse
tea,ÉHT,translate_eng_fr_upper_reverse,translate_eng_fr+uppercase+reverse
milk,TIAL,translate_eng_fr_upper_reverse,translate_eng_fr+uppercase+reverse
sugar,ERCUS,translate_eng_fr_upper_reverse,translate_eng_fr+uppercase+reverse
salt,LES,translate_eng_fr_upper_reverse,translate_eng_fr+uppercase+reverse
pepper,ERVIOP,translate_eng_fr_upper_reverse,translate_eng_fr+uppercase+reverse
table,ELBAT,translate_eng_fr_upper_reverse,translate_eng_fr+uppercase+reverse
chair,ESIAHC,translate_eng_fr_upper_reverse,translate_eng_fr+uppercase+reverse
door,ETROP,translate_eng_fr_upper_reverse,translate_eng_fr+uppercase+reverse
window,ERTÊNEF,translate_eng_fr_upper_reverse,translate_eng_fr+uppercase+reverse
street,EUR,translate_eng_fr_upper_reverse,translate_eng_fr+uppercase+reverse
city,ELLIV,translate_eng_fr_upper_reverse,translate_eng_fr+uppercase+reverse
country,SYAP,translate_eng_fr_upper_reverse,translate_eng_fr+uppercase+reverse
world,EDNOM,translate_eng_fr_upper_reverse,translate_eng_fr+uppercase+reverse
time,SPMET,translate_eng_fr_upper_reverse,translate_eng_fr+uppercase+reverse
day,RUOJ,translate_eng_fr_upper_reverse,translate_eng_fr+uppercase+reverse
night,TIUN,translate_eng_fr_upper_reverse,translate_eng_fr+uppercase+reverse
week,ENIAMES,translate_eng_fr_upper_reverse,translate_eng_fr+uppercase+reverse
month,SIOM,translate_eng_fr_upper_reverse,translate_eng_fr+uppercase+reverse
year,NA,translate_eng_fr_upper_reverse,translate_eng_fr+uppercase+reverse
today,IUH'DRUOJUA,translate_eng_fr_upper_reverse,translate_eng_fr+uppercase+reverse
tomorrow,NIAMED,translate_eng_fr_upper_reverse,translate_eng_fr+uppercase+reverse
yesterday,REIH,translate_eng_fr_upper_reverse,translate_eng_fr+uppercase+reverse
school,ELOCÉ,translate_eng_fr_upper_reverse,translate_eng_fr+uppercase+reverse
student,TNAIDUTÉ,translate_eng_fr_upper_reverse,translate_eng_fr+uppercase+reverse
teacher,RUESSEFORP,translate_eng_fr_upper_reverse,translate_eng_fr+uppercase+reverse
horse,LAVEHC,translate_eng_fr_upper_reverse,translate_eng_fr+uppercase+reverse
letter,ERTTEL,translate_eng_fr_upper_reverse,translate_eng_fr+uppercase+reverse
word,TOM,translate_eng_fr_upper_reverse,translate_eng_fr+uppercase+reverse
sentence,ESARHP,translate_eng_fr_upper_reverse,translate_eng_fr+uppercase+reverse
page,EGAP,translate_eng_fr_upper_reverse,translate_eng_fr+uppercase+reverse
music,EUQISUM,translate_eng_fr_upper_reverse,translate_eng_fr+uppercase+reverse
song,NOSNAHC,translate_eng_fr_upper_reverse,translate_eng_fr+uppercase+reverse
game,UEJ,translate_eng_fr_upper_reverse,translate_eng_fr+uppercase+reverse
sport,TROPS,translate_eng_fr_upper_reverse,translate_eng_fr+uppercase+reverse
ball,ELLAB,translate_eng_fr_upper_reverse,translate_eng_fr+uppercase+reverse
hand,NIAM,translate_eng_fr_upper_reverse,translate_eng_fr+uppercase+reverse
head,ETÊT,translate_eng_fr_upper_reverse,translate_eng_fr+uppercase+reverse
eye,LIŒ,translate_eng_fr_upper_reverse,translate_eng_fr+uppercase+reverse
ear,ELLIERO,translate_eng_fr_upper_reverse,translate_eng_fr+uppercase+reverse
nose,ZEN,translate_eng_fr_upper_reverse,translate_eng_fr+uppercase+reverse
mouth,EHCUOB,translate_eng_fr_upper_reverse,translate_eng_fr+uppercase+reverse
heart,RUŒC,translate_eng_fr_upper_reverse,translate_eng_fr+uppercase+reverse
brain,UAEVREC,translate_eng_fr_upper_reverse,translate_eng_fr+uppercase+reverse
body,SPROC,translate_eng_fr_upper_reverse,translate_eng_fr+uppercase+reverse
red,EGUOR,translate_eng_fr_upper_reverse,translate_eng_fr+uppercase+reverse
blue,UELB,translate_eng_fr_upper_reverse,translate_eng_fr+uppercase+reverse
green,TREV,translate_eng_fr_upper_reverse,translate_eng_fr+uppercase+reverse
yellow,ENUAJ,translate_eng_fr_upper_reverse,translate_eng_fr+uppercase+reverse
black,RION,translate_eng_fr_upper_reverse,translate_eng_fr+uppercase+reverse
white,CNALB,translate_eng_fr_upper_reverse,translate_eng_fr+uppercase+reverse
purple,TELOIV,translate_eng_fr_upper_reverse,translate_eng_fr+uppercase+reverse
pink,ESOR,translate_eng_fr_upper_reverse,translate_eng_fr+uppercase+reverse
gray,SIRG,translate_eng_fr_upper_reverse,translate_eng_fr+uppercase+reverse
brown,NORRAM,translate_eng_fr_upper_reverse,translate_eng_fr+uppercase+reverse
big,DNARG,translate_eng_fr_upper_reverse,translate_eng_fr+uppercase+reverse
small,TITEP,translate_eng_fr_upper_reverse,translate_eng_fr+uppercase+reverse
hot,DUAHC,translate_eng_fr_upper_reverse,translate_eng_fr+uppercase+reverse
cold,DIORF,translate_eng_fr_upper_reverse,translate_eng_fr+uppercase+reverse
new,UAEVUON,translate_eng_fr_upper_reverse,translate_eng_fr+uppercase+reverse
old,XUEIV,translate_eng_fr_upper_reverse,translate_eng_fr+uppercase+reverse
good,NOB,translate_eng_fr_upper_reverse,translate_eng_fr+uppercase+reverse
bad,SIAVUAM,translate_eng_fr_upper_reverse,translate_eng_fr+uppercase+reverse
happy,XUERUEH,translate_eng_fr_upper_reverse,translate_eng_fr+uppercase+reverse
sad,ETSIRT,translate_eng_fr_upper_reverse,translate_eng_fr+uppercase+reverse
fast,EDIPAR,translate_eng_fr_upper_reverse,translate_eng_fr+uppercase+reverse
slow,TNEL,translate_eng_fr_upper_reverse,translate_eng_fr+uppercase+reverse
strong,TROF,translate_eng_fr_upper_reverse,translate_eng_fr+uppercase+reverse
weak,ELBIAF,translate_eng_fr_upper_reverse,translate_eng_fr+uppercase+reverse
beautiful,UAEB,translate_eng_fr_upper_reverse,translate_eng_fr+uppercase+reverse
ugly,DIAL,translate_eng_fr_upper_reverse,translate_eng_fr+uppercase+reverse
young,ENUEJ,translate_eng_fr_upper_reverse,translate_eng_fr+uppercase+reverse
rich,EHCIR,translate_eng_fr_upper_reverse,translate_eng_fr+uppercase+reverse
poor,ERVUAP,translate_eng_fr_upper_reverse,translate_eng_fr+uppercase+reverse
clean,ERPORP,translate_eng_fr_upper_reverse,translate_eng_fr+uppercase+reverse
dirty,ELAS,translate_eng_fr_upper_reverse,translate_eng_fr+uppercase+reverse
easy,ELICAF,translate_eng_fr_upper_reverse,translate_eng_fr+uppercase+reverse
difficult,ELICIFFID,translate_eng_fr_upper_reverse,translate_eng_fr+uppercase+reverse
long,GNOL,translate_eng_fr_upper_reverse,translate_eng_fr+uppercase+reverse
short,TRUOC,translate_eng_fr_upper_reverse,translate_eng_fr+uppercase+reverse
high,TUAH,translate_eng_fr_upper_reverse,translate_eng_fr+uppercase+reverse
low,SAB,translate_eng_fr_upper_reverse,translate_eng_fr+uppercase+reverse
wide,EGRAL,translate_eng_fr_upper_reverse,translate_eng_fr+uppercase+reverse
narrow,TIORTÉ,translate_eng_fr_upper_reverse,translate_eng_fr+uppercase+reverse
heavy,DRUOL,translate_eng_fr_upper_reverse,translate_eng_fr+uppercase+reverse
light,REGÉL,translate_eng_fr_upper_reverse,translate_eng_fr+uppercase+reverse
full,NIELP,translate_eng_fr_upper_reverse,translate_eng_fr+uppercase+reverse
empty,EDIV,translate_eng_fr_upper_reverse,translate_eng_fr+uppercase+reverse
right,TIORD,translate_eng_fr_upper_reverse,translate_eng_fr+uppercase+reverse
left,EHCUAG,translate_eng_fr_upper_reverse,translate_eng_fr+uppercase+reverse
up,TUAH,translate_eng_fr_upper_reverse,translate_eng_fr+uppercase+reverse
down,SAB,translate_eng_fr_upper_reverse,translate_eng_fr+uppercase+reverse
inside,SNADED,translate_eng_fr_upper_reverse,translate_eng_fr+uppercase+reverse
outside,SROHED,translate_eng_fr_upper_reverse,translate_eng_fr+uppercase+reverse
front,TNAVED,translate_eng_fr_upper_reverse,translate_eng_fr+uppercase+reverse
back,ERÈIRRED,translate_eng_fr_upper_reverse,translate_eng_fr+uppercase+reverse
near,SÈRP,translate_eng_fr_upper_reverse,translate_eng_fr+uppercase+reverse
far,NIOL,translate_eng_fr_upper_reverse,translate_eng_fr+uppercase+reverse
first,REIMERP,translate_eng_fr_upper_reverse,translate_eng_fr+uppercase+reverse
last,REINRED,translate_eng_fr_upper_reverse,translate_eng_fr+uppercase+reverse
open,TREVUO,translate_eng_fr_upper_reverse,translate_eng_fr+uppercase+reverse
closed,ÉMREF,translate_eng_fr_upper_reverse,translate_eng_fr+uppercase+reverse
one,NU,translate_eng_fr_upper_reverse,translate_eng_fr+uppercase+reverse
two,XUED,translate_eng_fr_upper_reverse,translate_eng_fr+uppercase+reverse
three,SIORT,translate_eng_fr_upper_reverse,translate_eng_fr+uppercase+reverse
four,ERTAUQ,translate_eng_fr_upper_reverse,translate_eng_fr+uppercase+reverse
five,QNIC,translate_eng_fr_upper_reverse,translate_eng_fr+uppercase+reverse
six,XIS,translate_eng_fr_upper_reverse,translate_eng_fr+uppercase+reverse
seven,TPES,translate_eng_fr_upper_reverse,translate_eng_fr+uppercase+reverse
eight,TIUH,translate_eng_fr_upper_reverse,translate_eng_fr+uppercase+reverse
nine,FUEN,translate_eng_fr_upper_reverse,translate_eng_fr+uppercase+reverse
ten,XID,translate_eng_fr_upper_reverse,translate_eng_fr+uppercase+reverse
hundred,TNEC,translate_eng_fr_upper_reverse,translate_eng_fr+uppercase+reverse
thousand,ELLIM,translate_eng_fr_upper_reverse,translate_eng_fr+uppercase+reverse
brother,ERÈRF,translate_eng_fr_upper_reverse,translate_eng_fr+uppercase+reverse
sister,RUŒS,translate_eng_fr_upper_reverse,translate_eng_fr+uppercase+reverse
father,ERÈP,translate_eng_fr_upper_reverse,translate_eng_fr+uppercase+reverse
mother,ERÈM,translate_eng_fr_upper_reverse,translate_eng_fr+uppercase+reverse
son,SLIF,translate_eng_fr_upper_reverse,translate_eng_fr+uppercase+reverse
daughter,ELLIF,translate_eng_fr_upper_reverse,translate_eng_fr+uppercase+reverse
husband,IRAM,translate_eng_fr_upper_reverse,translate_eng_fr+uppercase+reverse
wife,EMMEF,translate_eng_fr_upper_reverse,translate_eng_fr+uppercase+reverse
grandfather,ERÈP-DNARG,translate_eng_fr_upper_reverse,translate_eng_fr+uppercase+reverse
grandmother,ERÈM-DNARG,translate_eng_fr_upper_reverse,translate_eng_fr+uppercase+reverse
uncle,ELCNO,translate_eng_fr_upper_reverse,translate_eng_fr+uppercase+reverse
aunt,ETNAT,translate_eng_fr_upper_reverse,translate_eng_fr+uppercase+reverse
cousin,NISUOC,translate_eng_fr_upper_reverse,translate_eng_fr+uppercase+reverse
king,IOR,translate_eng_fr_upper_reverse,translate_eng_fr+uppercase+reverse
queen,ENIER,translate_eng_fr_upper_reverse,translate_eng_fr+uppercase+reverse
prince,ECNIRP,translate_eng_fr_upper_reverse,translate_eng_fr+uppercase+reverse
princess,ESSECNIRP,translate_eng_fr_upper_reverse,translate_eng_fr+uppercase+reverse
man,EMMOH,translate_eng_fr_upper_reverse,translate_eng_fr+uppercase+reverse
woman,EMMEF,translate_eng_fr_upper_reverse,translate_eng_fr+uppercase+reverse
boy,NOÇRAG,translate_eng_fr_upper_reverse,translate_eng_fr+uppercase+reverse
girl,ELLIF,translate_eng_fr_upper_reverse,translate_eng_fr+uppercase+reverse
baby,ÉBÉB,translate_eng_fr_upper_reverse,translate_eng_fr+uppercase+reverse
doctor,NICEDÉM,translate_eng_fr_upper_reverse,translate_eng_fr+uppercase+reverse
nurse,ERÈIMRIFNI,translate_eng_fr_upper_reverse,translate_eng_fr+uppercase+reverse
lawyer,TACOVA,translate_eng_fr_upper_reverse,translate_eng_fr+uppercase+reverse
police,ECILOP,translate_eng_fr_upper_reverse,translate_eng_fr+uppercase+reverse
soldier,TADLOS,translate_eng_fr_upper_reverse,translate_eng_fr+uppercase+reverse
farmer,REIMREF,translate_eng_fr_upper_reverse,translate_eng_fr+uppercase+reverse
worker,REIRVUO,translate_eng_fr_upper_reverse,translate_eng_fr+uppercase+reverse
artist,ETSITRA,translate_eng_fr_upper_reverse,translate_eng_fr+uppercase+reverse
musician,NEICISUM,translate_eng_fr_upper_reverse,translate_eng_fr+uppercase+reverse
hello,ALOH,translate_eng_sp_upper_reverse,translate_eng_sp+uppercase+reverse
goodbye,SÓIDA,translate_eng_sp_upper_reverse,translate_eng_sp+uppercase+reverse
thank you,SAICARG,translate_eng_sp_upper_reverse,translate_eng_sp+uppercase+reverse
please,ROVAF ROP,translate_eng_sp_upper_reverse,translate_eng_sp+uppercase+reverse
yes,ÍS,translate_eng_sp_upper_reverse,translate_eng_sp+uppercase+reverse
water,AUGA,translate_eng_sp_upper_reverse,translate_eng_sp+uppercase+reverse
house,ASAC,translate_eng_sp_upper_reverse,translate_eng_sp+uppercase+reverse
cat,OTAG,translate_eng_sp_upper_reverse,translate_eng_sp+uppercase+reverse
dog,ORREP,translate_eng_sp_upper_reverse,translate_eng_sp+uppercase+reverse
good morning,SAÍD SONEUB,translate_eng_sp_upper_reverse,translate_eng_sp+uppercase+reverse
good evening,SEDRAT SANEUB,translate_eng_sp_upper_reverse,translate_eng_sp+uppercase+reverse
good night,SEHCON SANEUB,translate_eng_sp_upper_reverse,translate_eng_sp+uppercase+reverse
how are you,SÁTSE OMÓC,translate_eng_sp_upper_reverse,translate_eng_sp+uppercase+reverse
i love you,OREIUQ ET,translate_eng_sp_upper_reverse,translate_eng_sp+uppercase+reverse
friend,OGIMA,translate_eng_sp_upper_reverse,translate_eng_sp+uppercase+reverse
family,AILIMAF,translate_eng_sp_upper_reverse,translate_eng_sp+uppercase+reverse
food,ADIMOC,translate_eng_sp_upper_reverse,translate_eng_sp+uppercase+reverse
book,ORBIL,translate_eng_sp_upper_reverse,translate_eng_sp+uppercase+reverse
car,EHCOC,translate_eng_sp_upper_reverse,translate_eng_sp+uppercase+reverse
tree,LOBRÁ,translate_eng_sp_upper_reverse,translate_eng_sp+uppercase+reverse
flower,ROLF,translate_eng_sp_upper_reverse,translate_eng_sp+uppercase+reverse
sun,LOS,translate_eng_sp_upper_reverse,translate_eng_sp+uppercase+reverse
moon,ANUL,translate_eng_sp_upper_reverse,translate_eng_sp+uppercase+reverse
star,ALLERTSE,translate_eng_sp_upper_reverse,translate_eng_sp+uppercase+reverse
bread,NAP,translate_eng_sp_upper_reverse,translate_eng_sp+uppercase+reverse
cheese,OSEUQ,translate_eng_sp_upper_reverse,translate_eng_sp+uppercase+reverse
wine,ONIV,translate_eng_sp_upper_reverse,translate_eng_sp+uppercase+reverse
tea,ÉT,translate_eng_sp_upper_reverse,translate_eng_sp+uppercase+reverse
milk,EHCEL,translate_eng_sp_upper_reverse,translate_eng_sp+uppercase+reverse
sugar,RACÚZA,translate_eng_sp_upper_reverse,translate_eng_sp+uppercase+reverse
salt,LAS,translate_eng_sp_upper_reverse,translate_eng_sp+uppercase+reverse
pepper,ATNEIMIP,translate_eng_sp_upper_reverse,translate_eng_sp+uppercase+reverse
table,ASEM,translate_eng_sp_upper_reverse,translate_eng_sp+uppercase+reverse
chair,ALLIS,translate_eng_sp_upper_reverse,translate_eng_sp+uppercase+reverse
door,ATREUP,translate_eng_sp_upper_reverse,translate_eng_sp+uppercase+reverse
window,ANATNEV,translate_eng_sp_upper_reverse,translate_eng_sp+uppercase+reverse
street,ELLAC,translate_eng_sp_upper_reverse,translate_eng_sp+uppercase+reverse
city,DADUIC,translate_eng_sp_upper_reverse,translate_eng_sp+uppercase+reverse
country,SÍAP,translate_eng_sp_upper_reverse,translate_eng_sp+uppercase+reverse
world,ODNUM,translate_eng_sp_upper_reverse,translate_eng_sp+uppercase+reverse
time,OPMEIT,translate_eng_sp_upper_reverse,translate_eng_sp+uppercase+reverse
day,AÍD,translate_eng_sp_upper_reverse,translate_eng_sp+uppercase+reverse
night,EHCON,translate_eng_sp_upper_reverse,translate_eng_sp+uppercase+reverse
week,ANAMES,translate_eng_sp_upper_reverse,translate_eng_sp+uppercase+reverse
month,SEM,translate_eng_sp_upper_reverse,translate_eng_sp+uppercase+reverse
year,OÑA,translate_eng_sp_upper_reverse,translate_eng_sp+uppercase+reverse
today,YOH,translate_eng_sp_upper_reverse,translate_eng_sp+uppercase+reverse
tomorrow,ANAÑAM,translate_eng_sp_upper_reverse,translate_eng_sp+uppercase+reverse
yesterday,REYA,translate_eng_sp_upper_reverse,translate_eng_sp+uppercase+reverse
child,OÑIN,translate_eng_sp_upper_reverse,translate_eng_sp+uppercase+reverse
school,ALEUCSE,translate_eng_sp_upper_reverse,translate_eng_sp+uppercase+reverse
student,ETNAIDUTSE,translate_eng_sp_upper_reverse,translate_eng_sp+uppercase+reverse
teacher,ROSEFORP,translate_eng_sp_upper_reverse,translate_eng_sp+uppercase+reverse
apple,ANAZNAM,translate_eng_sp_upper_reverse,translate_eng_sp+uppercase+reverse
orange,AJNARAN,translate_eng_sp_upper_reverse,translate_eng_sp+uppercase+reverse
fish,ZEP,translate_eng_sp_upper_reverse,translate_eng_sp+uppercase+reverse
bird,ORAJÁP,translate_eng_sp_upper_reverse,translate_eng_sp+uppercase+reverse
horse,OLLABAC,translate_eng_sp_upper_reverse,translate_eng_sp+uppercase+reverse
letter,ATRAC,translate_eng_sp_upper_reverse,translate_eng_sp+uppercase+reverse
word,ARBALAP,translate_eng_sp_upper_reverse,translate_eng_sp+uppercase+reverse
sentence,ESARF,translate_eng_sp_upper_reverse,translate_eng_sp+uppercase+reverse
page,ANIGÁP,translate_eng_sp_upper_reverse,translate_eng_sp+uppercase+reverse
music,ACISÚM,translate_eng_sp_upper_reverse,translate_eng_sp+uppercase+reverse
song,NÓICNAC,translate_eng_sp_upper_reverse,translate_eng_sp+uppercase+reverse
dance,ELIAB,translate_eng_sp_upper_reverse,translate_eng_sp+uppercase+reverse
game,OGEUJ,translate_eng_sp_upper_reverse,translate_eng_sp+uppercase+reverse
sport,ETROPED,translate_eng_sp_upper_reverse,translate_eng_sp+uppercase+reverse
ball,ATOLEP,translate_eng_sp_upper_reverse,translate_eng_sp+uppercase+reverse
hand,ONAM,translate_eng_sp_upper_reverse,translate_eng_sp+uppercase+reverse
foot,EIP,translate_eng_sp_upper_reverse,translate_eng_sp+uppercase+reverse
head,AZEBAC,translate_eng_sp_upper_reverse,translate_eng_sp+uppercase+reverse
eye,OJO,translate_eng_sp_upper_reverse,translate_eng_sp+uppercase+reverse
ear,AJERO,translate_eng_sp_upper_reverse,translate_eng_sp+uppercase+reverse
nose,ZIRAN,translate_eng_sp_upper_reverse,translate_eng_sp+uppercase+reverse
mouth,ACOB,translate_eng_sp_upper_reverse,translate_eng_sp+uppercase+reverse
heart,NÓZAROC,translate_eng_sp_upper_reverse,translate_eng_sp+uppercase+reverse
brain,ORBEREC,translate_eng_sp_upper_reverse,translate_eng_sp+uppercase+reverse
body,OPREUC,translate_eng_sp_upper_reverse,translate_eng_sp+uppercase+reverse
red,OJOR,translate_eng_sp_upper_reverse,translate_eng_sp+uppercase+reverse
blue,LUZA,translate_eng_sp_upper_reverse,translate_eng_sp+uppercase+reverse
green,EDREV,translate_eng_sp_upper_reverse,translate_eng_sp+uppercase+reverse
yellow,OLLIRAMA,translate_eng_sp_upper_reverse,translate_eng_sp+uppercase+reverse
black,ORGEN,translate_eng_sp_upper_reverse,translate_eng_sp+uppercase+reverse
white,OCNALB,translate_eng_sp_upper_reverse,translate_eng_sp+uppercase+reverse
purple,ODAROM,translate_eng_sp_upper_reverse,translate_eng_sp+uppercase+reverse
pink,ASOR,translate_eng_sp_upper_reverse,translate_eng_sp+uppercase+reverse
gray,SIRG,translate_eng_sp_upper_reverse,translate_eng_sp+uppercase+reverse
brown,NÓRRAM,translate_eng_sp_upper_reverse,translate_eng_sp+uppercase+reverse
big,EDNARG,translate_eng_sp_upper_reverse,translate_eng_sp+uppercase+reverse
small,OÑEUQEP,translate_eng_sp_upper_reverse,translate_eng_sp+uppercase+reverse
hot,ETNEILAC,translate_eng_sp_upper_reverse,translate_eng_sp+uppercase+reverse
cold,OÍRF,translate_eng_sp_upper_reverse,translate_eng_sp+uppercase+reverse
new,OVEUN,translate_eng_sp_upper_reverse,translate_eng_sp+uppercase+reverse
old,OJEIV,translate_eng_sp_upper_reverse,translate_eng_sp+uppercase+reverse
good,ONEUB,translate_eng_sp_upper_reverse,translate_eng_sp+uppercase+reverse
bad,OLAM,translate_eng_sp_upper_reverse,translate_eng_sp+uppercase+reverse
happy,ZILEF,translate_eng_sp_upper_reverse,translate_eng_sp+uppercase+reverse
sad,ETSIRT,translate_eng_sp_upper_reverse,translate_eng_sp+uppercase+reverse
fast,ODIPÁR,translate_eng_sp_upper_reverse,translate_eng_sp+uppercase+reverse
slow,OTNEL,translate_eng_sp_upper_reverse,translate_eng_sp+uppercase+reverse
strong,ETREUF,translate_eng_sp_upper_reverse,translate_eng_sp+uppercase+reverse
weak,LIBÉD,translate_eng_sp_upper_reverse,translate_eng_sp+uppercase+reverse
beautiful,OSOMREH,translate_eng_sp_upper_reverse,translate_eng_sp+uppercase+reverse
ugly,OEF,translate_eng_sp_upper_reverse,translate_eng_sp+uppercase+reverse
young,NEVOJ,translate_eng_sp_upper_reverse,translate_eng_sp+uppercase+reverse
rich,OCIR,translate_eng_sp_upper_reverse,translate_eng_sp+uppercase+reverse
poor,ERBOP,translate_eng_sp_upper_reverse,translate_eng_sp+uppercase+reverse
clean,OIPMIL,translate_eng_sp_upper_reverse,translate_eng_sp+uppercase+reverse
dirty,OICUS,translate_eng_sp_upper_reverse,translate_eng_sp+uppercase+reverse
easy,LICÁF,translate_eng_sp_upper_reverse,translate_eng_sp+uppercase+reverse
difficult,LICÍFID,translate_eng_sp_upper_reverse,translate_eng_sp+uppercase+reverse
long,OGRAL,translate_eng_sp_upper_reverse,translate_eng_sp+uppercase+reverse
short,OTROC,translate_eng_sp_upper_reverse,translate_eng_sp+uppercase+reverse
high,OTLA,translate_eng_sp_upper_reverse,translate_eng_sp+uppercase+reverse
low,OJAB,translate_eng_sp_upper_reverse,translate_eng_sp+uppercase+reverse
wide,OHCNA,translate_eng_sp_upper_reverse,translate_eng_sp+uppercase+reverse
narrow,OHCERTSE,translate_eng_sp_upper_reverse,translate_eng_sp+uppercase+reverse
heavy,ODASEP,translate_eng_sp_upper_reverse,translate_eng_sp+uppercase+reverse
light,OREGIL,translate_eng_sp_upper_reverse,translate_eng_sp+uppercase+reverse
full,ONELL,translate_eng_sp_upper_reverse,translate_eng_sp+uppercase+reverse
empty,OÍCAV,translate_eng_sp_upper_reverse,translate_eng_sp+uppercase+reverse
right,OHCERED,translate_eng_sp_upper_reverse,translate_eng_sp+uppercase+reverse
left,ODREIUQZI,translate_eng_sp_upper_reverse,translate_eng_sp+uppercase+reverse
up,ABIRRA,translate_eng_sp_upper_reverse,translate_eng_sp+uppercase+reverse
down,OJABA,translate_eng_sp_upper_reverse,translate_eng_sp+uppercase+reverse
inside,ORTNED,translate_eng_sp_upper_reverse,translate_eng_sp+uppercase+reverse
outside,AREUF,translate_eng_sp_upper_reverse,translate_eng_sp+uppercase+reverse
front,ETNERF,translate_eng_sp_upper_reverse,translate_eng_sp+uppercase+reverse
back,SÁRTA,translate_eng_sp_upper_reverse,translate_eng_sp+uppercase+reverse
near,ACREC,translate_eng_sp_upper_reverse,translate_eng_sp+uppercase+reverse
far,SOJEL,translate_eng_sp_upper_reverse,translate_eng_sp+uppercase+reverse
first,OREMIRP,translate_eng_sp_upper_reverse,translate_eng_sp+uppercase+reverse
last,OMITLÚ,translate_eng_sp_upper_reverse,translate_eng_sp+uppercase+reverse
open,OTREIBA,translate_eng_sp_upper_reverse,translate_eng_sp+uppercase+reverse
closed,ODARREC,translate_eng_sp_upper_reverse,translate_eng_sp+uppercase+reverse
one,ONU,translate_eng_sp_upper_reverse,translate_eng_sp+uppercase+reverse
two,SOD,translate_eng_sp_upper_reverse,translate_eng_sp+uppercase+reverse
three,SERT,translate_eng_sp_upper_reverse,translate_eng_sp+uppercase+reverse
four,ORTAUC,translate_eng_sp_upper_reverse,translate_eng_sp+uppercase+reverse
five,OCNIC,translate_eng_sp_upper_reverse,translate_eng_sp+uppercase+reverse
six,SIES,translate_eng_sp_upper_reverse,translate_eng_sp+uppercase+reverse
seven,ETEIS,translate_eng_sp_upper_reverse,translate_eng_sp+uppercase+reverse
eight,OHCO,translate_eng_sp_upper_reverse,translate_eng_sp+uppercase+reverse
nine,EVEUN,translate_eng_sp_upper_reverse,translate_eng_sp+uppercase+reverse
ten,ZEID,translate_eng_sp_upper_reverse,translate_eng_sp+uppercase+reverse
hundred,NEIC,translate_eng_sp_upper_reverse,translate_eng_sp+uppercase+reverse
thousand,LIM,translate_eng_sp_upper_reverse,translate_eng_sp+uppercase+reverse
brother,ONAMREH,translate_eng_sp_upper_reverse,translate_eng_sp+uppercase+reverse
sister,ANAMREH,translate_eng_sp_upper_reverse,translate_eng_sp+uppercase+reverse
father,ERDAP,translate_eng_sp_upper_reverse,translate_eng_sp+uppercase+reverse
mother,ERDAM,translate_eng_sp_upper_reverse,translate_eng_sp+uppercase+reverse
son,OJIH,translate_eng_sp_upper_reverse,translate_eng_sp+uppercase+reverse
daughter,AJIH,translate_eng_sp_upper_reverse,translate_eng_sp+uppercase+reverse
husband,OSOPSE,translate_eng_sp_upper_reverse,translate_eng_sp+uppercase+reverse
wife,ASOPSE,translate_eng_sp_upper_reverse,translate_eng_sp+uppercase+reverse
grandfather,OLEUBA,translate_eng_sp_upper_reverse,translate_eng_sp+uppercase+reverse
grandmother,ALEUBA,translate_eng_sp_upper_reverse,translate_eng_sp+uppercase+reverse
uncle,OÍT,translate_eng_sp_upper_reverse,translate_eng_sp+uppercase+reverse
aunt,AÍT,translate_eng_sp_upper_reverse,translate_eng_sp+uppercase+reverse
cousin,OMIRP,translate_eng_sp_upper_reverse,translate_eng_sp+uppercase+reverse
king,YER,translate_eng_sp_upper_reverse,translate_eng_sp+uppercase+reverse
queen,ANIER,translate_eng_sp_upper_reverse,translate_eng_sp+uppercase+reverse
prince,EPICNÍRP,translate_eng_sp_upper_reverse,translate_eng_sp+uppercase+reverse
princess,ASECNIRP,translate_eng_sp_upper_reverse,translate_eng_sp+uppercase+reverse
man,ERBMOH,translate_eng_sp_upper_reverse,translate_eng_sp+uppercase+reverse
woman,REJUM,translate_eng_sp_upper_reverse,translate_eng_sp+uppercase+reverse
girl,AÑIN,translate_eng_sp_upper_reverse,translate_eng_sp+uppercase+reverse
baby,ÉBEB,translate_eng_sp_upper_reverse,translate_eng_sp+uppercase+reverse
doctor,OCIDÉM,translate_eng_sp_upper_reverse,translate_eng_sp+uppercase+reverse
nurse,AREMREFNE,translate_eng_sp_upper_reverse,translate_eng_sp+uppercase+reverse
lawyer,ODAGOBA,translate_eng_sp_upper_reverse,translate_eng_sp+uppercase+reverse
police,AÍCILOP,translate_eng_sp_upper_reverse,translate_eng_sp+uppercase+reverse
soldier,ODADLOS,translate_eng_sp_upper_reverse,translate_eng_sp+uppercase+reverse
farmer,OREJNARG,translate_eng_sp_upper_reverse,translate_eng_sp+uppercase+reverse
worker,RODAJABART,translate_eng_sp_upper_reverse,translate_eng_sp+uppercase+reverse
artist,ATSITRA,translate_eng_sp_upper_reverse,translate_eng_sp+uppercase+reverse
musician,OCISÚM,translate_eng_sp_upper_reverse,translate_eng_sp+uppercase+reverse
singer,ETNATNAC,translate_eng_sp_upper_reverse,translate_eng_sp+uppercase+reverse
