input,output,original_input,original_output,category_name,operations,spaced
a f g h a n i s t a n,N A T S I N A H G F A,afghanistan,NATSINAHGFA,upper_reverse,uppercase+reverse,True
a l b a n i a,A I N A B L A,albania,AINABLA,upper_reverse,uppercase+reverse,True
a l g e r i a,A I R E G L A,algeria,AIREGLA,upper_reverse,uppercase+reverse,True
a n d o r r a,A R R O D N A,andorra,ARRODNA,upper_reverse,uppercase+reverse,True
a n g o l a,A L O G N A,angola,ALOGNA,upper_reverse,uppercase+reverse,True
a r g e n t i n a,A N I T N E G R A,argentina,ANITNEGRA,upper_reverse,uppercase+reverse,True
a r m e n i a,A I N E M R A,armenia,AINEMRA,upper_reverse,uppercase+reverse,True
a u s t r a l i a,A I L A R T S U A,australia,AILARTSUA,upper_reverse,uppercase+reverse,True
a u s t r i a,A I R T S U A,austria,AIRTSUA,upper_reverse,uppercase+reverse,True
a z e r b a i j a n,N A J I A B R E Z A,azerbaijan,NAJIABREZA,upper_reverse,uppercase+reverse,True
b a h a m a s,S A M A H A B,bahamas,SAMAHAB,upper_reverse,uppercase+reverse,True
b a h r a i n,N I A R H A B,bahrain,NIARHAB,upper_reverse,uppercase+reverse,True
b a n g l a d e s h,H S E D A L G N A B,bangladesh,HSEDALGNAB,upper_reverse,uppercase+reverse,True
b a r b a d o s,S O D A B R A B,barbados,SODABRAB,upper_reverse,uppercase+reverse,True
b e l a r u s,S U R A L E B,belarus,SURALEB,upper_reverse,uppercase+reverse,True
b e l g i u m,M U I G L E B,belgium,MUIGLEB,upper_reverse,uppercase+reverse,True
b e l i z e,E Z I L E B,belize,EZILEB,upper_reverse,uppercase+reverse,True
b e n i n,N I N E B,benin,NINEB,upper_reverse,uppercase+reverse,True
b h u t a n,N A T U H B,bhutan,NATUHB,upper_reverse,uppercase+reverse,True
b o l i v i a,A I V I L O B,bolivia,AIVILOB,upper_reverse,uppercase+reverse,True
b o t s w a n a,A N A W S T O B,botswana,ANAWSTOB,upper_reverse,uppercase+reverse,True
b r a z i l,L I Z A R B,brazil,LIZARB,upper_reverse,uppercase+reverse,True
b r u n e i,I E N U R B,brunei,IENURB,upper_reverse,uppercase+reverse,True
b u l g a r i a,A I R A G L U B,bulgaria,AIRAGLUB,upper_reverse,uppercase+reverse,True
b u r u n d i,I D N U R U B,burundi,IDNURUB,upper_reverse,uppercase+reverse,True
c a m b o d i a,A I D O B M A C,cambodia,AIDOBMAC,upper_reverse,uppercase+reverse,True
c a m e r o o n,N O O R E M A C,cameroon,NOOREMAC,upper_reverse,uppercase+reverse,True
c a n a d a,A D A N A C,canada,ADANAC,upper_reverse,uppercase+reverse,True
c h a d,D A H C,chad,DAHC,upper_reverse,uppercase+reverse,True
c h i l e,E L I H C,chile,ELIHC,upper_reverse,uppercase+reverse,True
c h i n a,A N I H C,china,ANIHC,upper_reverse,uppercase+reverse,True
c o l o m b i a,A I B M O L O C,colombia,AIBMOLOC,upper_reverse,uppercase+reverse,True
c o m o r o s,S O R O M O C,comoros,SOROMOC,upper_reverse,uppercase+reverse,True
c o n g o,O G N O C,congo,OGNOC,upper_reverse,uppercase+reverse,True
c r o a t i a,A I T A O R C,croatia,AITAORC,upper_reverse,uppercase+reverse,True
c u b a,A B U C,cuba,ABUC,upper_reverse,uppercase+reverse,True
c y p r u s,S U R P Y C,cyprus,SURPYC,upper_reverse,uppercase+reverse,True
d e n m a r k,K R A M N E D,denmark,KRAMNED,upper_reverse,uppercase+reverse,True
d j i b o u t i,I T U O B I J D,djibouti,ITUOBIJD,upper_reverse,uppercase+reverse,True
d o m i n i c a,A C I N I M O D,dominica,ACINIMOD,upper_reverse,uppercase+reverse,True
e c u a d o r,R O D A U C E,ecuador,RODAUCE,upper_reverse,uppercase+reverse,True
e g y p t,T P Y G E,egypt,TPYGE,upper_reverse,uppercase+reverse,True
e r i t r e a,A E R T I R E,eritrea,AERTIRE,upper_reverse,uppercase+reverse,True
e s t o n i a,A I N O T S E,estonia,AINOTSE,upper_reverse,uppercase+reverse,True
e s w a t i n i,I N I T A W S E,eswatini,INITAWSE,upper_reverse,uppercase+reverse,True
e t h i o p i a,A I P O I H T E,ethiopia,AIPOIHTE,upper_reverse,uppercase+reverse,True
f i j i,I J I F,fiji,IJIF,upper_reverse,uppercase+reverse,True
f i n l a n d,D N A L N I F,finland,DNALNIF,upper_reverse,uppercase+reverse,True
f r a n c e,E C N A R F,france,ECNARF,upper_reverse,uppercase+reverse,True
g a b o n,N O B A G,gabon,NOBAG,upper_reverse,uppercase+reverse,True
g a m b i a,A I B M A G,gambia,AIBMAG,upper_reverse,uppercase+reverse,True
g e o r g i a,A I G R O E G,georgia,AIGROEG,upper_reverse,uppercase+reverse,True
g e r m a n y,Y N A M R E G,germany,YNAMREG,upper_reverse,uppercase+reverse,True
g h a n a,A N A H G,ghana,ANAHG,upper_reverse,uppercase+reverse,True
g r e e c e,E C E E R G,greece,ECEERG,upper_reverse,uppercase+reverse,True
g r e n a d a,A D A N E R G,grenada,ADANERG,upper_reverse,uppercase+reverse,True
g u a t e m a l a,A L A M E T A U G,guatemala,ALAMETAUG,upper_reverse,uppercase+reverse,True
g u i n e a,A E N I U G,guinea,AENIUG,upper_reverse,uppercase+reverse,True
g u y a n a,A N A Y U G,guyana,ANAYUG,upper_reverse,uppercase+reverse,True
h a i t i,I T I A H,haiti,ITIAH,upper_reverse,uppercase+reverse,True
h o n d u r a s,S A R U D N O H,honduras,SARUDNOH,upper_reverse,uppercase+reverse,True
h u n g a r y,Y R A G N U H,hungary,YRAGNUH,upper_reverse,uppercase+reverse,True
i c e l a n d,D N A L E C I,iceland,DNALECI,upper_reverse,uppercase+reverse,True
i n d i a,A I D N I,india,AIDNI,upper_reverse,uppercase+reverse,True
i n d o n e s i a,A I S E N O D N I,indonesia,AISENODNI,upper_reverse,uppercase+reverse,True
i r a n,N A R I,iran,NARI,upper_reverse,uppercase+reverse,True
i r a q,Q A R I,iraq,QARI,upper_reverse,uppercase+reverse,True
i r e l a n d,D N A L E R I,ireland,DNALERI,upper_reverse,uppercase+reverse,True
i s r a e l,L E A R S I,israel,LEARSI,upper_reverse,uppercase+reverse,True
i t a l y,Y L A T I,italy,YLATI,upper_reverse,uppercase+reverse,True
j a m a i c a,A C I A M A J,jamaica,ACIAMAJ,upper_reverse,uppercase+reverse,True
j a p a n,N A P A J,japan,NAPAJ,upper_reverse,uppercase+reverse,True
j o r d a n,N A D R O J,jordan,NADROJ,upper_reverse,uppercase+reverse,True
k a z a k h s t a n,N A T S H K A Z A K,kazakhstan,NATSHKAZAK,upper_reverse,uppercase+reverse,True
k e n y a,A Y N E K,kenya,AYNEK,upper_reverse,uppercase+reverse,True
k i r i b a t i,I T A B I R I K,kiribati,ITABIRIK,upper_reverse,uppercase+reverse,True
k o s o v o,O V O S O K,kosovo,OVOSOK,upper_reverse,uppercase+reverse,True
k u w a i t,T I A W U K,kuwait,TIAWUK,upper_reverse,uppercase+reverse,True
k y r g y z s t a n,N A T S Z Y G R Y K,kyrgyzstan,NATSZYGRYK,upper_reverse,uppercase+reverse,True
l a o s,S O A L,laos,SOAL,upper_reverse,uppercase+reverse,True
l a t v i a,A I V T A L,latvia,AIVTAL,upper_reverse,uppercase+reverse,True
l e b a n o n,N O N A B E L,lebanon,NONABEL,upper_reverse,uppercase+reverse,True
l e s o t h o,O H T O S E L,lesotho,OHTOSEL,upper_reverse,uppercase+reverse,True
l i b e r i a,A I R E B I L,liberia,AIREBIL,upper_reverse,uppercase+reverse,True
l i b y a,A Y B I L,libya,AYBIL,upper_reverse,uppercase+reverse,True
l i e c h t e n s t e i n,N I E T S N E T H C E I L,liechtenstein,NIETSNETHCEIL,upper_reverse,uppercase+reverse,True
l i t h u a n i a,A I N A U H T I L,lithuania,AINAUHTIL,upper_reverse,uppercase+reverse,True
l u x e m b o u r g,G R U O B M E X U L,luxembourg,GRUOBMEXUL,upper_reverse,uppercase+reverse,True
m a d a g a s c a r,R A C S A G A D A M,madagascar,RACSAGADAM,upper_reverse,uppercase+reverse,True
m a l a w i,I W A L A M,malawi,IWALAM,upper_reverse,uppercase+reverse,True
m a l a y s i a,A I S Y A L A M,malaysia,AISYALAM,upper_reverse,uppercase+reverse,True
m a l d i v e s,S E V I D L A M,maldives,SEVIDLAM,upper_reverse,uppercase+reverse,True
m a l i,I L A M,mali,ILAM,upper_reverse,uppercase+reverse,True
m a l t a,A T L A M,malta,ATLAM,upper_reverse,uppercase+reverse,True
m a u r i t a n i a,A I N A T I R U A M,mauritania,AINATIRUAM,upper_reverse,uppercase+reverse,True
m a u r i t i u s,S U I T I R U A M,mauritius,SUITIRUAM,upper_reverse,uppercase+reverse,True
m e x i c o,O C I X E M,mexico,OCIXEM,upper_reverse,uppercase+reverse,True
m i c r o n e s i a,A I S E N O R C I M,micronesia,AISENORCIM,upper_reverse,uppercase+reverse,True
m o l d o v a,A V O D L O M,moldova,AVODLOM,upper_reverse,uppercase+reverse,True
m o n a c o,O C A N O M,monaco,OCANOM,upper_reverse,uppercase+reverse,True
m o n g o l i a,A I L O G N O M,mongolia,AILOGNOM,upper_reverse,uppercase+reverse,True
m o n t e n e g r o,O R G E N E T N O M,montenegro,ORGENETNOM,upper_reverse,uppercase+reverse,True
m o r o c c o,O C C O R O M,morocco,OCCOROM,upper_reverse,uppercase+reverse,True
m o z a m b i q u e,E U Q I B M A Z O M,mozambique,EUQIBMAZOM,upper_reverse,uppercase+reverse,True
m y a n m a r,R A M N A Y M,myanmar,RAMNAYM,upper_reverse,uppercase+reverse,True
n a m i b i a,A I B I M A N,namibia,AIBIMAN,upper_reverse,uppercase+reverse,True
n a u r u,U R U A N,nauru,URUAN,upper_reverse,uppercase+reverse,True
n e p a l,L A P E N,nepal,LAPEN,upper_reverse,uppercase+reverse,True
n e t h e r l a n d s,S D N A L R E H T E N,netherlands,SDNALREHTEN,upper_reverse,uppercase+reverse,True
n i c a r a g u a,A U G A R A C I N,nicaragua,AUGARACIN,upper_reverse,uppercase+reverse,True
n i g e r,R E G I N,niger,REGIN,upper_reverse,uppercase+reverse,True
n i g e r i a,A I R E G I N,nigeria,AIREGIN,upper_reverse,uppercase+reverse,True
n o r w a y,Y A W R O N,norway,YAWRON,upper_reverse,uppercase+reverse,True
o m a n,N A M O,oman,NAMO,upper_reverse,uppercase+reverse,True
p a k i s t a n,N A T S I K A P,pakistan,NATSIKAP,upper_reverse,uppercase+reverse,True
p a l a u,U A L A P,palau,UALAP,upper_reverse,uppercase+reverse,True
p a l e s t i n e,E N I T S E L A P,palestine,ENITSELAP,upper_reverse,uppercase+reverse,True
p a n a m a,A M A N A P,panama,AMANAP,upper_reverse,uppercase+reverse,True
p a r a g u a y,Y A U G A R A P,paraguay,YAUGARAP,upper_reverse,uppercase+reverse,True
p e r u,U R E P,peru,UREP,upper_reverse,uppercase+reverse,True
p h i l i p p i n e s,S E N I P P I L I H P,philippines,SENIPPILIHP,upper_reverse,uppercase+reverse,True
p o l a n d,D N A L O P,poland,DNALOP,upper_reverse,uppercase+reverse,True
p o r t u g a l,L A G U T R O P,portugal,LAGUTROP,upper_reverse,uppercase+reverse,True
q a t a r,R A T A Q,qatar,RATAQ,upper_reverse,uppercase+reverse,True
r o m a n i a,A I N A M O R,romania,AINAMOR,upper_reverse,uppercase+reverse,True
r u s s i a,A I S S U R,russia,AISSUR,upper_reverse,uppercase+reverse,True
r w a n d a,A D N A W R,rwanda,ADNAWR,upper_reverse,uppercase+reverse,True
s a m o a,A O M A S,samoa,AOMAS,upper_reverse,uppercase+reverse,True
s e n e g a l,L A G E N E S,senegal,LAGENES,upper_reverse,uppercase+reverse,True
s e r b i a,A I B R E S,serbia,AIBRES,upper_reverse,uppercase+reverse,True
s e y c h e l l e s,S E L L E H C Y E S,seychelles,SELLEHCYES,upper_reverse,uppercase+reverse,True
s i n g a p o r e,E R O P A G N I S,singapore,EROPAGNIS,upper_reverse,uppercase+reverse,True
s l o v a k i a,A I K A V O L S,slovakia,AIKAVOLS,upper_reverse,uppercase+reverse,True
s l o v e n i a,A I N E V O L S,slovenia,AINEVOLS,upper_reverse,uppercase+reverse,True
s o m a l i a,A I L A M O S,somalia,AILAMOS,upper_reverse,uppercase+reverse,True
s p a i n,N I A P S,spain,NIAPS,upper_reverse,uppercase+reverse,True
s u d a n,N A D U S,sudan,NADUS,upper_reverse,uppercase+reverse,True
s u r i n a m e,E M A N I R U S,suriname,EMANIRUS,upper_reverse,uppercase+reverse,True
s w e d e n,N E D E W S,sweden,NEDEWS,upper_reverse,uppercase+reverse,True
s w i t z e r l a n d,D N A L R E Z T I W S,switzerland,DNALREZTIWS,upper_reverse,uppercase+reverse,True
s y r i a,A I R Y S,syria,AIRYS,upper_reverse,uppercase+reverse,True
t a i w a n,N A W I A T,taiwan,NAWIAT,upper_reverse,uppercase+reverse,True
t a j i k i s t a n,N A T S I K I J A T,tajikistan,NATSIKIJAT,upper_reverse,uppercase+reverse,True
t a n z a n i a,A I N A Z N A T,tanzania,AINAZNAT,upper_reverse,uppercase+reverse,True
t h a i l a n d,D N A L I A H T,thailand,DNALIAHT,upper_reverse,uppercase+reverse,True
t o g o,O G O T,togo,OGOT,upper_reverse,uppercase+reverse,True
t o n g a,A G N O T,tonga,AGNOT,upper_reverse,uppercase+reverse,True
t u n i s i a,A I S I N U T,tunisia,AISINUT,upper_reverse,uppercase+reverse,True
t u r k e y,Y E K R U T,turkey,YEKRUT,upper_reverse,uppercase+reverse,True
t u r k m e n i s t a n,N A T S I N E M K R U T,turkmenistan,NATSINEMKRUT,upper_reverse,uppercase+reverse,True
t u v a l u,U L A V U T,tuvalu,ULAVUT,upper_reverse,uppercase+reverse,True
u a e,E A U,uae,EAU,upper_reverse,uppercase+reverse,True
u g a n d a,A D N A G U,uganda,ADNAGU,upper_reverse,uppercase+reverse,True
u k r a i n e,E N I A R K U,ukraine,ENIARKU,upper_reverse,uppercase+reverse,True
u r u g u a y,Y A U G U R U,uruguay,YAUGURU,upper_reverse,uppercase+reverse,True
u z b e k i s t a n,N A T S I K E B Z U,uzbekistan,NATSIKEBZU,upper_reverse,uppercase+reverse,True
v a n u a t u,U T A U N A V,vanuatu,UTAUNAV,upper_reverse,uppercase+reverse,True
v e n e z u e l a,A L E U Z E N E V,venezuela,ALEUZENEV,upper_reverse,uppercase+reverse,True
v i e t n a m,M A N T E I V,vietnam,MANTEIV,upper_reverse,uppercase+reverse,True
y e m e n,N E M E Y,yemen,NEMEY,upper_reverse,uppercase+reverse,True
z a m b i a,A I B M A Z,zambia,AIBMAZ,upper_reverse,uppercase+reverse,True
z i m b a b w e,E W B A B M I Z,zimbabwe,EWBABMIZ,upper_reverse,uppercase+reverse,True
a b a j o,O J A B A,abajo,OJABA,upper_reverse,uppercase+reverse,True
a b i e r t o,O T R E I B A,abierto,OTREIBA,upper_reverse,uppercase+reverse,True
a b o g a d o,O D A G O B A,abogado,ODAGOBA,upper_reverse,uppercase+reverse,True
a b u e l a,A L E U B A,abuela,ALEUBA,upper_reverse,uppercase+reverse,True
a b u e l o,O L E U B A,abuelo,OLEUBA,upper_reverse,uppercase+reverse,True
a c c e l e r a t e,E T A R E L E C C A,accelerate,ETARELECCA,upper_reverse,uppercase+reverse,True
a c h i e v e,E V E I H C A,achieve,EVEIHCA,upper_reverse,uppercase+reverse,True
a c t i v a t e,E T A V I T C A,activate,ETAVITCA,upper_reverse,uppercase+reverse,True
a c t o r,R O T C A,actor,ROTCA,upper_reverse,uppercase+reverse,True
a c t r e s s,S S E R T C A,actress,SSERTCA,upper_reverse,uppercase+reverse,True
a d i ó s,S Ó I D A,adiós,SÓIDA,upper_reverse,uppercase+reverse,True
a d v e r t i s e,E S I T R E V D A,advertise,ESITREVDA,upper_reverse,uppercase+reverse,True
a g u a,A U G A,agua,AUGA,upper_reverse,uppercase+reverse,True
a l t o,O T L A,alto,OTLA,upper_reverse,uppercase+reverse,True
a m a r i l l o,O L L I R A M A,amarillo,OLLIRAMA,upper_reverse,uppercase+reverse,True
a m i,I M A,ami,IMA,upper_reverse,uppercase+reverse,True
a m i g o,O G I M A,amigo,OGIMA,upper_reverse,uppercase+reverse,True
a n,N A,an,NA,upper_reverse,uppercase+reverse,True
a n a l y s i s,S I S Y L A N A,analysis,SISYLANA,upper_reverse,uppercase+reverse,True
a n c h o,O H C N A,ancho,OHCNA,upper_reverse,uppercase+reverse,True
a n t i c i p a t e,E T A P I C I T N A,anticipate,ETAPICITNA,upper_reverse,uppercase+reverse,True
a p o l o g i z e,E Z I G O L O P A,apologize,EZIGOLOPA,upper_reverse,uppercase+reverse,True
a p p l e,E L P P A,apple,ELPPA,upper_reverse,uppercase+reverse,True
a p p r e c i a t e,E T A I C E R P P A,appreciate,ETAICERPPA,upper_reverse,uppercase+reverse,True
a r b r e,E R B R A,arbre,ERBRA,upper_reverse,uppercase+reverse,True
a r g u e,E U G R A,argue,EUGRA,upper_reverse,uppercase+reverse,True
a r m,M R A,arm,MRA,upper_reverse,uppercase+reverse,True
a r r i b a,A B I R R A,arriba,ABIRRA,upper_reverse,uppercase+reverse,True
a r r i v e,E V I R R A,arrive,EVIRRA,upper_reverse,uppercase+reverse,True
a r t e r y,Y R E T R A,artery,YRETRA,upper_reverse,uppercase+reverse,True
a r t i s t,T S I T R A,artist,TSITRA,upper_reverse,uppercase+reverse,True
a r t i s t a,A T S I T R A,artista,ATSITRA,upper_reverse,uppercase+reverse,True
a r t i s t e,E T S I T R A,artiste,ETSITRA,upper_reverse,uppercase+reverse,True
a t r á s,S Á R T A,atrás,SÁRTA,upper_reverse,uppercase+reverse,True
a u n t,T N U A,aunt,TNUA,upper_reverse,uppercase+reverse,True
a v o c a t,T A C O V A,avocat,TACOVA,upper_reverse,uppercase+reverse,True
a x i s,S I X A,axis,SIXA,upper_reverse,uppercase+reverse,True
a y e r,R E Y A,ayer,REYA,upper_reverse,uppercase+reverse,True
a z u l,L U Z A,azul,LUZA,upper_reverse,uppercase+reverse,True
a z ú c a r,R A C Ú Z A,azúcar,RACÚZA,upper_reverse,uppercase+reverse,True
a ñ o,O Ñ A,año,OÑA,upper_reverse,uppercase+reverse,True
b a b y,Y B A B,baby,YBAB,upper_reverse,uppercase+reverse,True
b a c k,K C A B,back,KCAB,upper_reverse,uppercase+reverse,True
b a d,D A B,bad,DAB,upper_reverse,uppercase+reverse,True
b a i l e,E L I A B,baile,ELIAB,upper_reverse,uppercase+reverse,True
b a j o,O J A B,bajo,OJAB,upper_reverse,uppercase+reverse,True
b a k e,E K A B,bake,EKAB,upper_reverse,uppercase+reverse,True
b a k e r,R E K A B,baker,REKAB,upper_reverse,uppercase+reverse,True
b a l l,L L A B,ball,LLAB,upper_reverse,uppercase+reverse,True
b a l l e,E L L A B,balle,ELLAB,upper_reverse,uppercase+reverse,True
b a n a n a,A N A N A B,banana,ANANAB,upper_reverse,uppercase+reverse,True
b a s,S A B,bas,SAB,upper_reverse,uppercase+reverse,True
b a s i s,S I S A B,basis,SISAB,upper_reverse,uppercase+reverse,True
b a y,Y A B,bay,YAB,upper_reverse,uppercase+reverse,True
b e a c h,H C A E B,beach,HCAEB,upper_reverse,uppercase+reverse,True
b e a u,U A E B,beau,UAEB,upper_reverse,uppercase+reverse,True
b e a u t i f u l,L U F I T U A E B,beautiful,LUFITUAEB,upper_reverse,uppercase+reverse,True
b e b é,É B E B,bebé,ÉBEB,upper_reverse,uppercase+reverse,True
b e g i n,N I G E B,begin,NIGEB,upper_reverse,uppercase+reverse,True
b e l i e f,F E I L E B,belief,FEILEB,upper_reverse,uppercase+reverse,True
b e l i e v e,E V E I L E B,believe,EVEILEB,upper_reverse,uppercase+reverse,True
b e n d,D N E B,bend,DNEB,upper_reverse,uppercase+reverse,True
b e r r y,Y R R E B,berry,YRREB,upper_reverse,uppercase+reverse,True
b i g,G I B,big,GIB,upper_reverse,uppercase+reverse,True
b i k e,E K I B,bike,EKIB,upper_reverse,uppercase+reverse,True
b i r d,D R I B,bird,DRIB,upper_reverse,uppercase+reverse,True
b l a c k,K C A L B,black,KCALB,upper_reverse,uppercase+reverse,True
b l a n c,C N A L B,blanc,CNALB,upper_reverse,uppercase+reverse,True
b l a n c o,O C N A L B,blanco,OCNALB,upper_reverse,uppercase+reverse,True
b l e u,U E L B,bleu,UELB,upper_reverse,uppercase+reverse,True
b l u e,E U L B,blue,EULB,upper_reverse,uppercase+reverse,True
b o c a,A C O B,boca,ACOB,upper_reverse,uppercase+reverse,True
b o d y,Y D O B,body,YDOB,upper_reverse,uppercase+reverse,True
b o n,N O B,bon,NOB,upper_reverse,uppercase+reverse,True
b o n e,E N O B,bone,ENOB,upper_reverse,uppercase+reverse,True
b o n j o u r,R U O J N O B,bonjour,RUOJNOB,upper_reverse,uppercase+reverse,True
b o n s o i r,R I O S N O B,bonsoir,RIOSNOB,upper_reverse,uppercase+reverse,True
b o o k,K O O B,book,KOOB,upper_reverse,uppercase+reverse,True
b o u c h e,E H C U O B,bouche,EHCUOB,upper_reverse,uppercase+reverse,True
b o x,X O B,box,XOB,upper_reverse,uppercase+reverse,True
b o y,Y O B,boy,YOB,upper_reverse,uppercase+reverse,True
b r a i n,N I A R B,brain,NIARB,upper_reverse,uppercase+reverse,True
b r e a d,D A E R B,bread,DAERB,upper_reverse,uppercase+reverse,True
b r o t h e r,R E H T O R B,brother,REHTORB,upper_reverse,uppercase+reverse,True
b r o w n,N W O R B,brown,NWORB,upper_reverse,uppercase+reverse,True
b r u s h,H S U R B,brush,HSURB,upper_reverse,uppercase+reverse,True
b u e n o,O N E U B,bueno,ONEUB,upper_reverse,uppercase+reverse,True
b u i l d,D L I U B,build,DLIUB,upper_reverse,uppercase+reverse,True
b u i l d e r,R E D L I U B,builder,REDLIUB,upper_reverse,uppercase+reverse,True
b u s,S U B,bus,SUB,upper_reverse,uppercase+reverse,True
b u t c h e r,R E H C T U B,butcher,REHCTUB,upper_reverse,uppercase+reverse,True
b u t t e r f l y,Y L F R E T T U B,butterfly,YLFRETTUB,upper_reverse,uppercase+reverse,True
b é b é,É B É B,bébé,ÉBÉB,upper_reverse,uppercase+reverse,True
c a b a l l o,O L L A B A C,caballo,OLLABAC,upper_reverse,uppercase+reverse,True
c a b e z a,A Z E B A C,cabeza,AZEBAC,upper_reverse,uppercase+reverse,True
c a f é,É F A C,café,ÉFAC,upper_reverse,uppercase+reverse,True
c a l c u l a t e,E T A L U C L A C,calculate,ETALUCLAC,upper_reverse,uppercase+reverse,True
c a l f,F L A C,calf,FLAC,upper_reverse,uppercase+reverse,True
c a l i e n t e,E T N E I L A C,caliente,ETNEILAC,upper_reverse,uppercase+reverse,True
c a l l e,E L L A C,calle,ELLAC,upper_reverse,uppercase+reverse,True
c a m p,P M A C,camp,PMAC,upper_reverse,uppercase+reverse,True
c a n c i ó n,N Ó I C N A C,canción,NÓICNAC,upper_reverse,uppercase+reverse,True
c a n t a n t e,E T N A T N A C,cantante,ETNATNAC,upper_reverse,uppercase+reverse,True
c a r,R A C,car,RAC,upper_reverse,uppercase+reverse,True
c a r e,E R A C,care,ERAC,upper_reverse,uppercase+reverse,True
c a r g o,O G R A C,cargo,OGRAC,upper_reverse,uppercase+reverse,True
c a r r y,Y R R A C,carry,YRRAC,upper_reverse,uppercase+reverse,True
c a r t a,A T R A C,carta,ATRAC,upper_reverse,uppercase+reverse,True
c a s a,A S A C,casa,ASAC,upper_reverse,uppercase+reverse,True
c a t,T A C,cat,TAC,upper_reverse,uppercase+reverse,True
c a t c h,H C T A C,catch,HCTAC,upper_reverse,uppercase+reverse,True
c e l e b r a t e,E T A R B E L E C,celebrate,ETARBELEC,upper_reverse,uppercase+reverse,True
c e n t,T N E C,cent,TNEC,upper_reverse,uppercase+reverse,True
c e r c a,A C R E C,cerca,ACREC,upper_reverse,uppercase+reverse,True
c e r e b r o,O R B E R E C,cerebro,ORBEREC,upper_reverse,uppercase+reverse,True
c e r r a d o,O D A R R E C,cerrado,ODARREC,upper_reverse,uppercase+reverse,True
c e r v e a u,U A E V R E C,cerveau,UAEVREC,upper_reverse,uppercase+reverse,True
c h a i r,R I A H C,chair,RIAHC,upper_reverse,uppercase+reverse,True
c h a i s e,E S I A H C,chaise,ESIAHC,upper_reverse,uppercase+reverse,True
c h a n g e,E G N A H C,change,EGNAHC,upper_reverse,uppercase+reverse,True
c h a n s o n,N O S N A H C,chanson,NOSNAHC,upper_reverse,uppercase+reverse,True
c h a t,T A H C,chat,TAHC,upper_reverse,uppercase+reverse,True
c h a u d,D U A H C,chaud,DUAHC,upper_reverse,uppercase+reverse,True
c h e e s e,E S E E H C,cheese,ESEEHC,upper_reverse,uppercase+reverse,True
c h e f,F E H C,chef,FEHC,upper_reverse,uppercase+reverse,True
c h e v a l,L A V E H C,cheval,LAVEHC,upper_reverse,uppercase+reverse,True
c h i e f,F E I H C,chief,FEIHC,upper_reverse,uppercase+reverse,True
c h i e n,N E I H C,chien,NEIHC,upper_reverse,uppercase+reverse,True
c h i l d,D L I H C,child,DLIHC,upper_reverse,uppercase+reverse,True
c h u r c h,H C R U H C,church,HCRUHC,upper_reverse,uppercase+reverse,True
c i e n,N E I C,cien,NEIC,upper_reverse,uppercase+reverse,True
c i n c o,O C N I C,cinco,OCNIC,upper_reverse,uppercase+reverse,True
c i n q,Q N I C,cinq,QNIC,upper_reverse,uppercase+reverse,True
c i t y,Y T I C,city,YTIC,upper_reverse,uppercase+reverse,True
c i u d a d,D A D U I C,ciudad,DADUIC,upper_reverse,uppercase+reverse,True
c l a s s,S S A L C,class,SSALC,upper_reverse,uppercase+reverse,True
c l e a n,N A E L C,clean,NAELC,upper_reverse,uppercase+reverse,True
c l e r k,K R E L C,clerk,KRELC,upper_reverse,uppercase+reverse,True
c l i f f,F F I L C,cliff,FFILC,upper_reverse,uppercase+reverse,True
c l i m b,B M I L C,climb,BMILC,upper_reverse,uppercase+reverse,True
c l o s e,E S O L C,close,ESOLC,upper_reverse,uppercase+reverse,True
c l o s e d,D E S O L C,closed,DESOLC,upper_reverse,uppercase+reverse,True
c o c h e,E H C O C,coche,EHCOC,upper_reverse,uppercase+reverse,True
c o f f e e,E E F F O C,coffee,EEFFOC,upper_reverse,uppercase+reverse,True
c o l d,D L O C,cold,DLOC,upper_reverse,uppercase+reverse,True
c o m e,E M O C,come,EMOC,upper_reverse,uppercase+reverse,True
c o m i d a,A D I M O C,comida,ADIMOC,upper_reverse,uppercase+reverse,True
c o m m u n i c a t e,E T A C I N U M M O C,communicate,ETACINUMMOC,upper_reverse,uppercase+reverse,True
c o m p e t e,E T E P M O C,compete,ETEPMOC,upper_reverse,uppercase+reverse,True
c o m p l e t e,E T E L P M O C,complete,ETELPMOC,upper_reverse,uppercase+reverse,True
c o m p u t e r,R E T U P M O C,computer,RETUPMOC,upper_reverse,uppercase+reverse,True
c o n c e n t r a t e,E T A R T N E C N O C,concentrate,ETARTNECNOC,upper_reverse,uppercase+reverse,True
c o n t e m p l a t e,E T A L P M E T N O C,contemplate,ETALPMETNOC,upper_reverse,uppercase+reverse,True
c o n t i n u e,E U N I T N O C,continue,EUNITNOC,upper_reverse,uppercase+reverse,True
c o o k,K O O C,cook,KOOC,upper_reverse,uppercase+reverse,True
c o o p e r a t e,E T A R E P O O C,cooperate,ETAREPOOC,upper_reverse,uppercase+reverse,True
c o o r d i n a t e,E T A N I D R O O C,coordinate,ETANIDROOC,upper_reverse,uppercase+reverse,True
c o r a z ó n,N Ó Z A R O C,corazón,NÓZAROC,upper_reverse,uppercase+reverse,True
c o r p s,S P R O C,corps,SPROC,upper_reverse,uppercase+reverse,True
c o r t o,O T R O C,corto,OTROC,upper_reverse,uppercase+reverse,True
c o u n t r y,Y R T N U O C,country,YRTNUOC,upper_reverse,uppercase+reverse,True
c o u r t,T R U O C,court,TRUOC,upper_reverse,uppercase+reverse,True
c o u s i n,N I S U O C,cousin,NISUOC,upper_reverse,uppercase+reverse,True
c r e a t e,E T A E R C,create,ETAERC,upper_reverse,uppercase+reverse,True
c r i s i s,S I S I R C,crisis,SISIRC,upper_reverse,uppercase+reverse,True
c r i t e r i o n,N O I R E T I R C,criterion,NOIRETIRC,upper_reverse,uppercase+reverse,True
c r i t i c i z e,E Z I C I T I R C,criticize,EZICITIRC,upper_reverse,uppercase+reverse,True
c r y,Y R C,cry,YRC,upper_reverse,uppercase+reverse,True
c u a t r o,O R T A U C,cuatro,ORTAUC,upper_reverse,uppercase+reverse,True
c u e r p o,O P R E U C,cuerpo,OPREUC,upper_reverse,uppercase+reverse,True
c u l t i v a t e,E T A V I T L U C,cultivate,ETAVITLUC,upper_reverse,uppercase+reverse,True
c u p,P U C,cup,PUC,upper_reverse,uppercase+reverse,True
c u r r i c u l u m,M U L U C I R R U C,curriculum,MULUCIRRUC,upper_reverse,uppercase+reverse,True
c œ u r,R U Œ C,cœur,RUŒC,upper_reverse,uppercase+reverse,True
d a n c e,E C N A D,dance,ECNAD,upper_reverse,uppercase+reverse,True
d a n c e r,R E C N A D,dancer,RECNAD,upper_reverse,uppercase+reverse,True
d a n s e,E S N A D,danse,ESNAD,upper_reverse,uppercase+reverse,True
d a t u m,M U T A D,datum,MUTAD,upper_reverse,uppercase+reverse,True
d a u g h t e r,R E T H G U A D,daughter,RETHGUAD,upper_reverse,uppercase+reverse,True
d a y,Y A D,day,YAD,upper_reverse,uppercase+reverse,True
d e c i d e,E D I C E D,decide,EDICED,upper_reverse,uppercase+reverse,True
d e c o r a t e,E T A R O C E D,decorate,ETAROCED,upper_reverse,uppercase+reverse,True
d e d a n s,S N A D E D,dedans,SNADED,upper_reverse,uppercase+reverse,True
d e d i c a t e,E T A C I D E D,dedicate,ETACIDED,upper_reverse,uppercase+reverse,True
d e e r,R E E D,deer,REED,upper_reverse,uppercase+reverse,True
d e f e a t,T A E F E D,defeat,TAEFED,upper_reverse,uppercase+reverse,True
d e h o r s,S R O H E D,dehors,SROHED,upper_reverse,uppercase+reverse,True
d e l e t e,E T E L E D,delete,ETELED,upper_reverse,uppercase+reverse,True
d e m a i n,N I A M E D,demain,NIAMED,upper_reverse,uppercase+reverse,True
d e m o n s t r a t e,E T A R T S N O M E D,demonstrate,ETARTSNOMED,upper_reverse,uppercase+reverse,True
d e n t r o,O R T N E D,dentro,ORTNED,upper_reverse,uppercase+reverse,True
d e p o r t e,E T R O P E D,deporte,ETROPED,upper_reverse,uppercase+reverse,True
d e r e c h o,O H C E R E D,derecho,OHCERED,upper_reverse,uppercase+reverse,True
d e r n i e r,R E I N R E D,dernier,REINRED,upper_reverse,uppercase+reverse,True
d e r r i è r e,E R È I R R E D,derrière,ERÈIRRED,upper_reverse,uppercase+reverse,True
d e s i g n a t e,E T A N G I S E D,designate,ETANGISED,upper_reverse,uppercase+reverse,True
d e t e r m i n e,E N I M R E T E D,determine,ENIMRETED,upper_reverse,uppercase+reverse,True
d e u x,X U E D,deux,XUED,upper_reverse,uppercase+reverse,True
d e v a n t,T N A V E D,devant,TNAVED,upper_reverse,uppercase+reverse,True
d e v i a t e,E T A I V E D,deviate,ETAIVED,upper_reverse,uppercase+reverse,True
d i e z,Z E I D,diez,ZEID,upper_reverse,uppercase+reverse,True
d i f f i c i l e,E L I C I F F I D,difficile,ELICIFFID,upper_reverse,uppercase+reverse,True
d i f f i c u l t,T L U C I F F I D,difficult,TLUCIFFID,upper_reverse,uppercase+reverse,True
d i f í c i l,L I C Í F I D,difícil,LICÍFID,upper_reverse,uppercase+reverse,True
d i r e c t o r,R O T C E R I D,director,ROTCERID,upper_reverse,uppercase+reverse,True
d i r t y,Y T R I D,dirty,YTRID,upper_reverse,uppercase+reverse,True
d i s h,H S I D,dish,HSID,upper_reverse,uppercase+reverse,True
d i x,X I D,dix,XID,upper_reverse,uppercase+reverse,True
d o c t o r,R O T C O D,doctor,ROTCOD,upper_reverse,uppercase+reverse,True
d o g,G O D,dog,GOD,upper_reverse,uppercase+reverse,True
d o m i n a t e,E T A N I M O D,dominate,ETANIMOD,upper_reverse,uppercase+reverse,True
d o o r,R O O D,door,ROOD,upper_reverse,uppercase+reverse,True
d o s,S O D,dos,SOD,upper_reverse,uppercase+reverse,True
d o w n,N W O D,down,NWOD,upper_reverse,uppercase+reverse,True
d r a w,W A R D,draw,WARD,upper_reverse,uppercase+reverse,True
d r i n k,K N I R D,drink,KNIRD,upper_reverse,uppercase+reverse,True
d r i v e,E V I R D,drive,EVIRD,upper_reverse,uppercase+reverse,True
d r i v e r,R E V I R D,driver,REVIRD,upper_reverse,uppercase+reverse,True
d r o i t,T I O R D,droit,TIORD,upper_reverse,uppercase+reverse,True
d u c h e s s,S S E H C U D,duchess,SSEHCUD,upper_reverse,uppercase+reverse,True
d u k e,E K U D,duke,EKUD,upper_reverse,uppercase+reverse,True
d w a r f,F R A W D,dwarf,FRAWD,upper_reverse,uppercase+reverse,True
d é b i l,L I B É D,débil,LIBÉD,upper_reverse,uppercase+reverse,True
d í a,A Í D,día,AÍD,upper_reverse,uppercase+reverse,True
e a r,R A E,ear,RAE,upper_reverse,uppercase+reverse,True
e a s y,Y S A E,easy,YSAE,upper_reverse,uppercase+reverse,True
e a t,T A E,eat,TAE,upper_reverse,uppercase+reverse,True
e a u,U A E,eau,UAE,upper_reverse,uppercase+reverse,True
e c h o,O H C E,echo,OHCE,upper_reverse,uppercase+reverse,True
e d u c a t e,E T A C U D E,educate,ETACUDE,upper_reverse,uppercase+reverse,True
e i g h t,T H G I E,eight,THGIE,upper_reverse,uppercase+reverse,True
e l f,F L E,elf,FLE,upper_reverse,uppercase+reverse,True
e l i m i n a t e,E T A N I M I L E,eliminate,ETANIMILE,upper_reverse,uppercase+reverse,True
e m p e r o r,R O R E P M E,emperor,ROREPME,upper_reverse,uppercase+reverse,True
e m p r e s s,S S E R P M E,empress,SSERPME,upper_reverse,uppercase+reverse,True
e m p t y,Y T P M E,empty,YTPME,upper_reverse,uppercase+reverse,True
e n d,D N E,end,DNE,upper_reverse,uppercase+reverse,True
e n f a n t,T N A F N E,enfant,TNAFNE,upper_reverse,uppercase+reverse,True
e n f e r m e r a,A R E M R E F N E,enfermera,AREMREFNE,upper_reverse,uppercase+reverse,True
e n g i n e e r,R E E N I G N E,engineer,REENIGNE,upper_reverse,uppercase+reverse,True
e s c a l a t e,E T A L A C S E,escalate,ETALACSE,upper_reverse,uppercase+reverse,True
e s c u e l a,A L E U C S E,escuela,ALEUCSE,upper_reverse,uppercase+reverse,True
e s p o s a,A S O P S E,esposa,ASOPSE,upper_reverse,uppercase+reverse,True
e s p o s o,O S O P S E,esposo,OSOPSE,upper_reverse,uppercase+reverse,True
e s t r e c h o,O H C E R T S E,estrecho,OHCERTSE,upper_reverse,uppercase+reverse,True
e s t r e l l a,A L L E R T S E,estrella,ALLERTSE,upper_reverse,uppercase+reverse,True
e s t u d i a n t e,E T N A I D U T S E,estudiante,ETNAIDUTSE,upper_reverse,uppercase+reverse,True
e v a l u a t e,E T A U L A V E,evaluate,ETAULAVE,upper_reverse,uppercase+reverse,True
e v a p o r a t e,E T A R O P A V E,evaporate,ETAROPAVE,upper_reverse,uppercase+reverse,True
e x a g g e r a t e,E T A R E G G A X E,exaggerate,ETAREGGAXE,upper_reverse,uppercase+reverse,True
e x a m i n e,E N I M A X E,examine,ENIMAXE,upper_reverse,uppercase+reverse,True
e x c i t e,E T I C X E,excite,ETICXE,upper_reverse,uppercase+reverse,True
e x e r c i s e,E S I C R E X E,exercise,ESICREXE,upper_reverse,uppercase+reverse,True
e x p l o r e,E R O L P X E,explore,EROLPXE,upper_reverse,uppercase+reverse,True
e y e,E Y E,eye,EYE,upper_reverse,uppercase+reverse,True
f a c i l e,E L I C A F,facile,ELICAF,upper_reverse,uppercase+reverse,True
f a i b l e,E L B I A F,faible,ELBIAF,upper_reverse,uppercase+reverse,True
f a m i l i a,A I L I M A F,familia,AILIMAF,upper_reverse,uppercase+reverse,True
f a m i l l e,E L L I M A F,famille,ELLIMAF,upper_reverse,uppercase+reverse,True
f a m i l y,Y L I M A F,family,YLIMAF,upper_reverse,uppercase+reverse,True
f a r,R A F,far,RAF,upper_reverse,uppercase+reverse,True
f a r m e r,R E M R A F,farmer,REMRAF,upper_reverse,uppercase+reverse,True
f a s c i n a t e,E T A N I C S A F,fascinate,ETANICSAF,upper_reverse,uppercase+reverse,True
f a s t,T S A F,fast,TSAF,upper_reverse,uppercase+reverse,True
f a t h e r,R E H T A F,father,REHTAF,upper_reverse,uppercase+reverse,True
f e e l,L E E F,feel,LEEF,upper_reverse,uppercase+reverse,True
f e l i z,Z I L E F,feliz,ZILEF,upper_reverse,uppercase+reverse,True
f e m m e,E M M E F,femme,EMMEF,upper_reverse,uppercase+reverse,True
f e n ê t r e,E R T Ê N E F,fenêtre,ERTÊNEF,upper_reverse,uppercase+reverse,True
f e o,O E F,feo,OEF,upper_reverse,uppercase+reverse,True
f e r m i e r,R E I M R E F,fermier,REIMREF,upper_reverse,uppercase+reverse,True
f e r m é,É M R E F,fermé,ÉMREF,upper_reverse,uppercase+reverse,True
f i l l e,E L L I F,fille,ELLIF,upper_reverse,uppercase+reverse,True
f i l s,S L I F,fils,SLIF,upper_reverse,uppercase+reverse,True
f i n g e r,R E G N I F,finger,REGNIF,upper_reverse,uppercase+reverse,True
f i n i s h,H S I N I F,finish,HSINIF,upper_reverse,uppercase+reverse,True
f i r s t,T S R I F,first,TSRIF,upper_reverse,uppercase+reverse,True
f i s h,H S I F,fish,HSIF,upper_reverse,uppercase+reverse,True
f i v e,E V I F,five,EVIF,upper_reverse,uppercase+reverse,True
f l e u r,R U E L F,fleur,RUELF,upper_reverse,uppercase+reverse,True
f l o r,R O L F,flor,ROLF,upper_reverse,uppercase+reverse,True
f l o w e r,R E W O L F,flower,REWOLF,upper_reverse,uppercase+reverse,True
f l y,Y L F,fly,YLF,upper_reverse,uppercase+reverse,True
f o o d,D O O F,food,DOOF,upper_reverse,uppercase+reverse,True
f o o t,T O O F,foot,TOOF,upper_reverse,uppercase+reverse,True
f o r k,K R O F,fork,KROF,upper_reverse,uppercase+reverse,True
f o r t,T R O F,fort,TROF,upper_reverse,uppercase+reverse,True
f o u r,R U O F,four,RUOF,upper_reverse,uppercase+reverse,True
f o x,X O F,fox,XOF,upper_reverse,uppercase+reverse,True
f r a s e,E S A R F,frase,ESARF,upper_reverse,uppercase+reverse,True
f r e n t e,E T N E R F,frente,ETNERF,upper_reverse,uppercase+reverse,True
f r i e n d,D N E I R F,friend,DNEIRF,upper_reverse,uppercase+reverse,True
f r o i d,D I O R F,froid,DIORF,upper_reverse,uppercase+reverse,True
f r o m a g e,E G A M O R F,fromage,EGAMORF,upper_reverse,uppercase+reverse,True
f r o n t,T N O R F,front,TNORF,upper_reverse,uppercase+reverse,True
f r è r e,E R È R F,frère,ERÈRF,upper_reverse,uppercase+reverse,True
f r í o,O Í R F,frío,OÍRF,upper_reverse,uppercase+reverse,True
f u e r a,A R E U F,fuera,AREUF,upper_reverse,uppercase+reverse,True
f u e r t e,E T R E U F,fuerte,ETREUF,upper_reverse,uppercase+reverse,True
f u l l,L L U F,full,LLUF,upper_reverse,uppercase+reverse,True
f á c i l,L I C Á F,fácil,LICÁF,upper_reverse,uppercase+reverse,True
g a m e,E M A G,game,EMAG,upper_reverse,uppercase+reverse,True
g a r ç o n,N O Ç R A G,garçon,NOÇRAG,upper_reverse,uppercase+reverse,True
g a t o,O T A G,gato,OTAG,upper_reverse,uppercase+reverse,True
g a u c h e,E H C U A G,gauche,EHCUAG,upper_reverse,uppercase+reverse,True
g e n e r a t e,E T A R E N E G,generate,ETARENEG,upper_reverse,uppercase+reverse,True
g i r l,L R I G,girl,LRIG,upper_reverse,uppercase+reverse,True
g i v e,E V I G,give,EVIG,upper_reverse,uppercase+reverse,True
g l a s s,S S A L G,glass,SSALG,upper_reverse,uppercase+reverse,True
g o o d,D O O G,good,DOOG,upper_reverse,uppercase+reverse,True
g o o d b y e,E Y B D O O G,goodbye,EYBDOOG,upper_reverse,uppercase+reverse,True
g o o s e,E S O O G,goose,ESOOG,upper_reverse,uppercase+reverse,True
g r a c i a s,S A I C A R G,gracias,SAICARG,upper_reverse,uppercase+reverse,True
g r a n d,D N A R G,grand,DNARG,upper_reverse,uppercase+reverse,True
g r a n d e,E D N A R G,grande,EDNARG,upper_reverse,uppercase+reverse,True
g r a n d f a t h e r,R E H T A F D N A R G,grandfather,REHTAFDNARG,upper_reverse,uppercase+reverse,True
g r a n d m o t h e r,R E H T O M D N A R G,grandmother,REHTOMDNARG,upper_reverse,uppercase+reverse,True
g r a n j e r o,O R E J N A R G,granjero,OREJNARG,upper_reverse,uppercase+reverse,True
g r a y,Y A R G,gray,YARG,upper_reverse,uppercase+reverse,True
g r e e n,N E E R G,green,NEERG,upper_reverse,uppercase+reverse,True
g r e e t,T E E R G,greet,TEERG,upper_reverse,uppercase+reverse,True
g r i e f,F E I R G,grief,FEIRG,upper_reverse,uppercase+reverse,True
g r i s,S I R G,gris,SIRG,upper_reverse,uppercase+reverse,True
g u l f,F L U G,gulf,FLUG,upper_reverse,uppercase+reverse,True
g u y,Y U G,guy,YUG,upper_reverse,uppercase+reverse,True
h a l f,F L A H,half,FLAH,upper_reverse,uppercase+reverse,True
h a n d,D N A H,hand,DNAH,upper_reverse,uppercase+reverse,True
h a p p y,Y P P A H,happy,YPPAH,upper_reverse,uppercase+reverse,True
h a t e,E T A H,hate,ETAH,upper_reverse,uppercase+reverse,True
h a u t,T U A H,haut,TUAH,upper_reverse,uppercase+reverse,True
h e a d,D A E H,head,DAEH,upper_reverse,uppercase+reverse,True
h e a r,R A E H,hear,RAEH,upper_reverse,uppercase+reverse,True
h e a r t,T R A E H,heart,TRAEH,upper_reverse,uppercase+reverse,True
h e a v y,Y V A E H,heavy,YVAEH,upper_reverse,uppercase+reverse,True
h e l l o,O L L E H,hello,OLLEH,upper_reverse,uppercase+reverse,True
h e l p,P L E H,help,PLEH,upper_reverse,uppercase+reverse,True
h e r m a n a,A N A M R E H,hermana,ANAMREH,upper_reverse,uppercase+reverse,True
h e r m a n o,O N A M R E H,hermano,ONAMREH,upper_reverse,uppercase+reverse,True
h e r m o s o,O S O M R E H,hermoso,OSOMREH,upper_reverse,uppercase+reverse,True
h e r o,O R E H,hero,OREH,upper_reverse,uppercase+reverse,True
h e r o i n e,E N I O R E H,heroine,ENIOREH,upper_reverse,uppercase+reverse,True
h e s i t a t e,E T A T I S E H,hesitate,ETATISEH,upper_reverse,uppercase+reverse,True
h e u r e u x,X U E R U E H,heureux,XUERUEH,upper_reverse,uppercase+reverse,True
h i b e r n a t e,E T A N R E B I H,hibernate,ETANREBIH,upper_reverse,uppercase+reverse,True
h i e r,R E I H,hier,REIH,upper_reverse,uppercase+reverse,True
h i g h,H G I H,high,HGIH,upper_reverse,uppercase+reverse,True
h i j a,A J I H,hija,AJIH,upper_reverse,uppercase+reverse,True
h i j o,O J I H,hijo,OJIH,upper_reverse,uppercase+reverse,True
h i k e,E K I H,hike,EKIH,upper_reverse,uppercase+reverse,True
h o l a,A L O H,hola,ALOH,upper_reverse,uppercase+reverse,True
h o l d,D L O H,hold,DLOH,upper_reverse,uppercase+reverse,True
h o m b r e,E R B M O H,hombre,ERBMOH,upper_reverse,uppercase+reverse,True
h o m m e,E M M O H,homme,EMMOH,upper_reverse,uppercase+reverse,True
h o o f,F O O H,hoof,FOOH,upper_reverse,uppercase+reverse,True
h o p e,E P O H,hope,EPOH,upper_reverse,uppercase+reverse,True
h o r s e,E S R O H,horse,ESROH,upper_reverse,uppercase+reverse,True
h o t,T O H,hot,TOH,upper_reverse,uppercase+reverse,True
h o u s e,E S U O H,house,ESUOH,upper_reverse,uppercase+reverse,True
h o y,Y O H,hoy,YOH,upper_reverse,uppercase+reverse,True
h u i t,T I U H,huit,TIUH,upper_reverse,uppercase+reverse,True
h u n d r e d,D E R D N U H,hundred,DERDNUH,upper_reverse,uppercase+reverse,True
h u n t,T N U H,hunt,TNUH,upper_reverse,uppercase+reverse,True
h u s b a n d,D N A B S U H,husband,DNABSUH,upper_reverse,uppercase+reverse,True
i l l u s t r a t e,E T A R T S U L L I,illustrate,ETARTSULLI,upper_reverse,uppercase+reverse,True
i m a g i n e,E N I G A M I,imagine,ENIGAMI,upper_reverse,uppercase+reverse,True
i m i t a t e,E T A T I M I,imitate,ETATIMI,upper_reverse,uppercase+reverse,True
i m p r o v e,E V O R P M I,improve,EVORPMI,upper_reverse,uppercase+reverse,True
i n c o r p o r a t e,E T A R O P R O C N I,incorporate,ETAROPROCNI,upper_reverse,uppercase+reverse,True
i n f i r m i è r e,E R È I M R I F N I,infirmière,ERÈIMRIFNI,upper_reverse,uppercase+reverse,True
i n i t i a t e,E T A I T I N I,initiate,ETAITINI,upper_reverse,uppercase+reverse,True
i n n o v a t e,E T A V O N N I,innovate,ETAVONNI,upper_reverse,uppercase+reverse,True
i n s i d e,E D I S N I,inside,EDISNI,upper_reverse,uppercase+reverse,True
i n t e g r a t e,E T A R G E T N I,integrate,ETARGETNI,upper_reverse,uppercase+reverse,True
i n v e s t i g a t e,E T A G I T S E V N I,investigate,ETAGITSEVNI,upper_reverse,uppercase+reverse,True
i n v i t e,E T I V N I,invite,ETIVNI,upper_reverse,uppercase+reverse,True
i r r i t a t e,E T A T I R R I,irritate,ETATIRRI,upper_reverse,uppercase+reverse,True
i s s u e,E U S S I,issue,EUSSI,upper_reverse,uppercase+reverse,True
i z q u i e r d o,O D R E I U Q Z I,izquierdo,ODREIUQZI,upper_reverse,uppercase+reverse,True
j a u n e,E N U A J,jaune,ENUAJ,upper_reverse,uppercase+reverse,True
j e u,U E J,jeu,UEJ,upper_reverse,uppercase+reverse,True
j e u n e,E N U E J,jeune,ENUEJ,upper_reverse,uppercase+reverse,True
j o u r,R U O J,jour,RUOJ,upper_reverse,uppercase+reverse,True
j o v e n,N E V O J,joven,NEVOJ,upper_reverse,uppercase+reverse,True
j u e g o,O G E U J,juego,OGEUJ,upper_reverse,uppercase+reverse,True
j u m p,P M U J,jump,PMUJ,upper_reverse,uppercase+reverse,True
k e y,Y E K,key,YEK,upper_reverse,uppercase+reverse,True
k i d n e y,Y E N D I K,kidney,YENDIK,upper_reverse,uppercase+reverse,True
k i n g,G N I K,king,GNIK,upper_reverse,uppercase+reverse,True
k i s s,S S I K,kiss,SSIK,upper_reverse,uppercase+reverse,True
k n e e l,L E E N K,kneel,LEENK,upper_reverse,uppercase+reverse,True
k n i f e,E F I N K,knife,EFINK,upper_reverse,uppercase+reverse,True
k n i g h t,T H G I N K,knight,THGINK,upper_reverse,uppercase+reverse,True
l a d y,Y D A L,lady,YDAL,upper_reverse,uppercase+reverse,True
l a i d,D I A L,laid,DIAL,upper_reverse,uppercase+reverse,True
l a i t,T I A L,lait,TIAL,upper_reverse,uppercase+reverse,True
l a r g e,E G R A L,large,EGRAL,upper_reverse,uppercase+reverse,True
l a r g o,O G R A L,largo,OGRAL,upper_reverse,uppercase+reverse,True
l a s t,T S A L,last,TSAL,upper_reverse,uppercase+reverse,True
l a u g h,H G U A L,laugh,HGUAL,upper_reverse,uppercase+reverse,True
l a w y e r,R E Y W A L,lawyer,REYWAL,upper_reverse,uppercase+reverse,True
l e a f,F A E L,leaf,FAEL,upper_reverse,uppercase+reverse,True
l e a r n,N R A E L,learn,NRAEL,upper_reverse,uppercase+reverse,True
l e a v e,E V A E L,leave,EVAEL,upper_reverse,uppercase+reverse,True
l e c h e,E H C E L,leche,EHCEL,upper_reverse,uppercase+reverse,True
l e f t,T F E L,left,TFEL,upper_reverse,uppercase+reverse,True
l e g,G E L,leg,GEL,upper_reverse,uppercase+reverse,True
l e j o s,S O J E L,lejos,SOJEL,upper_reverse,uppercase+reverse,True
l e n t,T N E L,lent,TNEL,upper_reverse,uppercase+reverse,True
l e n t o,O T N E L,lento,OTNEL,upper_reverse,uppercase+reverse,True
l e t t e r,R E T T E L,letter,RETTEL,upper_reverse,uppercase+reverse,True
l e t t r e,E R T T E L,lettre,ERTTEL,upper_reverse,uppercase+reverse,True
l i b r a r y,Y R A R B I L,library,YRARBIL,upper_reverse,uppercase+reverse,True
l i b r o,O R B I L,libro,ORBIL,upper_reverse,uppercase+reverse,True
l i e,E I L,lie,EIL,upper_reverse,uppercase+reverse,True
l i f e,E F I L,life,EFIL,upper_reverse,uppercase+reverse,True
l i g e r o,O R E G I L,ligero,OREGIL,upper_reverse,uppercase+reverse,True
l i g h t,T H G I L,light,THGIL,upper_reverse,uppercase+reverse,True
l i m p i o,O I P M I L,limpio,OIPMIL,upper_reverse,uppercase+reverse,True
l i s t e n,N E T S I L,listen,NETSIL,upper_reverse,uppercase+reverse,True
l i v e,E V I L,live,EVIL,upper_reverse,uppercase+reverse,True
l i v e r,R E V I L,liver,REVIL,upper_reverse,uppercase+reverse,True
l i v r e,E R V I L,livre,ERVIL,upper_reverse,uppercase+reverse,True
l l e n o,O N E L L,lleno,ONELL,upper_reverse,uppercase+reverse,True
l o a f,F A O L,loaf,FAOL,upper_reverse,uppercase+reverse,True
l o i n,N I O L,loin,NIOL,upper_reverse,uppercase+reverse,True
l o n g,G N O L,long,GNOL,upper_reverse,uppercase+reverse,True
l o r d,D R O L,lord,DROL,upper_reverse,uppercase+reverse,True
l o u r d,D R U O L,lourd,DRUOL,upper_reverse,uppercase+reverse,True
l o v e,E V O L,love,EVOL,upper_reverse,uppercase+reverse,True
l o w,W O L,low,WOL,upper_reverse,uppercase+reverse,True
l u n a,A N U L,luna,ANUL,upper_reverse,uppercase+reverse,True
l u n e,E N U L,lune,ENUL,upper_reverse,uppercase+reverse,True
l u n g,G N U L,lung,GNUL,upper_reverse,uppercase+reverse,True
l é g e r,R E G É L,léger,REGÉL,upper_reverse,uppercase+reverse,True
m a d r e,E R D A M,madre,ERDAM,upper_reverse,uppercase+reverse,True
m a i n,N I A M,main,NIAM,upper_reverse,uppercase+reverse,True
m a i s o n,N O S I A M,maison,NOSIAM,upper_reverse,uppercase+reverse,True
m a k e,E K A M,make,EKAM,upper_reverse,uppercase+reverse,True
m a l o,O L A M,malo,OLAM,upper_reverse,uppercase+reverse,True
m a n,N A M,man,NAM,upper_reverse,uppercase+reverse,True
m a n a g e,E G A N A M,manage,EGANAM,upper_reverse,uppercase+reverse,True
m a n a g e r,R E G A N A M,manager,REGANAM,upper_reverse,uppercase+reverse,True
m a n o,O N A M,mano,ONAM,upper_reverse,uppercase+reverse,True
m a n z a n a,A N A Z N A M,manzana,ANAZNAM,upper_reverse,uppercase+reverse,True
m a r i,I R A M,mari,IRAM,upper_reverse,uppercase+reverse,True
m a r r o n,N O R R A M,marron,NORRAM,upper_reverse,uppercase+reverse,True
m a r r ó n,N Ó R R A M,marrón,NÓRRAM,upper_reverse,uppercase+reverse,True
m a u v a i s,S I A V U A M,mauvais,SIAVUAM,upper_reverse,uppercase+reverse,True
m a ñ a n a,A N A Ñ A M,mañana,ANAÑAM,upper_reverse,uppercase+reverse,True
m e d i t a t e,E T A T I D E M,meditate,ETATIDEM,upper_reverse,uppercase+reverse,True
m e d i u m,M U I D E M,medium,MUIDEM,upper_reverse,uppercase+reverse,True
m e e t,T E E M,meet,TEEM,upper_reverse,uppercase+reverse,True
m e r c i,I C R E M,merci,ICREM,upper_reverse,uppercase+reverse,True
m e s,S E M,mes,SEM,upper_reverse,uppercase+reverse,True
m e s a,A S E M,mesa,ASEM,upper_reverse,uppercase+reverse,True
m i l,L I M,mil,LIM,upper_reverse,uppercase+reverse,True
m i l k,K L I M,milk,KLIM,upper_reverse,uppercase+reverse,True
m i l l e,E L L I M,mille,ELLIM,upper_reverse,uppercase+reverse,True
m o i s,S I O M,mois,SIOM,upper_reverse,uppercase+reverse,True
m o n d e,E D N O M,monde,EDNOM,upper_reverse,uppercase+reverse,True
m o n t h,H T N O M,month,HTNOM,upper_reverse,uppercase+reverse,True
m o o n,N O O M,moon,NOOM,upper_reverse,uppercase+reverse,True
m o r a d o,O D A R O M,morado,ODAROM,upper_reverse,uppercase+reverse,True
m o s q u i t o,O T I U Q S O M,mosquito,OTIUQSOM,upper_reverse,uppercase+reverse,True
m o t,T O M,mot,TOM,upper_reverse,uppercase+reverse,True
m o t h e r,R E H T O M,mother,REHTOM,upper_reverse,uppercase+reverse,True
m o t i v a t e,E T A V I T O M,motivate,ETAVITOM,upper_reverse,uppercase+reverse,True
m o u s e,E S U O M,mouse,ESUOM,upper_reverse,uppercase+reverse,True
m o u t h,H T U O M,mouth,HTUOM,upper_reverse,uppercase+reverse,True
m o v e,E V O M,move,EVOM,upper_reverse,uppercase+reverse,True
m u j e r,R E J U M,mujer,REJUM,upper_reverse,uppercase+reverse,True
m u n d o,O D N U M,mundo,ODNUM,upper_reverse,uppercase+reverse,True
m u s c l e,E L C S U M,muscle,ELCSUM,upper_reverse,uppercase+reverse,True
m u s i c,C I S U M,music,CISUM,upper_reverse,uppercase+reverse,True
m u s i c i a n,N A I C I S U M,musician,NAICISUM,upper_reverse,uppercase+reverse,True
m u s i c i e n,N E I C I S U M,musicien,NEICISUM,upper_reverse,uppercase+reverse,True
m u s i q u e,E U Q I S U M,musique,EUQISUM,upper_reverse,uppercase+reverse,True
m è r e,E R È M,mère,ERÈM,upper_reverse,uppercase+reverse,True
m é d e c i n,N I C E D É M,médecin,NICEDÉM,upper_reverse,uppercase+reverse,True
m é d i c o,O C I D É M,médico,OCIDÉM,upper_reverse,uppercase+reverse,True
m ú s i c a,A C I S Ú M,música,ACISÚM,upper_reverse,uppercase+reverse,True
m ú s i c o,O C I S Ú M,músico,OCISÚM,upper_reverse,uppercase+reverse,True
n a r a n j a,A J N A R A N,naranja,AJNARAN,upper_reverse,uppercase+reverse,True
n a r i z,Z I R A N,nariz,ZIRAN,upper_reverse,uppercase+reverse,True
n a r r o w,W O R R A N,narrow,WORRAN,upper_reverse,uppercase+reverse,True
n a v i g a t e,E T A G I V A N,navigate,ETAGIVAN,upper_reverse,uppercase+reverse,True
n e a r,R A E N,near,RAEN,upper_reverse,uppercase+reverse,True
n e g o t i a t e,E T A I T O G E N,negotiate,ETAITOGEN,upper_reverse,uppercase+reverse,True
n e g r o,O R G E N,negro,ORGEN,upper_reverse,uppercase+reverse,True
n e r v e,E V R E N,nerve,EVREN,upper_reverse,uppercase+reverse,True
n e u f,F U E N,neuf,FUEN,upper_reverse,uppercase+reverse,True
n e w,W E N,new,WEN,upper_reverse,uppercase+reverse,True
n e z,Z E N,nez,ZEN,upper_reverse,uppercase+reverse,True
n i g h t,T H G I N,night,THGIN,upper_reverse,uppercase+reverse,True
n i n e,E N I N,nine,ENIN,upper_reverse,uppercase+reverse,True
n i ñ a,A Ñ I N,niña,AÑIN,upper_reverse,uppercase+reverse,True
n i ñ o,O Ñ I N,niño,OÑIN,upper_reverse,uppercase+reverse,True
n o,O N,no,ON,upper_reverse,uppercase+reverse,True
n o c h e,E H C O N,noche,EHCON,upper_reverse,uppercase+reverse,True
n o i r,R I O N,noir,RION,upper_reverse,uppercase+reverse,True
n o n,N O N,non,NON,upper_reverse,uppercase+reverse,True
n o s e,E S O N,nose,ESON,upper_reverse,uppercase+reverse,True
n o t i c e,E C I T O N,notice,ECITON,upper_reverse,uppercase+reverse,True
n o u r r i t u r e,E R U T I R R U O N,nourriture,ERUTIRRUON,upper_reverse,uppercase+reverse,True
n o u v e a u,U A E V U O N,nouveau,UAEVUON,upper_reverse,uppercase+reverse,True
n u e v e,E V E U N,nueve,EVEUN,upper_reverse,uppercase+reverse,True
n u e v o,O V E U N,nuevo,OVEUN,upper_reverse,uppercase+reverse,True
n u i t,T I U N,nuit,TIUN,upper_reverse,uppercase+reverse,True
n u r s e,E S R U N,nurse,ESRUN,upper_reverse,uppercase+reverse,True
o a s i s,S I S A O,oasis,SISAO,upper_reverse,uppercase+reverse,True
o c h o,O H C O,ocho,OHCO,upper_reverse,uppercase+reverse,True
o f f i c e r,R E C I F F O,officer,RECIFFO,upper_reverse,uppercase+reverse,True
o i s e a u,U A E S I O,oiseau,UAESIO,upper_reverse,uppercase+reverse,True
o j o,O J O,ojo,OJO,upper_reverse,uppercase+reverse,True
o l d,D L O,old,DLO,upper_reverse,uppercase+reverse,True
o n c l e,E L C N O,oncle,ELCNO,upper_reverse,uppercase+reverse,True
o n e,E N O,one,ENO,upper_reverse,uppercase+reverse,True
o p e n,N E P O,open,NEPO,upper_reverse,uppercase+reverse,True
o p e r a t e,E T A R E P O,operate,ETAREPO,upper_reverse,uppercase+reverse,True
o r a n g e,E G N A R O,orange,EGNARO,upper_reverse,uppercase+reverse,True
o r e i l l e,E L L I E R O,oreille,ELLIERO,upper_reverse,uppercase+reverse,True
o r e j a,A J E R O,oreja,AJERO,upper_reverse,uppercase+reverse,True
o r g a n i z e,E Z I N A G R O,organize,EZINAGRO,upper_reverse,uppercase+reverse,True
o u i,I U O,oui,IUO,upper_reverse,uppercase+reverse,True
o u t s i d e,E D I S T U O,outside,EDISTUO,upper_reverse,uppercase+reverse,True
o u v e r t,T R E V U O,ouvert,TREVUO,upper_reverse,uppercase+reverse,True
o u v r i e r,R E I R V U O,ouvrier,REIRVUO,upper_reverse,uppercase+reverse,True
o x,X O,ox,XO,upper_reverse,uppercase+reverse,True
p a d r e,E R D A P,padre,ERDAP,upper_reverse,uppercase+reverse,True
p a g e,E G A P,page,EGAP,upper_reverse,uppercase+reverse,True
p a i n,N I A P,pain,NIAP,upper_reverse,uppercase+reverse,True
p a i n t,T N I A P,paint,TNIAP,upper_reverse,uppercase+reverse,True
p a i n t e r,R E T N I A P,painter,RETNIAP,upper_reverse,uppercase+reverse,True
p a l a b r a,A R B A L A P,palabra,ARBALAP,upper_reverse,uppercase+reverse,True
p a n,N A P,pan,NAP,upper_reverse,uppercase+reverse,True
p a p e r,R E P A P,paper,REPAP,upper_reverse,uppercase+reverse,True
p a r e n t h e s i s,S I S E H T N E R A P,parenthesis,SISEHTNERAP,upper_reverse,uppercase+reverse,True
p a r t i c i p a t e,E T A P I C I T R A P,participate,ETAPICITRAP,upper_reverse,uppercase+reverse,True
p a r t y,Y T R A P,party,YTRAP,upper_reverse,uppercase+reverse,True
p a u v r e,E R V U A P,pauvre,ERVUAP,upper_reverse,uppercase+reverse,True
p a y s,S Y A P,pays,SYAP,upper_reverse,uppercase+reverse,True
p a í s,S Í A P,país,SÍAP,upper_reverse,uppercase+reverse,True
p e l o t a,A T O L E P,pelota,ATOLEP,upper_reverse,uppercase+reverse,True
p e n,N E P,pen,NEP,upper_reverse,uppercase+reverse,True
p e n c i l,L I C N E P,pencil,LICNEP,upper_reverse,uppercase+reverse,True
p e n e t r a t e,E T A R T E N E P,penetrate,ETARTENEP,upper_reverse,uppercase+reverse,True
p e p p e r,R E P P E P,pepper,REPPEP,upper_reverse,uppercase+reverse,True
p e q u e ñ o,O Ñ E U Q E P,pequeño,OÑEUQEP,upper_reverse,uppercase+reverse,True
p e r r o,O R R E P,perro,ORREP,upper_reverse,uppercase+reverse,True
p e r s o n,N O S R E P,person,NOSREP,upper_reverse,uppercase+reverse,True
p e s a d o,O D A S E P,pesado,ODASEP,upper_reverse,uppercase+reverse,True
p e t i t,T I T E P,petit,TITEP,upper_reverse,uppercase+reverse,True
p e z,Z E P,pez,ZEP,upper_reverse,uppercase+reverse,True
p h e n o m e n o n,N O N E M O N E H P,phenomenon,NONEMONEHP,upper_reverse,uppercase+reverse,True
p h o n e,E N O H P,phone,ENOHP,upper_reverse,uppercase+reverse,True
p h o t o,O T O H P,photo,OTOHP,upper_reverse,uppercase+reverse,True
p h r a s e,E S A R H P,phrase,ESARHP,upper_reverse,uppercase+reverse,True
p i a n o,O N A I P,piano,ONAIP,upper_reverse,uppercase+reverse,True
p i e,E I P,pie,EIP,upper_reverse,uppercase+reverse,True
p i e d,D E I P,pied,DEIP,upper_reverse,uppercase+reverse,True
p i l o t,T O L I P,pilot,TOLIP,upper_reverse,uppercase+reverse,True
p i m i e n t a,A T N E I M I P,pimienta,ATNEIMIP,upper_reverse,uppercase+reverse,True
p i n k,K N I P,pink,KNIP,upper_reverse,uppercase+reverse,True
p l a t e,E T A L P,plate,ETALP,upper_reverse,uppercase+reverse,True
p l a y,Y A L P,play,YALP,upper_reverse,uppercase+reverse,True
p l a y e r,R E Y A L P,player,REYALP,upper_reverse,uppercase+reverse,True
p l e a s e,E S A E L P,please,ESAELP,upper_reverse,uppercase+reverse,True
p l e i n,N I E L P,plein,NIELP,upper_reverse,uppercase+reverse,True
p o b r e,E R B O P,pobre,ERBOP,upper_reverse,uppercase+reverse,True
p o i s s o n,N O S S I O P,poisson,NOSSIOP,upper_reverse,uppercase+reverse,True
p o i v r e,E R V I O P,poivre,ERVIOP,upper_reverse,uppercase+reverse,True
p o l i c e,E C I L O P,police,ECILOP,upper_reverse,uppercase+reverse,True
p o l i c í a,A Í C I L O P,policía,AÍCILOP,upper_reverse,uppercase+reverse,True
p o m m e,E M M O P,pomme,EMMOP,upper_reverse,uppercase+reverse,True
p o o r,R O O P,poor,ROOP,upper_reverse,uppercase+reverse,True
p o r t e,E T R O P,porte,ETROP,upper_reverse,uppercase+reverse,True
p o t a t o,O T A T O P,potato,OTATOP,upper_reverse,uppercase+reverse,True
p r a c t i c e,E C I T C A R P,practice,ECITCARP,upper_reverse,uppercase+reverse,True
p r e m i e r,R E I M E R P,premier,REIMERP,upper_reverse,uppercase+reverse,True
p r e s i d e n t,T N E D I S E R P,president,TNEDISERP,upper_reverse,uppercase+reverse,True
p r i m e r o,O R E M I R P,primero,OREMIRP,upper_reverse,uppercase+reverse,True
p r i m o,O M I R P,primo,OMIRP,upper_reverse,uppercase+reverse,True
p r i n c e,E C N I R P,prince,ECNIRP,upper_reverse,uppercase+reverse,True
p r i n c e s a,A S E C N I R P,princesa,ASECNIRP,upper_reverse,uppercase+reverse,True
p r i n c e s s,S S E C N I R P,princess,SSECNIRP,upper_reverse,uppercase+reverse,True
p r i n c e s s e,E S S E C N I R P,princesse,ESSECNIRP,upper_reverse,uppercase+reverse,True
p r o f e s o r,R O S E F O R P,profesor,ROSEFORP,upper_reverse,uppercase+reverse,True
p r o f e s s e u r,R U E S S E F O R P,professeur,RUESSEFORP,upper_reverse,uppercase+reverse,True
p r o m i s e,E S I M O R P,promise,ESIMORP,upper_reverse,uppercase+reverse,True
p r o o f,F O O R P,proof,FOORP,upper_reverse,uppercase+reverse,True
p r o p r e,E R P O R P,propre,ERPORP,upper_reverse,uppercase+reverse,True
p r è s,S È R P,près,SÈRP,upper_reverse,uppercase+reverse,True
p r í n c i p e,E P I C N Í R P,príncipe,EPICNÍRP,upper_reverse,uppercase+reverse,True
p u e r t a,A T R E U P,puerta,ATREUP,upper_reverse,uppercase+reverse,True
p u l l,L L U P,pull,LLUP,upper_reverse,uppercase+reverse,True
p u r p l e,E L P R U P,purple,ELPRUP,upper_reverse,uppercase+reverse,True
p u r s u e,E U S R U P,pursue,EUSRUP,upper_reverse,uppercase+reverse,True
p u s h,H S U P,push,HSUP,upper_reverse,uppercase+reverse,True
p á g i n a,A N I G Á P,página,ANIGÁP,upper_reverse,uppercase+reverse,True
p á j a r o,O R A J Á P,pájaro,ORAJÁP,upper_reverse,uppercase+reverse,True
p è r e,E R È P,père,ERÈP,upper_reverse,uppercase+reverse,True
q u a t r e,E R T A U Q,quatre,ERTAUQ,upper_reverse,uppercase+reverse,True
q u e e n,N E E U Q,queen,NEEUQ,upper_reverse,uppercase+reverse,True
q u e s o,O S E U Q,queso,OSEUQ,upper_reverse,uppercase+reverse,True
r a d i a t e,E T A I D A R,radiate,ETAIDAR,upper_reverse,uppercase+reverse,True
r a d i o,O I D A R,radio,OIDAR,upper_reverse,uppercase+reverse,True
r a p i d e,E D I P A R,rapide,EDIPAR,upper_reverse,uppercase+reverse,True
r a y,Y A R,ray,YAR,upper_reverse,uppercase+reverse,True
r e a d,D A E R,read,DAER,upper_reverse,uppercase+reverse,True
r e a l i z e,E Z I L A E R,realize,EZILAER,upper_reverse,uppercase+reverse,True
r e c e i v e,E V I E C E R,receive,EVIECER,upper_reverse,uppercase+reverse,True
r e c o g n i z e,E Z I N G O C E R,recognize,EZINGOCER,upper_reverse,uppercase+reverse,True
r e d,D E R,red,DER,upper_reverse,uppercase+reverse,True
r e e f,F E E R,reef,FEER,upper_reverse,uppercase+reverse,True
r e i n a,A N I E R,reina,ANIER,upper_reverse,uppercase+reverse,True
r e i n e,E N I E R,reine,ENIER,upper_reverse,uppercase+reverse,True
r e l a t e,E T A L E R,relate,ETALER,upper_reverse,uppercase+reverse,True
r e l a x,X A L E R,relax,XALER,upper_reverse,uppercase+reverse,True
r e p e a t,T A E P E R,repeat,TAEPER,upper_reverse,uppercase+reverse,True
r e s c u e,E U C S E R,rescue,EUCSER,upper_reverse,uppercase+reverse,True
r e s t,T S E R,rest,TSER,upper_reverse,uppercase+reverse,True
r e y,Y E R,rey,YER,upper_reverse,uppercase+reverse,True
r i c h,H C I R,rich,HCIR,upper_reverse,uppercase+reverse,True
r i c h e,E H C I R,riche,EHCIR,upper_reverse,uppercase+reverse,True
r i c o,O C I R,rico,OCIR,upper_reverse,uppercase+reverse,True
r i g h t,T H G I R,right,THGIR,upper_reverse,uppercase+reverse,True
r o i,I O R,roi,IOR,upper_reverse,uppercase+reverse,True
r o j o,O J O R,rojo,OJOR,upper_reverse,uppercase+reverse,True
r o o f,F O O R,roof,FOOR,upper_reverse,uppercase+reverse,True
r o s a,A S O R,rosa,ASOR,upper_reverse,uppercase+reverse,True
r o s e,E S O R,rose,ESOR,upper_reverse,uppercase+reverse,True
r o t a t e,E T A T O R,rotate,ETATOR,upper_reverse,uppercase+reverse,True
r o u g e,E G U O R,rouge,EGUOR,upper_reverse,uppercase+reverse,True
r u e,E U R,rue,EUR,upper_reverse,uppercase+reverse,True
r u n,N U R,run,NUR,upper_reverse,uppercase+reverse,True
r u n n e r,R E N N U R,runner,RENNUR,upper_reverse,uppercase+reverse,True
r á p i d o,O D I P Á R,rápido,ODIPÁR,upper_reverse,uppercase+reverse,True
s a d,D A S,sad,DAS,upper_reverse,uppercase+reverse,True
s a f e,E F A S,safe,EFAS,upper_reverse,uppercase+reverse,True
s a i l,L I A S,sail,LIAS,upper_reverse,uppercase+reverse,True
s a i l o r,R O L I A S,sailor,ROLIAS,upper_reverse,uppercase+reverse,True
s a l,L A S,sal,LAS,upper_reverse,uppercase+reverse,True
s a l e,E L A S,sale,ELAS,upper_reverse,uppercase+reverse,True
s a l t,T L A S,salt,TLAS,upper_reverse,uppercase+reverse,True
s c a r f,F R A C S,scarf,FRACS,upper_reverse,uppercase+reverse,True
s c h o o l,L O O H C S,school,LOOHCS,upper_reverse,uppercase+reverse,True
s c i e n t i s t,T S I T N E I C S,scientist,TSITNEICS,upper_reverse,uppercase+reverse,True
s e e,E E S,see,EES,upper_reverse,uppercase+reverse,True
s e i s,S I E S,seis,SIES,upper_reverse,uppercase+reverse,True
s e l,L E S,sel,LES,upper_reverse,uppercase+reverse,True
s e l f,F L E S,self,FLES,upper_reverse,uppercase+reverse,True
s e m a i n e,E N I A M E S,semaine,ENIAMES,upper_reverse,uppercase+reverse,True
s e m a n a,A N A M E S,semana,ANAMES,upper_reverse,uppercase+reverse,True
s e n t e n c e,E C N E T N E S,sentence,ECNETNES,upper_reverse,uppercase+reverse,True
s e p a r a t e,E T A R A P E S,separate,ETARAPES,upper_reverse,uppercase+reverse,True
s e p t,T P E S,sept,TPES,upper_reverse,uppercase+reverse,True
s e v e n,N E V E S,seven,NEVES,upper_reverse,uppercase+reverse,True
s h a r e,E R A H S,share,ERAHS,upper_reverse,uppercase+reverse,True
s h e e p,P E E H S,sheep,PEEHS,upper_reverse,uppercase+reverse,True
s h e l f,F L E H S,shelf,FLEHS,upper_reverse,uppercase+reverse,True
s h o r t,T R O H S,short,TROHS,upper_reverse,uppercase+reverse,True
s h o u t,T U O H S,shout,TUOHS,upper_reverse,uppercase+reverse,True
s i e t e,E T E I S,siete,ETEIS,upper_reverse,uppercase+reverse,True
s i l l a,A L L I S,silla,ALLIS,upper_reverse,uppercase+reverse,True
s i n g,G N I S,sing,GNIS,upper_reverse,uppercase+reverse,True
s i n g e r,R E G N I S,singer,REGNIS,upper_reverse,uppercase+reverse,True
s i s t e r,R E T S I S,sister,RETSIS,upper_reverse,uppercase+reverse,True
s i t,T I S,sit,TIS,upper_reverse,uppercase+reverse,True
s i x,X I S,six,XIS,upper_reverse,uppercase+reverse,True
s k a t e,E T A K S,skate,ETAKS,upper_reverse,uppercase+reverse,True
s k i,I K S,ski,IKS,upper_reverse,uppercase+reverse,True
s l e e p,P E E L S,sleep,PEELS,upper_reverse,uppercase+reverse,True
s l o w,W O L S,slow,WOLS,upper_reverse,uppercase+reverse,True
s m a l l,L L A M S,small,LLAMS,upper_reverse,uppercase+reverse,True
s m e l l,L L E M S,smell,LLEMS,upper_reverse,uppercase+reverse,True
s m i l e,E L I M S,smile,ELIMS,upper_reverse,uppercase+reverse,True
s o l,L O S,sol,LOS,upper_reverse,uppercase+reverse,True
s o l d a d o,O D A D L O S,soldado,ODADLOS,upper_reverse,uppercase+reverse,True
s o l d a t,T A D L O S,soldat,TADLOS,upper_reverse,uppercase+reverse,True
s o l d i e r,R E I D L O S,soldier,REIDLOS,upper_reverse,uppercase+reverse,True
s o l e i l,L I E L O S,soleil,LIELOS,upper_reverse,uppercase+reverse,True
s o n,N O S,son,NOS,upper_reverse,uppercase+reverse,True
s o n g,G N O S,song,GNOS,upper_reverse,uppercase+reverse,True
s p o o n,N O O P S,spoon,NOOPS,upper_reverse,uppercase+reverse,True
s p o r t,T R O P S,sport,TROPS,upper_reverse,uppercase+reverse,True
s t a n d,D N A T S,stand,DNATS,upper_reverse,uppercase+reverse,True
s t a r,R A T S,star,RATS,upper_reverse,uppercase+reverse,True
s t a r t,T R A T S,start,TRATS,upper_reverse,uppercase+reverse,True
s t i m u l a t e,E T A L U M I T S,stimulate,ETALUMITS,upper_reverse,uppercase+reverse,True
s t o m a c h,H C A M O T S,stomach,HCAMOTS,upper_reverse,uppercase+reverse,True
s t o p,P O T S,stop,POTS,upper_reverse,uppercase+reverse,True
s t o r y,Y R O T S,story,YROTS,upper_reverse,uppercase+reverse,True
s t r e e t,T E E R T S,street,TEERTS,upper_reverse,uppercase+reverse,True
s t r e t c h,H C T E R T S,stretch,HCTERTS,upper_reverse,uppercase+reverse,True
s t r o n g,G N O R T S,strong,GNORTS,upper_reverse,uppercase+reverse,True
s t u d e n t,T N E D U T S,student,TNEDUTS,upper_reverse,uppercase+reverse,True
s t u d i o,O I D U T S,studio,OIDUTS,upper_reverse,uppercase+reverse,True
s t u d y,Y D U T S,study,YDUTS,upper_reverse,uppercase+reverse,True
s u c i o,O I C U S,sucio,OICUS,upper_reverse,uppercase+reverse,True
s u c r e,E R C U S,sucre,ERCUS,upper_reverse,uppercase+reverse,True
s u g a r,R A G U S,sugar,RAGUS,upper_reverse,uppercase+reverse,True
s u n,N U S,sun,NUS,upper_reverse,uppercase+reverse,True
s u r p r i s e,E S I R P R U S,surprise,ESIRPRUS,upper_reverse,uppercase+reverse,True
s w i m,M I W S,swim,MIWS,upper_reverse,uppercase+reverse,True
s w i m m e r,R E M M I W S,swimmer,REMMIWS,upper_reverse,uppercase+reverse,True
s í,Í S,sí,ÍS,upper_reverse,uppercase+reverse,True
s œ u r,R U Œ S,sœur,RUŒS,upper_reverse,uppercase+reverse,True
t a b l e,E L B A T,table,ELBAT,upper_reverse,uppercase+reverse,True
t a i l o r,R O L I A T,tailor,ROLIAT,upper_reverse,uppercase+reverse,True
t a k e,E K A T,take,EKAT,upper_reverse,uppercase+reverse,True
t a l k,K L A T,talk,KLAT,upper_reverse,uppercase+reverse,True
t a n t e,E T N A T,tante,ETNAT,upper_reverse,uppercase+reverse,True
t a s t e,E T S A T,taste,ETSAT,upper_reverse,uppercase+reverse,True
t e a,A E T,tea,AET,upper_reverse,uppercase+reverse,True
t e a c h,H C A E T,teach,HCAET,upper_reverse,uppercase+reverse,True
t e a c h e r,R E H C A E T,teacher,REHCAET,upper_reverse,uppercase+reverse,True
t e m p s,S P M E T,temps,SPMET,upper_reverse,uppercase+reverse,True
t e n,N E T,ten,NET,upper_reverse,uppercase+reverse,True
t e r m i n a t e,E T A N I M R E T,terminate,ETANIMRET,upper_reverse,uppercase+reverse,True
t h e s i s,S I S E H T,thesis,SISEHT,upper_reverse,uppercase+reverse,True
t h i e f,F E I H T,thief,FEIHT,upper_reverse,uppercase+reverse,True
t h i n k,K N I H T,think,KNIHT,upper_reverse,uppercase+reverse,True
t h o u s a n d,D N A S U O H T,thousand,DNASUOHT,upper_reverse,uppercase+reverse,True
t h r e e,E E R H T,three,EERHT,upper_reverse,uppercase+reverse,True
t h r o w,W O R H T,throw,WORHT,upper_reverse,uppercase+reverse,True
t h é,É H T,thé,ÉHT,upper_reverse,uppercase+reverse,True
t i e m p o,O P M E I T,tiempo,OPMEIT,upper_reverse,uppercase+reverse,True
t i m e,E M I T,time,EMIT,upper_reverse,uppercase+reverse,True
t o d a y,Y A D O T,today,YADOT,upper_reverse,uppercase+reverse,True
t o e,E O T,toe,EOT,upper_reverse,uppercase+reverse,True
t o l e r a t e,E T A R E L O T,tolerate,ETARELOT,upper_reverse,uppercase+reverse,True
t o m a t o,O T A M O T,tomato,OTAMOT,upper_reverse,uppercase+reverse,True
t o m o r r o w,W O R R O M O T,tomorrow,WORROMOT,upper_reverse,uppercase+reverse,True
t o o t h,H T O O T,tooth,HTOOT,upper_reverse,uppercase+reverse,True
t o u c h,H C U O T,touch,HCUOT,upper_reverse,uppercase+reverse,True
t o y,Y O T,toy,YOT,upper_reverse,uppercase+reverse,True
t r a b a j a d o r,R O D A J A B A R T,trabajador,RODAJABART,upper_reverse,uppercase+reverse,True
t r a n s l a t e,E T A L S N A R T,translate,ETALSNART,upper_reverse,uppercase+reverse,True
t r a v e l,L E V A R T,travel,LEVART,upper_reverse,uppercase+reverse,True
t r e a t,T A E R T,treat,TAERT,upper_reverse,uppercase+reverse,True
t r e e,E E R T,tree,EERT,upper_reverse,uppercase+reverse,True
t r e s,S E R T,tres,SERT,upper_reverse,uppercase+reverse,True
t r i s t e,E T S I R T,triste,ETSIRT,upper_reverse,uppercase+reverse,True
t r o i s,S I O R T,trois,SIORT,upper_reverse,uppercase+reverse,True
t w o,O W T,two,OWT,upper_reverse,uppercase+reverse,True
t é,É T,té,ÉT,upper_reverse,uppercase+reverse,True
t ê t e,E T Ê T,tête,ETÊT,upper_reverse,uppercase+reverse,True
t í a,A Í T,tía,AÍT,upper_reverse,uppercase+reverse,True
t í o,O Í T,tío,OÍT,upper_reverse,uppercase+reverse,True
u g l y,Y L G U,ugly,YLGU,upper_reverse,uppercase+reverse,True
u n,N U,un,NU,upper_reverse,uppercase+reverse,True
u n c l e,E L C N U,uncle,ELCNU,upper_reverse,uppercase+reverse,True
u n i t e,E T I N U,unite,ETINU,upper_reverse,uppercase+reverse,True
u n o,O N U,uno,ONU,upper_reverse,uppercase+reverse,True
u p,P U,up,PU,upper_reverse,uppercase+reverse,True
v a c í o,O Í C A V,vacío,OÍCAV,upper_reverse,uppercase+reverse,True
v a l i d a t e,E T A D I L A V,validate,ETADILAV,upper_reverse,uppercase+reverse,True
v a l u e,E U L A V,value,EULAV,upper_reverse,uppercase+reverse,True
v e i n,N I E V,vein,NIEV,upper_reverse,uppercase+reverse,True
v e n t a n a,A N A T N E V,ventana,ANATNEV,upper_reverse,uppercase+reverse,True
v e r d e,E D R E V,verde,EDREV,upper_reverse,uppercase+reverse,True
v e r t,T R E V,vert,TREV,upper_reverse,uppercase+reverse,True
v i b r a t e,E T A R B I V,vibrate,ETARBIV,upper_reverse,uppercase+reverse,True
v i d e,E D I V,vide,EDIV,upper_reverse,uppercase+reverse,True
v i d e o,O E D I V,video,OEDIV,upper_reverse,uppercase+reverse,True
v i e j o,O J E I V,viejo,OJEIV,upper_reverse,uppercase+reverse,True
v i e u x,X U E I V,vieux,XUEIV,upper_reverse,uppercase+reverse,True
v i l l a i n,N I A L L I V,villain,NIALLIV,upper_reverse,uppercase+reverse,True
v i l l e,E L L I V,ville,ELLIV,upper_reverse,uppercase+reverse,True
v i n,N I V,vin,NIV,upper_reverse,uppercase+reverse,True
v i n o,O N I V,vino,ONIV,upper_reverse,uppercase+reverse,True
v i o l e t,T E L O I V,violet,TELOIV,upper_reverse,uppercase+reverse,True
v o i t u r e,E R U T I O V,voiture,ERUTIOV,upper_reverse,uppercase+reverse,True
v o l c a n o,O N A C L O V,volcano,ONACLOV,upper_reverse,uppercase+reverse,True
w a i t,T I A W,wait,TIAW,upper_reverse,uppercase+reverse,True
w a l k,K L A W,walk,KLAW,upper_reverse,uppercase+reverse,True
w a s h,H S A W,wash,HSAW,upper_reverse,uppercase+reverse,True
w a t c h,H C T A W,watch,HCTAW,upper_reverse,uppercase+reverse,True
w a t e r,R E T A W,water,RETAW,upper_reverse,uppercase+reverse,True
w a y,Y A W,way,YAW,upper_reverse,uppercase+reverse,True
w e a k,K A E W,weak,KAEW,upper_reverse,uppercase+reverse,True
w e e k,K E E W,week,KEEW,upper_reverse,uppercase+reverse,True
w h a r f,F R A H W,wharf,FRAHW,upper_reverse,uppercase+reverse,True
w h i s p e r,R E P S I H W,whisper,REPSIHW,upper_reverse,uppercase+reverse,True
w h i t e,E T I H W,white,ETIHW,upper_reverse,uppercase+reverse,True
w i d e,E D I W,wide,EDIW,upper_reverse,uppercase+reverse,True
w i f e,E F I W,wife,EFIW,upper_reverse,uppercase+reverse,True
w i n d o w,W O D N I W,window,WODNIW,upper_reverse,uppercase+reverse,True
w i n e,E N I W,wine,ENIW,upper_reverse,uppercase+reverse,True
w o l f,F L O W,wolf,FLOW,upper_reverse,uppercase+reverse,True
w o m a n,N A M O W,woman,NAMOW,upper_reverse,uppercase+reverse,True
w o r d,D R O W,word,DROW,upper_reverse,uppercase+reverse,True
w o r k,K R O W,work,KROW,upper_reverse,uppercase+reverse,True
w o r k e r,R E K R O W,worker,REKROW,upper_reverse,uppercase+reverse,True
w o r l d,D L R O W,world,DLROW,upper_reverse,uppercase+reverse,True
w r i t e,E T I R W,write,ETIRW,upper_reverse,uppercase+reverse,True
w r i t e r,R E T I R W,writer,RETIRW,upper_reverse,uppercase+reverse,True
y e a r,R A E Y,year,RAEY,upper_reverse,uppercase+reverse,True
y e l l o w,W O L L E Y,yellow,WOLLEY,upper_reverse,uppercase+reverse,True
y e s,S E Y,yes,SEY,upper_reverse,uppercase+reverse,True
y e s t e r d a y,Y A D R E T S E Y,yesterday,YADRETSEY,upper_reverse,uppercase+reverse,True
y o u n g,G N U O Y,young,GNUOY,upper_reverse,uppercase+reverse,True
á r b o l,L O B R Á,árbol,LOBRÁ,upper_reverse,uppercase+reverse,True
é c o l e,E L O C É,école,ELOCÉ,upper_reverse,uppercase+reverse,True
é t o i l e,E L I O T É,étoile,ELIOTÉ,upper_reverse,uppercase+reverse,True
é t r o i t,T I O R T É,étroit,TIORTÉ,upper_reverse,uppercase+reverse,True
é t u d i a n t,T N A I D U T É,étudiant,TNAIDUTÉ,upper_reverse,uppercase+reverse,True
ú l t i m o,O M I T L Ú,último,OMITLÚ,upper_reverse,uppercase+reverse,True
œ i l,L I Œ,œil,LIŒ,upper_reverse,uppercase+reverse,True
A F G H A N I S T A N,n a t s i n a h g f a,AFGHANISTAN,natsinahgfa,lower_reverse,lowercase+reverse,True
A L B A N I A,a i n a b l a,ALBANIA,ainabla,lower_reverse,lowercase+reverse,True
A L G E R I A,a i r e g l a,ALGERIA,airegla,lower_reverse,lowercase+reverse,True
A N D O R R A,a r r o d n a,ANDORRA,arrodna,lower_reverse,lowercase+reverse,True
A N G O L A,a l o g n a,ANGOLA,alogna,lower_reverse,lowercase+reverse,True
A R G E N T I N A,a n i t n e g r a,ARGENTINA,anitnegra,lower_reverse,lowercase+reverse,True
A R M E N I A,a i n e m r a,ARMENIA,ainemra,lower_reverse,lowercase+reverse,True
A U S T R A L I A,a i l a r t s u a,AUSTRALIA,ailartsua,lower_reverse,lowercase+reverse,True
A U S T R I A,a i r t s u a,AUSTRIA,airtsua,lower_reverse,lowercase+reverse,True
A Z E R B A I J A N,n a j i a b r e z a,AZERBAIJAN,najiabreza,lower_reverse,lowercase+reverse,True
B A H A M A S,s a m a h a b,BAHAMAS,samahab,lower_reverse,lowercase+reverse,True
B A H R A I N,n i a r h a b,BAHRAIN,niarhab,lower_reverse,lowercase+reverse,True
B A N G L A D E S H,h s e d a l g n a b,BANGLADESH,hsedalgnab,lower_reverse,lowercase+reverse,True
B A R B A D O S,s o d a b r a b,BARBADOS,sodabrab,lower_reverse,lowercase+reverse,True
B E L A R U S,s u r a l e b,BELARUS,suraleb,lower_reverse,lowercase+reverse,True
B E L G I U M,m u i g l e b,BELGIUM,muigleb,lower_reverse,lowercase+reverse,True
B E L I Z E,e z i l e b,BELIZE,ezileb,lower_reverse,lowercase+reverse,True
B E N I N,n i n e b,BENIN,nineb,lower_reverse,lowercase+reverse,True
B H U T A N,n a t u h b,BHUTAN,natuhb,lower_reverse,lowercase+reverse,True
B O L I V I A,a i v i l o b,BOLIVIA,aivilob,lower_reverse,lowercase+reverse,True
B O T S W A N A,a n a w s t o b,BOTSWANA,anawstob,lower_reverse,lowercase+reverse,True
B R A Z I L,l i z a r b,BRAZIL,lizarb,lower_reverse,lowercase+reverse,True
B R U N E I,i e n u r b,BRUNEI,ienurb,lower_reverse,lowercase+reverse,True
B U L G A R I A,a i r a g l u b,BULGARIA,airaglub,lower_reverse,lowercase+reverse,True
B U R U N D I,i d n u r u b,BURUNDI,idnurub,lower_reverse,lowercase+reverse,True
C A M B O D I A,a i d o b m a c,CAMBODIA,aidobmac,lower_reverse,lowercase+reverse,True
C A M E R O O N,n o o r e m a c,CAMEROON,nooremac,lower_reverse,lowercase+reverse,True
C A N A D A,a d a n a c,CANADA,adanac,lower_reverse,lowercase+reverse,True
C H A D,d a h c,CHAD,dahc,lower_reverse,lowercase+reverse,True
C H I L E,e l i h c,CHILE,elihc,lower_reverse,lowercase+reverse,True
C H I N A,a n i h c,CHINA,anihc,lower_reverse,lowercase+reverse,True
C O L O M B I A,a i b m o l o c,COLOMBIA,aibmoloc,lower_reverse,lowercase+reverse,True
C O M O R O S,s o r o m o c,COMOROS,soromoc,lower_reverse,lowercase+reverse,True
C O N G O,o g n o c,CONGO,ognoc,lower_reverse,lowercase+reverse,True
C R O A T I A,a i t a o r c,CROATIA,aitaorc,lower_reverse,lowercase+reverse,True
C U B A,a b u c,CUBA,abuc,lower_reverse,lowercase+reverse,True
C Y P R U S,s u r p y c,CYPRUS,surpyc,lower_reverse,lowercase+reverse,True
D E N M A R K,k r a m n e d,DENMARK,kramned,lower_reverse,lowercase+reverse,True
D J I B O U T I,i t u o b i j d,DJIBOUTI,ituobijd,lower_reverse,lowercase+reverse,True
D O M I N I C A,a c i n i m o d,DOMINICA,acinimod,lower_reverse,lowercase+reverse,True
E C U A D O R,r o d a u c e,ECUADOR,rodauce,lower_reverse,lowercase+reverse,True
E G Y P T,t p y g e,EGYPT,tpyge,lower_reverse,lowercase+reverse,True
E R I T R E A,a e r t i r e,ERITREA,aertire,lower_reverse,lowercase+reverse,True
E S T O N I A,a i n o t s e,ESTONIA,ainotse,lower_reverse,lowercase+reverse,True
E S W A T I N I,i n i t a w s e,ESWATINI,initawse,lower_reverse,lowercase+reverse,True
E T H I O P I A,a i p o i h t e,ETHIOPIA,aipoihte,lower_reverse,lowercase+reverse,True
F I J I,i j i f,FIJI,ijif,lower_reverse,lowercase+reverse,True
F I N L A N D,d n a l n i f,FINLAND,dnalnif,lower_reverse,lowercase+reverse,True
F R A N C E,e c n a r f,FRANCE,ecnarf,lower_reverse,lowercase+reverse,True
G A B O N,n o b a g,GABON,nobag,lower_reverse,lowercase+reverse,True
G A M B I A,a i b m a g,GAMBIA,aibmag,lower_reverse,lowercase+reverse,True
G E O R G I A,a i g r o e g,GEORGIA,aigroeg,lower_reverse,lowercase+reverse,True
G E R M A N Y,y n a m r e g,GERMANY,ynamreg,lower_reverse,lowercase+reverse,True
G H A N A,a n a h g,GHANA,anahg,lower_reverse,lowercase+reverse,True
G R E E C E,e c e e r g,GREECE,eceerg,lower_reverse,lowercase+reverse,True
G R E N A D A,a d a n e r g,GRENADA,adanerg,lower_reverse,lowercase+reverse,True
G U A T E M A L A,a l a m e t a u g,GUATEMALA,alametaug,lower_reverse,lowercase+reverse,True
G U I N E A,a e n i u g,GUINEA,aeniug,lower_reverse,lowercase+reverse,True
G U Y A N A,a n a y u g,GUYANA,anayug,lower_reverse,lowercase+reverse,True
H A I T I,i t i a h,HAITI,itiah,lower_reverse,lowercase+reverse,True
H O N D U R A S,s a r u d n o h,HONDURAS,sarudnoh,lower_reverse,lowercase+reverse,True
H U N G A R Y,y r a g n u h,HUNGARY,yragnuh,lower_reverse,lowercase+reverse,True
I C E L A N D,d n a l e c i,ICELAND,dnaleci,lower_reverse,lowercase+reverse,True
I N D I A,a i d n i,INDIA,aidni,lower_reverse,lowercase+reverse,True
I N D O N E S I A,a i s e n o d n i,INDONESIA,aisenodni,lower_reverse,lowercase+reverse,True
I R A N,n a r i,IRAN,nari,lower_reverse,lowercase+reverse,True
I R A Q,q a r i,IRAQ,qari,lower_reverse,lowercase+reverse,True
I R E L A N D,d n a l e r i,IRELAND,dnaleri,lower_reverse,lowercase+reverse,True
I S R A E L,l e a r s i,ISRAEL,learsi,lower_reverse,lowercase+reverse,True
I T A L Y,y l a t i,ITALY,ylati,lower_reverse,lowercase+reverse,True
J A M A I C A,a c i a m a j,JAMAICA,aciamaj,lower_reverse,lowercase+reverse,True
J A P A N,n a p a j,JAPAN,napaj,lower_reverse,lowercase+reverse,True
J O R D A N,n a d r o j,JORDAN,nadroj,lower_reverse,lowercase+reverse,True
K A Z A K H S T A N,n a t s h k a z a k,KAZAKHSTAN,natshkazak,lower_reverse,lowercase+reverse,True
K E N Y A,a y n e k,KENYA,aynek,lower_reverse,lowercase+reverse,True
K I R I B A T I,i t a b i r i k,KIRIBATI,itabirik,lower_reverse,lowercase+reverse,True
K O S O V O,o v o s o k,KOSOVO,ovosok,lower_reverse,lowercase+reverse,True
K U W A I T,t i a w u k,KUWAIT,tiawuk,lower_reverse,lowercase+reverse,True
K Y R G Y Z S T A N,n a t s z y g r y k,KYRGYZSTAN,natszygryk,lower_reverse,lowercase+reverse,True
L A O S,s o a l,LAOS,soal,lower_reverse,lowercase+reverse,True
L A T V I A,a i v t a l,LATVIA,aivtal,lower_reverse,lowercase+reverse,True
L E B A N O N,n o n a b e l,LEBANON,nonabel,lower_reverse,lowercase+reverse,True
L E S O T H O,o h t o s e l,LESOTHO,ohtosel,lower_reverse,lowercase+reverse,True
L I B E R I A,a i r e b i l,LIBERIA,airebil,lower_reverse,lowercase+reverse,True
L I B Y A,a y b i l,LIBYA,aybil,lower_reverse,lowercase+reverse,True
L I E C H T E N S T E I N,n i e t s n e t h c e i l,LIECHTENSTEIN,nietsnethceil,lower_reverse,lowercase+reverse,True
L I T H U A N I A,a i n a u h t i l,LITHUANIA,ainauhtil,lower_reverse,lowercase+reverse,True
L U X E M B O U R G,g r u o b m e x u l,LUXEMBOURG,gruobmexul,lower_reverse,lowercase+reverse,True
M A D A G A S C A R,r a c s a g a d a m,MADAGASCAR,racsagadam,lower_reverse,lowercase+reverse,True
M A L A W I,i w a l a m,MALAWI,iwalam,lower_reverse,lowercase+reverse,True
M A L A Y S I A,a i s y a l a m,MALAYSIA,aisyalam,lower_reverse,lowercase+reverse,True
M A L D I V E S,s e v i d l a m,MALDIVES,sevidlam,lower_reverse,lowercase+reverse,True
M A L I,i l a m,MALI,ilam,lower_reverse,lowercase+reverse,True
M A L T A,a t l a m,MALTA,atlam,lower_reverse,lowercase+reverse,True
M A U R I T A N I A,a i n a t i r u a m,MAURITANIA,ainatiruam,lower_reverse,lowercase+reverse,True
M A U R I T I U S,s u i t i r u a m,MAURITIUS,suitiruam,lower_reverse,lowercase+reverse,True
M E X I C O,o c i x e m,MEXICO,ocixem,lower_reverse,lowercase+reverse,True
M I C R O N E S I A,a i s e n o r c i m,MICRONESIA,aisenorcim,lower_reverse,lowercase+reverse,True
M O L D O V A,a v o d l o m,MOLDOVA,avodlom,lower_reverse,lowercase+reverse,True
M O N A C O,o c a n o m,MONACO,ocanom,lower_reverse,lowercase+reverse,True
M O N G O L I A,a i l o g n o m,MONGOLIA,ailognom,lower_reverse,lowercase+reverse,True
M O N T E N E G R O,o r g e n e t n o m,MONTENEGRO,orgenetnom,lower_reverse,lowercase+reverse,True
M O R O C C O,o c c o r o m,MOROCCO,occorom,lower_reverse,lowercase+reverse,True
M O Z A M B I Q U E,e u q i b m a z o m,MOZAMBIQUE,euqibmazom,lower_reverse,lowercase+reverse,True
M Y A N M A R,r a m n a y m,MYANMAR,ramnaym,lower_reverse,lowercase+reverse,True
N A M I B I A,a i b i m a n,NAMIBIA,aibiman,lower_reverse,lowercase+reverse,True
N A U R U,u r u a n,NAURU,uruan,lower_reverse,lowercase+reverse,True
N E P A L,l a p e n,NEPAL,lapen,lower_reverse,lowercase+reverse,True
N E T H E R L A N D S,s d n a l r e h t e n,NETHERLANDS,sdnalrehten,lower_reverse,lowercase+reverse,True
N I C A R A G U A,a u g a r a c i n,NICARAGUA,augaracin,lower_reverse,lowercase+reverse,True
N I G E R,r e g i n,NIGER,regin,lower_reverse,lowercase+reverse,True
N I G E R I A,a i r e g i n,NIGERIA,airegin,lower_reverse,lowercase+reverse,True
N O R W A Y,y a w r o n,NORWAY,yawron,lower_reverse,lowercase+reverse,True
O M A N,n a m o,OMAN,namo,lower_reverse,lowercase+reverse,True
P A K I S T A N,n a t s i k a p,PAKISTAN,natsikap,lower_reverse,lowercase+reverse,True
P A L A U,u a l a p,PALAU,ualap,lower_reverse,lowercase+reverse,True
P A L E S T I N E,e n i t s e l a p,PALESTINE,enitselap,lower_reverse,lowercase+reverse,True
P A N A M A,a m a n a p,PANAMA,amanap,lower_reverse,lowercase+reverse,True
P A R A G U A Y,y a u g a r a p,PARAGUAY,yaugarap,lower_reverse,lowercase+reverse,True
P E R U,u r e p,PERU,urep,lower_reverse,lowercase+reverse,True
P H I L I P P I N E S,s e n i p p i l i h p,PHILIPPINES,senippilihp,lower_reverse,lowercase+reverse,True
P O L A N D,d n a l o p,POLAND,dnalop,lower_reverse,lowercase+reverse,True
P O R T U G A L,l a g u t r o p,PORTUGAL,lagutrop,lower_reverse,lowercase+reverse,True
Q A T A R,r a t a q,QATAR,rataq,lower_reverse,lowercase+reverse,True
R O M A N I A,a i n a m o r,ROMANIA,ainamor,lower_reverse,lowercase+reverse,True
R U S S I A,a i s s u r,RUSSIA,aissur,lower_reverse,lowercase+reverse,True
R W A N D A,a d n a w r,RWANDA,adnawr,lower_reverse,lowercase+reverse,True
S A M O A,a o m a s,SAMOA,aomas,lower_reverse,lowercase+reverse,True
S E N E G A L,l a g e n e s,SENEGAL,lagenes,lower_reverse,lowercase+reverse,True
S E R B I A,a i b r e s,SERBIA,aibres,lower_reverse,lowercase+reverse,True
S E Y C H E L L E S,s e l l e h c y e s,SEYCHELLES,sellehcyes,lower_reverse,lowercase+reverse,True
S I N G A P O R E,e r o p a g n i s,SINGAPORE,eropagnis,lower_reverse,lowercase+reverse,True
S L O V A K I A,a i k a v o l s,SLOVAKIA,aikavols,lower_reverse,lowercase+reverse,True
S L O V E N I A,a i n e v o l s,SLOVENIA,ainevols,lower_reverse,lowercase+reverse,True
S O M A L I A,a i l a m o s,SOMALIA,ailamos,lower_reverse,lowercase+reverse,True
S P A I N,n i a p s,SPAIN,niaps,lower_reverse,lowercase+reverse,True
S U D A N,n a d u s,SUDAN,nadus,lower_reverse,lowercase+reverse,True
S U R I N A M E,e m a n i r u s,SURINAME,emanirus,lower_reverse,lowercase+reverse,True
S W E D E N,n e d e w s,SWEDEN,nedews,lower_reverse,lowercase+reverse,True
S W I T Z E R L A N D,d n a l r e z t i w s,SWITZERLAND,dnalreztiws,lower_reverse,lowercase+reverse,True
S Y R I A,a i r y s,SYRIA,airys,lower_reverse,lowercase+reverse,True
T A I W A N,n a w i a t,TAIWAN,nawiat,lower_reverse,lowercase+reverse,True
T A J I K I S T A N,n a t s i k i j a t,TAJIKISTAN,natsikijat,lower_reverse,lowercase+reverse,True
T A N Z A N I A,a i n a z n a t,TANZANIA,ainaznat,lower_reverse,lowercase+reverse,True
T H A I L A N D,d n a l i a h t,THAILAND,dnaliaht,lower_reverse,lowercase+reverse,True
T O G O,o g o t,TOGO,ogot,lower_reverse,lowercase+reverse,True
T O N G A,a g n o t,TONGA,agnot,lower_reverse,lowercase+reverse,True
T U N I S I A,a i s i n u t,TUNISIA,aisinut,lower_reverse,lowercase+reverse,True
T U R K E Y,y e k r u t,TURKEY,yekrut,lower_reverse,lowercase+reverse,True
T U R K M E N I S T A N,n a t s i n e m k r u t,TURKMENISTAN,natsinemkrut,lower_reverse,lowercase+reverse,True
T U V A L U,u l a v u t,TUVALU,ulavut,lower_reverse,lowercase+reverse,True
U A E,e a u,UAE,eau,lower_reverse,lowercase+reverse,True
U G A N D A,a d n a g u,UGANDA,adnagu,lower_reverse,lowercase+reverse,True
U K R A I N E,e n i a r k u,UKRAINE,eniarku,lower_reverse,lowercase+reverse,True
U R U G U A Y,y a u g u r u,URUGUAY,yauguru,lower_reverse,lowercase+reverse,True
U Z B E K I S T A N,n a t s i k e b z u,UZBEKISTAN,natsikebzu,lower_reverse,lowercase+reverse,True
V A N U A T U,u t a u n a v,VANUATU,utaunav,lower_reverse,lowercase+reverse,True
V E N E Z U E L A,a l e u z e n e v,VENEZUELA,aleuzenev,lower_reverse,lowercase+reverse,True
V I E T N A M,m a n t e i v,VIETNAM,manteiv,lower_reverse,lowercase+reverse,True
Y E M E N,n e m e y,YEMEN,nemey,lower_reverse,lowercase+reverse,True
Z A M B I A,a i b m a z,ZAMBIA,aibmaz,lower_reverse,lowercase+reverse,True
Z I M B A B W E,e w b a b m i z,ZIMBABWE,ewbabmiz,lower_reverse,lowercase+reverse,True
A B A J O,o j a b a,ABAJO,ojaba,lower_reverse,lowercase+reverse,True
A B I E R T O,o t r e i b a,ABIERTO,otreiba,lower_reverse,lowercase+reverse,True
A B O G A D O,o d a g o b a,ABOGADO,odagoba,lower_reverse,lowercase+reverse,True
A B U E L A,a l e u b a,ABUELA,aleuba,lower_reverse,lowercase+reverse,True
A B U E L O,o l e u b a,ABUELO,oleuba,lower_reverse,lowercase+reverse,True
A C C E L E R A T E,e t a r e l e c c a,ACCELERATE,etarelecca,lower_reverse,lowercase+reverse,True
A C H I E V E,e v e i h c a,ACHIEVE,eveihca,lower_reverse,lowercase+reverse,True
A C T I V A T E,e t a v i t c a,ACTIVATE,etavitca,lower_reverse,lowercase+reverse,True
A C T O R,r o t c a,ACTOR,rotca,lower_reverse,lowercase+reverse,True
A C T R E S S,s s e r t c a,ACTRESS,ssertca,lower_reverse,lowercase+reverse,True
A D I Ó S,s ó i d a,ADIÓS,sóida,lower_reverse,lowercase+reverse,True
A D V E R T I S E,e s i t r e v d a,ADVERTISE,esitrevda,lower_reverse,lowercase+reverse,True
A G U A,a u g a,AGUA,auga,lower_reverse,lowercase+reverse,True
A L T O,o t l a,ALTO,otla,lower_reverse,lowercase+reverse,True
A M A R I L L O,o l l i r a m a,AMARILLO,ollirama,lower_reverse,lowercase+reverse,True
A M I,i m a,AMI,ima,lower_reverse,lowercase+reverse,True
A M I G O,o g i m a,AMIGO,ogima,lower_reverse,lowercase+reverse,True
A N,n a,AN,na,lower_reverse,lowercase+reverse,True
A N A L Y S I S,s i s y l a n a,ANALYSIS,sisylana,lower_reverse,lowercase+reverse,True
A N C H O,o h c n a,ANCHO,ohcna,lower_reverse,lowercase+reverse,True
A N T I C I P A T E,e t a p i c i t n a,ANTICIPATE,etapicitna,lower_reverse,lowercase+reverse,True
A P O L O G I Z E,e z i g o l o p a,APOLOGIZE,ezigolopa,lower_reverse,lowercase+reverse,True
A P P L E,e l p p a,APPLE,elppa,lower_reverse,lowercase+reverse,True
A P P R E C I A T E,e t a i c e r p p a,APPRECIATE,etaicerppa,lower_reverse,lowercase+reverse,True
A R B R E,e r b r a,ARBRE,erbra,lower_reverse,lowercase+reverse,True
A R G U E,e u g r a,ARGUE,eugra,lower_reverse,lowercase+reverse,True
A R M,m r a,ARM,mra,lower_reverse,lowercase+reverse,True
A R R I B A,a b i r r a,ARRIBA,abirra,lower_reverse,lowercase+reverse,True
A R R I V E,e v i r r a,ARRIVE,evirra,lower_reverse,lowercase+reverse,True
A R T E R Y,y r e t r a,ARTERY,yretra,lower_reverse,lowercase+reverse,True
A R T I S T,t s i t r a,ARTIST,tsitra,lower_reverse,lowercase+reverse,True
A R T I S T A,a t s i t r a,ARTISTA,atsitra,lower_reverse,lowercase+reverse,True
A R T I S T E,e t s i t r a,ARTISTE,etsitra,lower_reverse,lowercase+reverse,True
A T R Á S,s á r t a,ATRÁS,sárta,lower_reverse,lowercase+reverse,True
A U N T,t n u a,AUNT,tnua,lower_reverse,lowercase+reverse,True
A V O C A T,t a c o v a,AVOCAT,tacova,lower_reverse,lowercase+reverse,True
A X I S,s i x a,AXIS,sixa,lower_reverse,lowercase+reverse,True
A Y E R,r e y a,AYER,reya,lower_reverse,lowercase+reverse,True
A Z U L,l u z a,AZUL,luza,lower_reverse,lowercase+reverse,True
A Z Ú C A R,r a c ú z a,AZÚCAR,racúza,lower_reverse,lowercase+reverse,True
A Ñ O,o ñ a,AÑO,oña,lower_reverse,lowercase+reverse,True
B A B Y,y b a b,BABY,ybab,lower_reverse,lowercase+reverse,True
B A C K,k c a b,BACK,kcab,lower_reverse,lowercase+reverse,True
B A D,d a b,BAD,dab,lower_reverse,lowercase+reverse,True
B A I L E,e l i a b,BAILE,eliab,lower_reverse,lowercase+reverse,True
B A J O,o j a b,BAJO,ojab,lower_reverse,lowercase+reverse,True
B A K E,e k a b,BAKE,ekab,lower_reverse,lowercase+reverse,True
B A K E R,r e k a b,BAKER,rekab,lower_reverse,lowercase+reverse,True
B A L L,l l a b,BALL,llab,lower_reverse,lowercase+reverse,True
B A L L E,e l l a b,BALLE,ellab,lower_reverse,lowercase+reverse,True
B A N A N A,a n a n a b,BANANA,ananab,lower_reverse,lowercase+reverse,True
B A S,s a b,BAS,sab,lower_reverse,lowercase+reverse,True
B A S I S,s i s a b,BASIS,sisab,lower_reverse,lowercase+reverse,True
B A Y,y a b,BAY,yab,lower_reverse,lowercase+reverse,True
B E A C H,h c a e b,BEACH,hcaeb,lower_reverse,lowercase+reverse,True
B E A U,u a e b,BEAU,uaeb,lower_reverse,lowercase+reverse,True
B E A U T I F U L,l u f i t u a e b,BEAUTIFUL,lufituaeb,lower_reverse,lowercase+reverse,True
B E B É,é b e b,BEBÉ,ébeb,lower_reverse,lowercase+reverse,True
B E G I N,n i g e b,BEGIN,nigeb,lower_reverse,lowercase+reverse,True
B E L I E F,f e i l e b,BELIEF,feileb,lower_reverse,lowercase+reverse,True
B E L I E V E,e v e i l e b,BELIEVE,eveileb,lower_reverse,lowercase+reverse,True
B E N D,d n e b,BEND,dneb,lower_reverse,lowercase+reverse,True
B E R R Y,y r r e b,BERRY,yrreb,lower_reverse,lowercase+reverse,True
B I G,g i b,BIG,gib,lower_reverse,lowercase+reverse,True
B I K E,e k i b,BIKE,ekib,lower_reverse,lowercase+reverse,True
B I R D,d r i b,BIRD,drib,lower_reverse,lowercase+reverse,True
B L A C K,k c a l b,BLACK,kcalb,lower_reverse,lowercase+reverse,True
B L A N C,c n a l b,BLANC,cnalb,lower_reverse,lowercase+reverse,True
B L A N C O,o c n a l b,BLANCO,ocnalb,lower_reverse,lowercase+reverse,True
B L E U,u e l b,BLEU,uelb,lower_reverse,lowercase+reverse,True
B L U E,e u l b,BLUE,eulb,lower_reverse,lowercase+reverse,True
B O C A,a c o b,BOCA,acob,lower_reverse,lowercase+reverse,True
B O D Y,y d o b,BODY,ydob,lower_reverse,lowercase+reverse,True
B O N,n o b,BON,nob,lower_reverse,lowercase+reverse,True
B O N E,e n o b,BONE,enob,lower_reverse,lowercase+reverse,True
B O N J O U R,r u o j n o b,BONJOUR,ruojnob,lower_reverse,lowercase+reverse,True
B O N S O I R,r i o s n o b,BONSOIR,riosnob,lower_reverse,lowercase+reverse,True
B O O K,k o o b,BOOK,koob,lower_reverse,lowercase+reverse,True
B O U C H E,e h c u o b,BOUCHE,ehcuob,lower_reverse,lowercase+reverse,True
B O X,x o b,BOX,xob,lower_reverse,lowercase+reverse,True
B O Y,y o b,BOY,yob,lower_reverse,lowercase+reverse,True
B R A I N,n i a r b,BRAIN,niarb,lower_reverse,lowercase+reverse,True
B R E A D,d a e r b,BREAD,daerb,lower_reverse,lowercase+reverse,True
B R O T H E R,r e h t o r b,BROTHER,rehtorb,lower_reverse,lowercase+reverse,True
B R O W N,n w o r b,BROWN,nworb,lower_reverse,lowercase+reverse,True
B R U S H,h s u r b,BRUSH,hsurb,lower_reverse,lowercase+reverse,True
B U E N O,o n e u b,BUENO,oneub,lower_reverse,lowercase+reverse,True
B U I L D,d l i u b,BUILD,dliub,lower_reverse,lowercase+reverse,True
B U I L D E R,r e d l i u b,BUILDER,redliub,lower_reverse,lowercase+reverse,True
B U S,s u b,BUS,sub,lower_reverse,lowercase+reverse,True
B U T C H E R,r e h c t u b,BUTCHER,rehctub,lower_reverse,lowercase+reverse,True
B U T T E R F L Y,y l f r e t t u b,BUTTERFLY,ylfrettub,lower_reverse,lowercase+reverse,True
B É B É,é b é b,BÉBÉ,ébéb,lower_reverse,lowercase+reverse,True
C A B A L L O,o l l a b a c,CABALLO,ollabac,lower_reverse,lowercase+reverse,True
C A B E Z A,a z e b a c,CABEZA,azebac,lower_reverse,lowercase+reverse,True
C A F É,é f a c,CAFÉ,éfac,lower_reverse,lowercase+reverse,True
C A L C U L A T E,e t a l u c l a c,CALCULATE,etaluclac,lower_reverse,lowercase+reverse,True
C A L F,f l a c,CALF,flac,lower_reverse,lowercase+reverse,True
C A L I E N T E,e t n e i l a c,CALIENTE,etneilac,lower_reverse,lowercase+reverse,True
C A L L E,e l l a c,CALLE,ellac,lower_reverse,lowercase+reverse,True
C A M P,p m a c,CAMP,pmac,lower_reverse,lowercase+reverse,True
C A N C I Ó N,n ó i c n a c,CANCIÓN,nóicnac,lower_reverse,lowercase+reverse,True
C A N T A N T E,e t n a t n a c,CANTANTE,etnatnac,lower_reverse,lowercase+reverse,True
C A R,r a c,CAR,rac,lower_reverse,lowercase+reverse,True
C A R E,e r a c,CARE,erac,lower_reverse,lowercase+reverse,True
C A R G O,o g r a c,CARGO,ograc,lower_reverse,lowercase+reverse,True
C A R R Y,y r r a c,CARRY,yrrac,lower_reverse,lowercase+reverse,True
C A R T A,a t r a c,CARTA,atrac,lower_reverse,lowercase+reverse,True
C A S A,a s a c,CASA,asac,lower_reverse,lowercase+reverse,True
C A T,t a c,CAT,tac,lower_reverse,lowercase+reverse,True
C A T C H,h c t a c,CATCH,hctac,lower_reverse,lowercase+reverse,True
C E L E B R A T E,e t a r b e l e c,CELEBRATE,etarbelec,lower_reverse,lowercase+reverse,True
C E N T,t n e c,CENT,tnec,lower_reverse,lowercase+reverse,True
C E R C A,a c r e c,CERCA,acrec,lower_reverse,lowercase+reverse,True
C E R E B R O,o r b e r e c,CEREBRO,orberec,lower_reverse,lowercase+reverse,True
C E R R A D O,o d a r r e c,CERRADO,odarrec,lower_reverse,lowercase+reverse,True
C E R V E A U,u a e v r e c,CERVEAU,uaevrec,lower_reverse,lowercase+reverse,True
C H A I R,r i a h c,CHAIR,riahc,lower_reverse,lowercase+reverse,True
C H A I S E,e s i a h c,CHAISE,esiahc,lower_reverse,lowercase+reverse,True
C H A N G E,e g n a h c,CHANGE,egnahc,lower_reverse,lowercase+reverse,True
C H A N S O N,n o s n a h c,CHANSON,nosnahc,lower_reverse,lowercase+reverse,True
C H A T,t a h c,CHAT,tahc,lower_reverse,lowercase+reverse,True
C H A U D,d u a h c,CHAUD,duahc,lower_reverse,lowercase+reverse,True
C H E E S E,e s e e h c,CHEESE,eseehc,lower_reverse,lowercase+reverse,True
C H E F,f e h c,CHEF,fehc,lower_reverse,lowercase+reverse,True
C H E V A L,l a v e h c,CHEVAL,lavehc,lower_reverse,lowercase+reverse,True
C H I E F,f e i h c,CHIEF,feihc,lower_reverse,lowercase+reverse,True
C H I E N,n e i h c,CHIEN,neihc,lower_reverse,lowercase+reverse,True
C H I L D,d l i h c,CHILD,dlihc,lower_reverse,lowercase+reverse,True
C H U R C H,h c r u h c,CHURCH,hcruhc,lower_reverse,lowercase+reverse,True
C I E N,n e i c,CIEN,neic,lower_reverse,lowercase+reverse,True
C I N C O,o c n i c,CINCO,ocnic,lower_reverse,lowercase+reverse,True
C I N Q,q n i c,CINQ,qnic,lower_reverse,lowercase+reverse,True
C I T Y,y t i c,CITY,ytic,lower_reverse,lowercase+reverse,True
C I U D A D,d a d u i c,CIUDAD,daduic,lower_reverse,lowercase+reverse,True
C L A S S,s s a l c,CLASS,ssalc,lower_reverse,lowercase+reverse,True
C L E A N,n a e l c,CLEAN,naelc,lower_reverse,lowercase+reverse,True
C L E R K,k r e l c,CLERK,krelc,lower_reverse,lowercase+reverse,True
C L I F F,f f i l c,CLIFF,ffilc,lower_reverse,lowercase+reverse,True
C L I M B,b m i l c,CLIMB,bmilc,lower_reverse,lowercase+reverse,True
C L O S E,e s o l c,CLOSE,esolc,lower_reverse,lowercase+reverse,True
C L O S E D,d e s o l c,CLOSED,desolc,lower_reverse,lowercase+reverse,True
C O C H E,e h c o c,COCHE,ehcoc,lower_reverse,lowercase+reverse,True
C O F F E E,e e f f o c,COFFEE,eeffoc,lower_reverse,lowercase+reverse,True
C O L D,d l o c,COLD,dloc,lower_reverse,lowercase+reverse,True
C O M E,e m o c,COME,emoc,lower_reverse,lowercase+reverse,True
C O M I D A,a d i m o c,COMIDA,adimoc,lower_reverse,lowercase+reverse,True
C O M M U N I C A T E,e t a c i n u m m o c,COMMUNICATE,etacinummoc,lower_reverse,lowercase+reverse,True
C O M P E T E,e t e p m o c,COMPETE,etepmoc,lower_reverse,lowercase+reverse,True
C O M P L E T E,e t e l p m o c,COMPLETE,etelpmoc,lower_reverse,lowercase+reverse,True
C O M P U T E R,r e t u p m o c,COMPUTER,retupmoc,lower_reverse,lowercase+reverse,True
C O N C E N T R A T E,e t a r t n e c n o c,CONCENTRATE,etartnecnoc,lower_reverse,lowercase+reverse,True
C O N T E M P L A T E,e t a l p m e t n o c,CONTEMPLATE,etalpmetnoc,lower_reverse,lowercase+reverse,True
C O N T I N U E,e u n i t n o c,CONTINUE,eunitnoc,lower_reverse,lowercase+reverse,True
C O O K,k o o c,COOK,kooc,lower_reverse,lowercase+reverse,True
C O O P E R A T E,e t a r e p o o c,COOPERATE,etarepooc,lower_reverse,lowercase+reverse,True
C O O R D I N A T E,e t a n i d r o o c,COORDINATE,etanidrooc,lower_reverse,lowercase+reverse,True
C O R A Z Ó N,n ó z a r o c,CORAZÓN,nózaroc,lower_reverse,lowercase+reverse,True
C O R P S,s p r o c,CORPS,sproc,lower_reverse,lowercase+reverse,True
C O R T O,o t r o c,CORTO,otroc,lower_reverse,lowercase+reverse,True
C O U N T R Y,y r t n u o c,COUNTRY,yrtnuoc,lower_reverse,lowercase+reverse,True
C O U R T,t r u o c,COURT,truoc,lower_reverse,lowercase+reverse,True
C O U S I N,n i s u o c,COUSIN,nisuoc,lower_reverse,lowercase+reverse,True
C R E A T E,e t a e r c,CREATE,etaerc,lower_reverse,lowercase+reverse,True
C R I S I S,s i s i r c,CRISIS,sisirc,lower_reverse,lowercase+reverse,True
C R I T E R I O N,n o i r e t i r c,CRITERION,noiretirc,lower_reverse,lowercase+reverse,True
C R I T I C I Z E,e z i c i t i r c,CRITICIZE,ezicitirc,lower_reverse,lowercase+reverse,True
C R Y,y r c,CRY,yrc,lower_reverse,lowercase+reverse,True
C U A T R O,o r t a u c,CUATRO,ortauc,lower_reverse,lowercase+reverse,True
C U E R P O,o p r e u c,CUERPO,opreuc,lower_reverse,lowercase+reverse,True
C U L T I V A T E,e t a v i t l u c,CULTIVATE,etavitluc,lower_reverse,lowercase+reverse,True
C U P,p u c,CUP,puc,lower_reverse,lowercase+reverse,True
C U R R I C U L U M,m u l u c i r r u c,CURRICULUM,mulucirruc,lower_reverse,lowercase+reverse,True
C Œ U R,r u œ c,CŒUR,ruœc,lower_reverse,lowercase+reverse,True
D A N C E,e c n a d,DANCE,ecnad,lower_reverse,lowercase+reverse,True
D A N C E R,r e c n a d,DANCER,recnad,lower_reverse,lowercase+reverse,True
D A N S E,e s n a d,DANSE,esnad,lower_reverse,lowercase+reverse,True
D A T U M,m u t a d,DATUM,mutad,lower_reverse,lowercase+reverse,True
D A U G H T E R,r e t h g u a d,DAUGHTER,rethguad,lower_reverse,lowercase+reverse,True
D A Y,y a d,DAY,yad,lower_reverse,lowercase+reverse,True
D E C I D E,e d i c e d,DECIDE,ediced,lower_reverse,lowercase+reverse,True
D E C O R A T E,e t a r o c e d,DECORATE,etaroced,lower_reverse,lowercase+reverse,True
D E D A N S,s n a d e d,DEDANS,snaded,lower_reverse,lowercase+reverse,True
D E D I C A T E,e t a c i d e d,DEDICATE,etacided,lower_reverse,lowercase+reverse,True
D E E R,r e e d,DEER,reed,lower_reverse,lowercase+reverse,True
D E F E A T,t a e f e d,DEFEAT,taefed,lower_reverse,lowercase+reverse,True
D E H O R S,s r o h e d,DEHORS,srohed,lower_reverse,lowercase+reverse,True
D E L E T E,e t e l e d,DELETE,eteled,lower_reverse,lowercase+reverse,True
D E M A I N,n i a m e d,DEMAIN,niamed,lower_reverse,lowercase+reverse,True
D E M O N S T R A T E,e t a r t s n o m e d,DEMONSTRATE,etartsnomed,lower_reverse,lowercase+reverse,True
D E N T R O,o r t n e d,DENTRO,ortned,lower_reverse,lowercase+reverse,True
D E P O R T E,e t r o p e d,DEPORTE,etroped,lower_reverse,lowercase+reverse,True
D E R E C H O,o h c e r e d,DERECHO,ohcered,lower_reverse,lowercase+reverse,True
D E R N I E R,r e i n r e d,DERNIER,reinred,lower_reverse,lowercase+reverse,True
D E R R I È R E,e r è i r r e d,DERRIÈRE,erèirred,lower_reverse,lowercase+reverse,True
D E S I G N A T E,e t a n g i s e d,DESIGNATE,etangised,lower_reverse,lowercase+reverse,True
D E T E R M I N E,e n i m r e t e d,DETERMINE,enimreted,lower_reverse,lowercase+reverse,True
D E U X,x u e d,DEUX,xued,lower_reverse,lowercase+reverse,True
D E V A N T,t n a v e d,DEVANT,tnaved,lower_reverse,lowercase+reverse,True
D E V I A T E,e t a i v e d,DEVIATE,etaived,lower_reverse,lowercase+reverse,True
D I E Z,z e i d,DIEZ,zeid,lower_reverse,lowercase+reverse,True
D I F F I C I L E,e l i c i f f i d,DIFFICILE,eliciffid,lower_reverse,lowercase+reverse,True
D I F F I C U L T,t l u c i f f i d,DIFFICULT,tluciffid,lower_reverse,lowercase+reverse,True
D I F Í C I L,l i c í f i d,DIFÍCIL,licífid,lower_reverse,lowercase+reverse,True
D I R E C T O R,r o t c e r i d,DIRECTOR,rotcerid,lower_reverse,lowercase+reverse,True
D I R T Y,y t r i d,DIRTY,ytrid,lower_reverse,lowercase+reverse,True
D I S H,h s i d,DISH,hsid,lower_reverse,lowercase+reverse,True
D I X,x i d,DIX,xid,lower_reverse,lowercase+reverse,True
D O C T O R,r o t c o d,DOCTOR,rotcod,lower_reverse,lowercase+reverse,True
D O G,g o d,DOG,god,lower_reverse,lowercase+reverse,True
D O M I N A T E,e t a n i m o d,DOMINATE,etanimod,lower_reverse,lowercase+reverse,True
D O O R,r o o d,DOOR,rood,lower_reverse,lowercase+reverse,True
D O S,s o d,DOS,sod,lower_reverse,lowercase+reverse,True
D O W N,n w o d,DOWN,nwod,lower_reverse,lowercase+reverse,True
D R A W,w a r d,DRAW,ward,lower_reverse,lowercase+reverse,True
D R I N K,k n i r d,DRINK,knird,lower_reverse,lowercase+reverse,True
D R I V E,e v i r d,DRIVE,evird,lower_reverse,lowercase+reverse,True
D R I V E R,r e v i r d,DRIVER,revird,lower_reverse,lowercase+reverse,True
D R O I T,t i o r d,DROIT,tiord,lower_reverse,lowercase+reverse,True
D U C H E S S,s s e h c u d,DUCHESS,ssehcud,lower_reverse,lowercase+reverse,True
D U K E,e k u d,DUKE,ekud,lower_reverse,lowercase+reverse,True
D W A R F,f r a w d,DWARF,frawd,lower_reverse,lowercase+reverse,True
D É B I L,l i b é d,DÉBIL,libéd,lower_reverse,lowercase+reverse,True
D Í A,a í d,DÍA,aíd,lower_reverse,lowercase+reverse,True
E A R,r a e,EAR,rae,lower_reverse,lowercase+reverse,True
E A S Y,y s a e,EASY,ysae,lower_reverse,lowercase+reverse,True
E A T,t a e,EAT,tae,lower_reverse,lowercase+reverse,True
E A U,u a e,EAU,uae,lower_reverse,lowercase+reverse,True
E C H O,o h c e,ECHO,ohce,lower_reverse,lowercase+reverse,True
E D U C A T E,e t a c u d e,EDUCATE,etacude,lower_reverse,lowercase+reverse,True
E I G H T,t h g i e,EIGHT,thgie,lower_reverse,lowercase+reverse,True
E L F,f l e,ELF,fle,lower_reverse,lowercase+reverse,True
E L I M I N A T E,e t a n i m i l e,ELIMINATE,etanimile,lower_reverse,lowercase+reverse,True
E M P E R O R,r o r e p m e,EMPEROR,rorepme,lower_reverse,lowercase+reverse,True
E M P R E S S,s s e r p m e,EMPRESS,sserpme,lower_reverse,lowercase+reverse,True
E M P T Y,y t p m e,EMPTY,ytpme,lower_reverse,lowercase+reverse,True
E N D,d n e,END,dne,lower_reverse,lowercase+reverse,True
E N F A N T,t n a f n e,ENFANT,tnafne,lower_reverse,lowercase+reverse,True
E N F E R M E R A,a r e m r e f n e,ENFERMERA,aremrefne,lower_reverse,lowercase+reverse,True
E N G I N E E R,r e e n i g n e,ENGINEER,reenigne,lower_reverse,lowercase+reverse,True
E S C A L A T E,e t a l a c s e,ESCALATE,etalacse,lower_reverse,lowercase+reverse,True
E S C U E L A,a l e u c s e,ESCUELA,aleucse,lower_reverse,lowercase+reverse,True
E S P O S A,a s o p s e,ESPOSA,asopse,lower_reverse,lowercase+reverse,True
E S P O S O,o s o p s e,ESPOSO,osopse,lower_reverse,lowercase+reverse,True
E S T R E C H O,o h c e r t s e,ESTRECHO,ohcertse,lower_reverse,lowercase+reverse,True
E S T R E L L A,a l l e r t s e,ESTRELLA,allertse,lower_reverse,lowercase+reverse,True
E S T U D I A N T E,e t n a i d u t s e,ESTUDIANTE,etnaidutse,lower_reverse,lowercase+reverse,True
E V A L U A T E,e t a u l a v e,EVALUATE,etaulave,lower_reverse,lowercase+reverse,True
E V A P O R A T E,e t a r o p a v e,EVAPORATE,etaropave,lower_reverse,lowercase+reverse,True
E X A G G E R A T E,e t a r e g g a x e,EXAGGERATE,etareggaxe,lower_reverse,lowercase+reverse,True
E X A M I N E,e n i m a x e,EXAMINE,enimaxe,lower_reverse,lowercase+reverse,True
E X C I T E,e t i c x e,EXCITE,eticxe,lower_reverse,lowercase+reverse,True
E X E R C I S E,e s i c r e x e,EXERCISE,esicrexe,lower_reverse,lowercase+reverse,True
E X P L O R E,e r o l p x e,EXPLORE,erolpxe,lower_reverse,lowercase+reverse,True
E Y E,e y e,EYE,eye,lower_reverse,lowercase+reverse,True
F A C I L E,e l i c a f,FACILE,elicaf,lower_reverse,lowercase+reverse,True
F A I B L E,e l b i a f,FAIBLE,elbiaf,lower_reverse,lowercase+reverse,True
F A M I L I A,a i l i m a f,FAMILIA,ailimaf,lower_reverse,lowercase+reverse,True
F A M I L L E,e l l i m a f,FAMILLE,ellimaf,lower_reverse,lowercase+reverse,True
F A M I L Y,y l i m a f,FAMILY,ylimaf,lower_reverse,lowercase+reverse,True
F A R,r a f,FAR,raf,lower_reverse,lowercase+reverse,True
F A R M E R,r e m r a f,FARMER,remraf,lower_reverse,lowercase+reverse,True
F A S C I N A T E,e t a n i c s a f,FASCINATE,etanicsaf,lower_reverse,lowercase+reverse,True
F A S T,t s a f,FAST,tsaf,lower_reverse,lowercase+reverse,True
F A T H E R,r e h t a f,FATHER,rehtaf,lower_reverse,lowercase+reverse,True
F E E L,l e e f,FEEL,leef,lower_reverse,lowercase+reverse,True
F E L I Z,z i l e f,FELIZ,zilef,lower_reverse,lowercase+reverse,True
F E M M E,e m m e f,FEMME,emmef,lower_reverse,lowercase+reverse,True
F E N Ê T R E,e r t ê n e f,FENÊTRE,ertênef,lower_reverse,lowercase+reverse,True
F E O,o e f,FEO,oef,lower_reverse,lowercase+reverse,True
F E R M I E R,r e i m r e f,FERMIER,reimref,lower_reverse,lowercase+reverse,True
F E R M É,é m r e f,FERMÉ,émref,lower_reverse,lowercase+reverse,True
F I L L E,e l l i f,FILLE,ellif,lower_reverse,lowercase+reverse,True
F I L S,s l i f,FILS,slif,lower_reverse,lowercase+reverse,True
F I N G E R,r e g n i f,FINGER,regnif,lower_reverse,lowercase+reverse,True
F I N I S H,h s i n i f,FINISH,hsinif,lower_reverse,lowercase+reverse,True
F I R S T,t s r i f,FIRST,tsrif,lower_reverse,lowercase+reverse,True
F I S H,h s i f,FISH,hsif,lower_reverse,lowercase+reverse,True
F I V E,e v i f,FIVE,evif,lower_reverse,lowercase+reverse,True
F L E U R,r u e l f,FLEUR,ruelf,lower_reverse,lowercase+reverse,True
F L O R,r o l f,FLOR,rolf,lower_reverse,lowercase+reverse,True
F L O W E R,r e w o l f,FLOWER,rewolf,lower_reverse,lowercase+reverse,True
F L Y,y l f,FLY,ylf,lower_reverse,lowercase+reverse,True
F O O D,d o o f,FOOD,doof,lower_reverse,lowercase+reverse,True
F O O T,t o o f,FOOT,toof,lower_reverse,lowercase+reverse,True
F O R K,k r o f,FORK,krof,lower_reverse,lowercase+reverse,True
F O R T,t r o f,FORT,trof,lower_reverse,lowercase+reverse,True
F O U R,r u o f,FOUR,ruof,lower_reverse,lowercase+reverse,True
F O X,x o f,FOX,xof,lower_reverse,lowercase+reverse,True
F R A S E,e s a r f,FRASE,esarf,lower_reverse,lowercase+reverse,True
F R E N T E,e t n e r f,FRENTE,etnerf,lower_reverse,lowercase+reverse,True
F R I E N D,d n e i r f,FRIEND,dneirf,lower_reverse,lowercase+reverse,True
F R O I D,d i o r f,FROID,diorf,lower_reverse,lowercase+reverse,True
F R O M A G E,e g a m o r f,FROMAGE,egamorf,lower_reverse,lowercase+reverse,True
F R O N T,t n o r f,FRONT,tnorf,lower_reverse,lowercase+reverse,True
F R È R E,e r è r f,FRÈRE,erèrf,lower_reverse,lowercase+reverse,True
F R Í O,o í r f,FRÍO,oírf,lower_reverse,lowercase+reverse,True
F U E R A,a r e u f,FUERA,areuf,lower_reverse,lowercase+reverse,True
F U E R T E,e t r e u f,FUERTE,etreuf,lower_reverse,lowercase+reverse,True
F U L L,l l u f,FULL,lluf,lower_reverse,lowercase+reverse,True
F Á C I L,l i c á f,FÁCIL,licáf,lower_reverse,lowercase+reverse,True
G A M E,e m a g,GAME,emag,lower_reverse,lowercase+reverse,True
G A R Ç O N,n o ç r a g,GARÇON,noçrag,lower_reverse,lowercase+reverse,True
G A T O,o t a g,GATO,otag,lower_reverse,lowercase+reverse,True
G A U C H E,e h c u a g,GAUCHE,ehcuag,lower_reverse,lowercase+reverse,True
G E N E R A T E,e t a r e n e g,GENERATE,etareneg,lower_reverse,lowercase+reverse,True
G I R L,l r i g,GIRL,lrig,lower_reverse,lowercase+reverse,True
G I V E,e v i g,GIVE,evig,lower_reverse,lowercase+reverse,True
G L A S S,s s a l g,GLASS,ssalg,lower_reverse,lowercase+reverse,True
G O O D,d o o g,GOOD,doog,lower_reverse,lowercase+reverse,True
G O O D B Y E,e y b d o o g,GOODBYE,eybdoog,lower_reverse,lowercase+reverse,True
G O O S E,e s o o g,GOOSE,esoog,lower_reverse,lowercase+reverse,True
G R A C I A S,s a i c a r g,GRACIAS,saicarg,lower_reverse,lowercase+reverse,True
G R A N D,d n a r g,GRAND,dnarg,lower_reverse,lowercase+reverse,True
G R A N D E,e d n a r g,GRANDE,ednarg,lower_reverse,lowercase+reverse,True
G R A N D F A T H E R,r e h t a f d n a r g,GRANDFATHER,rehtafdnarg,lower_reverse,lowercase+reverse,True
G R A N D M O T H E R,r e h t o m d n a r g,GRANDMOTHER,rehtomdnarg,lower_reverse,lowercase+reverse,True
G R A N J E R O,o r e j n a r g,GRANJERO,orejnarg,lower_reverse,lowercase+reverse,True
G R A Y,y a r g,GRAY,yarg,lower_reverse,lowercase+reverse,True
G R E E N,n e e r g,GREEN,neerg,lower_reverse,lowercase+reverse,True
G R E E T,t e e r g,GREET,teerg,lower_reverse,lowercase+reverse,True
G R I E F,f e i r g,GRIEF,feirg,lower_reverse,lowercase+reverse,True
G R I S,s i r g,GRIS,sirg,lower_reverse,lowercase+reverse,True
G U L F,f l u g,GULF,flug,lower_reverse,lowercase+reverse,True
G U Y,y u g,GUY,yug,lower_reverse,lowercase+reverse,True
H A L F,f l a h,HALF,flah,lower_reverse,lowercase+reverse,True
H A N D,d n a h,HAND,dnah,lower_reverse,lowercase+reverse,True
H A P P Y,y p p a h,HAPPY,yppah,lower_reverse,lowercase+reverse,True
H A T E,e t a h,HATE,etah,lower_reverse,lowercase+reverse,True
H A U T,t u a h,HAUT,tuah,lower_reverse,lowercase+reverse,True
H E A D,d a e h,HEAD,daeh,lower_reverse,lowercase+reverse,True
H E A R,r a e h,HEAR,raeh,lower_reverse,lowercase+reverse,True
H E A R T,t r a e h,HEART,traeh,lower_reverse,lowercase+reverse,True
H E A V Y,y v a e h,HEAVY,yvaeh,lower_reverse,lowercase+reverse,True
H E L L O,o l l e h,HELLO,olleh,lower_reverse,lowercase+reverse,True
H E L P,p l e h,HELP,pleh,lower_reverse,lowercase+reverse,True
H E R M A N A,a n a m r e h,HERMANA,anamreh,lower_reverse,lowercase+reverse,True
H E R M A N O,o n a m r e h,HERMANO,onamreh,lower_reverse,lowercase+reverse,True
H E R M O S O,o s o m r e h,HERMOSO,osomreh,lower_reverse,lowercase+reverse,True
H E R O,o r e h,HERO,oreh,lower_reverse,lowercase+reverse,True
H E R O I N E,e n i o r e h,HEROINE,enioreh,lower_reverse,lowercase+reverse,True
H E S I T A T E,e t a t i s e h,HESITATE,etatiseh,lower_reverse,lowercase+reverse,True
H E U R E U X,x u e r u e h,HEUREUX,xuerueh,lower_reverse,lowercase+reverse,True
H I B E R N A T E,e t a n r e b i h,HIBERNATE,etanrebih,lower_reverse,lowercase+reverse,True
H I E R,r e i h,HIER,reih,lower_reverse,lowercase+reverse,True
H I G H,h g i h,HIGH,hgih,lower_reverse,lowercase+reverse,True
H I J A,a j i h,HIJA,ajih,lower_reverse,lowercase+reverse,True
H I J O,o j i h,HIJO,ojih,lower_reverse,lowercase+reverse,True
H I K E,e k i h,HIKE,ekih,lower_reverse,lowercase+reverse,True
H O L A,a l o h,HOLA,aloh,lower_reverse,lowercase+reverse,True
H O L D,d l o h,HOLD,dloh,lower_reverse,lowercase+reverse,True
H O M B R E,e r b m o h,HOMBRE,erbmoh,lower_reverse,lowercase+reverse,True
H O M M E,e m m o h,HOMME,emmoh,lower_reverse,lowercase+reverse,True
H O O F,f o o h,HOOF,fooh,lower_reverse,lowercase+reverse,True
H O P E,e p o h,HOPE,epoh,lower_reverse,lowercase+reverse,True
H O R S E,e s r o h,HORSE,esroh,lower_reverse,lowercase+reverse,True
H O T,t o h,HOT,toh,lower_reverse,lowercase+reverse,True
H O U S E,e s u o h,HOUSE,esuoh,lower_reverse,lowercase+reverse,True
H O Y,y o h,HOY,yoh,lower_reverse,lowercase+reverse,True
H U I T,t i u h,HUIT,tiuh,lower_reverse,lowercase+reverse,True
H U N D R E D,d e r d n u h,HUNDRED,derdnuh,lower_reverse,lowercase+reverse,True
H U N T,t n u h,HUNT,tnuh,lower_reverse,lowercase+reverse,True
H U S B A N D,d n a b s u h,HUSBAND,dnabsuh,lower_reverse,lowercase+reverse,True
I L L U S T R A T E,e t a r t s u l l i,ILLUSTRATE,etartsulli,lower_reverse,lowercase+reverse,True
I M A G I N E,e n i g a m i,IMAGINE,enigami,lower_reverse,lowercase+reverse,True
I M I T A T E,e t a t i m i,IMITATE,etatimi,lower_reverse,lowercase+reverse,True
I M P R O V E,e v o r p m i,IMPROVE,evorpmi,lower_reverse,lowercase+reverse,True
I N C O R P O R A T E,e t a r o p r o c n i,INCORPORATE,etaroprocni,lower_reverse,lowercase+reverse,True
I N F I R M I È R E,e r è i m r i f n i,INFIRMIÈRE,erèimrifni,lower_reverse,lowercase+reverse,True
I N I T I A T E,e t a i t i n i,INITIATE,etaitini,lower_reverse,lowercase+reverse,True
I N N O V A T E,e t a v o n n i,INNOVATE,etavonni,lower_reverse,lowercase+reverse,True
I N S I D E,e d i s n i,INSIDE,edisni,lower_reverse,lowercase+reverse,True
I N T E G R A T E,e t a r g e t n i,INTEGRATE,etargetni,lower_reverse,lowercase+reverse,True
I N V E S T I G A T E,e t a g i t s e v n i,INVESTIGATE,etagitsevni,lower_reverse,lowercase+reverse,True
I N V I T E,e t i v n i,INVITE,etivni,lower_reverse,lowercase+reverse,True
I R R I T A T E,e t a t i r r i,IRRITATE,etatirri,lower_reverse,lowercase+reverse,True
I S S U E,e u s s i,ISSUE,eussi,lower_reverse,lowercase+reverse,True
I Z Q U I E R D O,o d r e i u q z i,IZQUIERDO,odreiuqzi,lower_reverse,lowercase+reverse,True
J A U N E,e n u a j,JAUNE,enuaj,lower_reverse,lowercase+reverse,True
J E U,u e j,JEU,uej,lower_reverse,lowercase+reverse,True
J E U N E,e n u e j,JEUNE,enuej,lower_reverse,lowercase+reverse,True
J O U R,r u o j,JOUR,ruoj,lower_reverse,lowercase+reverse,True
J O V E N,n e v o j,JOVEN,nevoj,lower_reverse,lowercase+reverse,True
J U E G O,o g e u j,JUEGO,ogeuj,lower_reverse,lowercase+reverse,True
J U M P,p m u j,JUMP,pmuj,lower_reverse,lowercase+reverse,True
K E Y,y e k,KEY,yek,lower_reverse,lowercase+reverse,True
K I D N E Y,y e n d i k,KIDNEY,yendik,lower_reverse,lowercase+reverse,True
K I N G,g n i k,KING,gnik,lower_reverse,lowercase+reverse,True
K I S S,s s i k,KISS,ssik,lower_reverse,lowercase+reverse,True
K N E E L,l e e n k,KNEEL,leenk,lower_reverse,lowercase+reverse,True
K N I F E,e f i n k,KNIFE,efink,lower_reverse,lowercase+reverse,True
K N I G H T,t h g i n k,KNIGHT,thgink,lower_reverse,lowercase+reverse,True
L A D Y,y d a l,LADY,ydal,lower_reverse,lowercase+reverse,True
L A I D,d i a l,LAID,dial,lower_reverse,lowercase+reverse,True
L A I T,t i a l,LAIT,tial,lower_reverse,lowercase+reverse,True
L A R G E,e g r a l,LARGE,egral,lower_reverse,lowercase+reverse,True
L A R G O,o g r a l,LARGO,ogral,lower_reverse,lowercase+reverse,True
L A S T,t s a l,LAST,tsal,lower_reverse,lowercase+reverse,True
L A U G H,h g u a l,LAUGH,hgual,lower_reverse,lowercase+reverse,True
L A W Y E R,r e y w a l,LAWYER,reywal,lower_reverse,lowercase+reverse,True
L E A F,f a e l,LEAF,fael,lower_reverse,lowercase+reverse,True
L E A R N,n r a e l,LEARN,nrael,lower_reverse,lowercase+reverse,True
L E A V E,e v a e l,LEAVE,evael,lower_reverse,lowercase+reverse,True
L E C H E,e h c e l,LECHE,ehcel,lower_reverse,lowercase+reverse,True
L E F T,t f e l,LEFT,tfel,lower_reverse,lowercase+reverse,True
L E G,g e l,LEG,gel,lower_reverse,lowercase+reverse,True
L E J O S,s o j e l,LEJOS,sojel,lower_reverse,lowercase+reverse,True
L E N T,t n e l,LENT,tnel,lower_reverse,lowercase+reverse,True
L E N T O,o t n e l,LENTO,otnel,lower_reverse,lowercase+reverse,True
L E T T E R,r e t t e l,LETTER,rettel,lower_reverse,lowercase+reverse,True
L E T T R E,e r t t e l,LETTRE,erttel,lower_reverse,lowercase+reverse,True
L I B R A R Y,y r a r b i l,LIBRARY,yrarbil,lower_reverse,lowercase+reverse,True
L I B R O,o r b i l,LIBRO,orbil,lower_reverse,lowercase+reverse,True
L I E,e i l,LIE,eil,lower_reverse,lowercase+reverse,True
L I F E,e f i l,LIFE,efil,lower_reverse,lowercase+reverse,True
L I G E R O,o r e g i l,LIGERO,oregil,lower_reverse,lowercase+reverse,True
L I G H T,t h g i l,LIGHT,thgil,lower_reverse,lowercase+reverse,True
L I M P I O,o i p m i l,LIMPIO,oipmil,lower_reverse,lowercase+reverse,True
L I S T E N,n e t s i l,LISTEN,netsil,lower_reverse,lowercase+reverse,True
L I V E,e v i l,LIVE,evil,lower_reverse,lowercase+reverse,True
L I V E R,r e v i l,LIVER,revil,lower_reverse,lowercase+reverse,True
L I V R E,e r v i l,LIVRE,ervil,lower_reverse,lowercase+reverse,True
L L E N O,o n e l l,LLENO,onell,lower_reverse,lowercase+reverse,True
L O A F,f a o l,LOAF,faol,lower_reverse,lowercase+reverse,True
L O I N,n i o l,LOIN,niol,lower_reverse,lowercase+reverse,True
L O N G,g n o l,LONG,gnol,lower_reverse,lowercase+reverse,True
L O R D,d r o l,LORD,drol,lower_reverse,lowercase+reverse,True
L O U R D,d r u o l,LOURD,druol,lower_reverse,lowercase+reverse,True
L O V E,e v o l,LOVE,evol,lower_reverse,lowercase+reverse,True
L O W,w o l,LOW,wol,lower_reverse,lowercase+reverse,True
L U N A,a n u l,LUNA,anul,lower_reverse,lowercase+reverse,True
L U N E,e n u l,LUNE,enul,lower_reverse,lowercase+reverse,True
L U N G,g n u l,LUNG,gnul,lower_reverse,lowercase+reverse,True
L É G E R,r e g é l,LÉGER,regél,lower_reverse,lowercase+reverse,True
M A D R E,e r d a m,MADRE,erdam,lower_reverse,lowercase+reverse,True
M A I N,n i a m,MAIN,niam,lower_reverse,lowercase+reverse,True
M A I S O N,n o s i a m,MAISON,nosiam,lower_reverse,lowercase+reverse,True
M A K E,e k a m,MAKE,ekam,lower_reverse,lowercase+reverse,True
M A L O,o l a m,MALO,olam,lower_reverse,lowercase+reverse,True
M A N,n a m,MAN,nam,lower_reverse,lowercase+reverse,True
M A N A G E,e g a n a m,MANAGE,eganam,lower_reverse,lowercase+reverse,True
M A N A G E R,r e g a n a m,MANAGER,reganam,lower_reverse,lowercase+reverse,True
M A N O,o n a m,MANO,onam,lower_reverse,lowercase+reverse,True
M A N Z A N A,a n a z n a m,MANZANA,anaznam,lower_reverse,lowercase+reverse,True
M A R I,i r a m,MARI,iram,lower_reverse,lowercase+reverse,True
M A R R O N,n o r r a m,MARRON,norram,lower_reverse,lowercase+reverse,True
M A R R Ó N,n ó r r a m,MARRÓN,nórram,lower_reverse,lowercase+reverse,True
M A U V A I S,s i a v u a m,MAUVAIS,siavuam,lower_reverse,lowercase+reverse,True
M A Ñ A N A,a n a ñ a m,MAÑANA,anañam,lower_reverse,lowercase+reverse,True
M E D I T A T E,e t a t i d e m,MEDITATE,etatidem,lower_reverse,lowercase+reverse,True
M E D I U M,m u i d e m,MEDIUM,muidem,lower_reverse,lowercase+reverse,True
M E E T,t e e m,MEET,teem,lower_reverse,lowercase+reverse,True
M E R C I,i c r e m,MERCI,icrem,lower_reverse,lowercase+reverse,True
M E S,s e m,MES,sem,lower_reverse,lowercase+reverse,True
M E S A,a s e m,MESA,asem,lower_reverse,lowercase+reverse,True
M I L,l i m,MIL,lim,lower_reverse,lowercase+reverse,True
M I L K,k l i m,MILK,klim,lower_reverse,lowercase+reverse,True
M I L L E,e l l i m,MILLE,ellim,lower_reverse,lowercase+reverse,True
M O I S,s i o m,MOIS,siom,lower_reverse,lowercase+reverse,True
M O N D E,e d n o m,MONDE,ednom,lower_reverse,lowercase+reverse,True
M O N T H,h t n o m,MONTH,htnom,lower_reverse,lowercase+reverse,True
M O O N,n o o m,MOON,noom,lower_reverse,lowercase+reverse,True
M O R A D O,o d a r o m,MORADO,odarom,lower_reverse,lowercase+reverse,True
M O S Q U I T O,o t i u q s o m,MOSQUITO,otiuqsom,lower_reverse,lowercase+reverse,True
M O T,t o m,MOT,tom,lower_reverse,lowercase+reverse,True
M O T H E R,r e h t o m,MOTHER,rehtom,lower_reverse,lowercase+reverse,True
M O T I V A T E,e t a v i t o m,MOTIVATE,etavitom,lower_reverse,lowercase+reverse,True
M O U S E,e s u o m,MOUSE,esuom,lower_reverse,lowercase+reverse,True
M O U T H,h t u o m,MOUTH,htuom,lower_reverse,lowercase+reverse,True
M O V E,e v o m,MOVE,evom,lower_reverse,lowercase+reverse,True
M U J E R,r e j u m,MUJER,rejum,lower_reverse,lowercase+reverse,True
M U N D O,o d n u m,MUNDO,odnum,lower_reverse,lowercase+reverse,True
M U S C L E,e l c s u m,MUSCLE,elcsum,lower_reverse,lowercase+reverse,True
M U S I C,c i s u m,MUSIC,cisum,lower_reverse,lowercase+reverse,True
M U S I C I A N,n a i c i s u m,MUSICIAN,naicisum,lower_reverse,lowercase+reverse,True
M U S I C I E N,n e i c i s u m,MUSICIEN,neicisum,lower_reverse,lowercase+reverse,True
M U S I Q U E,e u q i s u m,MUSIQUE,euqisum,lower_reverse,lowercase+reverse,True
M È R E,e r è m,MÈRE,erèm,lower_reverse,lowercase+reverse,True
M É D E C I N,n i c e d é m,MÉDECIN,nicedém,lower_reverse,lowercase+reverse,True
M É D I C O,o c i d é m,MÉDICO,ocidém,lower_reverse,lowercase+reverse,True
M Ú S I C A,a c i s ú m,MÚSICA,acisúm,lower_reverse,lowercase+reverse,True
M Ú S I C O,o c i s ú m,MÚSICO,ocisúm,lower_reverse,lowercase+reverse,True
N A R A N J A,a j n a r a n,NARANJA,ajnaran,lower_reverse,lowercase+reverse,True
N A R I Z,z i r a n,NARIZ,ziran,lower_reverse,lowercase+reverse,True
N A R R O W,w o r r a n,NARROW,worran,lower_reverse,lowercase+reverse,True
N A V I G A T E,e t a g i v a n,NAVIGATE,etagivan,lower_reverse,lowercase+reverse,True
N E A R,r a e n,NEAR,raen,lower_reverse,lowercase+reverse,True
N E G O T I A T E,e t a i t o g e n,NEGOTIATE,etaitogen,lower_reverse,lowercase+reverse,True
N E G R O,o r g e n,NEGRO,orgen,lower_reverse,lowercase+reverse,True
N E R V E,e v r e n,NERVE,evren,lower_reverse,lowercase+reverse,True
N E U F,f u e n,NEUF,fuen,lower_reverse,lowercase+reverse,True
N E W,w e n,NEW,wen,lower_reverse,lowercase+reverse,True
N E Z,z e n,NEZ,zen,lower_reverse,lowercase+reverse,True
N I G H T,t h g i n,NIGHT,thgin,lower_reverse,lowercase+reverse,True
N I N E,e n i n,NINE,enin,lower_reverse,lowercase+reverse,True
N I Ñ A,a ñ i n,NIÑA,añin,lower_reverse,lowercase+reverse,True
N I Ñ O,o ñ i n,NIÑO,oñin,lower_reverse,lowercase+reverse,True
N O,o n,NO,on,lower_reverse,lowercase+reverse,True
N O C H E,e h c o n,NOCHE,ehcon,lower_reverse,lowercase+reverse,True
N O I R,r i o n,NOIR,rion,lower_reverse,lowercase+reverse,True
N O N,n o n,NON,non,lower_reverse,lowercase+reverse,True
N O S E,e s o n,NOSE,eson,lower_reverse,lowercase+reverse,True
N O T I C E,e c i t o n,NOTICE,eciton,lower_reverse,lowercase+reverse,True
N O U R R I T U R E,e r u t i r r u o n,NOURRITURE,erutirruon,lower_reverse,lowercase+reverse,True
N O U V E A U,u a e v u o n,NOUVEAU,uaevuon,lower_reverse,lowercase+reverse,True
N U E V E,e v e u n,NUEVE,eveun,lower_reverse,lowercase+reverse,True
N U E V O,o v e u n,NUEVO,oveun,lower_reverse,lowercase+reverse,True
N U I T,t i u n,NUIT,tiun,lower_reverse,lowercase+reverse,True
N U R S E,e s r u n,NURSE,esrun,lower_reverse,lowercase+reverse,True
O A S I S,s i s a o,OASIS,sisao,lower_reverse,lowercase+reverse,True
O C H O,o h c o,OCHO,ohco,lower_reverse,lowercase+reverse,True
O F F I C E R,r e c i f f o,OFFICER,reciffo,lower_reverse,lowercase+reverse,True
O I S E A U,u a e s i o,OISEAU,uaesio,lower_reverse,lowercase+reverse,True
O J O,o j o,OJO,ojo,lower_reverse,lowercase+reverse,True
O L D,d l o,OLD,dlo,lower_reverse,lowercase+reverse,True
O N C L E,e l c n o,ONCLE,elcno,lower_reverse,lowercase+reverse,True
O N E,e n o,ONE,eno,lower_reverse,lowercase+reverse,True
O P E N,n e p o,OPEN,nepo,lower_reverse,lowercase+reverse,True
O P E R A T E,e t a r e p o,OPERATE,etarepo,lower_reverse,lowercase+reverse,True
O R A N G E,e g n a r o,ORANGE,egnaro,lower_reverse,lowercase+reverse,True
O R E I L L E,e l l i e r o,OREILLE,elliero,lower_reverse,lowercase+reverse,True
O R E J A,a j e r o,OREJA,ajero,lower_reverse,lowercase+reverse,True
O R G A N I Z E,e z i n a g r o,ORGANIZE,ezinagro,lower_reverse,lowercase+reverse,True
O U I,i u o,OUI,iuo,lower_reverse,lowercase+reverse,True
O U T S I D E,e d i s t u o,OUTSIDE,edistuo,lower_reverse,lowercase+reverse,True
O U V E R T,t r e v u o,OUVERT,trevuo,lower_reverse,lowercase+reverse,True
O U V R I E R,r e i r v u o,OUVRIER,reirvuo,lower_reverse,lowercase+reverse,True
O X,x o,OX,xo,lower_reverse,lowercase+reverse,True
P A D R E,e r d a p,PADRE,erdap,lower_reverse,lowercase+reverse,True
P A G E,e g a p,PAGE,egap,lower_reverse,lowercase+reverse,True
P A I N,n i a p,PAIN,niap,lower_reverse,lowercase+reverse,True
P A I N T,t n i a p,PAINT,tniap,lower_reverse,lowercase+reverse,True
P A I N T E R,r e t n i a p,PAINTER,retniap,lower_reverse,lowercase+reverse,True
P A L A B R A,a r b a l a p,PALABRA,arbalap,lower_reverse,lowercase+reverse,True
P A N,n a p,PAN,nap,lower_reverse,lowercase+reverse,True
P A P E R,r e p a p,PAPER,repap,lower_reverse,lowercase+reverse,True
P A R E N T H E S I S,s i s e h t n e r a p,PARENTHESIS,sisehtnerap,lower_reverse,lowercase+reverse,True
P A R T I C I P A T E,e t a p i c i t r a p,PARTICIPATE,etapicitrap,lower_reverse,lowercase+reverse,True
P A R T Y,y t r a p,PARTY,ytrap,lower_reverse,lowercase+reverse,True
P A U V R E,e r v u a p,PAUVRE,ervuap,lower_reverse,lowercase+reverse,True
P A Y S,s y a p,PAYS,syap,lower_reverse,lowercase+reverse,True
P A Í S,s í a p,PAÍS,síap,lower_reverse,lowercase+reverse,True
P E L O T A,a t o l e p,PELOTA,atolep,lower_reverse,lowercase+reverse,True
P E N,n e p,PEN,nep,lower_reverse,lowercase+reverse,True
P E N C I L,l i c n e p,PENCIL,licnep,lower_reverse,lowercase+reverse,True
P E N E T R A T E,e t a r t e n e p,PENETRATE,etartenep,lower_reverse,lowercase+reverse,True
P E P P E R,r e p p e p,PEPPER,reppep,lower_reverse,lowercase+reverse,True
P E Q U E Ñ O,o ñ e u q e p,PEQUEÑO,oñeuqep,lower_reverse,lowercase+reverse,True
P E R R O,o r r e p,PERRO,orrep,lower_reverse,lowercase+reverse,True
P E R S O N,n o s r e p,PERSON,nosrep,lower_reverse,lowercase+reverse,True
P E S A D O,o d a s e p,PESADO,odasep,lower_reverse,lowercase+reverse,True
P E T I T,t i t e p,PETIT,titep,lower_reverse,lowercase+reverse,True
P E Z,z e p,PEZ,zep,lower_reverse,lowercase+reverse,True
P H E N O M E N O N,n o n e m o n e h p,PHENOMENON,nonemonehp,lower_reverse,lowercase+reverse,True
P H O N E,e n o h p,PHONE,enohp,lower_reverse,lowercase+reverse,True
P H O T O,o t o h p,PHOTO,otohp,lower_reverse,lowercase+reverse,True
P H R A S E,e s a r h p,PHRASE,esarhp,lower_reverse,lowercase+reverse,True
P I A N O,o n a i p,PIANO,onaip,lower_reverse,lowercase+reverse,True
P I E,e i p,PIE,eip,lower_reverse,lowercase+reverse,True
P I E D,d e i p,PIED,deip,lower_reverse,lowercase+reverse,True
P I L O T,t o l i p,PILOT,tolip,lower_reverse,lowercase+reverse,True
P I M I E N T A,a t n e i m i p,PIMIENTA,atneimip,lower_reverse,lowercase+reverse,True
P I N K,k n i p,PINK,knip,lower_reverse,lowercase+reverse,True
P L A T E,e t a l p,PLATE,etalp,lower_reverse,lowercase+reverse,True
P L A Y,y a l p,PLAY,yalp,lower_reverse,lowercase+reverse,True
P L A Y E R,r e y a l p,PLAYER,reyalp,lower_reverse,lowercase+reverse,True
P L E A S E,e s a e l p,PLEASE,esaelp,lower_reverse,lowercase+reverse,True
P L E I N,n i e l p,PLEIN,nielp,lower_reverse,lowercase+reverse,True
P O B R E,e r b o p,POBRE,erbop,lower_reverse,lowercase+reverse,True
P O I S S O N,n o s s i o p,POISSON,nossiop,lower_reverse,lowercase+reverse,True
P O I V R E,e r v i o p,POIVRE,erviop,lower_reverse,lowercase+reverse,True
P O L I C E,e c i l o p,POLICE,ecilop,lower_reverse,lowercase+reverse,True
P O L I C Í A,a í c i l o p,POLICÍA,aícilop,lower_reverse,lowercase+reverse,True
P O M M E,e m m o p,POMME,emmop,lower_reverse,lowercase+reverse,True
P O O R,r o o p,POOR,roop,lower_reverse,lowercase+reverse,True
P O R T E,e t r o p,PORTE,etrop,lower_reverse,lowercase+reverse,True
P O T A T O,o t a t o p,POTATO,otatop,lower_reverse,lowercase+reverse,True
P R A C T I C E,e c i t c a r p,PRACTICE,ecitcarp,lower_reverse,lowercase+reverse,True
P R E M I E R,r e i m e r p,PREMIER,reimerp,lower_reverse,lowercase+reverse,True
P R E S I D E N T,t n e d i s e r p,PRESIDENT,tnediserp,lower_reverse,lowercase+reverse,True
P R I M E R O,o r e m i r p,PRIMERO,oremirp,lower_reverse,lowercase+reverse,True
P R I M O,o m i r p,PRIMO,omirp,lower_reverse,lowercase+reverse,True
P R I N C E,e c n i r p,PRINCE,ecnirp,lower_reverse,lowercase+reverse,True
P R I N C E S A,a s e c n i r p,PRINCESA,asecnirp,lower_reverse,lowercase+reverse,True
P R I N C E S S,s s e c n i r p,PRINCESS,ssecnirp,lower_reverse,lowercase+reverse,True
P R I N C E S S E,e s s e c n i r p,PRINCESSE,essecnirp,lower_reverse,lowercase+reverse,True
P R O F E S O R,r o s e f o r p,PROFESOR,roseforp,lower_reverse,lowercase+reverse,True
P R O F E S S E U R,r u e s s e f o r p,PROFESSEUR,ruesseforp,lower_reverse,lowercase+reverse,True
P R O M I S E,e s i m o r p,PROMISE,esimorp,lower_reverse,lowercase+reverse,True
P R O O F,f o o r p,PROOF,foorp,lower_reverse,lowercase+reverse,True
P R O P R E,e r p o r p,PROPRE,erporp,lower_reverse,lowercase+reverse,True
P R È S,s è r p,PRÈS,sèrp,lower_reverse,lowercase+reverse,True
P R Í N C I P E,e p i c n í r p,PRÍNCIPE,epicnírp,lower_reverse,lowercase+reverse,True
P U E R T A,a t r e u p,PUERTA,atreup,lower_reverse,lowercase+reverse,True
P U L L,l l u p,PULL,llup,lower_reverse,lowercase+reverse,True
P U R P L E,e l p r u p,PURPLE,elprup,lower_reverse,lowercase+reverse,True
P U R S U E,e u s r u p,PURSUE,eusrup,lower_reverse,lowercase+reverse,True
P U S H,h s u p,PUSH,hsup,lower_reverse,lowercase+reverse,True
P Á G I N A,a n i g á p,PÁGINA,anigáp,lower_reverse,lowercase+reverse,True
P Á J A R O,o r a j á p,PÁJARO,orajáp,lower_reverse,lowercase+reverse,True
P È R E,e r è p,PÈRE,erèp,lower_reverse,lowercase+reverse,True
Q U A T R E,e r t a u q,QUATRE,ertauq,lower_reverse,lowercase+reverse,True
Q U E E N,n e e u q,QUEEN,neeuq,lower_reverse,lowercase+reverse,True
Q U E S O,o s e u q,QUESO,oseuq,lower_reverse,lowercase+reverse,True
R A D I A T E,e t a i d a r,RADIATE,etaidar,lower_reverse,lowercase+reverse,True
R A D I O,o i d a r,RADIO,oidar,lower_reverse,lowercase+reverse,True
R A P I D E,e d i p a r,RAPIDE,edipar,lower_reverse,lowercase+reverse,True
R A Y,y a r,RAY,yar,lower_reverse,lowercase+reverse,True
R E A D,d a e r,READ,daer,lower_reverse,lowercase+reverse,True
R E A L I Z E,e z i l a e r,REALIZE,ezilaer,lower_reverse,lowercase+reverse,True
R E C E I V E,e v i e c e r,RECEIVE,eviecer,lower_reverse,lowercase+reverse,True
R E C O G N I Z E,e z i n g o c e r,RECOGNIZE,ezingocer,lower_reverse,lowercase+reverse,True
R E D,d e r,RED,der,lower_reverse,lowercase+reverse,True
R E E F,f e e r,REEF,feer,lower_reverse,lowercase+reverse,True
R E I N A,a n i e r,REINA,anier,lower_reverse,lowercase+reverse,True
R E I N E,e n i e r,REINE,enier,lower_reverse,lowercase+reverse,True
R E L A T E,e t a l e r,RELATE,etaler,lower_reverse,lowercase+reverse,True
R E L A X,x a l e r,RELAX,xaler,lower_reverse,lowercase+reverse,True
R E P E A T,t a e p e r,REPEAT,taeper,lower_reverse,lowercase+reverse,True
R E S C U E,e u c s e r,RESCUE,eucser,lower_reverse,lowercase+reverse,True
R E S T,t s e r,REST,tser,lower_reverse,lowercase+reverse,True
R E Y,y e r,REY,yer,lower_reverse,lowercase+reverse,True
R I C H,h c i r,RICH,hcir,lower_reverse,lowercase+reverse,True
R I C H E,e h c i r,RICHE,ehcir,lower_reverse,lowercase+reverse,True
R I C O,o c i r,RICO,ocir,lower_reverse,lowercase+reverse,True
R I G H T,t h g i r,RIGHT,thgir,lower_reverse,lowercase+reverse,True
R O I,i o r,ROI,ior,lower_reverse,lowercase+reverse,True
R O J O,o j o r,ROJO,ojor,lower_reverse,lowercase+reverse,True
R O O F,f o o r,ROOF,foor,lower_reverse,lowercase+reverse,True
R O S A,a s o r,ROSA,asor,lower_reverse,lowercase+reverse,True
R O S E,e s o r,ROSE,esor,lower_reverse,lowercase+reverse,True
R O T A T E,e t a t o r,ROTATE,etator,lower_reverse,lowercase+reverse,True
R O U G E,e g u o r,ROUGE,eguor,lower_reverse,lowercase+reverse,True
R U E,e u r,RUE,eur,lower_reverse,lowercase+reverse,True
R U N,n u r,RUN,nur,lower_reverse,lowercase+reverse,True
R U N N E R,r e n n u r,RUNNER,rennur,lower_reverse,lowercase+reverse,True
R Á P I D O,o d i p á r,RÁPIDO,odipár,lower_reverse,lowercase+reverse,True
S A D,d a s,SAD,das,lower_reverse,lowercase+reverse,True
S A F E,e f a s,SAFE,efas,lower_reverse,lowercase+reverse,True
S A I L,l i a s,SAIL,lias,lower_reverse,lowercase+reverse,True
S A I L O R,r o l i a s,SAILOR,rolias,lower_reverse,lowercase+reverse,True
S A L,l a s,SAL,las,lower_reverse,lowercase+reverse,True
S A L E,e l a s,SALE,elas,lower_reverse,lowercase+reverse,True
S A L T,t l a s,SALT,tlas,lower_reverse,lowercase+reverse,True
S C A R F,f r a c s,SCARF,fracs,lower_reverse,lowercase+reverse,True
S C H O O L,l o o h c s,SCHOOL,loohcs,lower_reverse,lowercase+reverse,True
S C I E N T I S T,t s i t n e i c s,SCIENTIST,tsitneics,lower_reverse,lowercase+reverse,True
S E E,e e s,SEE,ees,lower_reverse,lowercase+reverse,True
S E I S,s i e s,SEIS,sies,lower_reverse,lowercase+reverse,True
S E L,l e s,SEL,les,lower_reverse,lowercase+reverse,True
S E L F,f l e s,SELF,fles,lower_reverse,lowercase+reverse,True
S E M A I N E,e n i a m e s,SEMAINE,eniames,lower_reverse,lowercase+reverse,True
S E M A N A,a n a m e s,SEMANA,anames,lower_reverse,lowercase+reverse,True
S E N T E N C E,e c n e t n e s,SENTENCE,ecnetnes,lower_reverse,lowercase+reverse,True
S E P A R A T E,e t a r a p e s,SEPARATE,etarapes,lower_reverse,lowercase+reverse,True
S E P T,t p e s,SEPT,tpes,lower_reverse,lowercase+reverse,True
S E V E N,n e v e s,SEVEN,neves,lower_reverse,lowercase+reverse,True
S H A R E,e r a h s,SHARE,erahs,lower_reverse,lowercase+reverse,True
S H E E P,p e e h s,SHEEP,peehs,lower_reverse,lowercase+reverse,True
S H E L F,f l e h s,SHELF,flehs,lower_reverse,lowercase+reverse,True
S H O R T,t r o h s,SHORT,trohs,lower_reverse,lowercase+reverse,True
S H O U T,t u o h s,SHOUT,tuohs,lower_reverse,lowercase+reverse,True
S I E T E,e t e i s,SIETE,eteis,lower_reverse,lowercase+reverse,True
S I L L A,a l l i s,SILLA,allis,lower_reverse,lowercase+reverse,True
S I N G,g n i s,SING,gnis,lower_reverse,lowercase+reverse,True
S I N G E R,r e g n i s,SINGER,regnis,lower_reverse,lowercase+reverse,True
S I S T E R,r e t s i s,SISTER,retsis,lower_reverse,lowercase+reverse,True
S I T,t i s,SIT,tis,lower_reverse,lowercase+reverse,True
S I X,x i s,SIX,xis,lower_reverse,lowercase+reverse,True
S K A T E,e t a k s,SKATE,etaks,lower_reverse,lowercase+reverse,True
S K I,i k s,SKI,iks,lower_reverse,lowercase+reverse,True
S L E E P,p e e l s,SLEEP,peels,lower_reverse,lowercase+reverse,True
S L O W,w o l s,SLOW,wols,lower_reverse,lowercase+reverse,True
S M A L L,l l a m s,SMALL,llams,lower_reverse,lowercase+reverse,True
S M E L L,l l e m s,SMELL,llems,lower_reverse,lowercase+reverse,True
S M I L E,e l i m s,SMILE,elims,lower_reverse,lowercase+reverse,True
S O L,l o s,SOL,los,lower_reverse,lowercase+reverse,True
S O L D A D O,o d a d l o s,SOLDADO,odadlos,lower_reverse,lowercase+reverse,True
S O L D A T,t a d l o s,SOLDAT,tadlos,lower_reverse,lowercase+reverse,True
S O L D I E R,r e i d l o s,SOLDIER,reidlos,lower_reverse,lowercase+reverse,True
S O L E I L,l i e l o s,SOLEIL,lielos,lower_reverse,lowercase+reverse,True
S O N,n o s,SON,nos,lower_reverse,lowercase+reverse,True
S O N G,g n o s,SONG,gnos,lower_reverse,lowercase+reverse,True
S P O O N,n o o p s,SPOON,noops,lower_reverse,lowercase+reverse,True
S P O R T,t r o p s,SPORT,trops,lower_reverse,lowercase+reverse,True
S T A N D,d n a t s,STAND,dnats,lower_reverse,lowercase+reverse,True
S T A R,r a t s,STAR,rats,lower_reverse,lowercase+reverse,True
S T A R T,t r a t s,START,trats,lower_reverse,lowercase+reverse,True
S T I M U L A T E,e t a l u m i t s,STIMULATE,etalumits,lower_reverse,lowercase+reverse,True
S T O M A C H,h c a m o t s,STOMACH,hcamots,lower_reverse,lowercase+reverse,True
S T O P,p o t s,STOP,pots,lower_reverse,lowercase+reverse,True
S T O R Y,y r o t s,STORY,yrots,lower_reverse,lowercase+reverse,True
S T R E E T,t e e r t s,STREET,teerts,lower_reverse,lowercase+reverse,True
S T R E T C H,h c t e r t s,STRETCH,hcterts,lower_reverse,lowercase+reverse,True
S T R O N G,g n o r t s,STRONG,gnorts,lower_reverse,lowercase+reverse,True
S T U D E N T,t n e d u t s,STUDENT,tneduts,lower_reverse,lowercase+reverse,True
S T U D I O,o i d u t s,STUDIO,oiduts,lower_reverse,lowercase+reverse,True
S T U D Y,y d u t s,STUDY,yduts,lower_reverse,lowercase+reverse,True
S U C I O,o i c u s,SUCIO,oicus,lower_reverse,lowercase+reverse,True
S U C R E,e r c u s,SUCRE,ercus,lower_reverse,lowercase+reverse,True
S U G A R,r a g u s,SUGAR,ragus,lower_reverse,lowercase+reverse,True
S U N,n u s,SUN,nus,lower_reverse,lowercase+reverse,True
S U R P R I S E,e s i r p r u s,SURPRISE,esirprus,lower_reverse,lowercase+reverse,True
S W I M,m i w s,SWIM,miws,lower_reverse,lowercase+reverse,True
S W I M M E R,r e m m i w s,SWIMMER,remmiws,lower_reverse,lowercase+reverse,True
S Í,í s,SÍ,ís,lower_reverse,lowercase+reverse,True
S Œ U R,r u œ s,SŒUR,ruœs,lower_reverse,lowercase+reverse,True
T A B L E,e l b a t,TABLE,elbat,lower_reverse,lowercase+reverse,True
T A I L O R,r o l i a t,TAILOR,roliat,lower_reverse,lowercase+reverse,True
T A K E,e k a t,TAKE,ekat,lower_reverse,lowercase+reverse,True
T A L K,k l a t,TALK,klat,lower_reverse,lowercase+reverse,True
T A N T E,e t n a t,TANTE,etnat,lower_reverse,lowercase+reverse,True
T A S T E,e t s a t,TASTE,etsat,lower_reverse,lowercase+reverse,True
T E A,a e t,TEA,aet,lower_reverse,lowercase+reverse,True
T E A C H,h c a e t,TEACH,hcaet,lower_reverse,lowercase+reverse,True
T E A C H E R,r e h c a e t,TEACHER,rehcaet,lower_reverse,lowercase+reverse,True
T E M P S,s p m e t,TEMPS,spmet,lower_reverse,lowercase+reverse,True
T E N,n e t,TEN,net,lower_reverse,lowercase+reverse,True
T E R M I N A T E,e t a n i m r e t,TERMINATE,etanimret,lower_reverse,lowercase+reverse,True
T H E S I S,s i s e h t,THESIS,siseht,lower_reverse,lowercase+reverse,True
T H I E F,f e i h t,THIEF,feiht,lower_reverse,lowercase+reverse,True
T H I N K,k n i h t,THINK,kniht,lower_reverse,lowercase+reverse,True
T H O U S A N D,d n a s u o h t,THOUSAND,dnasuoht,lower_reverse,lowercase+reverse,True
T H R E E,e e r h t,THREE,eerht,lower_reverse,lowercase+reverse,True
T H R O W,w o r h t,THROW,worht,lower_reverse,lowercase+reverse,True
T H É,é h t,THÉ,éht,lower_reverse,lowercase+reverse,True
T I E M P O,o p m e i t,TIEMPO,opmeit,lower_reverse,lowercase+reverse,True
T I M E,e m i t,TIME,emit,lower_reverse,lowercase+reverse,True
T O D A Y,y a d o t,TODAY,yadot,lower_reverse,lowercase+reverse,True
T O E,e o t,TOE,eot,lower_reverse,lowercase+reverse,True
T O L E R A T E,e t a r e l o t,TOLERATE,etarelot,lower_reverse,lowercase+reverse,True
T O M A T O,o t a m o t,TOMATO,otamot,lower_reverse,lowercase+reverse,True
T O M O R R O W,w o r r o m o t,TOMORROW,worromot,lower_reverse,lowercase+reverse,True
T O O T H,h t o o t,TOOTH,htoot,lower_reverse,lowercase+reverse,True
T O U C H,h c u o t,TOUCH,hcuot,lower_reverse,lowercase+reverse,True
T O Y,y o t,TOY,yot,lower_reverse,lowercase+reverse,True
T R A B A J A D O R,r o d a j a b a r t,TRABAJADOR,rodajabart,lower_reverse,lowercase+reverse,True
T R A N S L A T E,e t a l s n a r t,TRANSLATE,etalsnart,lower_reverse,lowercase+reverse,True
T R A V E L,l e v a r t,TRAVEL,levart,lower_reverse,lowercase+reverse,True
T R E A T,t a e r t,TREAT,taert,lower_reverse,lowercase+reverse,True
T R E E,e e r t,TREE,eert,lower_reverse,lowercase+reverse,True
T R E S,s e r t,TRES,sert,lower_reverse,lowercase+reverse,True
T R I S T E,e t s i r t,TRISTE,etsirt,lower_reverse,lowercase+reverse,True
T R O I S,s i o r t,TROIS,siort,lower_reverse,lowercase+reverse,True
T W O,o w t,TWO,owt,lower_reverse,lowercase+reverse,True
T É,é t,TÉ,ét,lower_reverse,lowercase+reverse,True
T Ê T E,e t ê t,TÊTE,etêt,lower_reverse,lowercase+reverse,True
T Í A,a í t,TÍA,aít,lower_reverse,lowercase+reverse,True
T Í O,o í t,TÍO,oít,lower_reverse,lowercase+reverse,True
U G L Y,y l g u,UGLY,ylgu,lower_reverse,lowercase+reverse,True
U N,n u,UN,nu,lower_reverse,lowercase+reverse,True
U N C L E,e l c n u,UNCLE,elcnu,lower_reverse,lowercase+reverse,True
U N I T E,e t i n u,UNITE,etinu,lower_reverse,lowercase+reverse,True
U N O,o n u,UNO,onu,lower_reverse,lowercase+reverse,True
U P,p u,UP,pu,lower_reverse,lowercase+reverse,True
V A C Í O,o í c a v,VACÍO,oícav,lower_reverse,lowercase+reverse,True
V A L I D A T E,e t a d i l a v,VALIDATE,etadilav,lower_reverse,lowercase+reverse,True
V A L U E,e u l a v,VALUE,eulav,lower_reverse,lowercase+reverse,True
V E I N,n i e v,VEIN,niev,lower_reverse,lowercase+reverse,True
V E N T A N A,a n a t n e v,VENTANA,anatnev,lower_reverse,lowercase+reverse,True
V E R D E,e d r e v,VERDE,edrev,lower_reverse,lowercase+reverse,True
V E R T,t r e v,VERT,trev,lower_reverse,lowercase+reverse,True
V I B R A T E,e t a r b i v,VIBRATE,etarbiv,lower_reverse,lowercase+reverse,True
V I D E,e d i v,VIDE,ediv,lower_reverse,lowercase+reverse,True
V I D E O,o e d i v,VIDEO,oediv,lower_reverse,lowercase+reverse,True
V I E J O,o j e i v,VIEJO,ojeiv,lower_reverse,lowercase+reverse,True
V I E U X,x u e i v,VIEUX,xueiv,lower_reverse,lowercase+reverse,True
V I L L A I N,n i a l l i v,VILLAIN,nialliv,lower_reverse,lowercase+reverse,True
V I L L E,e l l i v,VILLE,elliv,lower_reverse,lowercase+reverse,True
V I N,n i v,VIN,niv,lower_reverse,lowercase+reverse,True
V I N O,o n i v,VINO,oniv,lower_reverse,lowercase+reverse,True
V I O L E T,t e l o i v,VIOLET,teloiv,lower_reverse,lowercase+reverse,True
V O I T U R E,e r u t i o v,VOITURE,erutiov,lower_reverse,lowercase+reverse,True
V O L C A N O,o n a c l o v,VOLCANO,onaclov,lower_reverse,lowercase+reverse,True
W A I T,t i a w,WAIT,tiaw,lower_reverse,lowercase+reverse,True
W A L K,k l a w,WALK,klaw,lower_reverse,lowercase+reverse,True
W A S H,h s a w,WASH,hsaw,lower_reverse,lowercase+reverse,True
W A T C H,h c t a w,WATCH,hctaw,lower_reverse,lowercase+reverse,True
W A T E R,r e t a w,WATER,retaw,lower_reverse,lowercase+reverse,True
W A Y,y a w,WAY,yaw,lower_reverse,lowercase+reverse,True
W E A K,k a e w,WEAK,kaew,lower_reverse,lowercase+reverse,True
W E E K,k e e w,WEEK,keew,lower_reverse,lowercase+reverse,True
W H A R F,f r a h w,WHARF,frahw,lower_reverse,lowercase+reverse,True
W H I S P E R,r e p s i h w,WHISPER,repsihw,lower_reverse,lowercase+reverse,True
W H I T E,e t i h w,WHITE,etihw,lower_reverse,lowercase+reverse,True
W I D E,e d i w,WIDE,ediw,lower_reverse,lowercase+reverse,True
W I F E,e f i w,WIFE,efiw,lower_reverse,lowercase+reverse,True
W I N D O W,w o d n i w,WINDOW,wodniw,lower_reverse,lowercase+reverse,True
W I N E,e n i w,WINE,eniw,lower_reverse,lowercase+reverse,True
W O L F,f l o w,WOLF,flow,lower_reverse,lowercase+reverse,True
W O M A N,n a m o w,WOMAN,namow,lower_reverse,lowercase+reverse,True
W O R D,d r o w,WORD,drow,lower_reverse,lowercase+reverse,True
W O R K,k r o w,WORK,krow,lower_reverse,lowercase+reverse,True
W O R K E R,r e k r o w,WORKER,rekrow,lower_reverse,lowercase+reverse,True
W O R L D,d l r o w,WORLD,dlrow,lower_reverse,lowercase+reverse,True
W R I T E,e t i r w,WRITE,etirw,lower_reverse,lowercase+reverse,True
W R I T E R,r e t i r w,WRITER,retirw,lower_reverse,lowercase+reverse,True
Y E A R,r a e y,YEAR,raey,lower_reverse,lowercase+reverse,True
Y E L L O W,w o l l e y,YELLOW,wolley,lower_reverse,lowercase+reverse,True
Y E S,s e y,YES,sey,lower_reverse,lowercase+reverse,True
Y E S T E R D A Y,y a d r e t s e y,YESTERDAY,yadretsey,lower_reverse,lowercase+reverse,True
Y O U N G,g n u o y,YOUNG,gnuoy,lower_reverse,lowercase+reverse,True
Á R B O L,l o b r á,ÁRBOL,lobrá,lower_reverse,lowercase+reverse,True
É C O L E,e l o c é,ÉCOLE,elocé,lower_reverse,lowercase+reverse,True
É T O I L E,e l i o t é,ÉTOILE,elioté,lower_reverse,lowercase+reverse,True
É T R O I T,t i o r t é,ÉTROIT,tiorté,lower_reverse,lowercase+reverse,True
É T U D I A N T,t n a i d u t é,ÉTUDIANT,tnaiduté,lower_reverse,lowercase+reverse,True
Ú L T I M O,o m i t l ú,ÚLTIMO,omitlú,lower_reverse,lowercase+reverse,True
Œ I L,l i œ,ŒIL,liœ,lower_reverse,lowercase+reverse,True
a f g h a n i s t a n,A,afghanistan,A,upper_first,uppercase+first_letter,True
a l b a n i a,A,albania,A,upper_first,uppercase+first_letter,True
a l g e r i a,A,algeria,A,upper_first,uppercase+first_letter,True
a n d o r r a,A,andorra,A,upper_first,uppercase+first_letter,True
a n g o l a,A,angola,A,upper_first,uppercase+first_letter,True
a r g e n t i n a,A,argentina,A,upper_first,uppercase+first_letter,True
a r m e n i a,A,armenia,A,upper_first,uppercase+first_letter,True
a u s t r a l i a,A,australia,A,upper_first,uppercase+first_letter,True
a u s t r i a,A,austria,A,upper_first,uppercase+first_letter,True
a z e r b a i j a n,A,azerbaijan,A,upper_first,uppercase+first_letter,True
b a h a m a s,B,bahamas,B,upper_first,uppercase+first_letter,True
b a h r a i n,B,bahrain,B,upper_first,uppercase+first_letter,True
b a n g l a d e s h,B,bangladesh,B,upper_first,uppercase+first_letter,True
b a r b a d o s,B,barbados,B,upper_first,uppercase+first_letter,True
b e l a r u s,B,belarus,B,upper_first,uppercase+first_letter,True
b e l g i u m,B,belgium,B,upper_first,uppercase+first_letter,True
b e l i z e,B,belize,B,upper_first,uppercase+first_letter,True
b e n i n,B,benin,B,upper_first,uppercase+first_letter,True
b h u t a n,B,bhutan,B,upper_first,uppercase+first_letter,True
b o l i v i a,B,bolivia,B,upper_first,uppercase+first_letter,True
b o t s w a n a,B,botswana,B,upper_first,uppercase+first_letter,True
b r a z i l,B,brazil,B,upper_first,uppercase+first_letter,True
b r u n e i,B,brunei,B,upper_first,uppercase+first_letter,True
b u l g a r i a,B,bulgaria,B,upper_first,uppercase+first_letter,True
b u r u n d i,B,burundi,B,upper_first,uppercase+first_letter,True
c a m b o d i a,C,cambodia,C,upper_first,uppercase+first_letter,True
c a m e r o o n,C,cameroon,C,upper_first,uppercase+first_letter,True
c a n a d a,C,canada,C,upper_first,uppercase+first_letter,True
c h a d,C,chad,C,upper_first,uppercase+first_letter,True
c h i l e,C,chile,C,upper_first,uppercase+first_letter,True
c h i n a,C,china,C,upper_first,uppercase+first_letter,True
c o l o m b i a,C,colombia,C,upper_first,uppercase+first_letter,True
c o m o r o s,C,comoros,C,upper_first,uppercase+first_letter,True
c o n g o,C,congo,C,upper_first,uppercase+first_letter,True
c r o a t i a,C,croatia,C,upper_first,uppercase+first_letter,True
c u b a,C,cuba,C,upper_first,uppercase+first_letter,True
c y p r u s,C,cyprus,C,upper_first,uppercase+first_letter,True
d e n m a r k,D,denmark,D,upper_first,uppercase+first_letter,True
d j i b o u t i,D,djibouti,D,upper_first,uppercase+first_letter,True
d o m i n i c a,D,dominica,D,upper_first,uppercase+first_letter,True
e c u a d o r,E,ecuador,E,upper_first,uppercase+first_letter,True
e g y p t,E,egypt,E,upper_first,uppercase+first_letter,True
e r i t r e a,E,eritrea,E,upper_first,uppercase+first_letter,True
e s t o n i a,E,estonia,E,upper_first,uppercase+first_letter,True
e s w a t i n i,E,eswatini,E,upper_first,uppercase+first_letter,True
e t h i o p i a,E,ethiopia,E,upper_first,uppercase+first_letter,True
f i j i,F,fiji,F,upper_first,uppercase+first_letter,True
f i n l a n d,F,finland,F,upper_first,uppercase+first_letter,True
f r a n c e,F,france,F,upper_first,uppercase+first_letter,True
g a b o n,G,gabon,G,upper_first,uppercase+first_letter,True
g a m b i a,G,gambia,G,upper_first,uppercase+first_letter,True
g e o r g i a,G,georgia,G,upper_first,uppercase+first_letter,True
g e r m a n y,G,germany,G,upper_first,uppercase+first_letter,True
g h a n a,G,ghana,G,upper_first,uppercase+first_letter,True
g r e e c e,G,greece,G,upper_first,uppercase+first_letter,True
g r e n a d a,G,grenada,G,upper_first,uppercase+first_letter,True
g u a t e m a l a,G,guatemala,G,upper_first,uppercase+first_letter,True
g u i n e a,G,guinea,G,upper_first,uppercase+first_letter,True
g u y a n a,G,guyana,G,upper_first,uppercase+first_letter,True
h a i t i,H,haiti,H,upper_first,uppercase+first_letter,True
h o n d u r a s,H,honduras,H,upper_first,uppercase+first_letter,True
h u n g a r y,H,hungary,H,upper_first,uppercase+first_letter,True
i c e l a n d,I,iceland,I,upper_first,uppercase+first_letter,True
i n d i a,I,india,I,upper_first,uppercase+first_letter,True
i n d o n e s i a,I,indonesia,I,upper_first,uppercase+first_letter,True
i r a n,I,iran,I,upper_first,uppercase+first_letter,True
i r a q,I,iraq,I,upper_first,uppercase+first_letter,True
i r e l a n d,I,ireland,I,upper_first,uppercase+first_letter,True
i s r a e l,I,israel,I,upper_first,uppercase+first_letter,True
i t a l y,I,italy,I,upper_first,uppercase+first_letter,True
j a m a i c a,J,jamaica,J,upper_first,uppercase+first_letter,True
j a p a n,J,japan,J,upper_first,uppercase+first_letter,True
j o r d a n,J,jordan,J,upper_first,uppercase+first_letter,True
k a z a k h s t a n,K,kazakhstan,K,upper_first,uppercase+first_letter,True
k e n y a,K,kenya,K,upper_first,uppercase+first_letter,True
k i r i b a t i,K,kiribati,K,upper_first,uppercase+first_letter,True
k o s o v o,K,kosovo,K,upper_first,uppercase+first_letter,True
k u w a i t,K,kuwait,K,upper_first,uppercase+first_letter,True
k y r g y z s t a n,K,kyrgyzstan,K,upper_first,uppercase+first_letter,True
l a o s,L,laos,L,upper_first,uppercase+first_letter,True
l a t v i a,L,latvia,L,upper_first,uppercase+first_letter,True
l e b a n o n,L,lebanon,L,upper_first,uppercase+first_letter,True
l e s o t h o,L,lesotho,L,upper_first,uppercase+first_letter,True
l i b e r i a,L,liberia,L,upper_first,uppercase+first_letter,True
l i b y a,L,libya,L,upper_first,uppercase+first_letter,True
l i e c h t e n s t e i n,L,liechtenstein,L,upper_first,uppercase+first_letter,True
l i t h u a n i a,L,lithuania,L,upper_first,uppercase+first_letter,True
l u x e m b o u r g,L,luxembourg,L,upper_first,uppercase+first_letter,True
m a d a g a s c a r,M,madagascar,M,upper_first,uppercase+first_letter,True
m a l a w i,M,malawi,M,upper_first,uppercase+first_letter,True
m a l a y s i a,M,malaysia,M,upper_first,uppercase+first_letter,True
m a l d i v e s,M,maldives,M,upper_first,uppercase+first_letter,True
m a l i,M,mali,M,upper_first,uppercase+first_letter,True
m a l t a,M,malta,M,upper_first,uppercase+first_letter,True
m a u r i t a n i a,M,mauritania,M,upper_first,uppercase+first_letter,True
m a u r i t i u s,M,mauritius,M,upper_first,uppercase+first_letter,True
m e x i c o,M,mexico,M,upper_first,uppercase+first_letter,True
m i c r o n e s i a,M,micronesia,M,upper_first,uppercase+first_letter,True
m o l d o v a,M,moldova,M,upper_first,uppercase+first_letter,True
m o n a c o,M,monaco,M,upper_first,uppercase+first_letter,True
m o n g o l i a,M,mongolia,M,upper_first,uppercase+first_letter,True
m o n t e n e g r o,M,montenegro,M,upper_first,uppercase+first_letter,True
m o r o c c o,M,morocco,M,upper_first,uppercase+first_letter,True
m o z a m b i q u e,M,mozambique,M,upper_first,uppercase+first_letter,True
m y a n m a r,M,myanmar,M,upper_first,uppercase+first_letter,True
n a m i b i a,N,namibia,N,upper_first,uppercase+first_letter,True
n a u r u,N,nauru,N,upper_first,uppercase+first_letter,True
n e p a l,N,nepal,N,upper_first,uppercase+first_letter,True
n e t h e r l a n d s,N,netherlands,N,upper_first,uppercase+first_letter,True
n i c a r a g u a,N,nicaragua,N,upper_first,uppercase+first_letter,True
n i g e r,N,niger,N,upper_first,uppercase+first_letter,True
n i g e r i a,N,nigeria,N,upper_first,uppercase+first_letter,True
n o r w a y,N,norway,N,upper_first,uppercase+first_letter,True
o m a n,O,oman,O,upper_first,uppercase+first_letter,True
p a k i s t a n,P,pakistan,P,upper_first,uppercase+first_letter,True
p a l a u,P,palau,P,upper_first,uppercase+first_letter,True
p a l e s t i n e,P,palestine,P,upper_first,uppercase+first_letter,True
p a n a m a,P,panama,P,upper_first,uppercase+first_letter,True
p a r a g u a y,P,paraguay,P,upper_first,uppercase+first_letter,True
p e r u,P,peru,P,upper_first,uppercase+first_letter,True
p h i l i p p i n e s,P,philippines,P,upper_first,uppercase+first_letter,True
p o l a n d,P,poland,P,upper_first,uppercase+first_letter,True
p o r t u g a l,P,portugal,P,upper_first,uppercase+first_letter,True
q a t a r,Q,qatar,Q,upper_first,uppercase+first_letter,True
r o m a n i a,R,romania,R,upper_first,uppercase+first_letter,True
r u s s i a,R,russia,R,upper_first,uppercase+first_letter,True
r w a n d a,R,rwanda,R,upper_first,uppercase+first_letter,True
s a m o a,S,samoa,S,upper_first,uppercase+first_letter,True
s e n e g a l,S,senegal,S,upper_first,uppercase+first_letter,True
s e r b i a,S,serbia,S,upper_first,uppercase+first_letter,True
s e y c h e l l e s,S,seychelles,S,upper_first,uppercase+first_letter,True
s i n g a p o r e,S,singapore,S,upper_first,uppercase+first_letter,True
s l o v a k i a,S,slovakia,S,upper_first,uppercase+first_letter,True
s l o v e n i a,S,slovenia,S,upper_first,uppercase+first_letter,True
s o m a l i a,S,somalia,S,upper_first,uppercase+first_letter,True
s p a i n,S,spain,S,upper_first,uppercase+first_letter,True
s u d a n,S,sudan,S,upper_first,uppercase+first_letter,True
s u r i n a m e,S,suriname,S,upper_first,uppercase+first_letter,True
s w e d e n,S,sweden,S,upper_first,uppercase+first_letter,True
s w i t z e r l a n d,S,switzerland,S,upper_first,uppercase+first_letter,True
s y r i a,S,syria,S,upper_first,uppercase+first_letter,True
t a i w a n,T,taiwan,T,upper_first,uppercase+first_letter,True
t a j i k i s t a n,T,tajikistan,T,upper_first,uppercase+first_letter,True
t a n z a n i a,T,tanzania,T,upper_first,uppercase+first_letter,True
t h a i l a n d,T,thailand,T,upper_first,uppercase+first_letter,True
t o g o,T,togo,T,upper_first,uppercase+first_letter,True
t o n g a,T,tonga,T,upper_first,uppercase+first_letter,True
t u n i s i a,T,tunisia,T,upper_first,uppercase+first_letter,True
t u r k e y,T,turkey,T,upper_first,uppercase+first_letter,True
t u r k m e n i s t a n,T,turkmenistan,T,upper_first,uppercase+first_letter,True
t u v a l u,T,tuvalu,T,upper_first,uppercase+first_letter,True
u a e,U,uae,U,upper_first,uppercase+first_letter,True
u g a n d a,U,uganda,U,upper_first,uppercase+first_letter,True
u k r a i n e,U,ukraine,U,upper_first,uppercase+first_letter,True
u r u g u a y,U,uruguay,U,upper_first,uppercase+first_letter,True
u z b e k i s t a n,U,uzbekistan,U,upper_first,uppercase+first_letter,True
v a n u a t u,V,vanuatu,V,upper_first,uppercase+first_letter,True
v e n e z u e l a,V,venezuela,V,upper_first,uppercase+first_letter,True
v i e t n a m,V,vietnam,V,upper_first,uppercase+first_letter,True
y e m e n,Y,yemen,Y,upper_first,uppercase+first_letter,True
z a m b i a,Z,zambia,Z,upper_first,uppercase+first_letter,True
z i m b a b w e,Z,zimbabwe,Z,upper_first,uppercase+first_letter,True
a b a j o,A,abajo,A,upper_first,uppercase+first_letter,True
a b i e r t o,A,abierto,A,upper_first,uppercase+first_letter,True
a b o g a d o,A,abogado,A,upper_first,uppercase+first_letter,True
a b u e l a,A,abuela,A,upper_first,uppercase+first_letter,True
a b u e l o,A,abuelo,A,upper_first,uppercase+first_letter,True
a c c e l e r a t e,A,accelerate,A,upper_first,uppercase+first_letter,True
a c h i e v e,A,achieve,A,upper_first,uppercase+first_letter,True
a c t i v a t e,A,activate,A,upper_first,uppercase+first_letter,True
a c t o r,A,actor,A,upper_first,uppercase+first_letter,True
a c t r e s s,A,actress,A,upper_first,uppercase+first_letter,True
a d i ó s,A,adiós,A,upper_first,uppercase+first_letter,True
a d v e r t i s e,A,advertise,A,upper_first,uppercase+first_letter,True
a g u a,A,agua,A,upper_first,uppercase+first_letter,True
a l t o,A,alto,A,upper_first,uppercase+first_letter,True
a m a r i l l o,A,amarillo,A,upper_first,uppercase+first_letter,True
a m i,A,ami,A,upper_first,uppercase+first_letter,True
a m i g o,A,amigo,A,upper_first,uppercase+first_letter,True
a n,A,an,A,upper_first,uppercase+first_letter,True
a n a l y s i s,A,analysis,A,upper_first,uppercase+first_letter,True
a n c h o,A,ancho,A,upper_first,uppercase+first_letter,True
a n t i c i p a t e,A,anticipate,A,upper_first,uppercase+first_letter,True
a p o l o g i z e,A,apologize,A,upper_first,uppercase+first_letter,True
a p p l e,A,apple,A,upper_first,uppercase+first_letter,True
a p p r e c i a t e,A,appreciate,A,upper_first,uppercase+first_letter,True
a r b r e,A,arbre,A,upper_first,uppercase+first_letter,True
a r g u e,A,argue,A,upper_first,uppercase+first_letter,True
a r m,A,arm,A,upper_first,uppercase+first_letter,True
a r r i b a,A,arriba,A,upper_first,uppercase+first_letter,True
a r r i v e,A,arrive,A,upper_first,uppercase+first_letter,True
a r t e r y,A,artery,A,upper_first,uppercase+first_letter,True
a r t i s t,A,artist,A,upper_first,uppercase+first_letter,True
a r t i s t a,A,artista,A,upper_first,uppercase+first_letter,True
a r t i s t e,A,artiste,A,upper_first,uppercase+first_letter,True
a t r á s,A,atrás,A,upper_first,uppercase+first_letter,True
a u n t,A,aunt,A,upper_first,uppercase+first_letter,True
a v o c a t,A,avocat,A,upper_first,uppercase+first_letter,True
a x i s,A,axis,A,upper_first,uppercase+first_letter,True
a y e r,A,ayer,A,upper_first,uppercase+first_letter,True
a z u l,A,azul,A,upper_first,uppercase+first_letter,True
a z ú c a r,A,azúcar,A,upper_first,uppercase+first_letter,True
a ñ o,A,año,A,upper_first,uppercase+first_letter,True
b a b y,B,baby,B,upper_first,uppercase+first_letter,True
b a c k,B,back,B,upper_first,uppercase+first_letter,True
b a d,B,bad,B,upper_first,uppercase+first_letter,True
b a i l e,B,baile,B,upper_first,uppercase+first_letter,True
b a j o,B,bajo,B,upper_first,uppercase+first_letter,True
b a k e,B,bake,B,upper_first,uppercase+first_letter,True
b a k e r,B,baker,B,upper_first,uppercase+first_letter,True
b a l l,B,ball,B,upper_first,uppercase+first_letter,True
b a l l e,B,balle,B,upper_first,uppercase+first_letter,True
b a n a n a,B,banana,B,upper_first,uppercase+first_letter,True
b a s,B,bas,B,upper_first,uppercase+first_letter,True
b a s i s,B,basis,B,upper_first,uppercase+first_letter,True
b a y,B,bay,B,upper_first,uppercase+first_letter,True
b e a c h,B,beach,B,upper_first,uppercase+first_letter,True
b e a u,B,beau,B,upper_first,uppercase+first_letter,True
b e a u t i f u l,B,beautiful,B,upper_first,uppercase+first_letter,True
b e b é,B,bebé,B,upper_first,uppercase+first_letter,True
b e g i n,B,begin,B,upper_first,uppercase+first_letter,True
b e l i e f,B,belief,B,upper_first,uppercase+first_letter,True
b e l i e v e,B,believe,B,upper_first,uppercase+first_letter,True
b e n d,B,bend,B,upper_first,uppercase+first_letter,True
b e r r y,B,berry,B,upper_first,uppercase+first_letter,True
b i g,B,big,B,upper_first,uppercase+first_letter,True
b i k e,B,bike,B,upper_first,uppercase+first_letter,True
b i r d,B,bird,B,upper_first,uppercase+first_letter,True
b l a c k,B,black,B,upper_first,uppercase+first_letter,True
b l a n c,B,blanc,B,upper_first,uppercase+first_letter,True
b l a n c o,B,blanco,B,upper_first,uppercase+first_letter,True
b l e u,B,bleu,B,upper_first,uppercase+first_letter,True
b l u e,B,blue,B,upper_first,uppercase+first_letter,True
b o c a,B,boca,B,upper_first,uppercase+first_letter,True
b o d y,B,body,B,upper_first,uppercase+first_letter,True
b o n,B,bon,B,upper_first,uppercase+first_letter,True
b o n e,B,bone,B,upper_first,uppercase+first_letter,True
b o n j o u r,B,bonjour,B,upper_first,uppercase+first_letter,True
b o n s o i r,B,bonsoir,B,upper_first,uppercase+first_letter,True
b o o k,B,book,B,upper_first,uppercase+first_letter,True
b o u c h e,B,bouche,B,upper_first,uppercase+first_letter,True
b o x,B,box,B,upper_first,uppercase+first_letter,True
b o y,B,boy,B,upper_first,uppercase+first_letter,True
b r a i n,B,brain,B,upper_first,uppercase+first_letter,True
b r e a d,B,bread,B,upper_first,uppercase+first_letter,True
b r o t h e r,B,brother,B,upper_first,uppercase+first_letter,True
b r o w n,B,brown,B,upper_first,uppercase+first_letter,True
b r u s h,B,brush,B,upper_first,uppercase+first_letter,True
b u e n o,B,bueno,B,upper_first,uppercase+first_letter,True
b u i l d,B,build,B,upper_first,uppercase+first_letter,True
b u i l d e r,B,builder,B,upper_first,uppercase+first_letter,True
b u s,B,bus,B,upper_first,uppercase+first_letter,True
b u t c h e r,B,butcher,B,upper_first,uppercase+first_letter,True
b u t t e r f l y,B,butterfly,B,upper_first,uppercase+first_letter,True
b é b é,B,bébé,B,upper_first,uppercase+first_letter,True
c a b a l l o,C,caballo,C,upper_first,uppercase+first_letter,True
c a b e z a,C,cabeza,C,upper_first,uppercase+first_letter,True
c a f é,C,café,C,upper_first,uppercase+first_letter,True
c a l c u l a t e,C,calculate,C,upper_first,uppercase+first_letter,True
c a l f,C,calf,C,upper_first,uppercase+first_letter,True
c a l i e n t e,C,caliente,C,upper_first,uppercase+first_letter,True
c a l l e,C,calle,C,upper_first,uppercase+first_letter,True
c a m p,C,camp,C,upper_first,uppercase+first_letter,True
c a n c i ó n,C,canción,C,upper_first,uppercase+first_letter,True
c a n t a n t e,C,cantante,C,upper_first,uppercase+first_letter,True
c a r,C,car,C,upper_first,uppercase+first_letter,True
c a r e,C,care,C,upper_first,uppercase+first_letter,True
c a r g o,C,cargo,C,upper_first,uppercase+first_letter,True
c a r r y,C,carry,C,upper_first,uppercase+first_letter,True
c a r t a,C,carta,C,upper_first,uppercase+first_letter,True
c a s a,C,casa,C,upper_first,uppercase+first_letter,True
c a t,C,cat,C,upper_first,uppercase+first_letter,True
c a t c h,C,catch,C,upper_first,uppercase+first_letter,True
c e l e b r a t e,C,celebrate,C,upper_first,uppercase+first_letter,True
c e n t,C,cent,C,upper_first,uppercase+first_letter,True
c e r c a,C,cerca,C,upper_first,uppercase+first_letter,True
c e r e b r o,C,cerebro,C,upper_first,uppercase+first_letter,True
c e r r a d o,C,cerrado,C,upper_first,uppercase+first_letter,True
c e r v e a u,C,cerveau,C,upper_first,uppercase+first_letter,True
c h a i r,C,chair,C,upper_first,uppercase+first_letter,True
c h a i s e,C,chaise,C,upper_first,uppercase+first_letter,True
c h a n g e,C,change,C,upper_first,uppercase+first_letter,True
c h a n s o n,C,chanson,C,upper_first,uppercase+first_letter,True
c h a t,C,chat,C,upper_first,uppercase+first_letter,True
c h a u d,C,chaud,C,upper_first,uppercase+first_letter,True
c h e e s e,C,cheese,C,upper_first,uppercase+first_letter,True
c h e f,C,chef,C,upper_first,uppercase+first_letter,True
c h e v a l,C,cheval,C,upper_first,uppercase+first_letter,True
c h i e f,C,chief,C,upper_first,uppercase+first_letter,True
c h i e n,C,chien,C,upper_first,uppercase+first_letter,True
c h i l d,C,child,C,upper_first,uppercase+first_letter,True
c h u r c h,C,church,C,upper_first,uppercase+first_letter,True
c i e n,C,cien,C,upper_first,uppercase+first_letter,True
c i n c o,C,cinco,C,upper_first,uppercase+first_letter,True
c i n q,C,cinq,C,upper_first,uppercase+first_letter,True
c i t y,C,city,C,upper_first,uppercase+first_letter,True
c i u d a d,C,ciudad,C,upper_first,uppercase+first_letter,True
c l a s s,C,class,C,upper_first,uppercase+first_letter,True
c l e a n,C,clean,C,upper_first,uppercase+first_letter,True
c l e r k,C,clerk,C,upper_first,uppercase+first_letter,True
c l i f f,C,cliff,C,upper_first,uppercase+first_letter,True
c l i m b,C,climb,C,upper_first,uppercase+first_letter,True
c l o s e,C,close,C,upper_first,uppercase+first_letter,True
c l o s e d,C,closed,C,upper_first,uppercase+first_letter,True
c o c h e,C,coche,C,upper_first,uppercase+first_letter,True
c o f f e e,C,coffee,C,upper_first,uppercase+first_letter,True
c o l d,C,cold,C,upper_first,uppercase+first_letter,True
c o m e,C,come,C,upper_first,uppercase+first_letter,True
c o m i d a,C,comida,C,upper_first,uppercase+first_letter,True
c o m m u n i c a t e,C,communicate,C,upper_first,uppercase+first_letter,True
c o m p e t e,C,compete,C,upper_first,uppercase+first_letter,True
c o m p l e t e,C,complete,C,upper_first,uppercase+first_letter,True
c o m p u t e r,C,computer,C,upper_first,uppercase+first_letter,True
c o n c e n t r a t e,C,concentrate,C,upper_first,uppercase+first_letter,True
c o n t e m p l a t e,C,contemplate,C,upper_first,uppercase+first_letter,True
c o n t i n u e,C,continue,C,upper_first,uppercase+first_letter,True
c o o k,C,cook,C,upper_first,uppercase+first_letter,True
c o o p e r a t e,C,cooperate,C,upper_first,uppercase+first_letter,True
c o o r d i n a t e,C,coordinate,C,upper_first,uppercase+first_letter,True
c o r a z ó n,C,corazón,C,upper_first,uppercase+first_letter,True
c o r p s,C,corps,C,upper_first,uppercase+first_letter,True
c o r t o,C,corto,C,upper_first,uppercase+first_letter,True
c o u n t r y,C,country,C,upper_first,uppercase+first_letter,True
c o u r t,C,court,C,upper_first,uppercase+first_letter,True
c o u s i n,C,cousin,C,upper_first,uppercase+first_letter,True
c r e a t e,C,create,C,upper_first,uppercase+first_letter,True
c r i s i s,C,crisis,C,upper_first,uppercase+first_letter,True
c r i t e r i o n,C,criterion,C,upper_first,uppercase+first_letter,True
c r i t i c i z e,C,criticize,C,upper_first,uppercase+first_letter,True
c r y,C,cry,C,upper_first,uppercase+first_letter,True
c u a t r o,C,cuatro,C,upper_first,uppercase+first_letter,True
c u e r p o,C,cuerpo,C,upper_first,uppercase+first_letter,True
c u l t i v a t e,C,cultivate,C,upper_first,uppercase+first_letter,True
c u p,C,cup,C,upper_first,uppercase+first_letter,True
c u r r i c u l u m,C,curriculum,C,upper_first,uppercase+first_letter,True
c œ u r,C,cœur,C,upper_first,uppercase+first_letter,True
d a n c e,D,dance,D,upper_first,uppercase+first_letter,True
d a n c e r,D,dancer,D,upper_first,uppercase+first_letter,True
d a n s e,D,danse,D,upper_first,uppercase+first_letter,True
d a t u m,D,datum,D,upper_first,uppercase+first_letter,True
d a u g h t e r,D,daughter,D,upper_first,uppercase+first_letter,True
d a y,D,day,D,upper_first,uppercase+first_letter,True
d e c i d e,D,decide,D,upper_first,uppercase+first_letter,True
d e c o r a t e,D,decorate,D,upper_first,uppercase+first_letter,True
d e d a n s,D,dedans,D,upper_first,uppercase+first_letter,True
d e d i c a t e,D,dedicate,D,upper_first,uppercase+first_letter,True
d e e r,D,deer,D,upper_first,uppercase+first_letter,True
d e f e a t,D,defeat,D,upper_first,uppercase+first_letter,True
d e h o r s,D,dehors,D,upper_first,uppercase+first_letter,True
d e l e t e,D,delete,D,upper_first,uppercase+first_letter,True
d e m a i n,D,demain,D,upper_first,uppercase+first_letter,True
d e m o n s t r a t e,D,demonstrate,D,upper_first,uppercase+first_letter,True
d e n t r o,D,dentro,D,upper_first,uppercase+first_letter,True
d e p o r t e,D,deporte,D,upper_first,uppercase+first_letter,True
d e r e c h o,D,derecho,D,upper_first,uppercase+first_letter,True
d e r n i e r,D,dernier,D,upper_first,uppercase+first_letter,True
d e r r i è r e,D,derrière,D,upper_first,uppercase+first_letter,True
d e s i g n a t e,D,designate,D,upper_first,uppercase+first_letter,True
d e t e r m i n e,D,determine,D,upper_first,uppercase+first_letter,True
d e u x,D,deux,D,upper_first,uppercase+first_letter,True
d e v a n t,D,devant,D,upper_first,uppercase+first_letter,True
d e v i a t e,D,deviate,D,upper_first,uppercase+first_letter,True
d i e z,D,diez,D,upper_first,uppercase+first_letter,True
d i f f i c i l e,D,difficile,D,upper_first,uppercase+first_letter,True
d i f f i c u l t,D,difficult,D,upper_first,uppercase+first_letter,True
d i f í c i l,D,difícil,D,upper_first,uppercase+first_letter,True
d i r e c t o r,D,director,D,upper_first,uppercase+first_letter,True
d i r t y,D,dirty,D,upper_first,uppercase+first_letter,True
d i s h,D,dish,D,upper_first,uppercase+first_letter,True
d i x,D,dix,D,upper_first,uppercase+first_letter,True
d o c t o r,D,doctor,D,upper_first,uppercase+first_letter,True
d o g,D,dog,D,upper_first,uppercase+first_letter,True
d o m i n a t e,D,dominate,D,upper_first,uppercase+first_letter,True
d o o r,D,door,D,upper_first,uppercase+first_letter,True
d o s,D,dos,D,upper_first,uppercase+first_letter,True
d o w n,D,down,D,upper_first,uppercase+first_letter,True
d r a w,D,draw,D,upper_first,uppercase+first_letter,True
d r i n k,D,drink,D,upper_first,uppercase+first_letter,True
d r i v e,D,drive,D,upper_first,uppercase+first_letter,True
d r i v e r,D,driver,D,upper_first,uppercase+first_letter,True
d r o i t,D,droit,D,upper_first,uppercase+first_letter,True
d u c h e s s,D,duchess,D,upper_first,uppercase+first_letter,True
d u k e,D,duke,D,upper_first,uppercase+first_letter,True
d w a r f,D,dwarf,D,upper_first,uppercase+first_letter,True
d é b i l,D,débil,D,upper_first,uppercase+first_letter,True
d í a,D,día,D,upper_first,uppercase+first_letter,True
e a r,E,ear,E,upper_first,uppercase+first_letter,True
e a s y,E,easy,E,upper_first,uppercase+first_letter,True
e a t,E,eat,E,upper_first,uppercase+first_letter,True
e a u,E,eau,E,upper_first,uppercase+first_letter,True
e c h o,E,echo,E,upper_first,uppercase+first_letter,True
e d u c a t e,E,educate,E,upper_first,uppercase+first_letter,True
e i g h t,E,eight,E,upper_first,uppercase+first_letter,True
e l f,E,elf,E,upper_first,uppercase+first_letter,True
e l i m i n a t e,E,eliminate,E,upper_first,uppercase+first_letter,True
e m p e r o r,E,emperor,E,upper_first,uppercase+first_letter,True
e m p r e s s,E,empress,E,upper_first,uppercase+first_letter,True
e m p t y,E,empty,E,upper_first,uppercase+first_letter,True
e n d,E,end,E,upper_first,uppercase+first_letter,True
e n f a n t,E,enfant,E,upper_first,uppercase+first_letter,True
e n f e r m e r a,E,enfermera,E,upper_first,uppercase+first_letter,True
e n g i n e e r,E,engineer,E,upper_first,uppercase+first_letter,True
e s c a l a t e,E,escalate,E,upper_first,uppercase+first_letter,True
e s c u e l a,E,escuela,E,upper_first,uppercase+first_letter,True
e s p o s a,E,esposa,E,upper_first,uppercase+first_letter,True
e s p o s o,E,esposo,E,upper_first,uppercase+first_letter,True
e s t r e c h o,E,estrecho,E,upper_first,uppercase+first_letter,True
e s t r e l l a,E,estrella,E,upper_first,uppercase+first_letter,True
e s t u d i a n t e,E,estudiante,E,upper_first,uppercase+first_letter,True
e v a l u a t e,E,evaluate,E,upper_first,uppercase+first_letter,True
e v a p o r a t e,E,evaporate,E,upper_first,uppercase+first_letter,True
e x a g g e r a t e,E,exaggerate,E,upper_first,uppercase+first_letter,True
e x a m i n e,E,examine,E,upper_first,uppercase+first_letter,True
e x c i t e,E,excite,E,upper_first,uppercase+first_letter,True
e x e r c i s e,E,exercise,E,upper_first,uppercase+first_letter,True
e x p l o r e,E,explore,E,upper_first,uppercase+first_letter,True
e y e,E,eye,E,upper_first,uppercase+first_letter,True
f a c i l e,F,facile,F,upper_first,uppercase+first_letter,True
f a i b l e,F,faible,F,upper_first,uppercase+first_letter,True
f a m i l i a,F,familia,F,upper_first,uppercase+first_letter,True
f a m i l l e,F,famille,F,upper_first,uppercase+first_letter,True
f a m i l y,F,family,F,upper_first,uppercase+first_letter,True
f a r,F,far,F,upper_first,uppercase+first_letter,True
f a r m e r,F,farmer,F,upper_first,uppercase+first_letter,True
f a s c i n a t e,F,fascinate,F,upper_first,uppercase+first_letter,True
f a s t,F,fast,F,upper_first,uppercase+first_letter,True
f a t h e r,F,father,F,upper_first,uppercase+first_letter,True
f e e l,F,feel,F,upper_first,uppercase+first_letter,True
f e l i z,F,feliz,F,upper_first,uppercase+first_letter,True
f e m m e,F,femme,F,upper_first,uppercase+first_letter,True
f e n ê t r e,F,fenêtre,F,upper_first,uppercase+first_letter,True
f e o,F,feo,F,upper_first,uppercase+first_letter,True
f e r m i e r,F,fermier,F,upper_first,uppercase+first_letter,True
f e r m é,F,fermé,F,upper_first,uppercase+first_letter,True
f i l l e,F,fille,F,upper_first,uppercase+first_letter,True
f i l s,F,fils,F,upper_first,uppercase+first_letter,True
f i n g e r,F,finger,F,upper_first,uppercase+first_letter,True
f i n i s h,F,finish,F,upper_first,uppercase+first_letter,True
f i r s t,F,first,F,upper_first,uppercase+first_letter,True
f i s h,F,fish,F,upper_first,uppercase+first_letter,True
f i v e,F,five,F,upper_first,uppercase+first_letter,True
f l e u r,F,fleur,F,upper_first,uppercase+first_letter,True
f l o r,F,flor,F,upper_first,uppercase+first_letter,True
f l o w e r,F,flower,F,upper_first,uppercase+first_letter,True
f l y,F,fly,F,upper_first,uppercase+first_letter,True
f o o d,F,food,F,upper_first,uppercase+first_letter,True
f o o t,F,foot,F,upper_first,uppercase+first_letter,True
f o r k,F,fork,F,upper_first,uppercase+first_letter,True
f o r t,F,fort,F,upper_first,uppercase+first_letter,True
f o u r,F,four,F,upper_first,uppercase+first_letter,True
f o x,F,fox,F,upper_first,uppercase+first_letter,True
f r a s e,F,frase,F,upper_first,uppercase+first_letter,True
f r e n t e,F,frente,F,upper_first,uppercase+first_letter,True
f r i e n d,F,friend,F,upper_first,uppercase+first_letter,True
f r o i d,F,froid,F,upper_first,uppercase+first_letter,True
f r o m a g e,F,fromage,F,upper_first,uppercase+first_letter,True
f r o n t,F,front,F,upper_first,uppercase+first_letter,True
f r è r e,F,frère,F,upper_first,uppercase+first_letter,True
f r í o,F,frío,F,upper_first,uppercase+first_letter,True
f u e r a,F,fuera,F,upper_first,uppercase+first_letter,True
f u e r t e,F,fuerte,F,upper_first,uppercase+first_letter,True
f u l l,F,full,F,upper_first,uppercase+first_letter,True
f á c i l,F,fácil,F,upper_first,uppercase+first_letter,True
g a m e,G,game,G,upper_first,uppercase+first_letter,True
g a r ç o n,G,garçon,G,upper_first,uppercase+first_letter,True
g a t o,G,gato,G,upper_first,uppercase+first_letter,True
g a u c h e,G,gauche,G,upper_first,uppercase+first_letter,True
g e n e r a t e,G,generate,G,upper_first,uppercase+first_letter,True
g i r l,G,girl,G,upper_first,uppercase+first_letter,True
g i v e,G,give,G,upper_first,uppercase+first_letter,True
g l a s s,G,glass,G,upper_first,uppercase+first_letter,True
g o o d,G,good,G,upper_first,uppercase+first_letter,True
g o o d b y e,G,goodbye,G,upper_first,uppercase+first_letter,True
g o o s e,G,goose,G,upper_first,uppercase+first_letter,True
g r a c i a s,G,gracias,G,upper_first,uppercase+first_letter,True
g r a n d,G,grand,G,upper_first,uppercase+first_letter,True
g r a n d e,G,grande,G,upper_first,uppercase+first_letter,True
g r a n d f a t h e r,G,grandfather,G,upper_first,uppercase+first_letter,True
g r a n d m o t h e r,G,grandmother,G,upper_first,uppercase+first_letter,True
g r a n j e r o,G,granjero,G,upper_first,uppercase+first_letter,True
g r a y,G,gray,G,upper_first,uppercase+first_letter,True
g r e e n,G,green,G,upper_first,uppercase+first_letter,True
g r e e t,G,greet,G,upper_first,uppercase+first_letter,True
g r i e f,G,grief,G,upper_first,uppercase+first_letter,True
g r i s,G,gris,G,upper_first,uppercase+first_letter,True
g u l f,G,gulf,G,upper_first,uppercase+first_letter,True
g u y,G,guy,G,upper_first,uppercase+first_letter,True
h a l f,H,half,H,upper_first,uppercase+first_letter,True
h a n d,H,hand,H,upper_first,uppercase+first_letter,True
h a p p y,H,happy,H,upper_first,uppercase+first_letter,True
h a t e,H,hate,H,upper_first,uppercase+first_letter,True
h a u t,H,haut,H,upper_first,uppercase+first_letter,True
h e a d,H,head,H,upper_first,uppercase+first_letter,True
h e a r,H,hear,H,upper_first,uppercase+first_letter,True
h e a r t,H,heart,H,upper_first,uppercase+first_letter,True
h e a v y,H,heavy,H,upper_first,uppercase+first_letter,True
h e l l o,H,hello,H,upper_first,uppercase+first_letter,True
h e l p,H,help,H,upper_first,uppercase+first_letter,True
h e r m a n a,H,hermana,H,upper_first,uppercase+first_letter,True
h e r m a n o,H,hermano,H,upper_first,uppercase+first_letter,True
h e r m o s o,H,hermoso,H,upper_first,uppercase+first_letter,True
h e r o,H,hero,H,upper_first,uppercase+first_letter,True
h e r o i n e,H,heroine,H,upper_first,uppercase+first_letter,True
h e s i t a t e,H,hesitate,H,upper_first,uppercase+first_letter,True
h e u r e u x,H,heureux,H,upper_first,uppercase+first_letter,True
h i b e r n a t e,H,hibernate,H,upper_first,uppercase+first_letter,True
h i e r,H,hier,H,upper_first,uppercase+first_letter,True
h i g h,H,high,H,upper_first,uppercase+first_letter,True
h i j a,H,hija,H,upper_first,uppercase+first_letter,True
h i j o,H,hijo,H,upper_first,uppercase+first_letter,True
h i k e,H,hike,H,upper_first,uppercase+first_letter,True
h o l a,H,hola,H,upper_first,uppercase+first_letter,True
h o l d,H,hold,H,upper_first,uppercase+first_letter,True
h o m b r e,H,hombre,H,upper_first,uppercase+first_letter,True
h o m m e,H,homme,H,upper_first,uppercase+first_letter,True
h o o f,H,hoof,H,upper_first,uppercase+first_letter,True
h o p e,H,hope,H,upper_first,uppercase+first_letter,True
h o r s e,H,horse,H,upper_first,uppercase+first_letter,True
h o t,H,hot,H,upper_first,uppercase+first_letter,True
h o u s e,H,house,H,upper_first,uppercase+first_letter,True
h o y,H,hoy,H,upper_first,uppercase+first_letter,True
h u i t,H,huit,H,upper_first,uppercase+first_letter,True
h u n d r e d,H,hundred,H,upper_first,uppercase+first_letter,True
h u n t,H,hunt,H,upper_first,uppercase+first_letter,True
h u s b a n d,H,husband,H,upper_first,uppercase+first_letter,True
i l l u s t r a t e,I,illustrate,I,upper_first,uppercase+first_letter,True
i m a g i n e,I,imagine,I,upper_first,uppercase+first_letter,True
i m i t a t e,I,imitate,I,upper_first,uppercase+first_letter,True
i m p r o v e,I,improve,I,upper_first,uppercase+first_letter,True
i n c o r p o r a t e,I,incorporate,I,upper_first,uppercase+first_letter,True
i n f i r m i è r e,I,infirmière,I,upper_first,uppercase+first_letter,True
i n i t i a t e,I,initiate,I,upper_first,uppercase+first_letter,True
i n n o v a t e,I,innovate,I,upper_first,uppercase+first_letter,True
i n s i d e,I,inside,I,upper_first,uppercase+first_letter,True
i n t e g r a t e,I,integrate,I,upper_first,uppercase+first_letter,True
i n v e s t i g a t e,I,investigate,I,upper_first,uppercase+first_letter,True
i n v i t e,I,invite,I,upper_first,uppercase+first_letter,True
i r r i t a t e,I,irritate,I,upper_first,uppercase+first_letter,True
i s s u e,I,issue,I,upper_first,uppercase+first_letter,True
i z q u i e r d o,I,izquierdo,I,upper_first,uppercase+first_letter,True
j a u n e,J,jaune,J,upper_first,uppercase+first_letter,True
j e u,J,jeu,J,upper_first,uppercase+first_letter,True
j e u n e,J,jeune,J,upper_first,uppercase+first_letter,True
j o u r,J,jour,J,upper_first,uppercase+first_letter,True
j o v e n,J,joven,J,upper_first,uppercase+first_letter,True
j u e g o,J,juego,J,upper_first,uppercase+first_letter,True
j u m p,J,jump,J,upper_first,uppercase+first_letter,True
k e y,K,key,K,upper_first,uppercase+first_letter,True
k i d n e y,K,kidney,K,upper_first,uppercase+first_letter,True
k i n g,K,king,K,upper_first,uppercase+first_letter,True
k i s s,K,kiss,K,upper_first,uppercase+first_letter,True
k n e e l,K,kneel,K,upper_first,uppercase+first_letter,True
k n i f e,K,knife,K,upper_first,uppercase+first_letter,True
k n i g h t,K,knight,K,upper_first,uppercase+first_letter,True
l a d y,L,lady,L,upper_first,uppercase+first_letter,True
l a i d,L,laid,L,upper_first,uppercase+first_letter,True
l a i t,L,lait,L,upper_first,uppercase+first_letter,True
l a r g e,L,large,L,upper_first,uppercase+first_letter,True
l a r g o,L,largo,L,upper_first,uppercase+first_letter,True
l a s t,L,last,L,upper_first,uppercase+first_letter,True
l a u g h,L,laugh,L,upper_first,uppercase+first_letter,True
l a w y e r,L,lawyer,L,upper_first,uppercase+first_letter,True
l e a f,L,leaf,L,upper_first,uppercase+first_letter,True
l e a r n,L,learn,L,upper_first,uppercase+first_letter,True
l e a v e,L,leave,L,upper_first,uppercase+first_letter,True
l e c h e,L,leche,L,upper_first,uppercase+first_letter,True
l e f t,L,left,L,upper_first,uppercase+first_letter,True
l e g,L,leg,L,upper_first,uppercase+first_letter,True
l e j o s,L,lejos,L,upper_first,uppercase+first_letter,True
l e n t,L,lent,L,upper_first,uppercase+first_letter,True
l e n t o,L,lento,L,upper_first,uppercase+first_letter,True
l e t t e r,L,letter,L,upper_first,uppercase+first_letter,True
l e t t r e,L,lettre,L,upper_first,uppercase+first_letter,True
l i b r a r y,L,library,L,upper_first,uppercase+first_letter,True
l i b r o,L,libro,L,upper_first,uppercase+first_letter,True
l i e,L,lie,L,upper_first,uppercase+first_letter,True
l i f e,L,life,L,upper_first,uppercase+first_letter,True
l i g e r o,L,ligero,L,upper_first,uppercase+first_letter,True
l i g h t,L,light,L,upper_first,uppercase+first_letter,True
l i m p i o,L,limpio,L,upper_first,uppercase+first_letter,True
l i s t e n,L,listen,L,upper_first,uppercase+first_letter,True
l i v e,L,live,L,upper_first,uppercase+first_letter,True
l i v e r,L,liver,L,upper_first,uppercase+first_letter,True
l i v r e,L,livre,L,upper_first,uppercase+first_letter,True
l l e n o,L,lleno,L,upper_first,uppercase+first_letter,True
l o a f,L,loaf,L,upper_first,uppercase+first_letter,True
l o i n,L,loin,L,upper_first,uppercase+first_letter,True
l o n g,L,long,L,upper_first,uppercase+first_letter,True
l o r d,L,lord,L,upper_first,uppercase+first_letter,True
l o u r d,L,lourd,L,upper_first,uppercase+first_letter,True
l o v e,L,love,L,upper_first,uppercase+first_letter,True
l o w,L,low,L,upper_first,uppercase+first_letter,True
l u n a,L,luna,L,upper_first,uppercase+first_letter,True
l u n e,L,lune,L,upper_first,uppercase+first_letter,True
l u n g,L,lung,L,upper_first,uppercase+first_letter,True
l é g e r,L,léger,L,upper_first,uppercase+first_letter,True
m a d r e,M,madre,M,upper_first,uppercase+first_letter,True
m a i n,M,main,M,upper_first,uppercase+first_letter,True
m a i s o n,M,maison,M,upper_first,uppercase+first_letter,True
m a k e,M,make,M,upper_first,uppercase+first_letter,True
m a l o,M,malo,M,upper_first,uppercase+first_letter,True
m a n,M,man,M,upper_first,uppercase+first_letter,True
m a n a g e,M,manage,M,upper_first,uppercase+first_letter,True
m a n a g e r,M,manager,M,upper_first,uppercase+first_letter,True
m a n o,M,mano,M,upper_first,uppercase+first_letter,True
m a n z a n a,M,manzana,M,upper_first,uppercase+first_letter,True
m a r i,M,mari,M,upper_first,uppercase+first_letter,True
m a r r o n,M,marron,M,upper_first,uppercase+first_letter,True
m a r r ó n,M,marrón,M,upper_first,uppercase+first_letter,True
m a u v a i s,M,mauvais,M,upper_first,uppercase+first_letter,True
m a ñ a n a,M,mañana,M,upper_first,uppercase+first_letter,True
m e d i t a t e,M,meditate,M,upper_first,uppercase+first_letter,True
m e d i u m,M,medium,M,upper_first,uppercase+first_letter,True
m e e t,M,meet,M,upper_first,uppercase+first_letter,True
m e r c i,M,merci,M,upper_first,uppercase+first_letter,True
m e s,M,mes,M,upper_first,uppercase+first_letter,True
m e s a,M,mesa,M,upper_first,uppercase+first_letter,True
m i l,M,mil,M,upper_first,uppercase+first_letter,True
m i l k,M,milk,M,upper_first,uppercase+first_letter,True
m i l l e,M,mille,M,upper_first,uppercase+first_letter,True
m o i s,M,mois,M,upper_first,uppercase+first_letter,True
m o n d e,M,monde,M,upper_first,uppercase+first_letter,True
m o n t h,M,month,M,upper_first,uppercase+first_letter,True
m o o n,M,moon,M,upper_first,uppercase+first_letter,True
m o r a d o,M,morado,M,upper_first,uppercase+first_letter,True
m o s q u i t o,M,mosquito,M,upper_first,uppercase+first_letter,True
m o t,M,mot,M,upper_first,uppercase+first_letter,True
m o t h e r,M,mother,M,upper_first,uppercase+first_letter,True
m o t i v a t e,M,motivate,M,upper_first,uppercase+first_letter,True
m o u s e,M,mouse,M,upper_first,uppercase+first_letter,True
m o u t h,M,mouth,M,upper_first,uppercase+first_letter,True
m o v e,M,move,M,upper_first,uppercase+first_letter,True
m u j e r,M,mujer,M,upper_first,uppercase+first_letter,True
m u n d o,M,mundo,M,upper_first,uppercase+first_letter,True
m u s c l e,M,muscle,M,upper_first,uppercase+first_letter,True
m u s i c,M,music,M,upper_first,uppercase+first_letter,True
m u s i c i a n,M,musician,M,upper_first,uppercase+first_letter,True
m u s i c i e n,M,musicien,M,upper_first,uppercase+first_letter,True
m u s i q u e,M,musique,M,upper_first,uppercase+first_letter,True
m è r e,M,mère,M,upper_first,uppercase+first_letter,True
m é d e c i n,M,médecin,M,upper_first,uppercase+first_letter,True
m é d i c o,M,médico,M,upper_first,uppercase+first_letter,True
m ú s i c a,M,música,M,upper_first,uppercase+first_letter,True
m ú s i c o,M,músico,M,upper_first,uppercase+first_letter,True
n a r a n j a,N,naranja,N,upper_first,uppercase+first_letter,True
n a r i z,N,nariz,N,upper_first,uppercase+first_letter,True
n a r r o w,N,narrow,N,upper_first,uppercase+first_letter,True
n a v i g a t e,N,navigate,N,upper_first,uppercase+first_letter,True
n e a r,N,near,N,upper_first,uppercase+first_letter,True
n e g o t i a t e,N,negotiate,N,upper_first,uppercase+first_letter,True
n e g r o,N,negro,N,upper_first,uppercase+first_letter,True
n e r v e,N,nerve,N,upper_first,uppercase+first_letter,True
n e u f,N,neuf,N,upper_first,uppercase+first_letter,True
n e w,N,new,N,upper_first,uppercase+first_letter,True
n e z,N,nez,N,upper_first,uppercase+first_letter,True
n i g h t,N,night,N,upper_first,uppercase+first_letter,True
n i n e,N,nine,N,upper_first,uppercase+first_letter,True
n i ñ a,N,niña,N,upper_first,uppercase+first_letter,True
n i ñ o,N,niño,N,upper_first,uppercase+first_letter,True
n o,N,no,N,upper_first,uppercase+first_letter,True
n o c h e,N,noche,N,upper_first,uppercase+first_letter,True
n o i r,N,noir,N,upper_first,uppercase+first_letter,True
n o n,N,non,N,upper_first,uppercase+first_letter,True
n o s e,N,nose,N,upper_first,uppercase+first_letter,True
n o t i c e,N,notice,N,upper_first,uppercase+first_letter,True
n o u r r i t u r e,N,nourriture,N,upper_first,uppercase+first_letter,True
n o u v e a u,N,nouveau,N,upper_first,uppercase+first_letter,True
n u e v e,N,nueve,N,upper_first,uppercase+first_letter,True
n u e v o,N,nuevo,N,upper_first,uppercase+first_letter,True
n u i t,N,nuit,N,upper_first,uppercase+first_letter,True
n u r s e,N,nurse,N,upper_first,uppercase+first_letter,True
o a s i s,O,oasis,O,upper_first,uppercase+first_letter,True
o c h o,O,ocho,O,upper_first,uppercase+first_letter,True
o f f i c e r,O,officer,O,upper_first,uppercase+first_letter,True
o i s e a u,O,oiseau,O,upper_first,uppercase+first_letter,True
o j o,O,ojo,O,upper_first,uppercase+first_letter,True
o l d,O,old,O,upper_first,uppercase+first_letter,True
o n c l e,O,oncle,O,upper_first,uppercase+first_letter,True
o n e,O,one,O,upper_first,uppercase+first_letter,True
o p e n,O,open,O,upper_first,uppercase+first_letter,True
o p e r a t e,O,operate,O,upper_first,uppercase+first_letter,True
o r a n g e,O,orange,O,upper_first,uppercase+first_letter,True
o r e i l l e,O,oreille,O,upper_first,uppercase+first_letter,True
o r e j a,O,oreja,O,upper_first,uppercase+first_letter,True
o r g a n i z e,O,organize,O,upper_first,uppercase+first_letter,True
o u i,O,oui,O,upper_first,uppercase+first_letter,True
o u t s i d e,O,outside,O,upper_first,uppercase+first_letter,True
o u v e r t,O,ouvert,O,upper_first,uppercase+first_letter,True
o u v r i e r,O,ouvrier,O,upper_first,uppercase+first_letter,True
o x,O,ox,O,upper_first,uppercase+first_letter,True
p a d r e,P,padre,P,upper_first,uppercase+first_letter,True
p a g e,P,page,P,upper_first,uppercase+first_letter,True
p a i n,P,pain,P,upper_first,uppercase+first_letter,True
p a i n t,P,paint,P,upper_first,uppercase+first_letter,True
p a i n t e r,P,painter,P,upper_first,uppercase+first_letter,True
p a l a b r a,P,palabra,P,upper_first,uppercase+first_letter,True
p a n,P,pan,P,upper_first,uppercase+first_letter,True
p a p e r,P,paper,P,upper_first,uppercase+first_letter,True
p a r e n t h e s i s,P,parenthesis,P,upper_first,uppercase+first_letter,True
p a r t i c i p a t e,P,participate,P,upper_first,uppercase+first_letter,True
p a r t y,P,party,P,upper_first,uppercase+first_letter,True
p a u v r e,P,pauvre,P,upper_first,uppercase+first_letter,True
p a y s,P,pays,P,upper_first,uppercase+first_letter,True
p a í s,P,país,P,upper_first,uppercase+first_letter,True
p e l o t a,P,pelota,P,upper_first,uppercase+first_letter,True
p e n,P,pen,P,upper_first,uppercase+first_letter,True
p e n c i l,P,pencil,P,upper_first,uppercase+first_letter,True
p e n e t r a t e,P,penetrate,P,upper_first,uppercase+first_letter,True
p e p p e r,P,pepper,P,upper_first,uppercase+first_letter,True
p e q u e ñ o,P,pequeño,P,upper_first,uppercase+first_letter,True
p e r r o,P,perro,P,upper_first,uppercase+first_letter,True
p e r s o n,P,person,P,upper_first,uppercase+first_letter,True
p e s a d o,P,pesado,P,upper_first,uppercase+first_letter,True
p e t i t,P,petit,P,upper_first,uppercase+first_letter,True
p e z,P,pez,P,upper_first,uppercase+first_letter,True
p h e n o m e n o n,P,phenomenon,P,upper_first,uppercase+first_letter,True
p h o n e,P,phone,P,upper_first,uppercase+first_letter,True
p h o t o,P,photo,P,upper_first,uppercase+first_letter,True
p h r a s e,P,phrase,P,upper_first,uppercase+first_letter,True
p i a n o,P,piano,P,upper_first,uppercase+first_letter,True
p i e,P,pie,P,upper_first,uppercase+first_letter,True
p i e d,P,pied,P,upper_first,uppercase+first_letter,True
p i l o t,P,pilot,P,upper_first,uppercase+first_letter,True
p i m i e n t a,P,pimienta,P,upper_first,uppercase+first_letter,True
p i n k,P,pink,P,upper_first,uppercase+first_letter,True
p l a t e,P,plate,P,upper_first,uppercase+first_letter,True
p l a y,P,play,P,upper_first,uppercase+first_letter,True
p l a y e r,P,player,P,upper_first,uppercase+first_letter,True
p l e a s e,P,please,P,upper_first,uppercase+first_letter,True
p l e i n,P,plein,P,upper_first,uppercase+first_letter,True
p o b r e,P,pobre,P,upper_first,uppercase+first_letter,True
p o i s s o n,P,poisson,P,upper_first,uppercase+first_letter,True
p o i v r e,P,poivre,P,upper_first,uppercase+first_letter,True
p o l i c e,P,police,P,upper_first,uppercase+first_letter,True
p o l i c í a,P,policía,P,upper_first,uppercase+first_letter,True
p o m m e,P,pomme,P,upper_first,uppercase+first_letter,True
p o o r,P,poor,P,upper_first,uppercase+first_letter,True
p o r t e,P,porte,P,upper_first,uppercase+first_letter,True
p o t a t o,P,potato,P,upper_first,uppercase+first_letter,True
p r a c t i c e,P,practice,P,upper_first,uppercase+first_letter,True
p r e m i e r,P,premier,P,upper_first,uppercase+first_letter,True
p r e s i d e n t,P,president,P,upper_first,uppercase+first_letter,True
p r i m e r o,P,primero,P,upper_first,uppercase+first_letter,True
p r i m o,P,primo,P,upper_first,uppercase+first_letter,True
p r i n c e,P,prince,P,upper_first,uppercase+first_letter,True
p r i n c e s a,P,princesa,P,upper_first,uppercase+first_letter,True
p r i n c e s s,P,princess,P,upper_first,uppercase+first_letter,True
p r i n c e s s e,P,princesse,P,upper_first,uppercase+first_letter,True
p r o f e s o r,P,profesor,P,upper_first,uppercase+first_letter,True
p r o f e s s e u r,P,professeur,P,upper_first,uppercase+first_letter,True
p r o m i s e,P,promise,P,upper_first,uppercase+first_letter,True
p r o o f,P,proof,P,upper_first,uppercase+first_letter,True
p r o p r e,P,propre,P,upper_first,uppercase+first_letter,True
p r è s,P,près,P,upper_first,uppercase+first_letter,True
p r í n c i p e,P,príncipe,P,upper_first,uppercase+first_letter,True
p u e r t a,P,puerta,P,upper_first,uppercase+first_letter,True
p u l l,P,pull,P,upper_first,uppercase+first_letter,True
p u r p l e,P,purple,P,upper_first,uppercase+first_letter,True
p u r s u e,P,pursue,P,upper_first,uppercase+first_letter,True
p u s h,P,push,P,upper_first,uppercase+first_letter,True
p á g i n a,P,página,P,upper_first,uppercase+first_letter,True
p á j a r o,P,pájaro,P,upper_first,uppercase+first_letter,True
p è r e,P,père,P,upper_first,uppercase+first_letter,True
q u a t r e,Q,quatre,Q,upper_first,uppercase+first_letter,True
q u e e n,Q,queen,Q,upper_first,uppercase+first_letter,True
q u e s o,Q,queso,Q,upper_first,uppercase+first_letter,True
r a d i a t e,R,radiate,R,upper_first,uppercase+first_letter,True
r a d i o,R,radio,R,upper_first,uppercase+first_letter,True
r a p i d e,R,rapide,R,upper_first,uppercase+first_letter,True
r a y,R,ray,R,upper_first,uppercase+first_letter,True
r e a d,R,read,R,upper_first,uppercase+first_letter,True
r e a l i z e,R,realize,R,upper_first,uppercase+first_letter,True
r e c e i v e,R,receive,R,upper_first,uppercase+first_letter,True
r e c o g n i z e,R,recognize,R,upper_first,uppercase+first_letter,True
r e d,R,red,R,upper_first,uppercase+first_letter,True
r e e f,R,reef,R,upper_first,uppercase+first_letter,True
r e i n a,R,reina,R,upper_first,uppercase+first_letter,True
r e i n e,R,reine,R,upper_first,uppercase+first_letter,True
r e l a t e,R,relate,R,upper_first,uppercase+first_letter,True
r e l a x,R,relax,R,upper_first,uppercase+first_letter,True
r e p e a t,R,repeat,R,upper_first,uppercase+first_letter,True
r e s c u e,R,rescue,R,upper_first,uppercase+first_letter,True
r e s t,R,rest,R,upper_first,uppercase+first_letter,True
r e y,R,rey,R,upper_first,uppercase+first_letter,True
r i c h,R,rich,R,upper_first,uppercase+first_letter,True
r i c h e,R,riche,R,upper_first,uppercase+first_letter,True
r i c o,R,rico,R,upper_first,uppercase+first_letter,True
r i g h t,R,right,R,upper_first,uppercase+first_letter,True
r o i,R,roi,R,upper_first,uppercase+first_letter,True
r o j o,R,rojo,R,upper_first,uppercase+first_letter,True
r o o f,R,roof,R,upper_first,uppercase+first_letter,True
r o s a,R,rosa,R,upper_first,uppercase+first_letter,True
r o s e,R,rose,R,upper_first,uppercase+first_letter,True
r o t a t e,R,rotate,R,upper_first,uppercase+first_letter,True
r o u g e,R,rouge,R,upper_first,uppercase+first_letter,True
r u e,R,rue,R,upper_first,uppercase+first_letter,True
r u n,R,run,R,upper_first,uppercase+first_letter,True
r u n n e r,R,runner,R,upper_first,uppercase+first_letter,True
r á p i d o,R,rápido,R,upper_first,uppercase+first_letter,True
s a d,S,sad,S,upper_first,uppercase+first_letter,True
s a f e,S,safe,S,upper_first,uppercase+first_letter,True
s a i l,S,sail,S,upper_first,uppercase+first_letter,True
s a i l o r,S,sailor,S,upper_first,uppercase+first_letter,True
s a l,S,sal,S,upper_first,uppercase+first_letter,True
s a l e,S,sale,S,upper_first,uppercase+first_letter,True
s a l t,S,salt,S,upper_first,uppercase+first_letter,True
s c a r f,S,scarf,S,upper_first,uppercase+first_letter,True
s c h o o l,S,school,S,upper_first,uppercase+first_letter,True
s c i e n t i s t,S,scientist,S,upper_first,uppercase+first_letter,True
s e e,S,see,S,upper_first,uppercase+first_letter,True
s e i s,S,seis,S,upper_first,uppercase+first_letter,True
s e l,S,sel,S,upper_first,uppercase+first_letter,True
s e l f,S,self,S,upper_first,uppercase+first_letter,True
s e m a i n e,S,semaine,S,upper_first,uppercase+first_letter,True
s e m a n a,S,semana,S,upper_first,uppercase+first_letter,True
s e n t e n c e,S,sentence,S,upper_first,uppercase+first_letter,True
s e p a r a t e,S,separate,S,upper_first,uppercase+first_letter,True
s e p t,S,sept,S,upper_first,uppercase+first_letter,True
s e v e n,S,seven,S,upper_first,uppercase+first_letter,True
s h a r e,S,share,S,upper_first,uppercase+first_letter,True
s h e e p,S,sheep,S,upper_first,uppercase+first_letter,True
s h e l f,S,shelf,S,upper_first,uppercase+first_letter,True
s h o r t,S,short,S,upper_first,uppercase+first_letter,True
s h o u t,S,shout,S,upper_first,uppercase+first_letter,True
s i e t e,S,siete,S,upper_first,uppercase+first_letter,True
s i l l a,S,silla,S,upper_first,uppercase+first_letter,True
s i n g,S,sing,S,upper_first,uppercase+first_letter,True
s i n g e r,S,singer,S,upper_first,uppercase+first_letter,True
s i s t e r,S,sister,S,upper_first,uppercase+first_letter,True
s i t,S,sit,S,upper_first,uppercase+first_letter,True
s i x,S,six,S,upper_first,uppercase+first_letter,True
s k a t e,S,skate,S,upper_first,uppercase+first_letter,True
s k i,S,ski,S,upper_first,uppercase+first_letter,True
s l e e p,S,sleep,S,upper_first,uppercase+first_letter,True
s l o w,S,slow,S,upper_first,uppercase+first_letter,True
s m a l l,S,small,S,upper_first,uppercase+first_letter,True
s m e l l,S,smell,S,upper_first,uppercase+first_letter,True
s m i l e,S,smile,S,upper_first,uppercase+first_letter,True
s o l,S,sol,S,upper_first,uppercase+first_letter,True
s o l d a d o,S,soldado,S,upper_first,uppercase+first_letter,True
s o l d a t,S,soldat,S,upper_first,uppercase+first_letter,True
s o l d i e r,S,soldier,S,upper_first,uppercase+first_letter,True
s o l e i l,S,soleil,S,upper_first,uppercase+first_letter,True
s o n,S,son,S,upper_first,uppercase+first_letter,True
s o n g,S,song,S,upper_first,uppercase+first_letter,True
s p o o n,S,spoon,S,upper_first,uppercase+first_letter,True
s p o r t,S,sport,S,upper_first,uppercase+first_letter,True
s t a n d,S,stand,S,upper_first,uppercase+first_letter,True
s t a r,S,star,S,upper_first,uppercase+first_letter,True
s t a r t,S,start,S,upper_first,uppercase+first_letter,True
s t i m u l a t e,S,stimulate,S,upper_first,uppercase+first_letter,True
s t o m a c h,S,stomach,S,upper_first,uppercase+first_letter,True
s t o p,S,stop,S,upper_first,uppercase+first_letter,True
s t o r y,S,story,S,upper_first,uppercase+first_letter,True
s t r e e t,S,street,S,upper_first,uppercase+first_letter,True
s t r e t c h,S,stretch,S,upper_first,uppercase+first_letter,True
s t r o n g,S,strong,S,upper_first,uppercase+first_letter,True
s t u d e n t,S,student,S,upper_first,uppercase+first_letter,True
s t u d i o,S,studio,S,upper_first,uppercase+first_letter,True
s t u d y,S,study,S,upper_first,uppercase+first_letter,True
s u c i o,S,sucio,S,upper_first,uppercase+first_letter,True
s u c r e,S,sucre,S,upper_first,uppercase+first_letter,True
s u g a r,S,sugar,S,upper_first,uppercase+first_letter,True
s u n,S,sun,S,upper_first,uppercase+first_letter,True
s u r p r i s e,S,surprise,S,upper_first,uppercase+first_letter,True
s w i m,S,swim,S,upper_first,uppercase+first_letter,True
s w i m m e r,S,swimmer,S,upper_first,uppercase+first_letter,True
s í,S,sí,S,upper_first,uppercase+first_letter,True
s œ u r,S,sœur,S,upper_first,uppercase+first_letter,True
t a b l e,T,table,T,upper_first,uppercase+first_letter,True
t a i l o r,T,tailor,T,upper_first,uppercase+first_letter,True
t a k e,T,take,T,upper_first,uppercase+first_letter,True
t a l k,T,talk,T,upper_first,uppercase+first_letter,True
t a n t e,T,tante,T,upper_first,uppercase+first_letter,True
t a s t e,T,taste,T,upper_first,uppercase+first_letter,True
t e a,T,tea,T,upper_first,uppercase+first_letter,True
t e a c h,T,teach,T,upper_first,uppercase+first_letter,True
t e a c h e r,T,teacher,T,upper_first,uppercase+first_letter,True
t e m p s,T,temps,T,upper_first,uppercase+first_letter,True
t e n,T,ten,T,upper_first,uppercase+first_letter,True
t e r m i n a t e,T,terminate,T,upper_first,uppercase+first_letter,True
t h e s i s,T,thesis,T,upper_first,uppercase+first_letter,True
t h i e f,T,thief,T,upper_first,uppercase+first_letter,True
t h i n k,T,think,T,upper_first,uppercase+first_letter,True
t h o u s a n d,T,thousand,T,upper_first,uppercase+first_letter,True
t h r e e,T,three,T,upper_first,uppercase+first_letter,True
t h r o w,T,throw,T,upper_first,uppercase+first_letter,True
t h é,T,thé,T,upper_first,uppercase+first_letter,True
t i e m p o,T,tiempo,T,upper_first,uppercase+first_letter,True
t i m e,T,time,T,upper_first,uppercase+first_letter,True
t o d a y,T,today,T,upper_first,uppercase+first_letter,True
t o e,T,toe,T,upper_first,uppercase+first_letter,True
t o l e r a t e,T,tolerate,T,upper_first,uppercase+first_letter,True
t o m a t o,T,tomato,T,upper_first,uppercase+first_letter,True
t o m o r r o w,T,tomorrow,T,upper_first,uppercase+first_letter,True
t o o t h,T,tooth,T,upper_first,uppercase+first_letter,True
t o u c h,T,touch,T,upper_first,uppercase+first_letter,True
t o y,T,toy,T,upper_first,uppercase+first_letter,True
t r a b a j a d o r,T,trabajador,T,upper_first,uppercase+first_letter,True
t r a n s l a t e,T,translate,T,upper_first,uppercase+first_letter,True
t r a v e l,T,travel,T,upper_first,uppercase+first_letter,True
t r e a t,T,treat,T,upper_first,uppercase+first_letter,True
t r e e,T,tree,T,upper_first,uppercase+first_letter,True
t r e s,T,tres,T,upper_first,uppercase+first_letter,True
t r i s t e,T,triste,T,upper_first,uppercase+first_letter,True
t r o i s,T,trois,T,upper_first,uppercase+first_letter,True
t w o,T,two,T,upper_first,uppercase+first_letter,True
t é,T,té,T,upper_first,uppercase+first_letter,True
t ê t e,T,tête,T,upper_first,uppercase+first_letter,True
t í a,T,tía,T,upper_first,uppercase+first_letter,True
t í o,T,tío,T,upper_first,uppercase+first_letter,True
u g l y,U,ugly,U,upper_first,uppercase+first_letter,True
u n,U,un,U,upper_first,uppercase+first_letter,True
u n c l e,U,uncle,U,upper_first,uppercase+first_letter,True
u n i t e,U,unite,U,upper_first,uppercase+first_letter,True
u n o,U,uno,U,upper_first,uppercase+first_letter,True
u p,U,up,U,upper_first,uppercase+first_letter,True
v a c í o,V,vacío,V,upper_first,uppercase+first_letter,True
v a l i d a t e,V,validate,V,upper_first,uppercase+first_letter,True
v a l u e,V,value,V,upper_first,uppercase+first_letter,True
v e i n,V,vein,V,upper_first,uppercase+first_letter,True
v e n t a n a,V,ventana,V,upper_first,uppercase+first_letter,True
v e r d e,V,verde,V,upper_first,uppercase+first_letter,True
v e r t,V,vert,V,upper_first,uppercase+first_letter,True
v i b r a t e,V,vibrate,V,upper_first,uppercase+first_letter,True
v i d e,V,vide,V,upper_first,uppercase+first_letter,True
v i d e o,V,video,V,upper_first,uppercase+first_letter,True
v i e j o,V,viejo,V,upper_first,uppercase+first_letter,True
v i e u x,V,vieux,V,upper_first,uppercase+first_letter,True
v i l l a i n,V,villain,V,upper_first,uppercase+first_letter,True
v i l l e,V,ville,V,upper_first,uppercase+first_letter,True
v i n,V,vin,V,upper_first,uppercase+first_letter,True
v i n o,V,vino,V,upper_first,uppercase+first_letter,True
v i o l e t,V,violet,V,upper_first,uppercase+first_letter,True
v o i t u r e,V,voiture,V,upper_first,uppercase+first_letter,True
v o l c a n o,V,volcano,V,upper_first,uppercase+first_letter,True
w a i t,W,wait,W,upper_first,uppercase+first_letter,True
w a l k,W,walk,W,upper_first,uppercase+first_letter,True
w a s h,W,wash,W,upper_first,uppercase+first_letter,True
w a t c h,W,watch,W,upper_first,uppercase+first_letter,True
w a t e r,W,water,W,upper_first,uppercase+first_letter,True
w a y,W,way,W,upper_first,uppercase+first_letter,True
w e a k,W,weak,W,upper_first,uppercase+first_letter,True
w e e k,W,week,W,upper_first,uppercase+first_letter,True
w h a r f,W,wharf,W,upper_first,uppercase+first_letter,True
w h i s p e r,W,whisper,W,upper_first,uppercase+first_letter,True
w h i t e,W,white,W,upper_first,uppercase+first_letter,True
w i d e,W,wide,W,upper_first,uppercase+first_letter,True
w i f e,W,wife,W,upper_first,uppercase+first_letter,True
w i n d o w,W,window,W,upper_first,uppercase+first_letter,True
w i n e,W,wine,W,upper_first,uppercase+first_letter,True
w o l f,W,wolf,W,upper_first,uppercase+first_letter,True
w o m a n,W,woman,W,upper_first,uppercase+first_letter,True
w o r d,W,word,W,upper_first,uppercase+first_letter,True
w o r k,W,work,W,upper_first,uppercase+first_letter,True
w o r k e r,W,worker,W,upper_first,uppercase+first_letter,True
w o r l d,W,world,W,upper_first,uppercase+first_letter,True
w r i t e,W,write,W,upper_first,uppercase+first_letter,True
w r i t e r,W,writer,W,upper_first,uppercase+first_letter,True
y e a r,Y,year,Y,upper_first,uppercase+first_letter,True
y e l l o w,Y,yellow,Y,upper_first,uppercase+first_letter,True
y e s,Y,yes,Y,upper_first,uppercase+first_letter,True
y e s t e r d a y,Y,yesterday,Y,upper_first,uppercase+first_letter,True
y o u n g,Y,young,Y,upper_first,uppercase+first_letter,True
á r b o l,Á,árbol,Á,upper_first,uppercase+first_letter,True
é c o l e,É,école,É,upper_first,uppercase+first_letter,True
é t o i l e,É,étoile,É,upper_first,uppercase+first_letter,True
é t r o i t,É,étroit,É,upper_first,uppercase+first_letter,True
é t u d i a n t,É,étudiant,É,upper_first,uppercase+first_letter,True
ú l t i m o,Ú,último,Ú,upper_first,uppercase+first_letter,True
œ i l,Œ,œil,Œ,upper_first,uppercase+first_letter,True
A F G H A N I S T A N,a,AFGHANISTAN,a,lower_first,lowercase+first_letter,True
A L B A N I A,a,ALBANIA,a,lower_first,lowercase+first_letter,True
A L G E R I A,a,ALGERIA,a,lower_first,lowercase+first_letter,True
A N D O R R A,a,ANDORRA,a,lower_first,lowercase+first_letter,True
A N G O L A,a,ANGOLA,a,lower_first,lowercase+first_letter,True
A R G E N T I N A,a,ARGENTINA,a,lower_first,lowercase+first_letter,True
A R M E N I A,a,ARMENIA,a,lower_first,lowercase+first_letter,True
A U S T R A L I A,a,AUSTRALIA,a,lower_first,lowercase+first_letter,True
A U S T R I A,a,AUSTRIA,a,lower_first,lowercase+first_letter,True
A Z E R B A I J A N,a,AZERBAIJAN,a,lower_first,lowercase+first_letter,True
B A H A M A S,b,BAHAMAS,b,lower_first,lowercase+first_letter,True
B A H R A I N,b,BAHRAIN,b,lower_first,lowercase+first_letter,True
B A N G L A D E S H,b,BANGLADESH,b,lower_first,lowercase+first_letter,True
B A R B A D O S,b,BARBADOS,b,lower_first,lowercase+first_letter,True
B E L A R U S,b,BELARUS,b,lower_first,lowercase+first_letter,True
B E L G I U M,b,BELGIUM,b,lower_first,lowercase+first_letter,True
B E L I Z E,b,BELIZE,b,lower_first,lowercase+first_letter,True
B E N I N,b,BENIN,b,lower_first,lowercase+first_letter,True
B H U T A N,b,BHUTAN,b,lower_first,lowercase+first_letter,True
B O L I V I A,b,BOLIVIA,b,lower_first,lowercase+first_letter,True
B O T S W A N A,b,BOTSWANA,b,lower_first,lowercase+first_letter,True
B R A Z I L,b,BRAZIL,b,lower_first,lowercase+first_letter,True
B R U N E I,b,BRUNEI,b,lower_first,lowercase+first_letter,True
B U L G A R I A,b,BULGARIA,b,lower_first,lowercase+first_letter,True
B U R U N D I,b,BURUNDI,b,lower_first,lowercase+first_letter,True
C A M B O D I A,c,CAMBODIA,c,lower_first,lowercase+first_letter,True
C A M E R O O N,c,CAMEROON,c,lower_first,lowercase+first_letter,True
C A N A D A,c,CANADA,c,lower_first,lowercase+first_letter,True
C H A D,c,CHAD,c,lower_first,lowercase+first_letter,True
C H I L E,c,CHILE,c,lower_first,lowercase+first_letter,True
C H I N A,c,CHINA,c,lower_first,lowercase+first_letter,True
C O L O M B I A,c,COLOMBIA,c,lower_first,lowercase+first_letter,True
C O M O R O S,c,COMOROS,c,lower_first,lowercase+first_letter,True
C O N G O,c,CONGO,c,lower_first,lowercase+first_letter,True
C R O A T I A,c,CROATIA,c,lower_first,lowercase+first_letter,True
C U B A,c,CUBA,c,lower_first,lowercase+first_letter,True
C Y P R U S,c,CYPRUS,c,lower_first,lowercase+first_letter,True
D E N M A R K,d,DENMARK,d,lower_first,lowercase+first_letter,True
D J I B O U T I,d,DJIBOUTI,d,lower_first,lowercase+first_letter,True
D O M I N I C A,d,DOMINICA,d,lower_first,lowercase+first_letter,True
E C U A D O R,e,ECUADOR,e,lower_first,lowercase+first_letter,True
E G Y P T,e,EGYPT,e,lower_first,lowercase+first_letter,True
E R I T R E A,e,ERITREA,e,lower_first,lowercase+first_letter,True
E S T O N I A,e,ESTONIA,e,lower_first,lowercase+first_letter,True
E S W A T I N I,e,ESWATINI,e,lower_first,lowercase+first_letter,True
E T H I O P I A,e,ETHIOPIA,e,lower_first,lowercase+first_letter,True
F I J I,f,FIJI,f,lower_first,lowercase+first_letter,True
F I N L A N D,f,FINLAND,f,lower_first,lowercase+first_letter,True
F R A N C E,f,FRANCE,f,lower_first,lowercase+first_letter,True
G A B O N,g,GABON,g,lower_first,lowercase+first_letter,True
G A M B I A,g,GAMBIA,g,lower_first,lowercase+first_letter,True
G E O R G I A,g,GEORGIA,g,lower_first,lowercase+first_letter,True
G E R M A N Y,g,GERMANY,g,lower_first,lowercase+first_letter,True
G H A N A,g,GHANA,g,lower_first,lowercase+first_letter,True
G R E E C E,g,GREECE,g,lower_first,lowercase+first_letter,True
G R E N A D A,g,GRENADA,g,lower_first,lowercase+first_letter,True
G U A T E M A L A,g,GUATEMALA,g,lower_first,lowercase+first_letter,True
G U I N E A,g,GUINEA,g,lower_first,lowercase+first_letter,True
G U Y A N A,g,GUYANA,g,lower_first,lowercase+first_letter,True
H A I T I,h,HAITI,h,lower_first,lowercase+first_letter,True
H O N D U R A S,h,HONDURAS,h,lower_first,lowercase+first_letter,True
H U N G A R Y,h,HUNGARY,h,lower_first,lowercase+first_letter,True
I C E L A N D,i,ICELAND,i,lower_first,lowercase+first_letter,True
I N D I A,i,INDIA,i,lower_first,lowercase+first_letter,True
I N D O N E S I A,i,INDONESIA,i,lower_first,lowercase+first_letter,True
I R A N,i,IRAN,i,lower_first,lowercase+first_letter,True
I R A Q,i,IRAQ,i,lower_first,lowercase+first_letter,True
I R E L A N D,i,IRELAND,i,lower_first,lowercase+first_letter,True
I S R A E L,i,ISRAEL,i,lower_first,lowercase+first_letter,True
I T A L Y,i,ITALY,i,lower_first,lowercase+first_letter,True
J A M A I C A,j,JAMAICA,j,lower_first,lowercase+first_letter,True
J A P A N,j,JAPAN,j,lower_first,lowercase+first_letter,True
J O R D A N,j,JORDAN,j,lower_first,lowercase+first_letter,True
K A Z A K H S T A N,k,KAZAKHSTAN,k,lower_first,lowercase+first_letter,True
K E N Y A,k,KENYA,k,lower_first,lowercase+first_letter,True
K I R I B A T I,k,KIRIBATI,k,lower_first,lowercase+first_letter,True
K O S O V O,k,KOSOVO,k,lower_first,lowercase+first_letter,True
K U W A I T,k,KUWAIT,k,lower_first,lowercase+first_letter,True
K Y R G Y Z S T A N,k,KYRGYZSTAN,k,lower_first,lowercase+first_letter,True
L A O S,l,LAOS,l,lower_first,lowercase+first_letter,True
L A T V I A,l,LATVIA,l,lower_first,lowercase+first_letter,True
L E B A N O N,l,LEBANON,l,lower_first,lowercase+first_letter,True
L E S O T H O,l,LESOTHO,l,lower_first,lowercase+first_letter,True
L I B E R I A,l,LIBERIA,l,lower_first,lowercase+first_letter,True
L I B Y A,l,LIBYA,l,lower_first,lowercase+first_letter,True
L I E C H T E N S T E I N,l,LIECHTENSTEIN,l,lower_first,lowercase+first_letter,True
L I T H U A N I A,l,LITHUANIA,l,lower_first,lowercase+first_letter,True
L U X E M B O U R G,l,LUXEMBOURG,l,lower_first,lowercase+first_letter,True
M A D A G A S C A R,m,MADAGASCAR,m,lower_first,lowercase+first_letter,True
M A L A W I,m,MALAWI,m,lower_first,lowercase+first_letter,True
M A L A Y S I A,m,MALAYSIA,m,lower_first,lowercase+first_letter,True
M A L D I V E S,m,MALDIVES,m,lower_first,lowercase+first_letter,True
M A L I,m,MALI,m,lower_first,lowercase+first_letter,True
M A L T A,m,MALTA,m,lower_first,lowercase+first_letter,True
M A U R I T A N I A,m,MAURITANIA,m,lower_first,lowercase+first_letter,True
M A U R I T I U S,m,MAURITIUS,m,lower_first,lowercase+first_letter,True
M E X I C O,m,MEXICO,m,lower_first,lowercase+first_letter,True
M I C R O N E S I A,m,MICRONESIA,m,lower_first,lowercase+first_letter,True
M O L D O V A,m,MOLDOVA,m,lower_first,lowercase+first_letter,True
M O N A C O,m,MONACO,m,lower_first,lowercase+first_letter,True
M O N G O L I A,m,MONGOLIA,m,lower_first,lowercase+first_letter,True
M O N T E N E G R O,m,MONTENEGRO,m,lower_first,lowercase+first_letter,True
M O R O C C O,m,MOROCCO,m,lower_first,lowercase+first_letter,True
M O Z A M B I Q U E,m,MOZAMBIQUE,m,lower_first,lowercase+first_letter,True
M Y A N M A R,m,MYANMAR,m,lower_first,lowercase+first_letter,True
N A M I B I A,n,NAMIBIA,n,lower_first,lowercase+first_letter,True
N A U R U,n,NAURU,n,lower_first,lowercase+first_letter,True
N E P A L,n,NEPAL,n,lower_first,lowercase+first_letter,True
N E T H E R L A N D S,n,NETHERLANDS,n,lower_first,lowercase+first_letter,True
N I C A R A G U A,n,NICARAGUA,n,lower_first,lowercase+first_letter,True
N I G E R,n,NIGER,n,lower_first,lowercase+first_letter,True
N I G E R I A,n,NIGERIA,n,lower_first,lowercase+first_letter,True
N O R W A Y,n,NORWAY,n,lower_first,lowercase+first_letter,True
O M A N,o,OMAN,o,lower_first,lowercase+first_letter,True
P A K I S T A N,p,PAKISTAN,p,lower_first,lowercase+first_letter,True
P A L A U,p,PALAU,p,lower_first,lowercase+first_letter,True
P A L E S T I N E,p,PALESTINE,p,lower_first,lowercase+first_letter,True
P A N A M A,p,PANAMA,p,lower_first,lowercase+first_letter,True
P A R A G U A Y,p,PARAGUAY,p,lower_first,lowercase+first_letter,True
P E R U,p,PERU,p,lower_first,lowercase+first_letter,True
P H I L I P P I N E S,p,PHILIPPINES,p,lower_first,lowercase+first_letter,True
P O L A N D,p,POLAND,p,lower_first,lowercase+first_letter,True
P O R T U G A L,p,PORTUGAL,p,lower_first,lowercase+first_letter,True
Q A T A R,q,QATAR,q,lower_first,lowercase+first_letter,True
R O M A N I A,r,ROMANIA,r,lower_first,lowercase+first_letter,True
R U S S I A,r,RUSSIA,r,lower_first,lowercase+first_letter,True
R W A N D A,r,RWANDA,r,lower_first,lowercase+first_letter,True
S A M O A,s,SAMOA,s,lower_first,lowercase+first_letter,True
S E N E G A L,s,SENEGAL,s,lower_first,lowercase+first_letter,True
S E R B I A,s,SERBIA,s,lower_first,lowercase+first_letter,True
S E Y C H E L L E S,s,SEYCHELLES,s,lower_first,lowercase+first_letter,True
S I N G A P O R E,s,SINGAPORE,s,lower_first,lowercase+first_letter,True
S L O V A K I A,s,SLOVAKIA,s,lower_first,lowercase+first_letter,True
S L O V E N I A,s,SLOVENIA,s,lower_first,lowercase+first_letter,True
S O M A L I A,s,SOMALIA,s,lower_first,lowercase+first_letter,True
S P A I N,s,SPAIN,s,lower_first,lowercase+first_letter,True
S U D A N,s,SUDAN,s,lower_first,lowercase+first_letter,True
S U R I N A M E,s,SURINAME,s,lower_first,lowercase+first_letter,True
S W E D E N,s,SWEDEN,s,lower_first,lowercase+first_letter,True
S W I T Z E R L A N D,s,SWITZERLAND,s,lower_first,lowercase+first_letter,True
S Y R I A,s,SYRIA,s,lower_first,lowercase+first_letter,True
T A I W A N,t,TAIWAN,t,lower_first,lowercase+first_letter,True
T A J I K I S T A N,t,TAJIKISTAN,t,lower_first,lowercase+first_letter,True
T A N Z A N I A,t,TANZANIA,t,lower_first,lowercase+first_letter,True
T H A I L A N D,t,THAILAND,t,lower_first,lowercase+first_letter,True
T O G O,t,TOGO,t,lower_first,lowercase+first_letter,True
T O N G A,t,TONGA,t,lower_first,lowercase+first_letter,True
T U N I S I A,t,TUNISIA,t,lower_first,lowercase+first_letter,True
T U R K E Y,t,TURKEY,t,lower_first,lowercase+first_letter,True
T U R K M E N I S T A N,t,TURKMENISTAN,t,lower_first,lowercase+first_letter,True
T U V A L U,t,TUVALU,t,lower_first,lowercase+first_letter,True
U A E,u,UAE,u,lower_first,lowercase+first_letter,True
U G A N D A,u,UGANDA,u,lower_first,lowercase+first_letter,True
U K R A I N E,u,UKRAINE,u,lower_first,lowercase+first_letter,True
U R U G U A Y,u,URUGUAY,u,lower_first,lowercase+first_letter,True
U Z B E K I S T A N,u,UZBEKISTAN,u,lower_first,lowercase+first_letter,True
V A N U A T U,v,VANUATU,v,lower_first,lowercase+first_letter,True
V E N E Z U E L A,v,VENEZUELA,v,lower_first,lowercase+first_letter,True
V I E T N A M,v,VIETNAM,v,lower_first,lowercase+first_letter,True
Y E M E N,y,YEMEN,y,lower_first,lowercase+first_letter,True
Z A M B I A,z,ZAMBIA,z,lower_first,lowercase+first_letter,True
Z I M B A B W E,z,ZIMBABWE,z,lower_first,lowercase+first_letter,True
A B A J O,a,ABAJO,a,lower_first,lowercase+first_letter,True
A B I E R T O,a,ABIERTO,a,lower_first,lowercase+first_letter,True
A B O G A D O,a,ABOGADO,a,lower_first,lowercase+first_letter,True
A B U E L A,a,ABUELA,a,lower_first,lowercase+first_letter,True
A B U E L O,a,ABUELO,a,lower_first,lowercase+first_letter,True
A C C E L E R A T E,a,ACCELERATE,a,lower_first,lowercase+first_letter,True
A C H I E V E,a,ACHIEVE,a,lower_first,lowercase+first_letter,True
A C T I V A T E,a,ACTIVATE,a,lower_first,lowercase+first_letter,True
A C T O R,a,ACTOR,a,lower_first,lowercase+first_letter,True
A C T R E S S,a,ACTRESS,a,lower_first,lowercase+first_letter,True
A D I Ó S,a,ADIÓS,a,lower_first,lowercase+first_letter,True
A D V E R T I S E,a,ADVERTISE,a,lower_first,lowercase+first_letter,True
A G U A,a,AGUA,a,lower_first,lowercase+first_letter,True
A L T O,a,ALTO,a,lower_first,lowercase+first_letter,True
A M A R I L L O,a,AMARILLO,a,lower_first,lowercase+first_letter,True
A M I,a,AMI,a,lower_first,lowercase+first_letter,True
A M I G O,a,AMIGO,a,lower_first,lowercase+first_letter,True
A N,a,AN,a,lower_first,lowercase+first_letter,True
A N A L Y S I S,a,ANALYSIS,a,lower_first,lowercase+first_letter,True
A N C H O,a,ANCHO,a,lower_first,lowercase+first_letter,True
A N T I C I P A T E,a,ANTICIPATE,a,lower_first,lowercase+first_letter,True
A P O L O G I Z E,a,APOLOGIZE,a,lower_first,lowercase+first_letter,True
A P P L E,a,APPLE,a,lower_first,lowercase+first_letter,True
A P P R E C I A T E,a,APPRECIATE,a,lower_first,lowercase+first_letter,True
A R B R E,a,ARBRE,a,lower_first,lowercase+first_letter,True
A R G U E,a,ARGUE,a,lower_first,lowercase+first_letter,True
A R M,a,ARM,a,lower_first,lowercase+first_letter,True
A R R I B A,a,ARRIBA,a,lower_first,lowercase+first_letter,True
A R R I V E,a,ARRIVE,a,lower_first,lowercase+first_letter,True
A R T E R Y,a,ARTERY,a,lower_first,lowercase+first_letter,True
A R T I S T,a,ARTIST,a,lower_first,lowercase+first_letter,True
A R T I S T A,a,ARTISTA,a,lower_first,lowercase+first_letter,True
A R T I S T E,a,ARTISTE,a,lower_first,lowercase+first_letter,True
A T R Á S,a,ATRÁS,a,lower_first,lowercase+first_letter,True
A U N T,a,AUNT,a,lower_first,lowercase+first_letter,True
A V O C A T,a,AVOCAT,a,lower_first,lowercase+first_letter,True
A X I S,a,AXIS,a,lower_first,lowercase+first_letter,True
A Y E R,a,AYER,a,lower_first,lowercase+first_letter,True
A Z U L,a,AZUL,a,lower_first,lowercase+first_letter,True
A Z Ú C A R,a,AZÚCAR,a,lower_first,lowercase+first_letter,True
A Ñ O,a,AÑO,a,lower_first,lowercase+first_letter,True
B A B Y,b,BABY,b,lower_first,lowercase+first_letter,True
B A C K,b,BACK,b,lower_first,lowercase+first_letter,True
B A D,b,BAD,b,lower_first,lowercase+first_letter,True
B A I L E,b,BAILE,b,lower_first,lowercase+first_letter,True
B A J O,b,BAJO,b,lower_first,lowercase+first_letter,True
B A K E,b,BAKE,b,lower_first,lowercase+first_letter,True
B A K E R,b,BAKER,b,lower_first,lowercase+first_letter,True
B A L L,b,BALL,b,lower_first,lowercase+first_letter,True
B A L L E,b,BALLE,b,lower_first,lowercase+first_letter,True
B A N A N A,b,BANANA,b,lower_first,lowercase+first_letter,True
B A S,b,BAS,b,lower_first,lowercase+first_letter,True
B A S I S,b,BASIS,b,lower_first,lowercase+first_letter,True
B A Y,b,BAY,b,lower_first,lowercase+first_letter,True
B E A C H,b,BEACH,b,lower_first,lowercase+first_letter,True
B E A U,b,BEAU,b,lower_first,lowercase+first_letter,True
B E A U T I F U L,b,BEAUTIFUL,b,lower_first,lowercase+first_letter,True
B E B É,b,BEBÉ,b,lower_first,lowercase+first_letter,True
B E G I N,b,BEGIN,b,lower_first,lowercase+first_letter,True
B E L I E F,b,BELIEF,b,lower_first,lowercase+first_letter,True
B E L I E V E,b,BELIEVE,b,lower_first,lowercase+first_letter,True
B E N D,b,BEND,b,lower_first,lowercase+first_letter,True
B E R R Y,b,BERRY,b,lower_first,lowercase+first_letter,True
B I G,b,BIG,b,lower_first,lowercase+first_letter,True
B I K E,b,BIKE,b,lower_first,lowercase+first_letter,True
B I R D,b,BIRD,b,lower_first,lowercase+first_letter,True
B L A C K,b,BLACK,b,lower_first,lowercase+first_letter,True
B L A N C,b,BLANC,b,lower_first,lowercase+first_letter,True
B L A N C O,b,BLANCO,b,lower_first,lowercase+first_letter,True
B L E U,b,BLEU,b,lower_first,lowercase+first_letter,True
B L U E,b,BLUE,b,lower_first,lowercase+first_letter,True
B O C A,b,BOCA,b,lower_first,lowercase+first_letter,True
B O D Y,b,BODY,b,lower_first,lowercase+first_letter,True
B O N,b,BON,b,lower_first,lowercase+first_letter,True
B O N E,b,BONE,b,lower_first,lowercase+first_letter,True
B O N J O U R,b,BONJOUR,b,lower_first,lowercase+first_letter,True
B O N S O I R,b,BONSOIR,b,lower_first,lowercase+first_letter,True
B O O K,b,BOOK,b,lower_first,lowercase+first_letter,True
B O U C H E,b,BOUCHE,b,lower_first,lowercase+first_letter,True
B O X,b,BOX,b,lower_first,lowercase+first_letter,True
B O Y,b,BOY,b,lower_first,lowercase+first_letter,True
B R A I N,b,BRAIN,b,lower_first,lowercase+first_letter,True
B R E A D,b,BREAD,b,lower_first,lowercase+first_letter,True
B R O T H E R,b,BROTHER,b,lower_first,lowercase+first_letter,True
B R O W N,b,BROWN,b,lower_first,lowercase+first_letter,True
B R U S H,b,BRUSH,b,lower_first,lowercase+first_letter,True
B U E N O,b,BUENO,b,lower_first,lowercase+first_letter,True
B U I L D,b,BUILD,b,lower_first,lowercase+first_letter,True
B U I L D E R,b,BUILDER,b,lower_first,lowercase+first_letter,True
B U S,b,BUS,b,lower_first,lowercase+first_letter,True
B U T C H E R,b,BUTCHER,b,lower_first,lowercase+first_letter,True
B U T T E R F L Y,b,BUTTERFLY,b,lower_first,lowercase+first_letter,True
B É B É,b,BÉBÉ,b,lower_first,lowercase+first_letter,True
C A B A L L O,c,CABALLO,c,lower_first,lowercase+first_letter,True
C A B E Z A,c,CABEZA,c,lower_first,lowercase+first_letter,True
C A F É,c,CAFÉ,c,lower_first,lowercase+first_letter,True
C A L C U L A T E,c,CALCULATE,c,lower_first,lowercase+first_letter,True
C A L F,c,CALF,c,lower_first,lowercase+first_letter,True
C A L I E N T E,c,CALIENTE,c,lower_first,lowercase+first_letter,True
C A L L E,c,CALLE,c,lower_first,lowercase+first_letter,True
C A M P,c,CAMP,c,lower_first,lowercase+first_letter,True
C A N C I Ó N,c,CANCIÓN,c,lower_first,lowercase+first_letter,True
C A N T A N T E,c,CANTANTE,c,lower_first,lowercase+first_letter,True
C A R,c,CAR,c,lower_first,lowercase+first_letter,True
C A R E,c,CARE,c,lower_first,lowercase+first_letter,True
C A R G O,c,CARGO,c,lower_first,lowercase+first_letter,True
C A R R Y,c,CARRY,c,lower_first,lowercase+first_letter,True
C A R T A,c,CARTA,c,lower_first,lowercase+first_letter,True
C A S A,c,CASA,c,lower_first,lowercase+first_letter,True
C A T,c,CAT,c,lower_first,lowercase+first_letter,True
C A T C H,c,CATCH,c,lower_first,lowercase+first_letter,True
C E L E B R A T E,c,CELEBRATE,c,lower_first,lowercase+first_letter,True
C E N T,c,CENT,c,lower_first,lowercase+first_letter,True
C E R C A,c,CERCA,c,lower_first,lowercase+first_letter,True
C E R E B R O,c,CEREBRO,c,lower_first,lowercase+first_letter,True
C E R R A D O,c,CERRADO,c,lower_first,lowercase+first_letter,True
C E R V E A U,c,CERVEAU,c,lower_first,lowercase+first_letter,True
C H A I R,c,CHAIR,c,lower_first,lowercase+first_letter,True
C H A I S E,c,CHAISE,c,lower_first,lowercase+first_letter,True
C H A N G E,c,CHANGE,c,lower_first,lowercase+first_letter,True
C H A N S O N,c,CHANSON,c,lower_first,lowercase+first_letter,True
C H A T,c,CHAT,c,lower_first,lowercase+first_letter,True
C H A U D,c,CHAUD,c,lower_first,lowercase+first_letter,True
C H E E S E,c,CHEESE,c,lower_first,lowercase+first_letter,True
C H E F,c,CHEF,c,lower_first,lowercase+first_letter,True
C H E V A L,c,CHEVAL,c,lower_first,lowercase+first_letter,True
C H I E F,c,CHIEF,c,lower_first,lowercase+first_letter,True
C H I E N,c,CHIEN,c,lower_first,lowercase+first_letter,True
C H I L D,c,CHILD,c,lower_first,lowercase+first_letter,True
C H U R C H,c,CHURCH,c,lower_first,lowercase+first_letter,True
C I E N,c,CIEN,c,lower_first,lowercase+first_letter,True
C I N C O,c,CINCO,c,lower_first,lowercase+first_letter,True
C I N Q,c,CINQ,c,lower_first,lowercase+first_letter,True
C I T Y,c,CITY,c,lower_first,lowercase+first_letter,True
C I U D A D,c,CIUDAD,c,lower_first,lowercase+first_letter,True
C L A S S,c,CLASS,c,lower_first,lowercase+first_letter,True
C L E A N,c,CLEAN,c,lower_first,lowercase+first_letter,True
C L E R K,c,CLERK,c,lower_first,lowercase+first_letter,True
C L I F F,c,CLIFF,c,lower_first,lowercase+first_letter,True
C L I M B,c,CLIMB,c,lower_first,lowercase+first_letter,True
C L O S E,c,CLOSE,c,lower_first,lowercase+first_letter,True
C L O S E D,c,CLOSED,c,lower_first,lowercase+first_letter,True
C O C H E,c,COCHE,c,lower_first,lowercase+first_letter,True
C O F F E E,c,COFFEE,c,lower_first,lowercase+first_letter,True
C O L D,c,COLD,c,lower_first,lowercase+first_letter,True
C O M E,c,COME,c,lower_first,lowercase+first_letter,True
C O M I D A,c,COMIDA,c,lower_first,lowercase+first_letter,True
C O M M U N I C A T E,c,COMMUNICATE,c,lower_first,lowercase+first_letter,True
C O M P E T E,c,COMPETE,c,lower_first,lowercase+first_letter,True
C O M P L E T E,c,COMPLETE,c,lower_first,lowercase+first_letter,True
C O M P U T E R,c,COMPUTER,c,lower_first,lowercase+first_letter,True
C O N C E N T R A T E,c,CONCENTRATE,c,lower_first,lowercase+first_letter,True
C O N T E M P L A T E,c,CONTEMPLATE,c,lower_first,lowercase+first_letter,True
C O N T I N U E,c,CONTINUE,c,lower_first,lowercase+first_letter,True
C O O K,c,COOK,c,lower_first,lowercase+first_letter,True
C O O P E R A T E,c,COOPERATE,c,lower_first,lowercase+first_letter,True
C O O R D I N A T E,c,COORDINATE,c,lower_first,lowercase+first_letter,True
C O R A Z Ó N,c,CORAZÓN,c,lower_first,lowercase+first_letter,True
C O R P S,c,CORPS,c,lower_first,lowercase+first_letter,True
C O R T O,c,CORTO,c,lower_first,lowercase+first_letter,True
C O U N T R Y,c,COUNTRY,c,lower_first,lowercase+first_letter,True
C O U R T,c,COURT,c,lower_first,lowercase+first_letter,True
C O U S I N,c,COUSIN,c,lower_first,lowercase+first_letter,True
C R E A T E,c,CREATE,c,lower_first,lowercase+first_letter,True
C R I S I S,c,CRISIS,c,lower_first,lowercase+first_letter,True
C R I T E R I O N,c,CRITERION,c,lower_first,lowercase+first_letter,True
C R I T I C I Z E,c,CRITICIZE,c,lower_first,lowercase+first_letter,True
C R Y,c,CRY,c,lower_first,lowercase+first_letter,True
C U A T R O,c,CUATRO,c,lower_first,lowercase+first_letter,True
C U E R P O,c,CUERPO,c,lower_first,lowercase+first_letter,True
C U L T I V A T E,c,CULTIVATE,c,lower_first,lowercase+first_letter,True
C U P,c,CUP,c,lower_first,lowercase+first_letter,True
C U R R I C U L U M,c,CURRICULUM,c,lower_first,lowercase+first_letter,True
C Œ U R,c,CŒUR,c,lower_first,lowercase+first_letter,True
D A N C E,d,DANCE,d,lower_first,lowercase+first_letter,True
D A N C E R,d,DANCER,d,lower_first,lowercase+first_letter,True
D A N S E,d,DANSE,d,lower_first,lowercase+first_letter,True
D A T U M,d,DATUM,d,lower_first,lowercase+first_letter,True
D A U G H T E R,d,DAUGHTER,d,lower_first,lowercase+first_letter,True
D A Y,d,DAY,d,lower_first,lowercase+first_letter,True
D E C I D E,d,DECIDE,d,lower_first,lowercase+first_letter,True
D E C O R A T E,d,DECORATE,d,lower_first,lowercase+first_letter,True
D E D A N S,d,DEDANS,d,lower_first,lowercase+first_letter,True
D E D I C A T E,d,DEDICATE,d,lower_first,lowercase+first_letter,True
D E E R,d,DEER,d,lower_first,lowercase+first_letter,True
D E F E A T,d,DEFEAT,d,lower_first,lowercase+first_letter,True
D E H O R S,d,DEHORS,d,lower_first,lowercase+first_letter,True
D E L E T E,d,DELETE,d,lower_first,lowercase+first_letter,True
D E M A I N,d,DEMAIN,d,lower_first,lowercase+first_letter,True
D E M O N S T R A T E,d,DEMONSTRATE,d,lower_first,lowercase+first_letter,True
D E N T R O,d,DENTRO,d,lower_first,lowercase+first_letter,True
D E P O R T E,d,DEPORTE,d,lower_first,lowercase+first_letter,True
D E R E C H O,d,DERECHO,d,lower_first,lowercase+first_letter,True
D E R N I E R,d,DERNIER,d,lower_first,lowercase+first_letter,True
D E R R I È R E,d,DERRIÈRE,d,lower_first,lowercase+first_letter,True
D E S I G N A T E,d,DESIGNATE,d,lower_first,lowercase+first_letter,True
D E T E R M I N E,d,DETERMINE,d,lower_first,lowercase+first_letter,True
D E U X,d,DEUX,d,lower_first,lowercase+first_letter,True
D E V A N T,d,DEVANT,d,lower_first,lowercase+first_letter,True
D E V I A T E,d,DEVIATE,d,lower_first,lowercase+first_letter,True
D I E Z,d,DIEZ,d,lower_first,lowercase+first_letter,True
D I F F I C I L E,d,DIFFICILE,d,lower_first,lowercase+first_letter,True
D I F F I C U L T,d,DIFFICULT,d,lower_first,lowercase+first_letter,True
D I F Í C I L,d,DIFÍCIL,d,lower_first,lowercase+first_letter,True
D I R E C T O R,d,DIRECTOR,d,lower_first,lowercase+first_letter,True
D I R T Y,d,DIRTY,d,lower_first,lowercase+first_letter,True
D I S H,d,DISH,d,lower_first,lowercase+first_letter,True
D I X,d,DIX,d,lower_first,lowercase+first_letter,True
D O C T O R,d,DOCTOR,d,lower_first,lowercase+first_letter,True
D O G,d,DOG,d,lower_first,lowercase+first_letter,True
D O M I N A T E,d,DOMINATE,d,lower_first,lowercase+first_letter,True
D O O R,d,DOOR,d,lower_first,lowercase+first_letter,True
D O S,d,DOS,d,lower_first,lowercase+first_letter,True
D O W N,d,DOWN,d,lower_first,lowercase+first_letter,True
D R A W,d,DRAW,d,lower_first,lowercase+first_letter,True
D R I N K,d,DRINK,d,lower_first,lowercase+first_letter,True
D R I V E,d,DRIVE,d,lower_first,lowercase+first_letter,True
D R I V E R,d,DRIVER,d,lower_first,lowercase+first_letter,True
D R O I T,d,DROIT,d,lower_first,lowercase+first_letter,True
D U C H E S S,d,DUCHESS,d,lower_first,lowercase+first_letter,True
D U K E,d,DUKE,d,lower_first,lowercase+first_letter,True
D W A R F,d,DWARF,d,lower_first,lowercase+first_letter,True
D É B I L,d,DÉBIL,d,lower_first,lowercase+first_letter,True
D Í A,d,DÍA,d,lower_first,lowercase+first_letter,True
E A R,e,EAR,e,lower_first,lowercase+first_letter,True
E A S Y,e,EASY,e,lower_first,lowercase+first_letter,True
E A T,e,EAT,e,lower_first,lowercase+first_letter,True
E A U,e,EAU,e,lower_first,lowercase+first_letter,True
E C H O,e,ECHO,e,lower_first,lowercase+first_letter,True
E D U C A T E,e,EDUCATE,e,lower_first,lowercase+first_letter,True
E I G H T,e,EIGHT,e,lower_first,lowercase+first_letter,True
E L F,e,ELF,e,lower_first,lowercase+first_letter,True
E L I M I N A T E,e,ELIMINATE,e,lower_first,lowercase+first_letter,True
E M P E R O R,e,EMPEROR,e,lower_first,lowercase+first_letter,True
E M P R E S S,e,EMPRESS,e,lower_first,lowercase+first_letter,True
E M P T Y,e,EMPTY,e,lower_first,lowercase+first_letter,True
E N D,e,END,e,lower_first,lowercase+first_letter,True
E N F A N T,e,ENFANT,e,lower_first,lowercase+first_letter,True
E N F E R M E R A,e,ENFERMERA,e,lower_first,lowercase+first_letter,True
E N G I N E E R,e,ENGINEER,e,lower_first,lowercase+first_letter,True
E S C A L A T E,e,ESCALATE,e,lower_first,lowercase+first_letter,True
E S C U E L A,e,ESCUELA,e,lower_first,lowercase+first_letter,True
E S P O S A,e,ESPOSA,e,lower_first,lowercase+first_letter,True
E S P O S O,e,ESPOSO,e,lower_first,lowercase+first_letter,True
E S T R E C H O,e,ESTRECHO,e,lower_first,lowercase+first_letter,True
E S T R E L L A,e,ESTRELLA,e,lower_first,lowercase+first_letter,True
E S T U D I A N T E,e,ESTUDIANTE,e,lower_first,lowercase+first_letter,True
E V A L U A T E,e,EVALUATE,e,lower_first,lowercase+first_letter,True
E V A P O R A T E,e,EVAPORATE,e,lower_first,lowercase+first_letter,True
E X A G G E R A T E,e,EXAGGERATE,e,lower_first,lowercase+first_letter,True
E X A M I N E,e,EXAMINE,e,lower_first,lowercase+first_letter,True
E X C I T E,e,EXCITE,e,lower_first,lowercase+first_letter,True
E X E R C I S E,e,EXERCISE,e,lower_first,lowercase+first_letter,True
E X P L O R E,e,EXPLORE,e,lower_first,lowercase+first_letter,True
E Y E,e,EYE,e,lower_first,lowercase+first_letter,True
F A C I L E,f,FACILE,f,lower_first,lowercase+first_letter,True
F A I B L E,f,FAIBLE,f,lower_first,lowercase+first_letter,True
F A M I L I A,f,FAMILIA,f,lower_first,lowercase+first_letter,True
F A M I L L E,f,FAMILLE,f,lower_first,lowercase+first_letter,True
F A M I L Y,f,FAMILY,f,lower_first,lowercase+first_letter,True
F A R,f,FAR,f,lower_first,lowercase+first_letter,True
F A R M E R,f,FARMER,f,lower_first,lowercase+first_letter,True
F A S C I N A T E,f,FASCINATE,f,lower_first,lowercase+first_letter,True
F A S T,f,FAST,f,lower_first,lowercase+first_letter,True
F A T H E R,f,FATHER,f,lower_first,lowercase+first_letter,True
F E E L,f,FEEL,f,lower_first,lowercase+first_letter,True
F E L I Z,f,FELIZ,f,lower_first,lowercase+first_letter,True
F E M M E,f,FEMME,f,lower_first,lowercase+first_letter,True
F E N Ê T R E,f,FENÊTRE,f,lower_first,lowercase+first_letter,True
F E O,f,FEO,f,lower_first,lowercase+first_letter,True
F E R M I E R,f,FERMIER,f,lower_first,lowercase+first_letter,True
F E R M É,f,FERMÉ,f,lower_first,lowercase+first_letter,True
F I L L E,f,FILLE,f,lower_first,lowercase+first_letter,True
F I L S,f,FILS,f,lower_first,lowercase+first_letter,True
F I N G E R,f,FINGER,f,lower_first,lowercase+first_letter,True
F I N I S H,f,FINISH,f,lower_first,lowercase+first_letter,True
F I R S T,f,FIRST,f,lower_first,lowercase+first_letter,True
F I S H,f,FISH,f,lower_first,lowercase+first_letter,True
F I V E,f,FIVE,f,lower_first,lowercase+first_letter,True
F L E U R,f,FLEUR,f,lower_first,lowercase+first_letter,True
F L O R,f,FLOR,f,lower_first,lowercase+first_letter,True
F L O W E R,f,FLOWER,f,lower_first,lowercase+first_letter,True
F L Y,f,FLY,f,lower_first,lowercase+first_letter,True
F O O D,f,FOOD,f,lower_first,lowercase+first_letter,True
F O O T,f,FOOT,f,lower_first,lowercase+first_letter,True
F O R K,f,FORK,f,lower_first,lowercase+first_letter,True
F O R T,f,FORT,f,lower_first,lowercase+first_letter,True
F O U R,f,FOUR,f,lower_first,lowercase+first_letter,True
F O X,f,FOX,f,lower_first,lowercase+first_letter,True
F R A S E,f,FRASE,f,lower_first,lowercase+first_letter,True
F R E N T E,f,FRENTE,f,lower_first,lowercase+first_letter,True
F R I E N D,f,FRIEND,f,lower_first,lowercase+first_letter,True
F R O I D,f,FROID,f,lower_first,lowercase+first_letter,True
F R O M A G E,f,FROMAGE,f,lower_first,lowercase+first_letter,True
F R O N T,f,FRONT,f,lower_first,lowercase+first_letter,True
F R È R E,f,FRÈRE,f,lower_first,lowercase+first_letter,True
F R Í O,f,FRÍO,f,lower_first,lowercase+first_letter,True
F U E R A,f,FUERA,f,lower_first,lowercase+first_letter,True
F U E R T E,f,FUERTE,f,lower_first,lowercase+first_letter,True
F U L L,f,FULL,f,lower_first,lowercase+first_letter,True
F Á C I L,f,FÁCIL,f,lower_first,lowercase+first_letter,True
G A M E,g,GAME,g,lower_first,lowercase+first_letter,True
G A R Ç O N,g,GARÇON,g,lower_first,lowercase+first_letter,True
G A T O,g,GATO,g,lower_first,lowercase+first_letter,True
G A U C H E,g,GAUCHE,g,lower_first,lowercase+first_letter,True
G E N E R A T E,g,GENERATE,g,lower_first,lowercase+first_letter,True
G I R L,g,GIRL,g,lower_first,lowercase+first_letter,True
G I V E,g,GIVE,g,lower_first,lowercase+first_letter,True
G L A S S,g,GLASS,g,lower_first,lowercase+first_letter,True
G O O D,g,GOOD,g,lower_first,lowercase+first_letter,True
G O O D B Y E,g,GOODBYE,g,lower_first,lowercase+first_letter,True
G O O S E,g,GOOSE,g,lower_first,lowercase+first_letter,True
G R A C I A S,g,GRACIAS,g,lower_first,lowercase+first_letter,True
G R A N D,g,GRAND,g,lower_first,lowercase+first_letter,True
G R A N D E,g,GRANDE,g,lower_first,lowercase+first_letter,True
G R A N D F A T H E R,g,GRANDFATHER,g,lower_first,lowercase+first_letter,True
G R A N D M O T H E R,g,GRANDMOTHER,g,lower_first,lowercase+first_letter,True
G R A N J E R O,g,GRANJERO,g,lower_first,lowercase+first_letter,True
G R A Y,g,GRAY,g,lower_first,lowercase+first_letter,True
G R E E N,g,GREEN,g,lower_first,lowercase+first_letter,True
G R E E T,g,GREET,g,lower_first,lowercase+first_letter,True
G R I E F,g,GRIEF,g,lower_first,lowercase+first_letter,True
G R I S,g,GRIS,g,lower_first,lowercase+first_letter,True
G U L F,g,GULF,g,lower_first,lowercase+first_letter,True
G U Y,g,GUY,g,lower_first,lowercase+first_letter,True
H A L F,h,HALF,h,lower_first,lowercase+first_letter,True
H A N D,h,HAND,h,lower_first,lowercase+first_letter,True
H A P P Y,h,HAPPY,h,lower_first,lowercase+first_letter,True
H A T E,h,HATE,h,lower_first,lowercase+first_letter,True
H A U T,h,HAUT,h,lower_first,lowercase+first_letter,True
H E A D,h,HEAD,h,lower_first,lowercase+first_letter,True
H E A R,h,HEAR,h,lower_first,lowercase+first_letter,True
H E A R T,h,HEART,h,lower_first,lowercase+first_letter,True
H E A V Y,h,HEAVY,h,lower_first,lowercase+first_letter,True
H E L L O,h,HELLO,h,lower_first,lowercase+first_letter,True
H E L P,h,HELP,h,lower_first,lowercase+first_letter,True
H E R M A N A,h,HERMANA,h,lower_first,lowercase+first_letter,True
H E R M A N O,h,HERMANO,h,lower_first,lowercase+first_letter,True
H E R M O S O,h,HERMOSO,h,lower_first,lowercase+first_letter,True
H E R O,h,HERO,h,lower_first,lowercase+first_letter,True
H E R O I N E,h,HEROINE,h,lower_first,lowercase+first_letter,True
H E S I T A T E,h,HESITATE,h,lower_first,lowercase+first_letter,True
H E U R E U X,h,HEUREUX,h,lower_first,lowercase+first_letter,True
H I B E R N A T E,h,HIBERNATE,h,lower_first,lowercase+first_letter,True
H I E R,h,HIER,h,lower_first,lowercase+first_letter,True
H I G H,h,HIGH,h,lower_first,lowercase+first_letter,True
H I J A,h,HIJA,h,lower_first,lowercase+first_letter,True
H I J O,h,HIJO,h,lower_first,lowercase+first_letter,True
H I K E,h,HIKE,h,lower_first,lowercase+first_letter,True
H O L A,h,HOLA,h,lower_first,lowercase+first_letter,True
H O L D,h,HOLD,h,lower_first,lowercase+first_letter,True
H O M B R E,h,HOMBRE,h,lower_first,lowercase+first_letter,True
H O M M E,h,HOMME,h,lower_first,lowercase+first_letter,True
H O O F,h,HOOF,h,lower_first,lowercase+first_letter,True
H O P E,h,HOPE,h,lower_first,lowercase+first_letter,True
H O R S E,h,HORSE,h,lower_first,lowercase+first_letter,True
H O T,h,HOT,h,lower_first,lowercase+first_letter,True
H O U S E,h,HOUSE,h,lower_first,lowercase+first_letter,True
H O Y,h,HOY,h,lower_first,lowercase+first_letter,True
H U I T,h,HUIT,h,lower_first,lowercase+first_letter,True
H U N D R E D,h,HUNDRED,h,lower_first,lowercase+first_letter,True
H U N T,h,HUNT,h,lower_first,lowercase+first_letter,True
H U S B A N D,h,HUSBAND,h,lower_first,lowercase+first_letter,True
I L L U S T R A T E,i,ILLUSTRATE,i,lower_first,lowercase+first_letter,True
I M A G I N E,i,IMAGINE,i,lower_first,lowercase+first_letter,True
I M I T A T E,i,IMITATE,i,lower_first,lowercase+first_letter,True
I M P R O V E,i,IMPROVE,i,lower_first,lowercase+first_letter,True
I N C O R P O R A T E,i,INCORPORATE,i,lower_first,lowercase+first_letter,True
I N F I R M I È R E,i,INFIRMIÈRE,i,lower_first,lowercase+first_letter,True
I N I T I A T E,i,INITIATE,i,lower_first,lowercase+first_letter,True
I N N O V A T E,i,INNOVATE,i,lower_first,lowercase+first_letter,True
I N S I D E,i,INSIDE,i,lower_first,lowercase+first_letter,True
I N T E G R A T E,i,INTEGRATE,i,lower_first,lowercase+first_letter,True
I N V E S T I G A T E,i,INVESTIGATE,i,lower_first,lowercase+first_letter,True
I N V I T E,i,INVITE,i,lower_first,lowercase+first_letter,True
I R R I T A T E,i,IRRITATE,i,lower_first,lowercase+first_letter,True
I S S U E,i,ISSUE,i,lower_first,lowercase+first_letter,True
I Z Q U I E R D O,i,IZQUIERDO,i,lower_first,lowercase+first_letter,True
J A U N E,j,JAUNE,j,lower_first,lowercase+first_letter,True
J E U,j,JEU,j,lower_first,lowercase+first_letter,True
J E U N E,j,JEUNE,j,lower_first,lowercase+first_letter,True
J O U R,j,JOUR,j,lower_first,lowercase+first_letter,True
J O V E N,j,JOVEN,j,lower_first,lowercase+first_letter,True
J U E G O,j,JUEGO,j,lower_first,lowercase+first_letter,True
J U M P,j,JUMP,j,lower_first,lowercase+first_letter,True
K E Y,k,KEY,k,lower_first,lowercase+first_letter,True
K I D N E Y,k,KIDNEY,k,lower_first,lowercase+first_letter,True
K I N G,k,KING,k,lower_first,lowercase+first_letter,True
K I S S,k,KISS,k,lower_first,lowercase+first_letter,True
K N E E L,k,KNEEL,k,lower_first,lowercase+first_letter,True
K N I F E,k,KNIFE,k,lower_first,lowercase+first_letter,True
K N I G H T,k,KNIGHT,k,lower_first,lowercase+first_letter,True
L A D Y,l,LADY,l,lower_first,lowercase+first_letter,True
L A I D,l,LAID,l,lower_first,lowercase+first_letter,True
L A I T,l,LAIT,l,lower_first,lowercase+first_letter,True
L A R G E,l,LARGE,l,lower_first,lowercase+first_letter,True
L A R G O,l,LARGO,l,lower_first,lowercase+first_letter,True
L A S T,l,LAST,l,lower_first,lowercase+first_letter,True
L A U G H,l,LAUGH,l,lower_first,lowercase+first_letter,True
L A W Y E R,l,LAWYER,l,lower_first,lowercase+first_letter,True
L E A F,l,LEAF,l,lower_first,lowercase+first_letter,True
L E A R N,l,LEARN,l,lower_first,lowercase+first_letter,True
L E A V E,l,LEAVE,l,lower_first,lowercase+first_letter,True
L E C H E,l,LECHE,l,lower_first,lowercase+first_letter,True
L E F T,l,LEFT,l,lower_first,lowercase+first_letter,True
L E G,l,LEG,l,lower_first,lowercase+first_letter,True
L E J O S,l,LEJOS,l,lower_first,lowercase+first_letter,True
L E N T,l,LENT,l,lower_first,lowercase+first_letter,True
L E N T O,l,LENTO,l,lower_first,lowercase+first_letter,True
L E T T E R,l,LETTER,l,lower_first,lowercase+first_letter,True
L E T T R E,l,LETTRE,l,lower_first,lowercase+first_letter,True
L I B R A R Y,l,LIBRARY,l,lower_first,lowercase+first_letter,True
L I B R O,l,LIBRO,l,lower_first,lowercase+first_letter,True
L I E,l,LIE,l,lower_first,lowercase+first_letter,True
L I F E,l,LIFE,l,lower_first,lowercase+first_letter,True
L I G E R O,l,LIGERO,l,lower_first,lowercase+first_letter,True
L I G H T,l,LIGHT,l,lower_first,lowercase+first_letter,True
L I M P I O,l,LIMPIO,l,lower_first,lowercase+first_letter,True
L I S T E N,l,LISTEN,l,lower_first,lowercase+first_letter,True
L I V E,l,LIVE,l,lower_first,lowercase+first_letter,True
L I V E R,l,LIVER,l,lower_first,lowercase+first_letter,True
L I V R E,l,LIVRE,l,lower_first,lowercase+first_letter,True
L L E N O,l,LLENO,l,lower_first,lowercase+first_letter,True
L O A F,l,LOAF,l,lower_first,lowercase+first_letter,True
L O I N,l,LOIN,l,lower_first,lowercase+first_letter,True
L O N G,l,LONG,l,lower_first,lowercase+first_letter,True
L O R D,l,LORD,l,lower_first,lowercase+first_letter,True
L O U R D,l,LOURD,l,lower_first,lowercase+first_letter,True
L O V E,l,LOVE,l,lower_first,lowercase+first_letter,True
L O W,l,LOW,l,lower_first,lowercase+first_letter,True
L U N A,l,LUNA,l,lower_first,lowercase+first_letter,True
L U N E,l,LUNE,l,lower_first,lowercase+first_letter,True
L U N G,l,LUNG,l,lower_first,lowercase+first_letter,True
L É G E R,l,LÉGER,l,lower_first,lowercase+first_letter,True
M A D R E,m,MADRE,m,lower_first,lowercase+first_letter,True
M A I N,m,MAIN,m,lower_first,lowercase+first_letter,True
M A I S O N,m,MAISON,m,lower_first,lowercase+first_letter,True
M A K E,m,MAKE,m,lower_first,lowercase+first_letter,True
M A L O,m,MALO,m,lower_first,lowercase+first_letter,True
M A N,m,MAN,m,lower_first,lowercase+first_letter,True
M A N A G E,m,MANAGE,m,lower_first,lowercase+first_letter,True
M A N A G E R,m,MANAGER,m,lower_first,lowercase+first_letter,True
M A N O,m,MANO,m,lower_first,lowercase+first_letter,True
M A N Z A N A,m,MANZANA,m,lower_first,lowercase+first_letter,True
M A R I,m,MARI,m,lower_first,lowercase+first_letter,True
M A R R O N,m,MARRON,m,lower_first,lowercase+first_letter,True
M A R R Ó N,m,MARRÓN,m,lower_first,lowercase+first_letter,True
M A U V A I S,m,MAUVAIS,m,lower_first,lowercase+first_letter,True
M A Ñ A N A,m,MAÑANA,m,lower_first,lowercase+first_letter,True
M E D I T A T E,m,MEDITATE,m,lower_first,lowercase+first_letter,True
M E D I U M,m,MEDIUM,m,lower_first,lowercase+first_letter,True
M E E T,m,MEET,m,lower_first,lowercase+first_letter,True
M E R C I,m,MERCI,m,lower_first,lowercase+first_letter,True
M E S,m,MES,m,lower_first,lowercase+first_letter,True
M E S A,m,MESA,m,lower_first,lowercase+first_letter,True
M I L,m,MIL,m,lower_first,lowercase+first_letter,True
M I L K,m,MILK,m,lower_first,lowercase+first_letter,True
M I L L E,m,MILLE,m,lower_first,lowercase+first_letter,True
M O I S,m,MOIS,m,lower_first,lowercase+first_letter,True
M O N D E,m,MONDE,m,lower_first,lowercase+first_letter,True
M O N T H,m,MONTH,m,lower_first,lowercase+first_letter,True
M O O N,m,MOON,m,lower_first,lowercase+first_letter,True
M O R A D O,m,MORADO,m,lower_first,lowercase+first_letter,True
M O S Q U I T O,m,MOSQUITO,m,lower_first,lowercase+first_letter,True
M O T,m,MOT,m,lower_first,lowercase+first_letter,True
M O T H E R,m,MOTHER,m,lower_first,lowercase+first_letter,True
M O T I V A T E,m,MOTIVATE,m,lower_first,lowercase+first_letter,True
M O U S E,m,MOUSE,m,lower_first,lowercase+first_letter,True
M O U T H,m,MOUTH,m,lower_first,lowercase+first_letter,True
M O V E,m,MOVE,m,lower_first,lowercase+first_letter,True
M U J E R,m,MUJER,m,lower_first,lowercase+first_letter,True
M U N D O,m,MUNDO,m,lower_first,lowercase+first_letter,True
M U S C L E,m,MUSCLE,m,lower_first,lowercase+first_letter,True
M U S I C,m,MUSIC,m,lower_first,lowercase+first_letter,True
M U S I C I A N,m,MUSICIAN,m,lower_first,lowercase+first_letter,True
M U S I C I E N,m,MUSICIEN,m,lower_first,lowercase+first_letter,True
M U S I Q U E,m,MUSIQUE,m,lower_first,lowercase+first_letter,True
M È R E,m,MÈRE,m,lower_first,lowercase+first_letter,True
M É D E C I N,m,MÉDECIN,m,lower_first,lowercase+first_letter,True
M É D I C O,m,MÉDICO,m,lower_first,lowercase+first_letter,True
M Ú S I C A,m,MÚSICA,m,lower_first,lowercase+first_letter,True
M Ú S I C O,m,MÚSICO,m,lower_first,lowercase+first_letter,True
N A R A N J A,n,NARANJA,n,lower_first,lowercase+first_letter,True
N A R I Z,n,NARIZ,n,lower_first,lowercase+first_letter,True
N A R R O W,n,NARROW,n,lower_first,lowercase+first_letter,True
N A V I G A T E,n,NAVIGATE,n,lower_first,lowercase+first_letter,True
N E A R,n,NEAR,n,lower_first,lowercase+first_letter,True
N E G O T I A T E,n,NEGOTIATE,n,lower_first,lowercase+first_letter,True
N E G R O,n,NEGRO,n,lower_first,lowercase+first_letter,True
N E R V E,n,NERVE,n,lower_first,lowercase+first_letter,True
N E U F,n,NEUF,n,lower_first,lowercase+first_letter,True
N E W,n,NEW,n,lower_first,lowercase+first_letter,True
N E Z,n,NEZ,n,lower_first,lowercase+first_letter,True
N I G H T,n,NIGHT,n,lower_first,lowercase+first_letter,True
N I N E,n,NINE,n,lower_first,lowercase+first_letter,True
N I Ñ A,n,NIÑA,n,lower_first,lowercase+first_letter,True
N I Ñ O,n,NIÑO,n,lower_first,lowercase+first_letter,True
N O,n,NO,n,lower_first,lowercase+first_letter,True
N O C H E,n,NOCHE,n,lower_first,lowercase+first_letter,True
N O I R,n,NOIR,n,lower_first,lowercase+first_letter,True
N O N,n,NON,n,lower_first,lowercase+first_letter,True
N O S E,n,NOSE,n,lower_first,lowercase+first_letter,True
N O T I C E,n,NOTICE,n,lower_first,lowercase+first_letter,True
N O U R R I T U R E,n,NOURRITURE,n,lower_first,lowercase+first_letter,True
N O U V E A U,n,NOUVEAU,n,lower_first,lowercase+first_letter,True
N U E V E,n,NUEVE,n,lower_first,lowercase+first_letter,True
N U E V O,n,NUEVO,n,lower_first,lowercase+first_letter,True
N U I T,n,NUIT,n,lower_first,lowercase+first_letter,True
N U R S E,n,NURSE,n,lower_first,lowercase+first_letter,True
O A S I S,o,OASIS,o,lower_first,lowercase+first_letter,True
O C H O,o,OCHO,o,lower_first,lowercase+first_letter,True
O F F I C E R,o,OFFICER,o,lower_first,lowercase+first_letter,True
O I S E A U,o,OISEAU,o,lower_first,lowercase+first_letter,True
O J O,o,OJO,o,lower_first,lowercase+first_letter,True
O L D,o,OLD,o,lower_first,lowercase+first_letter,True
O N C L E,o,ONCLE,o,lower_first,lowercase+first_letter,True
O N E,o,ONE,o,lower_first,lowercase+first_letter,True
O P E N,o,OPEN,o,lower_first,lowercase+first_letter,True
O P E R A T E,o,OPERATE,o,lower_first,lowercase+first_letter,True
O R A N G E,o,ORANGE,o,lower_first,lowercase+first_letter,True
O R E I L L E,o,OREILLE,o,lower_first,lowercase+first_letter,True
O R E J A,o,OREJA,o,lower_first,lowercase+first_letter,True
O R G A N I Z E,o,ORGANIZE,o,lower_first,lowercase+first_letter,True
O U I,o,OUI,o,lower_first,lowercase+first_letter,True
O U T S I D E,o,OUTSIDE,o,lower_first,lowercase+first_letter,True
O U V E R T,o,OUVERT,o,lower_first,lowercase+first_letter,True
O U V R I E R,o,OUVRIER,o,lower_first,lowercase+first_letter,True
O X,o,OX,o,lower_first,lowercase+first_letter,True
P A D R E,p,PADRE,p,lower_first,lowercase+first_letter,True
P A G E,p,PAGE,p,lower_first,lowercase+first_letter,True
P A I N,p,PAIN,p,lower_first,lowercase+first_letter,True
P A I N T,p,PAINT,p,lower_first,lowercase+first_letter,True
P A I N T E R,p,PAINTER,p,lower_first,lowercase+first_letter,True
P A L A B R A,p,PALABRA,p,lower_first,lowercase+first_letter,True
P A N,p,PAN,p,lower_first,lowercase+first_letter,True
P A P E R,p,PAPER,p,lower_first,lowercase+first_letter,True
P A R E N T H E S I S,p,PARENTHESIS,p,lower_first,lowercase+first_letter,True
P A R T I C I P A T E,p,PARTICIPATE,p,lower_first,lowercase+first_letter,True
P A R T Y,p,PARTY,p,lower_first,lowercase+first_letter,True
P A U V R E,p,PAUVRE,p,lower_first,lowercase+first_letter,True
P A Y S,p,PAYS,p,lower_first,lowercase+first_letter,True
P A Í S,p,PAÍS,p,lower_first,lowercase+first_letter,True
P E L O T A,p,PELOTA,p,lower_first,lowercase+first_letter,True
P E N,p,PEN,p,lower_first,lowercase+first_letter,True
P E N C I L,p,PENCIL,p,lower_first,lowercase+first_letter,True
P E N E T R A T E,p,PENETRATE,p,lower_first,lowercase+first_letter,True
P E P P E R,p,PEPPER,p,lower_first,lowercase+first_letter,True
P E Q U E Ñ O,p,PEQUEÑO,p,lower_first,lowercase+first_letter,True
P E R R O,p,PERRO,p,lower_first,lowercase+first_letter,True
P E R S O N,p,PERSON,p,lower_first,lowercase+first_letter,True
P E S A D O,p,PESADO,p,lower_first,lowercase+first_letter,True
P E T I T,p,PETIT,p,lower_first,lowercase+first_letter,True
P E Z,p,PEZ,p,lower_first,lowercase+first_letter,True
P H E N O M E N O N,p,PHENOMENON,p,lower_first,lowercase+first_letter,True
P H O N E,p,PHONE,p,lower_first,lowercase+first_letter,True
P H O T O,p,PHOTO,p,lower_first,lowercase+first_letter,True
P H R A S E,p,PHRASE,p,lower_first,lowercase+first_letter,True
P I A N O,p,PIANO,p,lower_first,lowercase+first_letter,True
P I E,p,PIE,p,lower_first,lowercase+first_letter,True
P I E D,p,PIED,p,lower_first,lowercase+first_letter,True
P I L O T,p,PILOT,p,lower_first,lowercase+first_letter,True
P I M I E N T A,p,PIMIENTA,p,lower_first,lowercase+first_letter,True
P I N K,p,PINK,p,lower_first,lowercase+first_letter,True
P L A T E,p,PLATE,p,lower_first,lowercase+first_letter,True
P L A Y,p,PLAY,p,lower_first,lowercase+first_letter,True
P L A Y E R,p,PLAYER,p,lower_first,lowercase+first_letter,True
P L E A S E,p,PLEASE,p,lower_first,lowercase+first_letter,True
P L E I N,p,PLEIN,p,lower_first,lowercase+first_letter,True
P O B R E,p,POBRE,p,lower_first,lowercase+first_letter,True
P O I S S O N,p,POISSON,p,lower_first,lowercase+first_letter,True
P O I V R E,p,POIVRE,p,lower_first,lowercase+first_letter,True
P O L I C E,p,POLICE,p,lower_first,lowercase+first_letter,True
P O L I C Í A,p,POLICÍA,p,lower_first,lowercase+first_letter,True
P O M M E,p,POMME,p,lower_first,lowercase+first_letter,True
P O O R,p,POOR,p,lower_first,lowercase+first_letter,True
P O R T E,p,PORTE,p,lower_first,lowercase+first_letter,True
P O T A T O,p,POTATO,p,lower_first,lowercase+first_letter,True
P R A C T I C E,p,PRACTICE,p,lower_first,lowercase+first_letter,True
P R E M I E R,p,PREMIER,p,lower_first,lowercase+first_letter,True
P R E S I D E N T,p,PRESIDENT,p,lower_first,lowercase+first_letter,True
P R I M E R O,p,PRIMERO,p,lower_first,lowercase+first_letter,True
P R I M O,p,PRIMO,p,lower_first,lowercase+first_letter,True
P R I N C E,p,PRINCE,p,lower_first,lowercase+first_letter,True
P R I N C E S A,p,PRINCESA,p,lower_first,lowercase+first_letter,True
P R I N C E S S,p,PRINCESS,p,lower_first,lowercase+first_letter,True
P R I N C E S S E,p,PRINCESSE,p,lower_first,lowercase+first_letter,True
P R O F E S O R,p,PROFESOR,p,lower_first,lowercase+first_letter,True
P R O F E S S E U R,p,PROFESSEUR,p,lower_first,lowercase+first_letter,True
P R O M I S E,p,PROMISE,p,lower_first,lowercase+first_letter,True
P R O O F,p,PROOF,p,lower_first,lowercase+first_letter,True
P R O P R E,p,PROPRE,p,lower_first,lowercase+first_letter,True
P R È S,p,PRÈS,p,lower_first,lowercase+first_letter,True
P R Í N C I P E,p,PRÍNCIPE,p,lower_first,lowercase+first_letter,True
P U E R T A,p,PUERTA,p,lower_first,lowercase+first_letter,True
P U L L,p,PULL,p,lower_first,lowercase+first_letter,True
P U R P L E,p,PURPLE,p,lower_first,lowercase+first_letter,True
P U R S U E,p,PURSUE,p,lower_first,lowercase+first_letter,True
P U S H,p,PUSH,p,lower_first,lowercase+first_letter,True
P Á G I N A,p,PÁGINA,p,lower_first,lowercase+first_letter,True
P Á J A R O,p,PÁJARO,p,lower_first,lowercase+first_letter,True
P È R E,p,PÈRE,p,lower_first,lowercase+first_letter,True
Q U A T R E,q,QUATRE,q,lower_first,lowercase+first_letter,True
Q U E E N,q,QUEEN,q,lower_first,lowercase+first_letter,True
Q U E S O,q,QUESO,q,lower_first,lowercase+first_letter,True
R A D I A T E,r,RADIATE,r,lower_first,lowercase+first_letter,True
R A D I O,r,RADIO,r,lower_first,lowercase+first_letter,True
R A P I D E,r,RAPIDE,r,lower_first,lowercase+first_letter,True
R A Y,r,RAY,r,lower_first,lowercase+first_letter,True
R E A D,r,READ,r,lower_first,lowercase+first_letter,True
R E A L I Z E,r,REALIZE,r,lower_first,lowercase+first_letter,True
R E C E I V E,r,RECEIVE,r,lower_first,lowercase+first_letter,True
R E C O G N I Z E,r,RECOGNIZE,r,lower_first,lowercase+first_letter,True
R E D,r,RED,r,lower_first,lowercase+first_letter,True
R E E F,r,REEF,r,lower_first,lowercase+first_letter,True
R E I N A,r,REINA,r,lower_first,lowercase+first_letter,True
R E I N E,r,REINE,r,lower_first,lowercase+first_letter,True
R E L A T E,r,RELATE,r,lower_first,lowercase+first_letter,True
R E L A X,r,RELAX,r,lower_first,lowercase+first_letter,True
R E P E A T,r,REPEAT,r,lower_first,lowercase+first_letter,True
R E S C U E,r,RESCUE,r,lower_first,lowercase+first_letter,True
R E S T,r,REST,r,lower_first,lowercase+first_letter,True
R E Y,r,REY,r,lower_first,lowercase+first_letter,True
R I C H,r,RICH,r,lower_first,lowercase+first_letter,True
R I C H E,r,RICHE,r,lower_first,lowercase+first_letter,True
R I C O,r,RICO,r,lower_first,lowercase+first_letter,True
R I G H T,r,RIGHT,r,lower_first,lowercase+first_letter,True
R O I,r,ROI,r,lower_first,lowercase+first_letter,True
R O J O,r,ROJO,r,lower_first,lowercase+first_letter,True
R O O F,r,ROOF,r,lower_first,lowercase+first_letter,True
R O S A,r,ROSA,r,lower_first,lowercase+first_letter,True
R O S E,r,ROSE,r,lower_first,lowercase+first_letter,True
R O T A T E,r,ROTATE,r,lower_first,lowercase+first_letter,True
R O U G E,r,ROUGE,r,lower_first,lowercase+first_letter,True
R U E,r,RUE,r,lower_first,lowercase+first_letter,True
R U N,r,RUN,r,lower_first,lowercase+first_letter,True
R U N N E R,r,RUNNER,r,lower_first,lowercase+first_letter,True
R Á P I D O,r,RÁPIDO,r,lower_first,lowercase+first_letter,True
S A D,s,SAD,s,lower_first,lowercase+first_letter,True
S A F E,s,SAFE,s,lower_first,lowercase+first_letter,True
S A I L,s,SAIL,s,lower_first,lowercase+first_letter,True
S A I L O R,s,SAILOR,s,lower_first,lowercase+first_letter,True
S A L,s,SAL,s,lower_first,lowercase+first_letter,True
S A L E,s,SALE,s,lower_first,lowercase+first_letter,True
S A L T,s,SALT,s,lower_first,lowercase+first_letter,True
S C A R F,s,SCARF,s,lower_first,lowercase+first_letter,True
S C H O O L,s,SCHOOL,s,lower_first,lowercase+first_letter,True
S C I E N T I S T,s,SCIENTIST,s,lower_first,lowercase+first_letter,True
S E E,s,SEE,s,lower_first,lowercase+first_letter,True
S E I S,s,SEIS,s,lower_first,lowercase+first_letter,True
S E L,s,SEL,s,lower_first,lowercase+first_letter,True
S E L F,s,SELF,s,lower_first,lowercase+first_letter,True
S E M A I N E,s,SEMAINE,s,lower_first,lowercase+first_letter,True
S E M A N A,s,SEMANA,s,lower_first,lowercase+first_letter,True
S E N T E N C E,s,SENTENCE,s,lower_first,lowercase+first_letter,True
S E P A R A T E,s,SEPARATE,s,lower_first,lowercase+first_letter,True
S E P T,s,SEPT,s,lower_first,lowercase+first_letter,True
S E V E N,s,SEVEN,s,lower_first,lowercase+first_letter,True
S H A R E,s,SHARE,s,lower_first,lowercase+first_letter,True
S H E E P,s,SHEEP,s,lower_first,lowercase+first_letter,True
S H E L F,s,SHELF,s,lower_first,lowercase+first_letter,True
S H O R T,s,SHORT,s,lower_first,lowercase+first_letter,True
S H O U T,s,SHOUT,s,lower_first,lowercase+first_letter,True
S I E T E,s,SIETE,s,lower_first,lowercase+first_letter,True
S I L L A,s,SILLA,s,lower_first,lowercase+first_letter,True
S I N G,s,SING,s,lower_first,lowercase+first_letter,True
S I N G E R,s,SINGER,s,lower_first,lowercase+first_letter,True
S I S T E R,s,SISTER,s,lower_first,lowercase+first_letter,True
S I T,s,SIT,s,lower_first,lowercase+first_letter,True
S I X,s,SIX,s,lower_first,lowercase+first_letter,True
S K A T E,s,SKATE,s,lower_first,lowercase+first_letter,True
S K I,s,SKI,s,lower_first,lowercase+first_letter,True
S L E E P,s,SLEEP,s,lower_first,lowercase+first_letter,True
S L O W,s,SLOW,s,lower_first,lowercase+first_letter,True
S M A L L,s,SMALL,s,lower_first,lowercase+first_letter,True
S M E L L,s,SMELL,s,lower_first,lowercase+first_letter,True
S M I L E,s,SMILE,s,lower_first,lowercase+first_letter,True
S O L,s,SOL,s,lower_first,lowercase+first_letter,True
S O L D A D O,s,SOLDADO,s,lower_first,lowercase+first_letter,True
S O L D A T,s,SOLDAT,s,lower_first,lowercase+first_letter,True
S O L D I E R,s,SOLDIER,s,lower_first,lowercase+first_letter,True
S O L E I L,s,SOLEIL,s,lower_first,lowercase+first_letter,True
S O N,s,SON,s,lower_first,lowercase+first_letter,True
S O N G,s,SONG,s,lower_first,lowercase+first_letter,True
S P O O N,s,SPOON,s,lower_first,lowercase+first_letter,True
S P O R T,s,SPORT,s,lower_first,lowercase+first_letter,True
S T A N D,s,STAND,s,lower_first,lowercase+first_letter,True
S T A R,s,STAR,s,lower_first,lowercase+first_letter,True
S T A R T,s,START,s,lower_first,lowercase+first_letter,True
S T I M U L A T E,s,STIMULATE,s,lower_first,lowercase+first_letter,True
S T O M A C H,s,STOMACH,s,lower_first,lowercase+first_letter,True
S T O P,s,STOP,s,lower_first,lowercase+first_letter,True
S T O R Y,s,STORY,s,lower_first,lowercase+first_letter,True
S T R E E T,s,STREET,s,lower_first,lowercase+first_letter,True
S T R E T C H,s,STRETCH,s,lower_first,lowercase+first_letter,True
S T R O N G,s,STRONG,s,lower_first,lowercase+first_letter,True
S T U D E N T,s,STUDENT,s,lower_first,lowercase+first_letter,True
S T U D I O,s,STUDIO,s,lower_first,lowercase+first_letter,True
S T U D Y,s,STUDY,s,lower_first,lowercase+first_letter,True
S U C I O,s,SUCIO,s,lower_first,lowercase+first_letter,True
S U C R E,s,SUCRE,s,lower_first,lowercase+first_letter,True
S U G A R,s,SUGAR,s,lower_first,lowercase+first_letter,True
S U N,s,SUN,s,lower_first,lowercase+first_letter,True
S U R P R I S E,s,SURPRISE,s,lower_first,lowercase+first_letter,True
S W I M,s,SWIM,s,lower_first,lowercase+first_letter,True
S W I M M E R,s,SWIMMER,s,lower_first,lowercase+first_letter,True
S Í,s,SÍ,s,lower_first,lowercase+first_letter,True
S Œ U R,s,SŒUR,s,lower_first,lowercase+first_letter,True
T A B L E,t,TABLE,t,lower_first,lowercase+first_letter,True
T A I L O R,t,TAILOR,t,lower_first,lowercase+first_letter,True
T A K E,t,TAKE,t,lower_first,lowercase+first_letter,True
T A L K,t,TALK,t,lower_first,lowercase+first_letter,True
T A N T E,t,TANTE,t,lower_first,lowercase+first_letter,True
T A S T E,t,TASTE,t,lower_first,lowercase+first_letter,True
T E A,t,TEA,t,lower_first,lowercase+first_letter,True
T E A C H,t,TEACH,t,lower_first,lowercase+first_letter,True
T E A C H E R,t,TEACHER,t,lower_first,lowercase+first_letter,True
T E M P S,t,TEMPS,t,lower_first,lowercase+first_letter,True
T E N,t,TEN,t,lower_first,lowercase+first_letter,True
T E R M I N A T E,t,TERMINATE,t,lower_first,lowercase+first_letter,True
T H E S I S,t,THESIS,t,lower_first,lowercase+first_letter,True
T H I E F,t,THIEF,t,lower_first,lowercase+first_letter,True
T H I N K,t,THINK,t,lower_first,lowercase+first_letter,True
T H O U S A N D,t,THOUSAND,t,lower_first,lowercase+first_letter,True
T H R E E,t,THREE,t,lower_first,lowercase+first_letter,True
T H R O W,t,THROW,t,lower_first,lowercase+first_letter,True
T H É,t,THÉ,t,lower_first,lowercase+first_letter,True
T I E M P O,t,TIEMPO,t,lower_first,lowercase+first_letter,True
T I M E,t,TIME,t,lower_first,lowercase+first_letter,True
T O D A Y,t,TODAY,t,lower_first,lowercase+first_letter,True
T O E,t,TOE,t,lower_first,lowercase+first_letter,True
T O L E R A T E,t,TOLERATE,t,lower_first,lowercase+first_letter,True
T O M A T O,t,TOMATO,t,lower_first,lowercase+first_letter,True
T O M O R R O W,t,TOMORROW,t,lower_first,lowercase+first_letter,True
T O O T H,t,TOOTH,t,lower_first,lowercase+first_letter,True
T O U C H,t,TOUCH,t,lower_first,lowercase+first_letter,True
T O Y,t,TOY,t,lower_first,lowercase+first_letter,True
T R A B A J A D O R,t,TRABAJADOR,t,lower_first,lowercase+first_letter,True
T R A N S L A T E,t,TRANSLATE,t,lower_first,lowercase+first_letter,True
T R A V E L,t,TRAVEL,t,lower_first,lowercase+first_letter,True
T R E A T,t,TREAT,t,lower_first,lowercase+first_letter,True
T R E E,t,TREE,t,lower_first,lowercase+first_letter,True
T R E S,t,TRES,t,lower_first,lowercase+first_letter,True
T R I S T E,t,TRISTE,t,lower_first,lowercase+first_letter,True
T R O I S,t,TROIS,t,lower_first,lowercase+first_letter,True
T W O,t,TWO,t,lower_first,lowercase+first_letter,True
T É,t,TÉ,t,lower_first,lowercase+first_letter,True
T Ê T E,t,TÊTE,t,lower_first,lowercase+first_letter,True
T Í A,t,TÍA,t,lower_first,lowercase+first_letter,True
T Í O,t,TÍO,t,lower_first,lowercase+first_letter,True
U G L Y,u,UGLY,u,lower_first,lowercase+first_letter,True
U N,u,UN,u,lower_first,lowercase+first_letter,True
U N C L E,u,UNCLE,u,lower_first,lowercase+first_letter,True
U N I T E,u,UNITE,u,lower_first,lowercase+first_letter,True
U N O,u,UNO,u,lower_first,lowercase+first_letter,True
U P,u,UP,u,lower_first,lowercase+first_letter,True
V A C Í O,v,VACÍO,v,lower_first,lowercase+first_letter,True
V A L I D A T E,v,VALIDATE,v,lower_first,lowercase+first_letter,True
V A L U E,v,VALUE,v,lower_first,lowercase+first_letter,True
V E I N,v,VEIN,v,lower_first,lowercase+first_letter,True
V E N T A N A,v,VENTANA,v,lower_first,lowercase+first_letter,True
V E R D E,v,VERDE,v,lower_first,lowercase+first_letter,True
V E R T,v,VERT,v,lower_first,lowercase+first_letter,True
V I B R A T E,v,VIBRATE,v,lower_first,lowercase+first_letter,True
V I D E,v,VIDE,v,lower_first,lowercase+first_letter,True
V I D E O,v,VIDEO,v,lower_first,lowercase+first_letter,True
V I E J O,v,VIEJO,v,lower_first,lowercase+first_letter,True
V I E U X,v,VIEUX,v,lower_first,lowercase+first_letter,True
V I L L A I N,v,VILLAIN,v,lower_first,lowercase+first_letter,True
V I L L E,v,VILLE,v,lower_first,lowercase+first_letter,True
V I N,v,VIN,v,lower_first,lowercase+first_letter,True
V I N O,v,VINO,v,lower_first,lowercase+first_letter,True
V I O L E T,v,VIOLET,v,lower_first,lowercase+first_letter,True
V O I T U R E,v,VOITURE,v,lower_first,lowercase+first_letter,True
V O L C A N O,v,VOLCANO,v,lower_first,lowercase+first_letter,True
W A I T,w,WAIT,w,lower_first,lowercase+first_letter,True
W A L K,w,WALK,w,lower_first,lowercase+first_letter,True
W A S H,w,WASH,w,lower_first,lowercase+first_letter,True
W A T C H,w,WATCH,w,lower_first,lowercase+first_letter,True
W A T E R,w,WATER,w,lower_first,lowercase+first_letter,True
W A Y,w,WAY,w,lower_first,lowercase+first_letter,True
W E A K,w,WEAK,w,lower_first,lowercase+first_letter,True
W E E K,w,WEEK,w,lower_first,lowercase+first_letter,True
W H A R F,w,WHARF,w,lower_first,lowercase+first_letter,True
W H I S P E R,w,WHISPER,w,lower_first,lowercase+first_letter,True
W H I T E,w,WHITE,w,lower_first,lowercase+first_letter,True
W I D E,w,WIDE,w,lower_first,lowercase+first_letter,True
W I F E,w,WIFE,w,lower_first,lowercase+first_letter,True
W I N D O W,w,WINDOW,w,lower_first,lowercase+first_letter,True
W I N E,w,WINE,w,lower_first,lowercase+first_letter,True
W O L F,w,WOLF,w,lower_first,lowercase+first_letter,True
W O M A N,w,WOMAN,w,lower_first,lowercase+first_letter,True
W O R D,w,WORD,w,lower_first,lowercase+first_letter,True
W O R K,w,WORK,w,lower_first,lowercase+first_letter,True
W O R K E R,w,WORKER,w,lower_first,lowercase+first_letter,True
W O R L D,w,WORLD,w,lower_first,lowercase+first_letter,True
W R I T E,w,WRITE,w,lower_first,lowercase+first_letter,True
W R I T E R,w,WRITER,w,lower_first,lowercase+first_letter,True
Y E A R,y,YEAR,y,lower_first,lowercase+first_letter,True
Y E L L O W,y,YELLOW,y,lower_first,lowercase+first_letter,True
Y E S,y,YES,y,lower_first,lowercase+first_letter,True
Y E S T E R D A Y,y,YESTERDAY,y,lower_first,lowercase+first_letter,True
Y O U N G,y,YOUNG,y,lower_first,lowercase+first_letter,True
Á R B O L,á,ÁRBOL,á,lower_first,lowercase+first_letter,True
É C O L E,é,ÉCOLE,é,lower_first,lowercase+first_letter,True
É T O I L E,é,ÉTOILE,é,lower_first,lowercase+first_letter,True
É T R O I T,é,ÉTROIT,é,lower_first,lowercase+first_letter,True
É T U D I A N T,é,ÉTUDIANT,é,lower_first,lowercase+first_letter,True
Ú L T I M O,ú,ÚLTIMO,ú,lower_first,lowercase+first_letter,True
Œ I L,œ,ŒIL,œ,lower_first,lowercase+first_letter,True
a f g h a n i s t a n,N,afghanistan,N,upper_last,uppercase+last_letter,True
a l b a n i a,A,albania,A,upper_last,uppercase+last_letter,True
a l g e r i a,A,algeria,A,upper_last,uppercase+last_letter,True
a n d o r r a,A,andorra,A,upper_last,uppercase+last_letter,True
a n g o l a,A,angola,A,upper_last,uppercase+last_letter,True
a r g e n t i n a,A,argentina,A,upper_last,uppercase+last_letter,True
a r m e n i a,A,armenia,A,upper_last,uppercase+last_letter,True
a u s t r a l i a,A,australia,A,upper_last,uppercase+last_letter,True
a u s t r i a,A,austria,A,upper_last,uppercase+last_letter,True
a z e r b a i j a n,N,azerbaijan,N,upper_last,uppercase+last_letter,True
b a h a m a s,S,bahamas,S,upper_last,uppercase+last_letter,True
b a h r a i n,N,bahrain,N,upper_last,uppercase+last_letter,True
b a n g l a d e s h,H,bangladesh,H,upper_last,uppercase+last_letter,True
b a r b a d o s,S,barbados,S,upper_last,uppercase+last_letter,True
b e l a r u s,S,belarus,S,upper_last,uppercase+last_letter,True
b e l g i u m,M,belgium,M,upper_last,uppercase+last_letter,True
b e l i z e,E,belize,E,upper_last,uppercase+last_letter,True
b e n i n,N,benin,N,upper_last,uppercase+last_letter,True
b h u t a n,N,bhutan,N,upper_last,uppercase+last_letter,True
b o l i v i a,A,bolivia,A,upper_last,uppercase+last_letter,True
b o t s w a n a,A,botswana,A,upper_last,uppercase+last_letter,True
b r a z i l,L,brazil,L,upper_last,uppercase+last_letter,True
b r u n e i,I,brunei,I,upper_last,uppercase+last_letter,True
b u l g a r i a,A,bulgaria,A,upper_last,uppercase+last_letter,True
b u r u n d i,I,burundi,I,upper_last,uppercase+last_letter,True
c a m b o d i a,A,cambodia,A,upper_last,uppercase+last_letter,True
c a m e r o o n,N,cameroon,N,upper_last,uppercase+last_letter,True
c a n a d a,A,canada,A,upper_last,uppercase+last_letter,True
c h a d,D,chad,D,upper_last,uppercase+last_letter,True
c h i l e,E,chile,E,upper_last,uppercase+last_letter,True
c h i n a,A,china,A,upper_last,uppercase+last_letter,True
c o l o m b i a,A,colombia,A,upper_last,uppercase+last_letter,True
c o m o r o s,S,comoros,S,upper_last,uppercase+last_letter,True
c o n g o,O,congo,O,upper_last,uppercase+last_letter,True
c r o a t i a,A,croatia,A,upper_last,uppercase+last_letter,True
c u b a,A,cuba,A,upper_last,uppercase+last_letter,True
c y p r u s,S,cyprus,S,upper_last,uppercase+last_letter,True
d e n m a r k,K,denmark,K,upper_last,uppercase+last_letter,True
d j i b o u t i,I,djibouti,I,upper_last,uppercase+last_letter,True
d o m i n i c a,A,dominica,A,upper_last,uppercase+last_letter,True
e c u a d o r,R,ecuador,R,upper_last,uppercase+last_letter,True
e g y p t,T,egypt,T,upper_last,uppercase+last_letter,True
e r i t r e a,A,eritrea,A,upper_last,uppercase+last_letter,True
e s t o n i a,A,estonia,A,upper_last,uppercase+last_letter,True
e s w a t i n i,I,eswatini,I,upper_last,uppercase+last_letter,True
e t h i o p i a,A,ethiopia,A,upper_last,uppercase+last_letter,True
f i j i,I,fiji,I,upper_last,uppercase+last_letter,True
f i n l a n d,D,finland,D,upper_last,uppercase+last_letter,True
f r a n c e,E,france,E,upper_last,uppercase+last_letter,True
g a b o n,N,gabon,N,upper_last,uppercase+last_letter,True
g a m b i a,A,gambia,A,upper_last,uppercase+last_letter,True
g e o r g i a,A,georgia,A,upper_last,uppercase+last_letter,True
g e r m a n y,Y,germany,Y,upper_last,uppercase+last_letter,True
g h a n a,A,ghana,A,upper_last,uppercase+last_letter,True
g r e e c e,E,greece,E,upper_last,uppercase+last_letter,True
g r e n a d a,A,grenada,A,upper_last,uppercase+last_letter,True
g u a t e m a l a,A,guatemala,A,upper_last,uppercase+last_letter,True
g u i n e a,A,guinea,A,upper_last,uppercase+last_letter,True
g u y a n a,A,guyana,A,upper_last,uppercase+last_letter,True
h a i t i,I,haiti,I,upper_last,uppercase+last_letter,True
h o n d u r a s,S,honduras,S,upper_last,uppercase+last_letter,True
h u n g a r y,Y,hungary,Y,upper_last,uppercase+last_letter,True
i c e l a n d,D,iceland,D,upper_last,uppercase+last_letter,True
i n d i a,A,india,A,upper_last,uppercase+last_letter,True
i n d o n e s i a,A,indonesia,A,upper_last,uppercase+last_letter,True
i r a n,N,iran,N,upper_last,uppercase+last_letter,True
i r a q,Q,iraq,Q,upper_last,uppercase+last_letter,True
i r e l a n d,D,ireland,D,upper_last,uppercase+last_letter,True
i s r a e l,L,israel,L,upper_last,uppercase+last_letter,True
i t a l y,Y,italy,Y,upper_last,uppercase+last_letter,True
j a m a i c a,A,jamaica,A,upper_last,uppercase+last_letter,True
j a p a n,N,japan,N,upper_last,uppercase+last_letter,True
j o r d a n,N,jordan,N,upper_last,uppercase+last_letter,True
k a z a k h s t a n,N,kazakhstan,N,upper_last,uppercase+last_letter,True
k e n y a,A,kenya,A,upper_last,uppercase+last_letter,True
k i r i b a t i,I,kiribati,I,upper_last,uppercase+last_letter,True
k o s o v o,O,kosovo,O,upper_last,uppercase+last_letter,True
k u w a i t,T,kuwait,T,upper_last,uppercase+last_letter,True
k y r g y z s t a n,N,kyrgyzstan,N,upper_last,uppercase+last_letter,True
l a o s,S,laos,S,upper_last,uppercase+last_letter,True
l a t v i a,A,latvia,A,upper_last,uppercase+last_letter,True
l e b a n o n,N,lebanon,N,upper_last,uppercase+last_letter,True
l e s o t h o,O,lesotho,O,upper_last,uppercase+last_letter,True
l i b e r i a,A,liberia,A,upper_last,uppercase+last_letter,True
l i b y a,A,libya,A,upper_last,uppercase+last_letter,True
l i e c h t e n s t e i n,N,liechtenstein,N,upper_last,uppercase+last_letter,True
l i t h u a n i a,A,lithuania,A,upper_last,uppercase+last_letter,True
l u x e m b o u r g,G,luxembourg,G,upper_last,uppercase+last_letter,True
m a d a g a s c a r,R,madagascar,R,upper_last,uppercase+last_letter,True
m a l a w i,I,malawi,I,upper_last,uppercase+last_letter,True
m a l a y s i a,A,malaysia,A,upper_last,uppercase+last_letter,True
m a l d i v e s,S,maldives,S,upper_last,uppercase+last_letter,True
m a l i,I,mali,I,upper_last,uppercase+last_letter,True
m a l t a,A,malta,A,upper_last,uppercase+last_letter,True
m a u r i t a n i a,A,mauritania,A,upper_last,uppercase+last_letter,True
m a u r i t i u s,S,mauritius,S,upper_last,uppercase+last_letter,True
m e x i c o,O,mexico,O,upper_last,uppercase+last_letter,True
m i c r o n e s i a,A,micronesia,A,upper_last,uppercase+last_letter,True
m o l d o v a,A,moldova,A,upper_last,uppercase+last_letter,True
m o n a c o,O,monaco,O,upper_last,uppercase+last_letter,True
m o n g o l i a,A,mongolia,A,upper_last,uppercase+last_letter,True
m o n t e n e g r o,O,montenegro,O,upper_last,uppercase+last_letter,True
m o r o c c o,O,morocco,O,upper_last,uppercase+last_letter,True
m o z a m b i q u e,E,mozambique,E,upper_last,uppercase+last_letter,True
m y a n m a r,R,myanmar,R,upper_last,uppercase+last_letter,True
n a m i b i a,A,namibia,A,upper_last,uppercase+last_letter,True
n a u r u,U,nauru,U,upper_last,uppercase+last_letter,True
n e p a l,L,nepal,L,upper_last,uppercase+last_letter,True
n e t h e r l a n d s,S,netherlands,S,upper_last,uppercase+last_letter,True
n i c a r a g u a,A,nicaragua,A,upper_last,uppercase+last_letter,True
n i g e r,R,niger,R,upper_last,uppercase+last_letter,True
n i g e r i a,A,nigeria,A,upper_last,uppercase+last_letter,True
n o r w a y,Y,norway,Y,upper_last,uppercase+last_letter,True
o m a n,N,oman,N,upper_last,uppercase+last_letter,True
p a k i s t a n,N,pakistan,N,upper_last,uppercase+last_letter,True
p a l a u,U,palau,U,upper_last,uppercase+last_letter,True
p a l e s t i n e,E,palestine,E,upper_last,uppercase+last_letter,True
p a n a m a,A,panama,A,upper_last,uppercase+last_letter,True
p a r a g u a y,Y,paraguay,Y,upper_last,uppercase+last_letter,True
p e r u,U,peru,U,upper_last,uppercase+last_letter,True
p h i l i p p i n e s,S,philippines,S,upper_last,uppercase+last_letter,True
p o l a n d,D,poland,D,upper_last,uppercase+last_letter,True
p o r t u g a l,L,portugal,L,upper_last,uppercase+last_letter,True
q a t a r,R,qatar,R,upper_last,uppercase+last_letter,True
r o m a n i a,A,romania,A,upper_last,uppercase+last_letter,True
r u s s i a,A,russia,A,upper_last,uppercase+last_letter,True
r w a n d a,A,rwanda,A,upper_last,uppercase+last_letter,True
s a m o a,A,samoa,A,upper_last,uppercase+last_letter,True
s e n e g a l,L,senegal,L,upper_last,uppercase+last_letter,True
s e r b i a,A,serbia,A,upper_last,uppercase+last_letter,True
s e y c h e l l e s,S,seychelles,S,upper_last,uppercase+last_letter,True
s i n g a p o r e,E,singapore,E,upper_last,uppercase+last_letter,True
s l o v a k i a,A,slovakia,A,upper_last,uppercase+last_letter,True
s l o v e n i a,A,slovenia,A,upper_last,uppercase+last_letter,True
s o m a l i a,A,somalia,A,upper_last,uppercase+last_letter,True
s p a i n,N,spain,N,upper_last,uppercase+last_letter,True
s u d a n,N,sudan,N,upper_last,uppercase+last_letter,True
s u r i n a m e,E,suriname,E,upper_last,uppercase+last_letter,True
s w e d e n,N,sweden,N,upper_last,uppercase+last_letter,True
s w i t z e r l a n d,D,switzerland,D,upper_last,uppercase+last_letter,True
s y r i a,A,syria,A,upper_last,uppercase+last_letter,True
t a i w a n,N,taiwan,N,upper_last,uppercase+last_letter,True
t a j i k i s t a n,N,tajikistan,N,upper_last,uppercase+last_letter,True
t a n z a n i a,A,tanzania,A,upper_last,uppercase+last_letter,True
t h a i l a n d,D,thailand,D,upper_last,uppercase+last_letter,True
t o g o,O,togo,O,upper_last,uppercase+last_letter,True
t o n g a,A,tonga,A,upper_last,uppercase+last_letter,True
t u n i s i a,A,tunisia,A,upper_last,uppercase+last_letter,True
t u r k e y,Y,turkey,Y,upper_last,uppercase+last_letter,True
t u r k m e n i s t a n,N,turkmenistan,N,upper_last,uppercase+last_letter,True
t u v a l u,U,tuvalu,U,upper_last,uppercase+last_letter,True
u a e,E,uae,E,upper_last,uppercase+last_letter,True
u g a n d a,A,uganda,A,upper_last,uppercase+last_letter,True
u k r a i n e,E,ukraine,E,upper_last,uppercase+last_letter,True
u r u g u a y,Y,uruguay,Y,upper_last,uppercase+last_letter,True
u z b e k i s t a n,N,uzbekistan,N,upper_last,uppercase+last_letter,True
v a n u a t u,U,vanuatu,U,upper_last,uppercase+last_letter,True
v e n e z u e l a,A,venezuela,A,upper_last,uppercase+last_letter,True
v i e t n a m,M,vietnam,M,upper_last,uppercase+last_letter,True
y e m e n,N,yemen,N,upper_last,uppercase+last_letter,True
z a m b i a,A,zambia,A,upper_last,uppercase+last_letter,True
z i m b a b w e,E,zimbabwe,E,upper_last,uppercase+last_letter,True
a b a j o,O,abajo,O,upper_last,uppercase+last_letter,True
a b i e r t o,O,abierto,O,upper_last,uppercase+last_letter,True
a b o g a d o,O,abogado,O,upper_last,uppercase+last_letter,True
a b u e l a,A,abuela,A,upper_last,uppercase+last_letter,True
a b u e l o,O,abuelo,O,upper_last,uppercase+last_letter,True
a c c e l e r a t e,E,accelerate,E,upper_last,uppercase+last_letter,True
a c h i e v e,E,achieve,E,upper_last,uppercase+last_letter,True
a c t i v a t e,E,activate,E,upper_last,uppercase+last_letter,True
a c t o r,R,actor,R,upper_last,uppercase+last_letter,True
a c t r e s s,S,actress,S,upper_last,uppercase+last_letter,True
a d i ó s,S,adiós,S,upper_last,uppercase+last_letter,True
a d v e r t i s e,E,advertise,E,upper_last,uppercase+last_letter,True
a g u a,A,agua,A,upper_last,uppercase+last_letter,True
a l t o,O,alto,O,upper_last,uppercase+last_letter,True
a m a r i l l o,O,amarillo,O,upper_last,uppercase+last_letter,True
a m i,I,ami,I,upper_last,uppercase+last_letter,True
a m i g o,O,amigo,O,upper_last,uppercase+last_letter,True
a n,N,an,N,upper_last,uppercase+last_letter,True
a n a l y s i s,S,analysis,S,upper_last,uppercase+last_letter,True
a n c h o,O,ancho,O,upper_last,uppercase+last_letter,True
a n t i c i p a t e,E,anticipate,E,upper_last,uppercase+last_letter,True
a p o l o g i z e,E,apologize,E,upper_last,uppercase+last_letter,True
a p p l e,E,apple,E,upper_last,uppercase+last_letter,True
a p p r e c i a t e,E,appreciate,E,upper_last,uppercase+last_letter,True
a r b r e,E,arbre,E,upper_last,uppercase+last_letter,True
a r g u e,E,argue,E,upper_last,uppercase+last_letter,True
a r m,M,arm,M,upper_last,uppercase+last_letter,True
a r r i b a,A,arriba,A,upper_last,uppercase+last_letter,True
a r r i v e,E,arrive,E,upper_last,uppercase+last_letter,True
a r t e r y,Y,artery,Y,upper_last,uppercase+last_letter,True
a r t i s t,T,artist,T,upper_last,uppercase+last_letter,True
a r t i s t a,A,artista,A,upper_last,uppercase+last_letter,True
a r t i s t e,E,artiste,E,upper_last,uppercase+last_letter,True
a t r á s,S,atrás,S,upper_last,uppercase+last_letter,True
a u n t,T,aunt,T,upper_last,uppercase+last_letter,True
a v o c a t,T,avocat,T,upper_last,uppercase+last_letter,True
a x i s,S,axis,S,upper_last,uppercase+last_letter,True
a y e r,R,ayer,R,upper_last,uppercase+last_letter,True
a z u l,L,azul,L,upper_last,uppercase+last_letter,True
a z ú c a r,R,azúcar,R,upper_last,uppercase+last_letter,True
a ñ o,O,año,O,upper_last,uppercase+last_letter,True
b a b y,Y,baby,Y,upper_last,uppercase+last_letter,True
b a c k,K,back,K,upper_last,uppercase+last_letter,True
b a d,D,bad,D,upper_last,uppercase+last_letter,True
b a i l e,E,baile,E,upper_last,uppercase+last_letter,True
b a j o,O,bajo,O,upper_last,uppercase+last_letter,True
b a k e,E,bake,E,upper_last,uppercase+last_letter,True
b a k e r,R,baker,R,upper_last,uppercase+last_letter,True
b a l l,L,ball,L,upper_last,uppercase+last_letter,True
b a l l e,E,balle,E,upper_last,uppercase+last_letter,True
b a n a n a,A,banana,A,upper_last,uppercase+last_letter,True
b a s,S,bas,S,upper_last,uppercase+last_letter,True
b a s i s,S,basis,S,upper_last,uppercase+last_letter,True
b a y,Y,bay,Y,upper_last,uppercase+last_letter,True
b e a c h,H,beach,H,upper_last,uppercase+last_letter,True
b e a u,U,beau,U,upper_last,uppercase+last_letter,True
b e a u t i f u l,L,beautiful,L,upper_last,uppercase+last_letter,True
b e b é,É,bebé,É,upper_last,uppercase+last_letter,True
b e g i n,N,begin,N,upper_last,uppercase+last_letter,True
b e l i e f,F,belief,F,upper_last,uppercase+last_letter,True
b e l i e v e,E,believe,E,upper_last,uppercase+last_letter,True
b e n d,D,bend,D,upper_last,uppercase+last_letter,True
b e r r y,Y,berry,Y,upper_last,uppercase+last_letter,True
b i g,G,big,G,upper_last,uppercase+last_letter,True
b i k e,E,bike,E,upper_last,uppercase+last_letter,True
b i r d,D,bird,D,upper_last,uppercase+last_letter,True
b l a c k,K,black,K,upper_last,uppercase+last_letter,True
b l a n c,C,blanc,C,upper_last,uppercase+last_letter,True
b l a n c o,O,blanco,O,upper_last,uppercase+last_letter,True
b l e u,U,bleu,U,upper_last,uppercase+last_letter,True
b l u e,E,blue,E,upper_last,uppercase+last_letter,True
b o c a,A,boca,A,upper_last,uppercase+last_letter,True
b o d y,Y,body,Y,upper_last,uppercase+last_letter,True
b o n,N,bon,N,upper_last,uppercase+last_letter,True
b o n e,E,bone,E,upper_last,uppercase+last_letter,True
b o n j o u r,R,bonjour,R,upper_last,uppercase+last_letter,True
b o n s o i r,R,bonsoir,R,upper_last,uppercase+last_letter,True
b o o k,K,book,K,upper_last,uppercase+last_letter,True
b o u c h e,E,bouche,E,upper_last,uppercase+last_letter,True
b o x,X,box,X,upper_last,uppercase+last_letter,True
b o y,Y,boy,Y,upper_last,uppercase+last_letter,True
b r a i n,N,brain,N,upper_last,uppercase+last_letter,True
b r e a d,D,bread,D,upper_last,uppercase+last_letter,True
b r o t h e r,R,brother,R,upper_last,uppercase+last_letter,True
b r o w n,N,brown,N,upper_last,uppercase+last_letter,True
b r u s h,H,brush,H,upper_last,uppercase+last_letter,True
b u e n o,O,bueno,O,upper_last,uppercase+last_letter,True
b u i l d,D,build,D,upper_last,uppercase+last_letter,True
b u i l d e r,R,builder,R,upper_last,uppercase+last_letter,True
b u s,S,bus,S,upper_last,uppercase+last_letter,True
b u t c h e r,R,butcher,R,upper_last,uppercase+last_letter,True
b u t t e r f l y,Y,butterfly,Y,upper_last,uppercase+last_letter,True
b é b é,É,bébé,É,upper_last,uppercase+last_letter,True
c a b a l l o,O,caballo,O,upper_last,uppercase+last_letter,True
c a b e z a,A,cabeza,A,upper_last,uppercase+last_letter,True
c a f é,É,café,É,upper_last,uppercase+last_letter,True
c a l c u l a t e,E,calculate,E,upper_last,uppercase+last_letter,True
c a l f,F,calf,F,upper_last,uppercase+last_letter,True
c a l i e n t e,E,caliente,E,upper_last,uppercase+last_letter,True
c a l l e,E,calle,E,upper_last,uppercase+last_letter,True
c a m p,P,camp,P,upper_last,uppercase+last_letter,True
c a n c i ó n,N,canción,N,upper_last,uppercase+last_letter,True
c a n t a n t e,E,cantante,E,upper_last,uppercase+last_letter,True
c a r,R,car,R,upper_last,uppercase+last_letter,True
c a r e,E,care,E,upper_last,uppercase+last_letter,True
c a r g o,O,cargo,O,upper_last,uppercase+last_letter,True
c a r r y,Y,carry,Y,upper_last,uppercase+last_letter,True
c a r t a,A,carta,A,upper_last,uppercase+last_letter,True
c a s a,A,casa,A,upper_last,uppercase+last_letter,True
c a t,T,cat,T,upper_last,uppercase+last_letter,True
c a t c h,H,catch,H,upper_last,uppercase+last_letter,True
c e l e b r a t e,E,celebrate,E,upper_last,uppercase+last_letter,True
c e n t,T,cent,T,upper_last,uppercase+last_letter,True
c e r c a,A,cerca,A,upper_last,uppercase+last_letter,True
c e r e b r o,O,cerebro,O,upper_last,uppercase+last_letter,True
c e r r a d o,O,cerrado,O,upper_last,uppercase+last_letter,True
c e r v e a u,U,cerveau,U,upper_last,uppercase+last_letter,True
c h a i r,R,chair,R,upper_last,uppercase+last_letter,True
c h a i s e,E,chaise,E,upper_last,uppercase+last_letter,True
c h a n g e,E,change,E,upper_last,uppercase+last_letter,True
c h a n s o n,N,chanson,N,upper_last,uppercase+last_letter,True
c h a t,T,chat,T,upper_last,uppercase+last_letter,True
c h a u d,D,chaud,D,upper_last,uppercase+last_letter,True
c h e e s e,E,cheese,E,upper_last,uppercase+last_letter,True
c h e f,F,chef,F,upper_last,uppercase+last_letter,True
c h e v a l,L,cheval,L,upper_last,uppercase+last_letter,True
c h i e f,F,chief,F,upper_last,uppercase+last_letter,True
c h i e n,N,chien,N,upper_last,uppercase+last_letter,True
c h i l d,D,child,D,upper_last,uppercase+last_letter,True
c h u r c h,H,church,H,upper_last,uppercase+last_letter,True
c i e n,N,cien,N,upper_last,uppercase+last_letter,True
c i n c o,O,cinco,O,upper_last,uppercase+last_letter,True
c i n q,Q,cinq,Q,upper_last,uppercase+last_letter,True
c i t y,Y,city,Y,upper_last,uppercase+last_letter,True
c i u d a d,D,ciudad,D,upper_last,uppercase+last_letter,True
c l a s s,S,class,S,upper_last,uppercase+last_letter,True
c l e a n,N,clean,N,upper_last,uppercase+last_letter,True
c l e r k,K,clerk,K,upper_last,uppercase+last_letter,True
c l i f f,F,cliff,F,upper_last,uppercase+last_letter,True
c l i m b,B,climb,B,upper_last,uppercase+last_letter,True
c l o s e,E,close,E,upper_last,uppercase+last_letter,True
c l o s e d,D,closed,D,upper_last,uppercase+last_letter,True
c o c h e,E,coche,E,upper_last,uppercase+last_letter,True
c o f f e e,E,coffee,E,upper_last,uppercase+last_letter,True
c o l d,D,cold,D,upper_last,uppercase+last_letter,True
c o m e,E,come,E,upper_last,uppercase+last_letter,True
c o m i d a,A,comida,A,upper_last,uppercase+last_letter,True
c o m m u n i c a t e,E,communicate,E,upper_last,uppercase+last_letter,True
c o m p e t e,E,compete,E,upper_last,uppercase+last_letter,True
c o m p l e t e,E,complete,E,upper_last,uppercase+last_letter,True
c o m p u t e r,R,computer,R,upper_last,uppercase+last_letter,True
c o n c e n t r a t e,E,concentrate,E,upper_last,uppercase+last_letter,True
c o n t e m p l a t e,E,contemplate,E,upper_last,uppercase+last_letter,True
c o n t i n u e,E,continue,E,upper_last,uppercase+last_letter,True
c o o k,K,cook,K,upper_last,uppercase+last_letter,True
c o o p e r a t e,E,cooperate,E,upper_last,uppercase+last_letter,True
c o o r d i n a t e,E,coordinate,E,upper_last,uppercase+last_letter,True
c o r a z ó n,N,corazón,N,upper_last,uppercase+last_letter,True
c o r p s,S,corps,S,upper_last,uppercase+last_letter,True
c o r t o,O,corto,O,upper_last,uppercase+last_letter,True
c o u n t r y,Y,country,Y,upper_last,uppercase+last_letter,True
c o u r t,T,court,T,upper_last,uppercase+last_letter,True
c o u s i n,N,cousin,N,upper_last,uppercase+last_letter,True
c r e a t e,E,create,E,upper_last,uppercase+last_letter,True
c r i s i s,S,crisis,S,upper_last,uppercase+last_letter,True
c r i t e r i o n,N,criterion,N,upper_last,uppercase+last_letter,True
c r i t i c i z e,E,criticize,E,upper_last,uppercase+last_letter,True
c r y,Y,cry,Y,upper_last,uppercase+last_letter,True
c u a t r o,O,cuatro,O,upper_last,uppercase+last_letter,True
c u e r p o,O,cuerpo,O,upper_last,uppercase+last_letter,True
c u l t i v a t e,E,cultivate,E,upper_last,uppercase+last_letter,True
c u p,P,cup,P,upper_last,uppercase+last_letter,True
c u r r i c u l u m,M,curriculum,M,upper_last,uppercase+last_letter,True
c œ u r,R,cœur,R,upper_last,uppercase+last_letter,True
d a n c e,E,dance,E,upper_last,uppercase+last_letter,True
d a n c e r,R,dancer,R,upper_last,uppercase+last_letter,True
d a n s e,E,danse,E,upper_last,uppercase+last_letter,True
d a t u m,M,datum,M,upper_last,uppercase+last_letter,True
d a u g h t e r,R,daughter,R,upper_last,uppercase+last_letter,True
d a y,Y,day,Y,upper_last,uppercase+last_letter,True
d e c i d e,E,decide,E,upper_last,uppercase+last_letter,True
d e c o r a t e,E,decorate,E,upper_last,uppercase+last_letter,True
d e d a n s,S,dedans,S,upper_last,uppercase+last_letter,True
d e d i c a t e,E,dedicate,E,upper_last,uppercase+last_letter,True
d e e r,R,deer,R,upper_last,uppercase+last_letter,True
d e f e a t,T,defeat,T,upper_last,uppercase+last_letter,True
d e h o r s,S,dehors,S,upper_last,uppercase+last_letter,True
d e l e t e,E,delete,E,upper_last,uppercase+last_letter,True
d e m a i n,N,demain,N,upper_last,uppercase+last_letter,True
d e m o n s t r a t e,E,demonstrate,E,upper_last,uppercase+last_letter,True
d e n t r o,O,dentro,O,upper_last,uppercase+last_letter,True
d e p o r t e,E,deporte,E,upper_last,uppercase+last_letter,True
d e r e c h o,O,derecho,O,upper_last,uppercase+last_letter,True
d e r n i e r,R,dernier,R,upper_last,uppercase+last_letter,True
d e r r i è r e,E,derrière,E,upper_last,uppercase+last_letter,True
d e s i g n a t e,E,designate,E,upper_last,uppercase+last_letter,True
d e t e r m i n e,E,determine,E,upper_last,uppercase+last_letter,True
d e u x,X,deux,X,upper_last,uppercase+last_letter,True
d e v a n t,T,devant,T,upper_last,uppercase+last_letter,True
d e v i a t e,E,deviate,E,upper_last,uppercase+last_letter,True
d i e z,Z,diez,Z,upper_last,uppercase+last_letter,True
d i f f i c i l e,E,difficile,E,upper_last,uppercase+last_letter,True
d i f f i c u l t,T,difficult,T,upper_last,uppercase+last_letter,True
d i f í c i l,L,difícil,L,upper_last,uppercase+last_letter,True
d i r e c t o r,R,director,R,upper_last,uppercase+last_letter,True
d i r t y,Y,dirty,Y,upper_last,uppercase+last_letter,True
d i s h,H,dish,H,upper_last,uppercase+last_letter,True
d i x,X,dix,X,upper_last,uppercase+last_letter,True
d o c t o r,R,doctor,R,upper_last,uppercase+last_letter,True
d o g,G,dog,G,upper_last,uppercase+last_letter,True
d o m i n a t e,E,dominate,E,upper_last,uppercase+last_letter,True
d o o r,R,door,R,upper_last,uppercase+last_letter,True
d o s,S,dos,S,upper_last,uppercase+last_letter,True
d o w n,N,down,N,upper_last,uppercase+last_letter,True
d r a w,W,draw,W,upper_last,uppercase+last_letter,True
d r i n k,K,drink,K,upper_last,uppercase+last_letter,True
d r i v e,E,drive,E,upper_last,uppercase+last_letter,True
d r i v e r,R,driver,R,upper_last,uppercase+last_letter,True
d r o i t,T,droit,T,upper_last,uppercase+last_letter,True
d u c h e s s,S,duchess,S,upper_last,uppercase+last_letter,True
d u k e,E,duke,E,upper_last,uppercase+last_letter,True
d w a r f,F,dwarf,F,upper_last,uppercase+last_letter,True
d é b i l,L,débil,L,upper_last,uppercase+last_letter,True
d í a,A,día,A,upper_last,uppercase+last_letter,True
e a r,R,ear,R,upper_last,uppercase+last_letter,True
e a s y,Y,easy,Y,upper_last,uppercase+last_letter,True
e a t,T,eat,T,upper_last,uppercase+last_letter,True
e a u,U,eau,U,upper_last,uppercase+last_letter,True
e c h o,O,echo,O,upper_last,uppercase+last_letter,True
e d u c a t e,E,educate,E,upper_last,uppercase+last_letter,True
e i g h t,T,eight,T,upper_last,uppercase+last_letter,True
e l f,F,elf,F,upper_last,uppercase+last_letter,True
e l i m i n a t e,E,eliminate,E,upper_last,uppercase+last_letter,True
e m p e r o r,R,emperor,R,upper_last,uppercase+last_letter,True
e m p r e s s,S,empress,S,upper_last,uppercase+last_letter,True
e m p t y,Y,empty,Y,upper_last,uppercase+last_letter,True
e n d,D,end,D,upper_last,uppercase+last_letter,True
e n f a n t,T,enfant,T,upper_last,uppercase+last_letter,True
e n f e r m e r a,A,enfermera,A,upper_last,uppercase+last_letter,True
e n g i n e e r,R,engineer,R,upper_last,uppercase+last_letter,True
e s c a l a t e,E,escalate,E,upper_last,uppercase+last_letter,True
e s c u e l a,A,escuela,A,upper_last,uppercase+last_letter,True
e s p o s a,A,esposa,A,upper_last,uppercase+last_letter,True
e s p o s o,O,esposo,O,upper_last,uppercase+last_letter,True
e s t r e c h o,O,estrecho,O,upper_last,uppercase+last_letter,True
e s t r e l l a,A,estrella,A,upper_last,uppercase+last_letter,True
e s t u d i a n t e,E,estudiante,E,upper_last,uppercase+last_letter,True
e v a l u a t e,E,evaluate,E,upper_last,uppercase+last_letter,True
e v a p o r a t e,E,evaporate,E,upper_last,uppercase+last_letter,True
e x a g g e r a t e,E,exaggerate,E,upper_last,uppercase+last_letter,True
e x a m i n e,E,examine,E,upper_last,uppercase+last_letter,True
e x c i t e,E,excite,E,upper_last,uppercase+last_letter,True
e x e r c i s e,E,exercise,E,upper_last,uppercase+last_letter,True
e x p l o r e,E,explore,E,upper_last,uppercase+last_letter,True
e y e,E,eye,E,upper_last,uppercase+last_letter,True
f a c i l e,E,facile,E,upper_last,uppercase+last_letter,True
f a i b l e,E,faible,E,upper_last,uppercase+last_letter,True
f a m i l i a,A,familia,A,upper_last,uppercase+last_letter,True
f a m i l l e,E,famille,E,upper_last,uppercase+last_letter,True
f a m i l y,Y,family,Y,upper_last,uppercase+last_letter,True
f a r,R,far,R,upper_last,uppercase+last_letter,True
f a r m e r,R,farmer,R,upper_last,uppercase+last_letter,True
f a s c i n a t e,E,fascinate,E,upper_last,uppercase+last_letter,True
f a s t,T,fast,T,upper_last,uppercase+last_letter,True
f a t h e r,R,father,R,upper_last,uppercase+last_letter,True
f e e l,L,feel,L,upper_last,uppercase+last_letter,True
f e l i z,Z,feliz,Z,upper_last,uppercase+last_letter,True
f e m m e,E,femme,E,upper_last,uppercase+last_letter,True
f e n ê t r e,E,fenêtre,E,upper_last,uppercase+last_letter,True
f e o,O,feo,O,upper_last,uppercase+last_letter,True
f e r m i e r,R,fermier,R,upper_last,uppercase+last_letter,True
f e r m é,É,fermé,É,upper_last,uppercase+last_letter,True
f i l l e,E,fille,E,upper_last,uppercase+last_letter,True
f i l s,S,fils,S,upper_last,uppercase+last_letter,True
f i n g e r,R,finger,R,upper_last,uppercase+last_letter,True
f i n i s h,H,finish,H,upper_last,uppercase+last_letter,True
f i r s t,T,first,T,upper_last,uppercase+last_letter,True
f i s h,H,fish,H,upper_last,uppercase+last_letter,True
f i v e,E,five,E,upper_last,uppercase+last_letter,True
f l e u r,R,fleur,R,upper_last,uppercase+last_letter,True
f l o r,R,flor,R,upper_last,uppercase+last_letter,True
f l o w e r,R,flower,R,upper_last,uppercase+last_letter,True
f l y,Y,fly,Y,upper_last,uppercase+last_letter,True
f o o d,D,food,D,upper_last,uppercase+last_letter,True
f o o t,T,foot,T,upper_last,uppercase+last_letter,True
f o r k,K,fork,K,upper_last,uppercase+last_letter,True
f o r t,T,fort,T,upper_last,uppercase+last_letter,True
f o u r,R,four,R,upper_last,uppercase+last_letter,True
f o x,X,fox,X,upper_last,uppercase+last_letter,True
f r a s e,E,frase,E,upper_last,uppercase+last_letter,True
f r e n t e,E,frente,E,upper_last,uppercase+last_letter,True
f r i e n d,D,friend,D,upper_last,uppercase+last_letter,True
f r o i d,D,froid,D,upper_last,uppercase+last_letter,True
f r o m a g e,E,fromage,E,upper_last,uppercase+last_letter,True
f r o n t,T,front,T,upper_last,uppercase+last_letter,True
f r è r e,E,frère,E,upper_last,uppercase+last_letter,True
f r í o,O,frío,O,upper_last,uppercase+last_letter,True
f u e r a,A,fuera,A,upper_last,uppercase+last_letter,True
f u e r t e,E,fuerte,E,upper_last,uppercase+last_letter,True
f u l l,L,full,L,upper_last,uppercase+last_letter,True
f á c i l,L,fácil,L,upper_last,uppercase+last_letter,True
g a m e,E,game,E,upper_last,uppercase+last_letter,True
g a r ç o n,N,garçon,N,upper_last,uppercase+last_letter,True
g a t o,O,gato,O,upper_last,uppercase+last_letter,True
g a u c h e,E,gauche,E,upper_last,uppercase+last_letter,True
g e n e r a t e,E,generate,E,upper_last,uppercase+last_letter,True
g i r l,L,girl,L,upper_last,uppercase+last_letter,True
g i v e,E,give,E,upper_last,uppercase+last_letter,True
g l a s s,S,glass,S,upper_last,uppercase+last_letter,True
g o o d,D,good,D,upper_last,uppercase+last_letter,True
g o o d b y e,E,goodbye,E,upper_last,uppercase+last_letter,True
g o o s e,E,goose,E,upper_last,uppercase+last_letter,True
g r a c i a s,S,gracias,S,upper_last,uppercase+last_letter,True
g r a n d,D,grand,D,upper_last,uppercase+last_letter,True
g r a n d e,E,grande,E,upper_last,uppercase+last_letter,True
g r a n d f a t h e r,R,grandfather,R,upper_last,uppercase+last_letter,True
g r a n d m o t h e r,R,grandmother,R,upper_last,uppercase+last_letter,True
g r a n j e r o,O,granjero,O,upper_last,uppercase+last_letter,True
g r a y,Y,gray,Y,upper_last,uppercase+last_letter,True
g r e e n,N,green,N,upper_last,uppercase+last_letter,True
g r e e t,T,greet,T,upper_last,uppercase+last_letter,True
g r i e f,F,grief,F,upper_last,uppercase+last_letter,True
g r i s,S,gris,S,upper_last,uppercase+last_letter,True
g u l f,F,gulf,F,upper_last,uppercase+last_letter,True
g u y,Y,guy,Y,upper_last,uppercase+last_letter,True
h a l f,F,half,F,upper_last,uppercase+last_letter,True
h a n d,D,hand,D,upper_last,uppercase+last_letter,True
h a p p y,Y,happy,Y,upper_last,uppercase+last_letter,True
h a t e,E,hate,E,upper_last,uppercase+last_letter,True
h a u t,T,haut,T,upper_last,uppercase+last_letter,True
h e a d,D,head,D,upper_last,uppercase+last_letter,True
h e a r,R,hear,R,upper_last,uppercase+last_letter,True
h e a r t,T,heart,T,upper_last,uppercase+last_letter,True
h e a v y,Y,heavy,Y,upper_last,uppercase+last_letter,True
h e l l o,O,hello,O,upper_last,uppercase+last_letter,True
h e l p,P,help,P,upper_last,uppercase+last_letter,True
h e r m a n a,A,hermana,A,upper_last,uppercase+last_letter,True
h e r m a n o,O,hermano,O,upper_last,uppercase+last_letter,True
h e r m o s o,O,hermoso,O,upper_last,uppercase+last_letter,True
h e r o,O,hero,O,upper_last,uppercase+last_letter,True
h e r o i n e,E,heroine,E,upper_last,uppercase+last_letter,True
h e s i t a t e,E,hesitate,E,upper_last,uppercase+last_letter,True
h e u r e u x,X,heureux,X,upper_last,uppercase+last_letter,True
h i b e r n a t e,E,hibernate,E,upper_last,uppercase+last_letter,True
h i e r,R,hier,R,upper_last,uppercase+last_letter,True
h i g h,H,high,H,upper_last,uppercase+last_letter,True
h i j a,A,hija,A,upper_last,uppercase+last_letter,True
h i j o,O,hijo,O,upper_last,uppercase+last_letter,True
h i k e,E,hike,E,upper_last,uppercase+last_letter,True
h o l a,A,hola,A,upper_last,uppercase+last_letter,True
h o l d,D,hold,D,upper_last,uppercase+last_letter,True
h o m b r e,E,hombre,E,upper_last,uppercase+last_letter,True
h o m m e,E,homme,E,upper_last,uppercase+last_letter,True
h o o f,F,hoof,F,upper_last,uppercase+last_letter,True
h o p e,E,hope,E,upper_last,uppercase+last_letter,True
h o r s e,E,horse,E,upper_last,uppercase+last_letter,True
h o t,T,hot,T,upper_last,uppercase+last_letter,True
h o u s e,E,house,E,upper_last,uppercase+last_letter,True
h o y,Y,hoy,Y,upper_last,uppercase+last_letter,True
h u i t,T,huit,T,upper_last,uppercase+last_letter,True
h u n d r e d,D,hundred,D,upper_last,uppercase+last_letter,True
h u n t,T,hunt,T,upper_last,uppercase+last_letter,True
h u s b a n d,D,husband,D,upper_last,uppercase+last_letter,True
i l l u s t r a t e,E,illustrate,E,upper_last,uppercase+last_letter,True
i m a g i n e,E,imagine,E,upper_last,uppercase+last_letter,True
i m i t a t e,E,imitate,E,upper_last,uppercase+last_letter,True
i m p r o v e,E,improve,E,upper_last,uppercase+last_letter,True
i n c o r p o r a t e,E,incorporate,E,upper_last,uppercase+last_letter,True
i n f i r m i è r e,E,infirmière,E,upper_last,uppercase+last_letter,True
i n i t i a t e,E,initiate,E,upper_last,uppercase+last_letter,True
i n n o v a t e,E,innovate,E,upper_last,uppercase+last_letter,True
i n s i d e,E,inside,E,upper_last,uppercase+last_letter,True
i n t e g r a t e,E,integrate,E,upper_last,uppercase+last_letter,True
i n v e s t i g a t e,E,investigate,E,upper_last,uppercase+last_letter,True
i n v i t e,E,invite,E,upper_last,uppercase+last_letter,True
i r r i t a t e,E,irritate,E,upper_last,uppercase+last_letter,True
i s s u e,E,issue,E,upper_last,uppercase+last_letter,True
i z q u i e r d o,O,izquierdo,O,upper_last,uppercase+last_letter,True
j a u n e,E,jaune,E,upper_last,uppercase+last_letter,True
j e u,U,jeu,U,upper_last,uppercase+last_letter,True
j e u n e,E,jeune,E,upper_last,uppercase+last_letter,True
j o u r,R,jour,R,upper_last,uppercase+last_letter,True
j o v e n,N,joven,N,upper_last,uppercase+last_letter,True
j u e g o,O,juego,O,upper_last,uppercase+last_letter,True
j u m p,P,jump,P,upper_last,uppercase+last_letter,True
k e y,Y,key,Y,upper_last,uppercase+last_letter,True
k i d n e y,Y,kidney,Y,upper_last,uppercase+last_letter,True
k i n g,G,king,G,upper_last,uppercase+last_letter,True
k i s s,S,kiss,S,upper_last,uppercase+last_letter,True
k n e e l,L,kneel,L,upper_last,uppercase+last_letter,True
k n i f e,E,knife,E,upper_last,uppercase+last_letter,True
k n i g h t,T,knight,T,upper_last,uppercase+last_letter,True
l a d y,Y,lady,Y,upper_last,uppercase+last_letter,True
l a i d,D,laid,D,upper_last,uppercase+last_letter,True
l a i t,T,lait,T,upper_last,uppercase+last_letter,True
l a r g e,E,large,E,upper_last,uppercase+last_letter,True
l a r g o,O,largo,O,upper_last,uppercase+last_letter,True
l a s t,T,last,T,upper_last,uppercase+last_letter,True
l a u g h,H,laugh,H,upper_last,uppercase+last_letter,True
l a w y e r,R,lawyer,R,upper_last,uppercase+last_letter,True
l e a f,F,leaf,F,upper_last,uppercase+last_letter,True
l e a r n,N,learn,N,upper_last,uppercase+last_letter,True
l e a v e,E,leave,E,upper_last,uppercase+last_letter,True
l e c h e,E,leche,E,upper_last,uppercase+last_letter,True
l e f t,T,left,T,upper_last,uppercase+last_letter,True
l e g,G,leg,G,upper_last,uppercase+last_letter,True
l e j o s,S,lejos,S,upper_last,uppercase+last_letter,True
l e n t,T,lent,T,upper_last,uppercase+last_letter,True
l e n t o,O,lento,O,upper_last,uppercase+last_letter,True
l e t t e r,R,letter,R,upper_last,uppercase+last_letter,True
l e t t r e,E,lettre,E,upper_last,uppercase+last_letter,True
l i b r a r y,Y,library,Y,upper_last,uppercase+last_letter,True
l i b r o,O,libro,O,upper_last,uppercase+last_letter,True
l i e,E,lie,E,upper_last,uppercase+last_letter,True
l i f e,E,life,E,upper_last,uppercase+last_letter,True
l i g e r o,O,ligero,O,upper_last,uppercase+last_letter,True
l i g h t,T,light,T,upper_last,uppercase+last_letter,True
l i m p i o,O,limpio,O,upper_last,uppercase+last_letter,True
l i s t e n,N,listen,N,upper_last,uppercase+last_letter,True
l i v e,E,live,E,upper_last,uppercase+last_letter,True
l i v e r,R,liver,R,upper_last,uppercase+last_letter,True
l i v r e,E,livre,E,upper_last,uppercase+last_letter,True
l l e n o,O,lleno,O,upper_last,uppercase+last_letter,True
l o a f,F,loaf,F,upper_last,uppercase+last_letter,True
l o i n,N,loin,N,upper_last,uppercase+last_letter,True
l o n g,G,long,G,upper_last,uppercase+last_letter,True
l o r d,D,lord,D,upper_last,uppercase+last_letter,True
l o u r d,D,lourd,D,upper_last,uppercase+last_letter,True
l o v e,E,love,E,upper_last,uppercase+last_letter,True
l o w,W,low,W,upper_last,uppercase+last_letter,True
l u n a,A,luna,A,upper_last,uppercase+last_letter,True
l u n e,E,lune,E,upper_last,uppercase+last_letter,True
l u n g,G,lung,G,upper_last,uppercase+last_letter,True
l é g e r,R,léger,R,upper_last,uppercase+last_letter,True
m a d r e,E,madre,E,upper_last,uppercase+last_letter,True
m a i n,N,main,N,upper_last,uppercase+last_letter,True
m a i s o n,N,maison,N,upper_last,uppercase+last_letter,True
m a k e,E,make,E,upper_last,uppercase+last_letter,True
m a l o,O,malo,O,upper_last,uppercase+last_letter,True
m a n,N,man,N,upper_last,uppercase+last_letter,True
m a n a g e,E,manage,E,upper_last,uppercase+last_letter,True
m a n a g e r,R,manager,R,upper_last,uppercase+last_letter,True
m a n o,O,mano,O,upper_last,uppercase+last_letter,True
m a n z a n a,A,manzana,A,upper_last,uppercase+last_letter,True
m a r i,I,mari,I,upper_last,uppercase+last_letter,True
m a r r o n,N,marron,N,upper_last,uppercase+last_letter,True
m a r r ó n,N,marrón,N,upper_last,uppercase+last_letter,True
m a u v a i s,S,mauvais,S,upper_last,uppercase+last_letter,True
m a ñ a n a,A,mañana,A,upper_last,uppercase+last_letter,True
m e d i t a t e,E,meditate,E,upper_last,uppercase+last_letter,True
m e d i u m,M,medium,M,upper_last,uppercase+last_letter,True
m e e t,T,meet,T,upper_last,uppercase+last_letter,True
m e r c i,I,merci,I,upper_last,uppercase+last_letter,True
m e s,S,mes,S,upper_last,uppercase+last_letter,True
m e s a,A,mesa,A,upper_last,uppercase+last_letter,True
m i l,L,mil,L,upper_last,uppercase+last_letter,True
m i l k,K,milk,K,upper_last,uppercase+last_letter,True
m i l l e,E,mille,E,upper_last,uppercase+last_letter,True
m o i s,S,mois,S,upper_last,uppercase+last_letter,True
m o n d e,E,monde,E,upper_last,uppercase+last_letter,True
m o n t h,H,month,H,upper_last,uppercase+last_letter,True
m o o n,N,moon,N,upper_last,uppercase+last_letter,True
m o r a d o,O,morado,O,upper_last,uppercase+last_letter,True
m o s q u i t o,O,mosquito,O,upper_last,uppercase+last_letter,True
m o t,T,mot,T,upper_last,uppercase+last_letter,True
m o t h e r,R,mother,R,upper_last,uppercase+last_letter,True
m o t i v a t e,E,motivate,E,upper_last,uppercase+last_letter,True
m o u s e,E,mouse,E,upper_last,uppercase+last_letter,True
m o u t h,H,mouth,H,upper_last,uppercase+last_letter,True
m o v e,E,move,E,upper_last,uppercase+last_letter,True
m u j e r,R,mujer,R,upper_last,uppercase+last_letter,True
m u n d o,O,mundo,O,upper_last,uppercase+last_letter,True
m u s c l e,E,muscle,E,upper_last,uppercase+last_letter,True
m u s i c,C,music,C,upper_last,uppercase+last_letter,True
m u s i c i a n,N,musician,N,upper_last,uppercase+last_letter,True
m u s i c i e n,N,musicien,N,upper_last,uppercase+last_letter,True
m u s i q u e,E,musique,E,upper_last,uppercase+last_letter,True
m è r e,E,mère,E,upper_last,uppercase+last_letter,True
m é d e c i n,N,médecin,N,upper_last,uppercase+last_letter,True
m é d i c o,O,médico,O,upper_last,uppercase+last_letter,True
m ú s i c a,A,música,A,upper_last,uppercase+last_letter,True
m ú s i c o,O,músico,O,upper_last,uppercase+last_letter,True
n a r a n j a,A,naranja,A,upper_last,uppercase+last_letter,True
n a r i z,Z,nariz,Z,upper_last,uppercase+last_letter,True
n a r r o w,W,narrow,W,upper_last,uppercase+last_letter,True
n a v i g a t e,E,navigate,E,upper_last,uppercase+last_letter,True
n e a r,R,near,R,upper_last,uppercase+last_letter,True
n e g o t i a t e,E,negotiate,E,upper_last,uppercase+last_letter,True
n e g r o,O,negro,O,upper_last,uppercase+last_letter,True
n e r v e,E,nerve,E,upper_last,uppercase+last_letter,True
n e u f,F,neuf,F,upper_last,uppercase+last_letter,True
n e w,W,new,W,upper_last,uppercase+last_letter,True
n e z,Z,nez,Z,upper_last,uppercase+last_letter,True
n i g h t,T,night,T,upper_last,uppercase+last_letter,True
n i n e,E,nine,E,upper_last,uppercase+last_letter,True
n i ñ a,A,niña,A,upper_last,uppercase+last_letter,True
n i ñ o,O,niño,O,upper_last,uppercase+last_letter,True
n o,O,no,O,upper_last,uppercase+last_letter,True
n o c h e,E,noche,E,upper_last,uppercase+last_letter,True
n o i r,R,noir,R,upper_last,uppercase+last_letter,True
n o n,N,non,N,upper_last,uppercase+last_letter,True
n o s e,E,nose,E,upper_last,uppercase+last_letter,True
n o t i c e,E,notice,E,upper_last,uppercase+last_letter,True
n o u r r i t u r e,E,nourriture,E,upper_last,uppercase+last_letter,True
n o u v e a u,U,nouveau,U,upper_last,uppercase+last_letter,True
n u e v e,E,nueve,E,upper_last,uppercase+last_letter,True
n u e v o,O,nuevo,O,upper_last,uppercase+last_letter,True
n u i t,T,nuit,T,upper_last,uppercase+last_letter,True
n u r s e,E,nurse,E,upper_last,uppercase+last_letter,True
o a s i s,S,oasis,S,upper_last,uppercase+last_letter,True
o c h o,O,ocho,O,upper_last,uppercase+last_letter,True
o f f i c e r,R,officer,R,upper_last,uppercase+last_letter,True
o i s e a u,U,oiseau,U,upper_last,uppercase+last_letter,True
o j o,O,ojo,O,upper_last,uppercase+last_letter,True
o l d,D,old,D,upper_last,uppercase+last_letter,True
o n c l e,E,oncle,E,upper_last,uppercase+last_letter,True
o n e,E,one,E,upper_last,uppercase+last_letter,True
o p e n,N,open,N,upper_last,uppercase+last_letter,True
o p e r a t e,E,operate,E,upper_last,uppercase+last_letter,True
o r a n g e,E,orange,E,upper_last,uppercase+last_letter,True
o r e i l l e,E,oreille,E,upper_last,uppercase+last_letter,True
o r e j a,A,oreja,A,upper_last,uppercase+last_letter,True
o r g a n i z e,E,organize,E,upper_last,uppercase+last_letter,True
o u i,I,oui,I,upper_last,uppercase+last_letter,True
o u t s i d e,E,outside,E,upper_last,uppercase+last_letter,True
o u v e r t,T,ouvert,T,upper_last,uppercase+last_letter,True
o u v r i e r,R,ouvrier,R,upper_last,uppercase+last_letter,True
o x,X,ox,X,upper_last,uppercase+last_letter,True
p a d r e,E,padre,E,upper_last,uppercase+last_letter,True
p a g e,E,page,E,upper_last,uppercase+last_letter,True
p a i n,N,pain,N,upper_last,uppercase+last_letter,True
p a i n t,T,paint,T,upper_last,uppercase+last_letter,True
p a i n t e r,R,painter,R,upper_last,uppercase+last_letter,True
p a l a b r a,A,palabra,A,upper_last,uppercase+last_letter,True
p a n,N,pan,N,upper_last,uppercase+last_letter,True
p a p e r,R,paper,R,upper_last,uppercase+last_letter,True
p a r e n t h e s i s,S,parenthesis,S,upper_last,uppercase+last_letter,True
p a r t i c i p a t e,E,participate,E,upper_last,uppercase+last_letter,True
p a r t y,Y,party,Y,upper_last,uppercase+last_letter,True
p a u v r e,E,pauvre,E,upper_last,uppercase+last_letter,True
p a y s,S,pays,S,upper_last,uppercase+last_letter,True
p a í s,S,país,S,upper_last,uppercase+last_letter,True
p e l o t a,A,pelota,A,upper_last,uppercase+last_letter,True
p e n,N,pen,N,upper_last,uppercase+last_letter,True
p e n c i l,L,pencil,L,upper_last,uppercase+last_letter,True
p e n e t r a t e,E,penetrate,E,upper_last,uppercase+last_letter,True
p e p p e r,R,pepper,R,upper_last,uppercase+last_letter,True
p e q u e ñ o,O,pequeño,O,upper_last,uppercase+last_letter,True
p e r r o,O,perro,O,upper_last,uppercase+last_letter,True
p e r s o n,N,person,N,upper_last,uppercase+last_letter,True
p e s a d o,O,pesado,O,upper_last,uppercase+last_letter,True
p e t i t,T,petit,T,upper_last,uppercase+last_letter,True
p e z,Z,pez,Z,upper_last,uppercase+last_letter,True
p h e n o m e n o n,N,phenomenon,N,upper_last,uppercase+last_letter,True
p h o n e,E,phone,E,upper_last,uppercase+last_letter,True
p h o t o,O,photo,O,upper_last,uppercase+last_letter,True
p h r a s e,E,phrase,E,upper_last,uppercase+last_letter,True
p i a n o,O,piano,O,upper_last,uppercase+last_letter,True
p i e,E,pie,E,upper_last,uppercase+last_letter,True
p i e d,D,pied,D,upper_last,uppercase+last_letter,True
p i l o t,T,pilot,T,upper_last,uppercase+last_letter,True
p i m i e n t a,A,pimienta,A,upper_last,uppercase+last_letter,True
p i n k,K,pink,K,upper_last,uppercase+last_letter,True
p l a t e,E,plate,E,upper_last,uppercase+last_letter,True
p l a y,Y,play,Y,upper_last,uppercase+last_letter,True
p l a y e r,R,player,R,upper_last,uppercase+last_letter,True
p l e a s e,E,please,E,upper_last,uppercase+last_letter,True
p l e i n,N,plein,N,upper_last,uppercase+last_letter,True
p o b r e,E,pobre,E,upper_last,uppercase+last_letter,True
p o i s s o n,N,poisson,N,upper_last,uppercase+last_letter,True
p o i v r e,E,poivre,E,upper_last,uppercase+last_letter,True
p o l i c e,E,police,E,upper_last,uppercase+last_letter,True
p o l i c í a,A,policía,A,upper_last,uppercase+last_letter,True
p o m m e,E,pomme,E,upper_last,uppercase+last_letter,True
p o o r,R,poor,R,upper_last,uppercase+last_letter,True
p o r t e,E,porte,E,upper_last,uppercase+last_letter,True
p o t a t o,O,potato,O,upper_last,uppercase+last_letter,True
p r a c t i c e,E,practice,E,upper_last,uppercase+last_letter,True
p r e m i e r,R,premier,R,upper_last,uppercase+last_letter,True
p r e s i d e n t,T,president,T,upper_last,uppercase+last_letter,True
p r i m e r o,O,primero,O,upper_last,uppercase+last_letter,True
p r i m o,O,primo,O,upper_last,uppercase+last_letter,True
p r i n c e,E,prince,E,upper_last,uppercase+last_letter,True
p r i n c e s a,A,princesa,A,upper_last,uppercase+last_letter,True
p r i n c e s s,S,princess,S,upper_last,uppercase+last_letter,True
p r i n c e s s e,E,princesse,E,upper_last,uppercase+last_letter,True
p r o f e s o r,R,profesor,R,upper_last,uppercase+last_letter,True
p r o f e s s e u r,R,professeur,R,upper_last,uppercase+last_letter,True
p r o m i s e,E,promise,E,upper_last,uppercase+last_letter,True
p r o o f,F,proof,F,upper_last,uppercase+last_letter,True
p r o p r e,E,propre,E,upper_last,uppercase+last_letter,True
p r è s,S,près,S,upper_last,uppercase+last_letter,True
p r í n c i p e,E,príncipe,E,upper_last,uppercase+last_letter,True
p u e r t a,A,puerta,A,upper_last,uppercase+last_letter,True
p u l l,L,pull,L,upper_last,uppercase+last_letter,True
p u r p l e,E,purple,E,upper_last,uppercase+last_letter,True
p u r s u e,E,pursue,E,upper_last,uppercase+last_letter,True
p u s h,H,push,H,upper_last,uppercase+last_letter,True
p á g i n a,A,página,A,upper_last,uppercase+last_letter,True
p á j a r o,O,pájaro,O,upper_last,uppercase+last_letter,True
p è r e,E,père,E,upper_last,uppercase+last_letter,True
q u a t r e,E,quatre,E,upper_last,uppercase+last_letter,True
q u e e n,N,queen,N,upper_last,uppercase+last_letter,True
q u e s o,O,queso,O,upper_last,uppercase+last_letter,True
r a d i a t e,E,radiate,E,upper_last,uppercase+last_letter,True
r a d i o,O,radio,O,upper_last,uppercase+last_letter,True
r a p i d e,E,rapide,E,upper_last,uppercase+last_letter,True
r a y,Y,ray,Y,upper_last,uppercase+last_letter,True
r e a d,D,read,D,upper_last,uppercase+last_letter,True
r e a l i z e,E,realize,E,upper_last,uppercase+last_letter,True
r e c e i v e,E,receive,E,upper_last,uppercase+last_letter,True
r e c o g n i z e,E,recognize,E,upper_last,uppercase+last_letter,True
r e d,D,red,D,upper_last,uppercase+last_letter,True
r e e f,F,reef,F,upper_last,uppercase+last_letter,True
r e i n a,A,reina,A,upper_last,uppercase+last_letter,True
r e i n e,E,reine,E,upper_last,uppercase+last_letter,True
r e l a t e,E,relate,E,upper_last,uppercase+last_letter,True
r e l a x,X,relax,X,upper_last,uppercase+last_letter,True
r e p e a t,T,repeat,T,upper_last,uppercase+last_letter,True
r e s c u e,E,rescue,E,upper_last,uppercase+last_letter,True
r e s t,T,rest,T,upper_last,uppercase+last_letter,True
r e y,Y,rey,Y,upper_last,uppercase+last_letter,True
r i c h,H,rich,H,upper_last,uppercase+last_letter,True
r i c h e,E,riche,E,upper_last,uppercase+last_letter,True
r i c o,O,rico,O,upper_last,uppercase+last_letter,True
r i g h t,T,right,T,upper_last,uppercase+last_letter,True
r o i,I,roi,I,upper_last,uppercase+last_letter,True
r o j o,O,rojo,O,upper_last,uppercase+last_letter,True
r o o f,F,roof,F,upper_last,uppercase+last_letter,True
r o s a,A,rosa,A,upper_last,uppercase+last_letter,True
r o s e,E,rose,E,upper_last,uppercase+last_letter,True
r o t a t e,E,rotate,E,upper_last,uppercase+last_letter,True
r o u g e,E,rouge,E,upper_last,uppercase+last_letter,True
r u e,E,rue,E,upper_last,uppercase+last_letter,True
r u n,N,run,N,upper_last,uppercase+last_letter,True
r u n n e r,R,runner,R,upper_last,uppercase+last_letter,True
r á p i d o,O,rápido,O,upper_last,uppercase+last_letter,True
s a d,D,sad,D,upper_last,uppercase+last_letter,True
s a f e,E,safe,E,upper_last,uppercase+last_letter,True
s a i l,L,sail,L,upper_last,uppercase+last_letter,True
s a i l o r,R,sailor,R,upper_last,uppercase+last_letter,True
s a l,L,sal,L,upper_last,uppercase+last_letter,True
s a l e,E,sale,E,upper_last,uppercase+last_letter,True
s a l t,T,salt,T,upper_last,uppercase+last_letter,True
s c a r f,F,scarf,F,upper_last,uppercase+last_letter,True
s c h o o l,L,school,L,upper_last,uppercase+last_letter,True
s c i e n t i s t,T,scientist,T,upper_last,uppercase+last_letter,True
s e e,E,see,E,upper_last,uppercase+last_letter,True
s e i s,S,seis,S,upper_last,uppercase+last_letter,True
s e l,L,sel,L,upper_last,uppercase+last_letter,True
s e l f,F,self,F,upper_last,uppercase+last_letter,True
s e m a i n e,E,semaine,E,upper_last,uppercase+last_letter,True
s e m a n a,A,semana,A,upper_last,uppercase+last_letter,True
s e n t e n c e,E,sentence,E,upper_last,uppercase+last_letter,True
s e p a r a t e,E,separate,E,upper_last,uppercase+last_letter,True
s e p t,T,sept,T,upper_last,uppercase+last_letter,True
s e v e n,N,seven,N,upper_last,uppercase+last_letter,True
s h a r e,E,share,E,upper_last,uppercase+last_letter,True
s h e e p,P,sheep,P,upper_last,uppercase+last_letter,True
s h e l f,F,shelf,F,upper_last,uppercase+last_letter,True
s h o r t,T,short,T,upper_last,uppercase+last_letter,True
s h o u t,T,shout,T,upper_last,uppercase+last_letter,True
s i e t e,E,siete,E,upper_last,uppercase+last_letter,True
s i l l a,A,silla,A,upper_last,uppercase+last_letter,True
s i n g,G,sing,G,upper_last,uppercase+last_letter,True
s i n g e r,R,singer,R,upper_last,uppercase+last_letter,True
s i s t e r,R,sister,R,upper_last,uppercase+last_letter,True
s i t,T,sit,T,upper_last,uppercase+last_letter,True
s i x,X,six,X,upper_last,uppercase+last_letter,True
s k a t e,E,skate,E,upper_last,uppercase+last_letter,True
s k i,I,ski,I,upper_last,uppercase+last_letter,True
s l e e p,P,sleep,P,upper_last,uppercase+last_letter,True
s l o w,W,slow,W,upper_last,uppercase+last_letter,True
s m a l l,L,small,L,upper_last,uppercase+last_letter,True
s m e l l,L,smell,L,upper_last,uppercase+last_letter,True
s m i l e,E,smile,E,upper_last,uppercase+last_letter,True
s o l,L,sol,L,upper_last,uppercase+last_letter,True
s o l d a d o,O,soldado,O,upper_last,uppercase+last_letter,True
s o l d a t,T,soldat,T,upper_last,uppercase+last_letter,True
s o l d i e r,R,soldier,R,upper_last,uppercase+last_letter,True
s o l e i l,L,soleil,L,upper_last,uppercase+last_letter,True
s o n,N,son,N,upper_last,uppercase+last_letter,True
s o n g,G,song,G,upper_last,uppercase+last_letter,True
s p o o n,N,spoon,N,upper_last,uppercase+last_letter,True
s p o r t,T,sport,T,upper_last,uppercase+last_letter,True
s t a n d,D,stand,D,upper_last,uppercase+last_letter,True
s t a r,R,star,R,upper_last,uppercase+last_letter,True
s t a r t,T,start,T,upper_last,uppercase+last_letter,True
s t i m u l a t e,E,stimulate,E,upper_last,uppercase+last_letter,True
s t o m a c h,H,stomach,H,upper_last,uppercase+last_letter,True
s t o p,P,stop,P,upper_last,uppercase+last_letter,True
s t o r y,Y,story,Y,upper_last,uppercase+last_letter,True
s t r e e t,T,street,T,upper_last,uppercase+last_letter,True
s t r e t c h,H,stretch,H,upper_last,uppercase+last_letter,True
s t r o n g,G,strong,G,upper_last,uppercase+last_letter,True
s t u d e n t,T,student,T,upper_last,uppercase+last_letter,True
s t u d i o,O,studio,O,upper_last,uppercase+last_letter,True
s t u d y,Y,study,Y,upper_last,uppercase+last_letter,True
s u c i o,O,sucio,O,upper_last,uppercase+last_letter,True
s u c r e,E,sucre,E,upper_last,uppercase+last_letter,True
s u g a r,R,sugar,R,upper_last,uppercase+last_letter,True
s u n,N,sun,N,upper_last,uppercase+last_letter,True
s u r p r i s e,E,surprise,E,upper_last,uppercase+last_letter,True
s w i m,M,swim,M,upper_last,uppercase+last_letter,True
s w i m m e r,R,swimmer,R,upper_last,uppercase+last_letter,True
s í,Í,sí,Í,upper_last,uppercase+last_letter,True
s œ u r,R,sœur,R,upper_last,uppercase+last_letter,True
t a b l e,E,table,E,upper_last,uppercase+last_letter,True
t a i l o r,R,tailor,R,upper_last,uppercase+last_letter,True
t a k e,E,take,E,upper_last,uppercase+last_letter,True
t a l k,K,talk,K,upper_last,uppercase+last_letter,True
t a n t e,E,tante,E,upper_last,uppercase+last_letter,True
t a s t e,E,taste,E,upper_last,uppercase+last_letter,True
t e a,A,tea,A,upper_last,uppercase+last_letter,True
t e a c h,H,teach,H,upper_last,uppercase+last_letter,True
t e a c h e r,R,teacher,R,upper_last,uppercase+last_letter,True
t e m p s,S,temps,S,upper_last,uppercase+last_letter,True
t e n,N,ten,N,upper_last,uppercase+last_letter,True
t e r m i n a t e,E,terminate,E,upper_last,uppercase+last_letter,True
t h e s i s,S,thesis,S,upper_last,uppercase+last_letter,True
t h i e f,F,thief,F,upper_last,uppercase+last_letter,True
t h i n k,K,think,K,upper_last,uppercase+last_letter,True
t h o u s a n d,D,thousand,D,upper_last,uppercase+last_letter,True
t h r e e,E,three,E,upper_last,uppercase+last_letter,True
t h r o w,W,throw,W,upper_last,uppercase+last_letter,True
t h é,É,thé,É,upper_last,uppercase+last_letter,True
t i e m p o,O,tiempo,O,upper_last,uppercase+last_letter,True
t i m e,E,time,E,upper_last,uppercase+last_letter,True
t o d a y,Y,today,Y,upper_last,uppercase+last_letter,True
t o e,E,toe,E,upper_last,uppercase+last_letter,True
t o l e r a t e,E,tolerate,E,upper_last,uppercase+last_letter,True
t o m a t o,O,tomato,O,upper_last,uppercase+last_letter,True
t o m o r r o w,W,tomorrow,W,upper_last,uppercase+last_letter,True
t o o t h,H,tooth,H,upper_last,uppercase+last_letter,True
t o u c h,H,touch,H,upper_last,uppercase+last_letter,True
t o y,Y,toy,Y,upper_last,uppercase+last_letter,True
t r a b a j a d o r,R,trabajador,R,upper_last,uppercase+last_letter,True
t r a n s l a t e,E,translate,E,upper_last,uppercase+last_letter,True
t r a v e l,L,travel,L,upper_last,uppercase+last_letter,True
t r e a t,T,treat,T,upper_last,uppercase+last_letter,True
t r e e,E,tree,E,upper_last,uppercase+last_letter,True
t r e s,S,tres,S,upper_last,uppercase+last_letter,True
t r i s t e,E,triste,E,upper_last,uppercase+last_letter,True
t r o i s,S,trois,S,upper_last,uppercase+last_letter,True
t w o,O,two,O,upper_last,uppercase+last_letter,True
t é,É,té,É,upper_last,uppercase+last_letter,True
t ê t e,E,tête,E,upper_last,uppercase+last_letter,True
t í a,A,tía,A,upper_last,uppercase+last_letter,True
t í o,O,tío,O,upper_last,uppercase+last_letter,True
u g l y,Y,ugly,Y,upper_last,uppercase+last_letter,True
u n,N,un,N,upper_last,uppercase+last_letter,True
u n c l e,E,uncle,E,upper_last,uppercase+last_letter,True
u n i t e,E,unite,E,upper_last,uppercase+last_letter,True
u n o,O,uno,O,upper_last,uppercase+last_letter,True
u p,P,up,P,upper_last,uppercase+last_letter,True
v a c í o,O,vacío,O,upper_last,uppercase+last_letter,True
v a l i d a t e,E,validate,E,upper_last,uppercase+last_letter,True
v a l u e,E,value,E,upper_last,uppercase+last_letter,True
v e i n,N,vein,N,upper_last,uppercase+last_letter,True
v e n t a n a,A,ventana,A,upper_last,uppercase+last_letter,True
v e r d e,E,verde,E,upper_last,uppercase+last_letter,True
v e r t,T,vert,T,upper_last,uppercase+last_letter,True
v i b r a t e,E,vibrate,E,upper_last,uppercase+last_letter,True
v i d e,E,vide,E,upper_last,uppercase+last_letter,True
v i d e o,O,video,O,upper_last,uppercase+last_letter,True
v i e j o,O,viejo,O,upper_last,uppercase+last_letter,True
v i e u x,X,vieux,X,upper_last,uppercase+last_letter,True
v i l l a i n,N,villain,N,upper_last,uppercase+last_letter,True
v i l l e,E,ville,E,upper_last,uppercase+last_letter,True
v i n,N,vin,N,upper_last,uppercase+last_letter,True
v i n o,O,vino,O,upper_last,uppercase+last_letter,True
v i o l e t,T,violet,T,upper_last,uppercase+last_letter,True
v o i t u r e,E,voiture,E,upper_last,uppercase+last_letter,True
v o l c a n o,O,volcano,O,upper_last,uppercase+last_letter,True
w a i t,T,wait,T,upper_last,uppercase+last_letter,True
w a l k,K,walk,K,upper_last,uppercase+last_letter,True
w a s h,H,wash,H,upper_last,uppercase+last_letter,True
w a t c h,H,watch,H,upper_last,uppercase+last_letter,True
w a t e r,R,water,R,upper_last,uppercase+last_letter,True
w a y,Y,way,Y,upper_last,uppercase+last_letter,True
w e a k,K,weak,K,upper_last,uppercase+last_letter,True
w e e k,K,week,K,upper_last,uppercase+last_letter,True
w h a r f,F,wharf,F,upper_last,uppercase+last_letter,True
w h i s p e r,R,whisper,R,upper_last,uppercase+last_letter,True
w h i t e,E,white,E,upper_last,uppercase+last_letter,True
w i d e,E,wide,E,upper_last,uppercase+last_letter,True
w i f e,E,wife,E,upper_last,uppercase+last_letter,True
w i n d o w,W,window,W,upper_last,uppercase+last_letter,True
w i n e,E,wine,E,upper_last,uppercase+last_letter,True
w o l f,F,wolf,F,upper_last,uppercase+last_letter,True
w o m a n,N,woman,N,upper_last,uppercase+last_letter,True
w o r d,D,word,D,upper_last,uppercase+last_letter,True
w o r k,K,work,K,upper_last,uppercase+last_letter,True
w o r k e r,R,worker,R,upper_last,uppercase+last_letter,True
w o r l d,D,world,D,upper_last,uppercase+last_letter,True
w r i t e,E,write,E,upper_last,uppercase+last_letter,True
w r i t e r,R,writer,R,upper_last,uppercase+last_letter,True
y e a r,R,year,R,upper_last,uppercase+last_letter,True
y e l l o w,W,yellow,W,upper_last,uppercase+last_letter,True
y e s,S,yes,S,upper_last,uppercase+last_letter,True
y e s t e r d a y,Y,yesterday,Y,upper_last,uppercase+last_letter,True
y o u n g,G,young,G,upper_last,uppercase+last_letter,True
á r b o l,L,árbol,L,upper_last,uppercase+last_letter,True
é c o l e,E,école,E,upper_last,uppercase+last_letter,True
é t o i l e,E,étoile,E,upper_last,uppercase+last_letter,True
é t r o i t,T,étroit,T,upper_last,uppercase+last_letter,True
é t u d i a n t,T,étudiant,T,upper_last,uppercase+last_letter,True
ú l t i m o,O,último,O,upper_last,uppercase+last_letter,True
œ i l,L,œil,L,upper_last,uppercase+last_letter,True
A F G H A N I S T A N,n,AFGHANISTAN,n,lower_last,lowercase+last_letter,True
A L B A N I A,a,ALBANIA,a,lower_last,lowercase+last_letter,True
A L G E R I A,a,ALGERIA,a,lower_last,lowercase+last_letter,True
A N D O R R A,a,ANDORRA,a,lower_last,lowercase+last_letter,True
A N G O L A,a,ANGOLA,a,lower_last,lowercase+last_letter,True
A R G E N T I N A,a,ARGENTINA,a,lower_last,lowercase+last_letter,True
A R M E N I A,a,ARMENIA,a,lower_last,lowercase+last_letter,True
A U S T R A L I A,a,AUSTRALIA,a,lower_last,lowercase+last_letter,True
A U S T R I A,a,AUSTRIA,a,lower_last,lowercase+last_letter,True
A Z E R B A I J A N,n,AZERBAIJAN,n,lower_last,lowercase+last_letter,True
B A H A M A S,s,BAHAMAS,s,lower_last,lowercase+last_letter,True
B A H R A I N,n,BAHRAIN,n,lower_last,lowercase+last_letter,True
B A N G L A D E S H,h,BANGLADESH,h,lower_last,lowercase+last_letter,True
B A R B A D O S,s,BARBADOS,s,lower_last,lowercase+last_letter,True
B E L A R U S,s,BELARUS,s,lower_last,lowercase+last_letter,True
B E L G I U M,m,BELGIUM,m,lower_last,lowercase+last_letter,True
B E L I Z E,e,BELIZE,e,lower_last,lowercase+last_letter,True
B E N I N,n,BENIN,n,lower_last,lowercase+last_letter,True
B H U T A N,n,BHUTAN,n,lower_last,lowercase+last_letter,True
B O L I V I A,a,BOLIVIA,a,lower_last,lowercase+last_letter,True
B O T S W A N A,a,BOTSWANA,a,lower_last,lowercase+last_letter,True
B R A Z I L,l,BRAZIL,l,lower_last,lowercase+last_letter,True
B R U N E I,i,BRUNEI,i,lower_last,lowercase+last_letter,True
B U L G A R I A,a,BULGARIA,a,lower_last,lowercase+last_letter,True
B U R U N D I,i,BURUNDI,i,lower_last,lowercase+last_letter,True
C A M B O D I A,a,CAMBODIA,a,lower_last,lowercase+last_letter,True
C A M E R O O N,n,CAMEROON,n,lower_last,lowercase+last_letter,True
C A N A D A,a,CANADA,a,lower_last,lowercase+last_letter,True
C H A D,d,CHAD,d,lower_last,lowercase+last_letter,True
C H I L E,e,CHILE,e,lower_last,lowercase+last_letter,True
C H I N A,a,CHINA,a,lower_last,lowercase+last_letter,True
C O L O M B I A,a,COLOMBIA,a,lower_last,lowercase+last_letter,True
C O M O R O S,s,COMOROS,s,lower_last,lowercase+last_letter,True
C O N G O,o,CONGO,o,lower_last,lowercase+last_letter,True
C R O A T I A,a,CROATIA,a,lower_last,lowercase+last_letter,True
C U B A,a,CUBA,a,lower_last,lowercase+last_letter,True
C Y P R U S,s,CYPRUS,s,lower_last,lowercase+last_letter,True
D E N M A R K,k,DENMARK,k,lower_last,lowercase+last_letter,True
D J I B O U T I,i,DJIBOUTI,i,lower_last,lowercase+last_letter,True
D O M I N I C A,a,DOMINICA,a,lower_last,lowercase+last_letter,True
E C U A D O R,r,ECUADOR,r,lower_last,lowercase+last_letter,True
E G Y P T,t,EGYPT,t,lower_last,lowercase+last_letter,True
E R I T R E A,a,ERITREA,a,lower_last,lowercase+last_letter,True
E S T O N I A,a,ESTONIA,a,lower_last,lowercase+last_letter,True
E S W A T I N I,i,ESWATINI,i,lower_last,lowercase+last_letter,True
E T H I O P I A,a,ETHIOPIA,a,lower_last,lowercase+last_letter,True
F I J I,i,FIJI,i,lower_last,lowercase+last_letter,True
F I N L A N D,d,FINLAND,d,lower_last,lowercase+last_letter,True
F R A N C E,e,FRANCE,e,lower_last,lowercase+last_letter,True
G A B O N,n,GABON,n,lower_last,lowercase+last_letter,True
G A M B I A,a,GAMBIA,a,lower_last,lowercase+last_letter,True
G E O R G I A,a,GEORGIA,a,lower_last,lowercase+last_letter,True
G E R M A N Y,y,GERMANY,y,lower_last,lowercase+last_letter,True
G H A N A,a,GHANA,a,lower_last,lowercase+last_letter,True
G R E E C E,e,GREECE,e,lower_last,lowercase+last_letter,True
G R E N A D A,a,GRENADA,a,lower_last,lowercase+last_letter,True
G U A T E M A L A,a,GUATEMALA,a,lower_last,lowercase+last_letter,True
G U I N E A,a,GUINEA,a,lower_last,lowercase+last_letter,True
G U Y A N A,a,GUYANA,a,lower_last,lowercase+last_letter,True
H A I T I,i,HAITI,i,lower_last,lowercase+last_letter,True
H O N D U R A S,s,HONDURAS,s,lower_last,lowercase+last_letter,True
H U N G A R Y,y,HUNGARY,y,lower_last,lowercase+last_letter,True
I C E L A N D,d,ICELAND,d,lower_last,lowercase+last_letter,True
I N D I A,a,INDIA,a,lower_last,lowercase+last_letter,True
I N D O N E S I A,a,INDONESIA,a,lower_last,lowercase+last_letter,True
I R A N,n,IRAN,n,lower_last,lowercase+last_letter,True
I R A Q,q,IRAQ,q,lower_last,lowercase+last_letter,True
I R E L A N D,d,IRELAND,d,lower_last,lowercase+last_letter,True
I S R A E L,l,ISRAEL,l,lower_last,lowercase+last_letter,True
I T A L Y,y,ITALY,y,lower_last,lowercase+last_letter,True
J A M A I C A,a,JAMAICA,a,lower_last,lowercase+last_letter,True
J A P A N,n,JAPAN,n,lower_last,lowercase+last_letter,True
J O R D A N,n,JORDAN,n,lower_last,lowercase+last_letter,True
K A Z A K H S T A N,n,KAZAKHSTAN,n,lower_last,lowercase+last_letter,True
K E N Y A,a,KENYA,a,lower_last,lowercase+last_letter,True
K I R I B A T I,i,KIRIBATI,i,lower_last,lowercase+last_letter,True
K O S O V O,o,KOSOVO,o,lower_last,lowercase+last_letter,True
K U W A I T,t,KUWAIT,t,lower_last,lowercase+last_letter,True
K Y R G Y Z S T A N,n,KYRGYZSTAN,n,lower_last,lowercase+last_letter,True
L A O S,s,LAOS,s,lower_last,lowercase+last_letter,True
L A T V I A,a,LATVIA,a,lower_last,lowercase+last_letter,True
L E B A N O N,n,LEBANON,n,lower_last,lowercase+last_letter,True
L E S O T H O,o,LESOTHO,o,lower_last,lowercase+last_letter,True
L I B E R I A,a,LIBERIA,a,lower_last,lowercase+last_letter,True
L I B Y A,a,LIBYA,a,lower_last,lowercase+last_letter,True
L I E C H T E N S T E I N,n,LIECHTENSTEIN,n,lower_last,lowercase+last_letter,True
L I T H U A N I A,a,LITHUANIA,a,lower_last,lowercase+last_letter,True
L U X E M B O U R G,g,LUXEMBOURG,g,lower_last,lowercase+last_letter,True
M A D A G A S C A R,r,MADAGASCAR,r,lower_last,lowercase+last_letter,True
M A L A W I,i,MALAWI,i,lower_last,lowercase+last_letter,True
M A L A Y S I A,a,MALAYSIA,a,lower_last,lowercase+last_letter,True
M A L D I V E S,s,MALDIVES,s,lower_last,lowercase+last_letter,True
M A L I,i,MALI,i,lower_last,lowercase+last_letter,True
M A L T A,a,MALTA,a,lower_last,lowercase+last_letter,True
M A U R I T A N I A,a,MAURITANIA,a,lower_last,lowercase+last_letter,True
M A U R I T I U S,s,MAURITIUS,s,lower_last,lowercase+last_letter,True
M E X I C O,o,MEXICO,o,lower_last,lowercase+last_letter,True
M I C R O N E S I A,a,MICRONESIA,a,lower_last,lowercase+last_letter,True
M O L D O V A,a,MOLDOVA,a,lower_last,lowercase+last_letter,True
M O N A C O,o,MONACO,o,lower_last,lowercase+last_letter,True
M O N G O L I A,a,MONGOLIA,a,lower_last,lowercase+last_letter,True
M O N T E N E G R O,o,MONTENEGRO,o,lower_last,lowercase+last_letter,True
M O R O C C O,o,MOROCCO,o,lower_last,lowercase+last_letter,True
M O Z A M B I Q U E,e,MOZAMBIQUE,e,lower_last,lowercase+last_letter,True
M Y A N M A R,r,MYANMAR,r,lower_last,lowercase+last_letter,True
N A M I B I A,a,NAMIBIA,a,lower_last,lowercase+last_letter,True
N A U R U,u,NAURU,u,lower_last,lowercase+last_letter,True
N E P A L,l,NEPAL,l,lower_last,lowercase+last_letter,True
N E T H E R L A N D S,s,NETHERLANDS,s,lower_last,lowercase+last_letter,True
N I C A R A G U A,a,NICARAGUA,a,lower_last,lowercase+last_letter,True
N I G E R,r,NIGER,r,lower_last,lowercase+last_letter,True
N I G E R I A,a,NIGERIA,a,lower_last,lowercase+last_letter,True
N O R W A Y,y,NORWAY,y,lower_last,lowercase+last_letter,True
O M A N,n,OMAN,n,lower_last,lowercase+last_letter,True
P A K I S T A N,n,PAKISTAN,n,lower_last,lowercase+last_letter,True
P A L A U,u,PALAU,u,lower_last,lowercase+last_letter,True
P A L E S T I N E,e,PALESTINE,e,lower_last,lowercase+last_letter,True
P A N A M A,a,PANAMA,a,lower_last,lowercase+last_letter,True
P A R A G U A Y,y,PARAGUAY,y,lower_last,lowercase+last_letter,True
P E R U,u,PERU,u,lower_last,lowercase+last_letter,True
P H I L I P P I N E S,s,PHILIPPINES,s,lower_last,lowercase+last_letter,True
P O L A N D,d,POLAND,d,lower_last,lowercase+last_letter,True
P O R T U G A L,l,PORTUGAL,l,lower_last,lowercase+last_letter,True
Q A T A R,r,QATAR,r,lower_last,lowercase+last_letter,True
R O M A N I A,a,ROMANIA,a,lower_last,lowercase+last_letter,True
R U S S I A,a,RUSSIA,a,lower_last,lowercase+last_letter,True
R W A N D A,a,RWANDA,a,lower_last,lowercase+last_letter,True
S A M O A,a,SAMOA,a,lower_last,lowercase+last_letter,True
S E N E G A L,l,SENEGAL,l,lower_last,lowercase+last_letter,True
S E R B I A,a,SERBIA,a,lower_last,lowercase+last_letter,True
S E Y C H E L L E S,s,SEYCHELLES,s,lower_last,lowercase+last_letter,True
S I N G A P O R E,e,SINGAPORE,e,lower_last,lowercase+last_letter,True
S L O V A K I A,a,SLOVAKIA,a,lower_last,lowercase+last_letter,True
S L O V E N I A,a,SLOVENIA,a,lower_last,lowercase+last_letter,True
S O M A L I A,a,SOMALIA,a,lower_last,lowercase+last_letter,True
S P A I N,n,SPAIN,n,lower_last,lowercase+last_letter,True
S U D A N,n,SUDAN,n,lower_last,lowercase+last_letter,True
S U R I N A M E,e,SURINAME,e,lower_last,lowercase+last_letter,True
S W E D E N,n,SWEDEN,n,lower_last,lowercase+last_letter,True
S W I T Z E R L A N D,d,SWITZERLAND,d,lower_last,lowercase+last_letter,True
S Y R I A,a,SYRIA,a,lower_last,lowercase+last_letter,True
T A I W A N,n,TAIWAN,n,lower_last,lowercase+last_letter,True
T A J I K I S T A N,n,TAJIKISTAN,n,lower_last,lowercase+last_letter,True
T A N Z A N I A,a,TANZANIA,a,lower_last,lowercase+last_letter,True
T H A I L A N D,d,THAILAND,d,lower_last,lowercase+last_letter,True
T O G O,o,TOGO,o,lower_last,lowercase+last_letter,True
T O N G A,a,TONGA,a,lower_last,lowercase+last_letter,True
T U N I S I A,a,TUNISIA,a,lower_last,lowercase+last_letter,True
T U R K E Y,y,TURKEY,y,lower_last,lowercase+last_letter,True
T U R K M E N I S T A N,n,TURKMENISTAN,n,lower_last,lowercase+last_letter,True
T U V A L U,u,TUVALU,u,lower_last,lowercase+last_letter,True
U A E,e,UAE,e,lower_last,lowercase+last_letter,True
U G A N D A,a,UGANDA,a,lower_last,lowercase+last_letter,True
U K R A I N E,e,UKRAINE,e,lower_last,lowercase+last_letter,True
U R U G U A Y,y,URUGUAY,y,lower_last,lowercase+last_letter,True
U Z B E K I S T A N,n,UZBEKISTAN,n,lower_last,lowercase+last_letter,True
V A N U A T U,u,VANUATU,u,lower_last,lowercase+last_letter,True
V E N E Z U E L A,a,VENEZUELA,a,lower_last,lowercase+last_letter,True
V I E T N A M,m,VIETNAM,m,lower_last,lowercase+last_letter,True
Y E M E N,n,YEMEN,n,lower_last,lowercase+last_letter,True
Z A M B I A,a,ZAMBIA,a,lower_last,lowercase+last_letter,True
Z I M B A B W E,e,ZIMBABWE,e,lower_last,lowercase+last_letter,True
A B A J O,o,ABAJO,o,lower_last,lowercase+last_letter,True
A B I E R T O,o,ABIERTO,o,lower_last,lowercase+last_letter,True
A B O G A D O,o,ABOGADO,o,lower_last,lowercase+last_letter,True
A B U E L A,a,ABUELA,a,lower_last,lowercase+last_letter,True
A B U E L O,o,ABUELO,o,lower_last,lowercase+last_letter,True
A C C E L E R A T E,e,ACCELERATE,e,lower_last,lowercase+last_letter,True
A C H I E V E,e,ACHIEVE,e,lower_last,lowercase+last_letter,True
A C T I V A T E,e,ACTIVATE,e,lower_last,lowercase+last_letter,True
A C T O R,r,ACTOR,r,lower_last,lowercase+last_letter,True
A C T R E S S,s,ACTRESS,s,lower_last,lowercase+last_letter,True
A D I Ó S,s,ADIÓS,s,lower_last,lowercase+last_letter,True
A D V E R T I S E,e,ADVERTISE,e,lower_last,lowercase+last_letter,True
A G U A,a,AGUA,a,lower_last,lowercase+last_letter,True
A L T O,o,ALTO,o,lower_last,lowercase+last_letter,True
A M A R I L L O,o,AMARILLO,o,lower_last,lowercase+last_letter,True
A M I,i,AMI,i,lower_last,lowercase+last_letter,True
A M I G O,o,AMIGO,o,lower_last,lowercase+last_letter,True
A N,n,AN,n,lower_last,lowercase+last_letter,True
A N A L Y S I S,s,ANALYSIS,s,lower_last,lowercase+last_letter,True
A N C H O,o,ANCHO,o,lower_last,lowercase+last_letter,True
A N T I C I P A T E,e,ANTICIPATE,e,lower_last,lowercase+last_letter,True
A P O L O G I Z E,e,APOLOGIZE,e,lower_last,lowercase+last_letter,True
A P P L E,e,APPLE,e,lower_last,lowercase+last_letter,True
A P P R E C I A T E,e,APPRECIATE,e,lower_last,lowercase+last_letter,True
A R B R E,e,ARBRE,e,lower_last,lowercase+last_letter,True
A R G U E,e,ARGUE,e,lower_last,lowercase+last_letter,True
A R M,m,ARM,m,lower_last,lowercase+last_letter,True
A R R I B A,a,ARRIBA,a,lower_last,lowercase+last_letter,True
A R R I V E,e,ARRIVE,e,lower_last,lowercase+last_letter,True
A R T E R Y,y,ARTERY,y,lower_last,lowercase+last_letter,True
A R T I S T,t,ARTIST,t,lower_last,lowercase+last_letter,True
A R T I S T A,a,ARTISTA,a,lower_last,lowercase+last_letter,True
A R T I S T E,e,ARTISTE,e,lower_last,lowercase+last_letter,True
A T R Á S,s,ATRÁS,s,lower_last,lowercase+last_letter,True
A U N T,t,AUNT,t,lower_last,lowercase+last_letter,True
A V O C A T,t,AVOCAT,t,lower_last,lowercase+last_letter,True
A X I S,s,AXIS,s,lower_last,lowercase+last_letter,True
A Y E R,r,AYER,r,lower_last,lowercase+last_letter,True
A Z U L,l,AZUL,l,lower_last,lowercase+last_letter,True
A Z Ú C A R,r,AZÚCAR,r,lower_last,lowercase+last_letter,True
A Ñ O,o,AÑO,o,lower_last,lowercase+last_letter,True
B A B Y,y,BABY,y,lower_last,lowercase+last_letter,True
B A C K,k,BACK,k,lower_last,lowercase+last_letter,True
B A D,d,BAD,d,lower_last,lowercase+last_letter,True
B A I L E,e,BAILE,e,lower_last,lowercase+last_letter,True
B A J O,o,BAJO,o,lower_last,lowercase+last_letter,True
B A K E,e,BAKE,e,lower_last,lowercase+last_letter,True
B A K E R,r,BAKER,r,lower_last,lowercase+last_letter,True
B A L L,l,BALL,l,lower_last,lowercase+last_letter,True
B A L L E,e,BALLE,e,lower_last,lowercase+last_letter,True
B A N A N A,a,BANANA,a,lower_last,lowercase+last_letter,True
B A S,s,BAS,s,lower_last,lowercase+last_letter,True
B A S I S,s,BASIS,s,lower_last,lowercase+last_letter,True
B A Y,y,BAY,y,lower_last,lowercase+last_letter,True
B E A C H,h,BEACH,h,lower_last,lowercase+last_letter,True
B E A U,u,BEAU,u,lower_last,lowercase+last_letter,True
B E A U T I F U L,l,BEAUTIFUL,l,lower_last,lowercase+last_letter,True
B E B É,é,BEBÉ,é,lower_last,lowercase+last_letter,True
B E G I N,n,BEGIN,n,lower_last,lowercase+last_letter,True
B E L I E F,f,BELIEF,f,lower_last,lowercase+last_letter,True
B E L I E V E,e,BELIEVE,e,lower_last,lowercase+last_letter,True
B E N D,d,BEND,d,lower_last,lowercase+last_letter,True
B E R R Y,y,BERRY,y,lower_last,lowercase+last_letter,True
B I G,g,BIG,g,lower_last,lowercase+last_letter,True
B I K E,e,BIKE,e,lower_last,lowercase+last_letter,True
B I R D,d,BIRD,d,lower_last,lowercase+last_letter,True
B L A C K,k,BLACK,k,lower_last,lowercase+last_letter,True
B L A N C,c,BLANC,c,lower_last,lowercase+last_letter,True
B L A N C O,o,BLANCO,o,lower_last,lowercase+last_letter,True
B L E U,u,BLEU,u,lower_last,lowercase+last_letter,True
B L U E,e,BLUE,e,lower_last,lowercase+last_letter,True
B O C A,a,BOCA,a,lower_last,lowercase+last_letter,True
B O D Y,y,BODY,y,lower_last,lowercase+last_letter,True
B O N,n,BON,n,lower_last,lowercase+last_letter,True
B O N E,e,BONE,e,lower_last,lowercase+last_letter,True
B O N J O U R,r,BONJOUR,r,lower_last,lowercase+last_letter,True
B O N S O I R,r,BONSOIR,r,lower_last,lowercase+last_letter,True
B O O K,k,BOOK,k,lower_last,lowercase+last_letter,True
B O U C H E,e,BOUCHE,e,lower_last,lowercase+last_letter,True
B O X,x,BOX,x,lower_last,lowercase+last_letter,True
B O Y,y,BOY,y,lower_last,lowercase+last_letter,True
B R A I N,n,BRAIN,n,lower_last,lowercase+last_letter,True
B R E A D,d,BREAD,d,lower_last,lowercase+last_letter,True
B R O T H E R,r,BROTHER,r,lower_last,lowercase+last_letter,True
B R O W N,n,BROWN,n,lower_last,lowercase+last_letter,True
B R U S H,h,BRUSH,h,lower_last,lowercase+last_letter,True
B U E N O,o,BUENO,o,lower_last,lowercase+last_letter,True
B U I L D,d,BUILD,d,lower_last,lowercase+last_letter,True
B U I L D E R,r,BUILDER,r,lower_last,lowercase+last_letter,True
B U S,s,BUS,s,lower_last,lowercase+last_letter,True
B U T C H E R,r,BUTCHER,r,lower_last,lowercase+last_letter,True
B U T T E R F L Y,y,BUTTERFLY,y,lower_last,lowercase+last_letter,True
B É B É,é,BÉBÉ,é,lower_last,lowercase+last_letter,True
C A B A L L O,o,CABALLO,o,lower_last,lowercase+last_letter,True
C A B E Z A,a,CABEZA,a,lower_last,lowercase+last_letter,True
C A F É,é,CAFÉ,é,lower_last,lowercase+last_letter,True
C A L C U L A T E,e,CALCULATE,e,lower_last,lowercase+last_letter,True
C A L F,f,CALF,f,lower_last,lowercase+last_letter,True
C A L I E N T E,e,CALIENTE,e,lower_last,lowercase+last_letter,True
C A L L E,e,CALLE,e,lower_last,lowercase+last_letter,True
C A M P,p,CAMP,p,lower_last,lowercase+last_letter,True
C A N C I Ó N,n,CANCIÓN,n,lower_last,lowercase+last_letter,True
C A N T A N T E,e,CANTANTE,e,lower_last,lowercase+last_letter,True
C A R,r,CAR,r,lower_last,lowercase+last_letter,True
C A R E,e,CARE,e,lower_last,lowercase+last_letter,True
C A R G O,o,CARGO,o,lower_last,lowercase+last_letter,True
C A R R Y,y,CARRY,y,lower_last,lowercase+last_letter,True
C A R T A,a,CARTA,a,lower_last,lowercase+last_letter,True
C A S A,a,CASA,a,lower_last,lowercase+last_letter,True
C A T,t,CAT,t,lower_last,lowercase+last_letter,True
C A T C H,h,CATCH,h,lower_last,lowercase+last_letter,True
C E L E B R A T E,e,CELEBRATE,e,lower_last,lowercase+last_letter,True
C E N T,t,CENT,t,lower_last,lowercase+last_letter,True
C E R C A,a,CERCA,a,lower_last,lowercase+last_letter,True
C E R E B R O,o,CEREBRO,o,lower_last,lowercase+last_letter,True
C E R R A D O,o,CERRADO,o,lower_last,lowercase+last_letter,True
C E R V E A U,u,CERVEAU,u,lower_last,lowercase+last_letter,True
C H A I R,r,CHAIR,r,lower_last,lowercase+last_letter,True
C H A I S E,e,CHAISE,e,lower_last,lowercase+last_letter,True
C H A N G E,e,CHANGE,e,lower_last,lowercase+last_letter,True
C H A N S O N,n,CHANSON,n,lower_last,lowercase+last_letter,True
C H A T,t,CHAT,t,lower_last,lowercase+last_letter,True
C H A U D,d,CHAUD,d,lower_last,lowercase+last_letter,True
C H E E S E,e,CHEESE,e,lower_last,lowercase+last_letter,True
C H E F,f,CHEF,f,lower_last,lowercase+last_letter,True
C H E V A L,l,CHEVAL,l,lower_last,lowercase+last_letter,True
C H I E F,f,CHIEF,f,lower_last,lowercase+last_letter,True
C H I E N,n,CHIEN,n,lower_last,lowercase+last_letter,True
C H I L D,d,CHILD,d,lower_last,lowercase+last_letter,True
C H U R C H,h,CHURCH,h,lower_last,lowercase+last_letter,True
C I E N,n,CIEN,n,lower_last,lowercase+last_letter,True
C I N C O,o,CINCO,o,lower_last,lowercase+last_letter,True
C I N Q,q,CINQ,q,lower_last,lowercase+last_letter,True
C I T Y,y,CITY,y,lower_last,lowercase+last_letter,True
C I U D A D,d,CIUDAD,d,lower_last,lowercase+last_letter,True
C L A S S,s,CLASS,s,lower_last,lowercase+last_letter,True
C L E A N,n,CLEAN,n,lower_last,lowercase+last_letter,True
C L E R K,k,CLERK,k,lower_last,lowercase+last_letter,True
C L I F F,f,CLIFF,f,lower_last,lowercase+last_letter,True
C L I M B,b,CLIMB,b,lower_last,lowercase+last_letter,True
C L O S E,e,CLOSE,e,lower_last,lowercase+last_letter,True
C L O S E D,d,CLOSED,d,lower_last,lowercase+last_letter,True
C O C H E,e,COCHE,e,lower_last,lowercase+last_letter,True
C O F F E E,e,COFFEE,e,lower_last,lowercase+last_letter,True
C O L D,d,COLD,d,lower_last,lowercase+last_letter,True
C O M E,e,COME,e,lower_last,lowercase+last_letter,True
C O M I D A,a,COMIDA,a,lower_last,lowercase+last_letter,True
C O M M U N I C A T E,e,COMMUNICATE,e,lower_last,lowercase+last_letter,True
C O M P E T E,e,COMPETE,e,lower_last,lowercase+last_letter,True
C O M P L E T E,e,COMPLETE,e,lower_last,lowercase+last_letter,True
C O M P U T E R,r,COMPUTER,r,lower_last,lowercase+last_letter,True
C O N C E N T R A T E,e,CONCENTRATE,e,lower_last,lowercase+last_letter,True
C O N T E M P L A T E,e,CONTEMPLATE,e,lower_last,lowercase+last_letter,True
C O N T I N U E,e,CONTINUE,e,lower_last,lowercase+last_letter,True
C O O K,k,COOK,k,lower_last,lowercase+last_letter,True
C O O P E R A T E,e,COOPERATE,e,lower_last,lowercase+last_letter,True
C O O R D I N A T E,e,COORDINATE,e,lower_last,lowercase+last_letter,True
C O R A Z Ó N,n,CORAZÓN,n,lower_last,lowercase+last_letter,True
C O R P S,s,CORPS,s,lower_last,lowercase+last_letter,True
C O R T O,o,CORTO,o,lower_last,lowercase+last_letter,True
C O U N T R Y,y,COUNTRY,y,lower_last,lowercase+last_letter,True
C O U R T,t,COURT,t,lower_last,lowercase+last_letter,True
C O U S I N,n,COUSIN,n,lower_last,lowercase+last_letter,True
C R E A T E,e,CREATE,e,lower_last,lowercase+last_letter,True
C R I S I S,s,CRISIS,s,lower_last,lowercase+last_letter,True
C R I T E R I O N,n,CRITERION,n,lower_last,lowercase+last_letter,True
C R I T I C I Z E,e,CRITICIZE,e,lower_last,lowercase+last_letter,True
C R Y,y,CRY,y,lower_last,lowercase+last_letter,True
C U A T R O,o,CUATRO,o,lower_last,lowercase+last_letter,True
C U E R P O,o,CUERPO,o,lower_last,lowercase+last_letter,True
C U L T I V A T E,e,CULTIVATE,e,lower_last,lowercase+last_letter,True
C U P,p,CUP,p,lower_last,lowercase+last_letter,True
C U R R I C U L U M,m,CURRICULUM,m,lower_last,lowercase+last_letter,True
C Œ U R,r,CŒUR,r,lower_last,lowercase+last_letter,True
D A N C E,e,DANCE,e,lower_last,lowercase+last_letter,True
D A N C E R,r,DANCER,r,lower_last,lowercase+last_letter,True
D A N S E,e,DANSE,e,lower_last,lowercase+last_letter,True
D A T U M,m,DATUM,m,lower_last,lowercase+last_letter,True
D A U G H T E R,r,DAUGHTER,r,lower_last,lowercase+last_letter,True
D A Y,y,DAY,y,lower_last,lowercase+last_letter,True
D E C I D E,e,DECIDE,e,lower_last,lowercase+last_letter,True
D E C O R A T E,e,DECORATE,e,lower_last,lowercase+last_letter,True
D E D A N S,s,DEDANS,s,lower_last,lowercase+last_letter,True
D E D I C A T E,e,DEDICATE,e,lower_last,lowercase+last_letter,True
D E E R,r,DEER,r,lower_last,lowercase+last_letter,True
D E F E A T,t,DEFEAT,t,lower_last,lowercase+last_letter,True
D E H O R S,s,DEHORS,s,lower_last,lowercase+last_letter,True
D E L E T E,e,DELETE,e,lower_last,lowercase+last_letter,True
D E M A I N,n,DEMAIN,n,lower_last,lowercase+last_letter,True
D E M O N S T R A T E,e,DEMONSTRATE,e,lower_last,lowercase+last_letter,True
D E N T R O,o,DENTRO,o,lower_last,lowercase+last_letter,True
D E P O R T E,e,DEPORTE,e,lower_last,lowercase+last_letter,True
D E R E C H O,o,DERECHO,o,lower_last,lowercase+last_letter,True
D E R N I E R,r,DERNIER,r,lower_last,lowercase+last_letter,True
D E R R I È R E,e,DERRIÈRE,e,lower_last,lowercase+last_letter,True
D E S I G N A T E,e,DESIGNATE,e,lower_last,lowercase+last_letter,True
D E T E R M I N E,e,DETERMINE,e,lower_last,lowercase+last_letter,True
D E U X,x,DEUX,x,lower_last,lowercase+last_letter,True
D E V A N T,t,DEVANT,t,lower_last,lowercase+last_letter,True
D E V I A T E,e,DEVIATE,e,lower_last,lowercase+last_letter,True
D I E Z,z,DIEZ,z,lower_last,lowercase+last_letter,True
D I F F I C I L E,e,DIFFICILE,e,lower_last,lowercase+last_letter,True
D I F F I C U L T,t,DIFFICULT,t,lower_last,lowercase+last_letter,True
D I F Í C I L,l,DIFÍCIL,l,lower_last,lowercase+last_letter,True
D I R E C T O R,r,DIRECTOR,r,lower_last,lowercase+last_letter,True
D I R T Y,y,DIRTY,y,lower_last,lowercase+last_letter,True
D I S H,h,DISH,h,lower_last,lowercase+last_letter,True
D I X,x,DIX,x,lower_last,lowercase+last_letter,True
D O C T O R,r,DOCTOR,r,lower_last,lowercase+last_letter,True
D O G,g,DOG,g,lower_last,lowercase+last_letter,True
D O M I N A T E,e,DOMINATE,e,lower_last,lowercase+last_letter,True
D O O R,r,DOOR,r,lower_last,lowercase+last_letter,True
D O S,s,DOS,s,lower_last,lowercase+last_letter,True
D O W N,n,DOWN,n,lower_last,lowercase+last_letter,True
D R A W,w,DRAW,w,lower_last,lowercase+last_letter,True
D R I N K,k,DRINK,k,lower_last,lowercase+last_letter,True
D R I V E,e,DRIVE,e,lower_last,lowercase+last_letter,True
D R I V E R,r,DRIVER,r,lower_last,lowercase+last_letter,True
D R O I T,t,DROIT,t,lower_last,lowercase+last_letter,True
D U C H E S S,s,DUCHESS,s,lower_last,lowercase+last_letter,True
D U K E,e,DUKE,e,lower_last,lowercase+last_letter,True
D W A R F,f,DWARF,f,lower_last,lowercase+last_letter,True
D É B I L,l,DÉBIL,l,lower_last,lowercase+last_letter,True
D Í A,a,DÍA,a,lower_last,lowercase+last_letter,True
E A R,r,EAR,r,lower_last,lowercase+last_letter,True
E A S Y,y,EASY,y,lower_last,lowercase+last_letter,True
E A T,t,EAT,t,lower_last,lowercase+last_letter,True
E A U,u,EAU,u,lower_last,lowercase+last_letter,True
E C H O,o,ECHO,o,lower_last,lowercase+last_letter,True
E D U C A T E,e,EDUCATE,e,lower_last,lowercase+last_letter,True
E I G H T,t,EIGHT,t,lower_last,lowercase+last_letter,True
E L F,f,ELF,f,lower_last,lowercase+last_letter,True
E L I M I N A T E,e,ELIMINATE,e,lower_last,lowercase+last_letter,True
E M P E R O R,r,EMPEROR,r,lower_last,lowercase+last_letter,True
E M P R E S S,s,EMPRESS,s,lower_last,lowercase+last_letter,True
E M P T Y,y,EMPTY,y,lower_last,lowercase+last_letter,True
E N D,d,END,d,lower_last,lowercase+last_letter,True
E N F A N T,t,ENFANT,t,lower_last,lowercase+last_letter,True
E N F E R M E R A,a,ENFERMERA,a,lower_last,lowercase+last_letter,True
E N G I N E E R,r,ENGINEER,r,lower_last,lowercase+last_letter,True
E S C A L A T E,e,ESCALATE,e,lower_last,lowercase+last_letter,True
E S C U E L A,a,ESCUELA,a,lower_last,lowercase+last_letter,True
E S P O S A,a,ESPOSA,a,lower_last,lowercase+last_letter,True
E S P O S O,o,ESPOSO,o,lower_last,lowercase+last_letter,True
E S T R E C H O,o,ESTRECHO,o,lower_last,lowercase+last_letter,True
E S T R E L L A,a,ESTRELLA,a,lower_last,lowercase+last_letter,True
E S T U D I A N T E,e,ESTUDIANTE,e,lower_last,lowercase+last_letter,True
E V A L U A T E,e,EVALUATE,e,lower_last,lowercase+last_letter,True
E V A P O R A T E,e,EVAPORATE,e,lower_last,lowercase+last_letter,True
E X A G G E R A T E,e,EXAGGERATE,e,lower_last,lowercase+last_letter,True
E X A M I N E,e,EXAMINE,e,lower_last,lowercase+last_letter,True
E X C I T E,e,EXCITE,e,lower_last,lowercase+last_letter,True
E X E R C I S E,e,EXERCISE,e,lower_last,lowercase+last_letter,True
E X P L O R E,e,EXPLORE,e,lower_last,lowercase+last_letter,True
E Y E,e,EYE,e,lower_last,lowercase+last_letter,True
F A C I L E,e,FACILE,e,lower_last,lowercase+last_letter,True
F A I B L E,e,FAIBLE,e,lower_last,lowercase+last_letter,True
F A M I L I A,a,FAMILIA,a,lower_last,lowercase+last_letter,True
F A M I L L E,e,FAMILLE,e,lower_last,lowercase+last_letter,True
F A M I L Y,y,FAMILY,y,lower_last,lowercase+last_letter,True
F A R,r,FAR,r,lower_last,lowercase+last_letter,True
F A R M E R,r,FARMER,r,lower_last,lowercase+last_letter,True
F A S C I N A T E,e,FASCINATE,e,lower_last,lowercase+last_letter,True
F A S T,t,FAST,t,lower_last,lowercase+last_letter,True
F A T H E R,r,FATHER,r,lower_last,lowercase+last_letter,True
F E E L,l,FEEL,l,lower_last,lowercase+last_letter,True
F E L I Z,z,FELIZ,z,lower_last,lowercase+last_letter,True
F E M M E,e,FEMME,e,lower_last,lowercase+last_letter,True
F E N Ê T R E,e,FENÊTRE,e,lower_last,lowercase+last_letter,True
F E O,o,FEO,o,lower_last,lowercase+last_letter,True
F E R M I E R,r,FERMIER,r,lower_last,lowercase+last_letter,True
F E R M É,é,FERMÉ,é,lower_last,lowercase+last_letter,True
F I L L E,e,FILLE,e,lower_last,lowercase+last_letter,True
F I L S,s,FILS,s,lower_last,lowercase+last_letter,True
F I N G E R,r,FINGER,r,lower_last,lowercase+last_letter,True
F I N I S H,h,FINISH,h,lower_last,lowercase+last_letter,True
F I R S T,t,FIRST,t,lower_last,lowercase+last_letter,True
F I S H,h,FISH,h,lower_last,lowercase+last_letter,True
F I V E,e,FIVE,e,lower_last,lowercase+last_letter,True
F L E U R,r,FLEUR,r,lower_last,lowercase+last_letter,True
F L O R,r,FLOR,r,lower_last,lowercase+last_letter,True
F L O W E R,r,FLOWER,r,lower_last,lowercase+last_letter,True
F L Y,y,FLY,y,lower_last,lowercase+last_letter,True
F O O D,d,FOOD,d,lower_last,lowercase+last_letter,True
F O O T,t,FOOT,t,lower_last,lowercase+last_letter,True
F O R K,k,FORK,k,lower_last,lowercase+last_letter,True
F O R T,t,FORT,t,lower_last,lowercase+last_letter,True
F O U R,r,FOUR,r,lower_last,lowercase+last_letter,True
F O X,x,FOX,x,lower_last,lowercase+last_letter,True
F R A S E,e,FRASE,e,lower_last,lowercase+last_letter,True
F R E N T E,e,FRENTE,e,lower_last,lowercase+last_letter,True
F R I E N D,d,FRIEND,d,lower_last,lowercase+last_letter,True
F R O I D,d,FROID,d,lower_last,lowercase+last_letter,True
F R O M A G E,e,FROMAGE,e,lower_last,lowercase+last_letter,True
F R O N T,t,FRONT,t,lower_last,lowercase+last_letter,True
F R È R E,e,FRÈRE,e,lower_last,lowercase+last_letter,True
F R Í O,o,FRÍO,o,lower_last,lowercase+last_letter,True
F U E R A,a,FUERA,a,lower_last,lowercase+last_letter,True
F U E R T E,e,FUERTE,e,lower_last,lowercase+last_letter,True
F U L L,l,FULL,l,lower_last,lowercase+last_letter,True
F Á C I L,l,FÁCIL,l,lower_last,lowercase+last_letter,True
G A M E,e,GAME,e,lower_last,lowercase+last_letter,True
G A R Ç O N,n,GARÇON,n,lower_last,lowercase+last_letter,True
G A T O,o,GATO,o,lower_last,lowercase+last_letter,True
G A U C H E,e,GAUCHE,e,lower_last,lowercase+last_letter,True
G E N E R A T E,e,GENERATE,e,lower_last,lowercase+last_letter,True
G I R L,l,GIRL,l,lower_last,lowercase+last_letter,True
G I V E,e,GIVE,e,lower_last,lowercase+last_letter,True
G L A S S,s,GLASS,s,lower_last,lowercase+last_letter,True
G O O D,d,GOOD,d,lower_last,lowercase+last_letter,True
G O O D B Y E,e,GOODBYE,e,lower_last,lowercase+last_letter,True
G O O S E,e,GOOSE,e,lower_last,lowercase+last_letter,True
G R A C I A S,s,GRACIAS,s,lower_last,lowercase+last_letter,True
G R A N D,d,GRAND,d,lower_last,lowercase+last_letter,True
G R A N D E,e,GRANDE,e,lower_last,lowercase+last_letter,True
G R A N D F A T H E R,r,GRANDFATHER,r,lower_last,lowercase+last_letter,True
G R A N D M O T H E R,r,GRANDMOTHER,r,lower_last,lowercase+last_letter,True
G R A N J E R O,o,GRANJERO,o,lower_last,lowercase+last_letter,True
G R A Y,y,GRAY,y,lower_last,lowercase+last_letter,True
G R E E N,n,GREEN,n,lower_last,lowercase+last_letter,True
G R E E T,t,GREET,t,lower_last,lowercase+last_letter,True
G R I E F,f,GRIEF,f,lower_last,lowercase+last_letter,True
G R I S,s,GRIS,s,lower_last,lowercase+last_letter,True
G U L F,f,GULF,f,lower_last,lowercase+last_letter,True
G U Y,y,GUY,y,lower_last,lowercase+last_letter,True
H A L F,f,HALF,f,lower_last,lowercase+last_letter,True
H A N D,d,HAND,d,lower_last,lowercase+last_letter,True
H A P P Y,y,HAPPY,y,lower_last,lowercase+last_letter,True
H A T E,e,HATE,e,lower_last,lowercase+last_letter,True
H A U T,t,HAUT,t,lower_last,lowercase+last_letter,True
H E A D,d,HEAD,d,lower_last,lowercase+last_letter,True
H E A R,r,HEAR,r,lower_last,lowercase+last_letter,True
H E A R T,t,HEART,t,lower_last,lowercase+last_letter,True
H E A V Y,y,HEAVY,y,lower_last,lowercase+last_letter,True
H E L L O,o,HELLO,o,lower_last,lowercase+last_letter,True
H E L P,p,HELP,p,lower_last,lowercase+last_letter,True
H E R M A N A,a,HERMANA,a,lower_last,lowercase+last_letter,True
H E R M A N O,o,HERMANO,o,lower_last,lowercase+last_letter,True
H E R M O S O,o,HERMOSO,o,lower_last,lowercase+last_letter,True
H E R O,o,HERO,o,lower_last,lowercase+last_letter,True
H E R O I N E,e,HEROINE,e,lower_last,lowercase+last_letter,True
H E S I T A T E,e,HESITATE,e,lower_last,lowercase+last_letter,True
H E U R E U X,x,HEUREUX,x,lower_last,lowercase+last_letter,True
H I B E R N A T E,e,HIBERNATE,e,lower_last,lowercase+last_letter,True
H I E R,r,HIER,r,lower_last,lowercase+last_letter,True
H I G H,h,HIGH,h,lower_last,lowercase+last_letter,True
H I J A,a,HIJA,a,lower_last,lowercase+last_letter,True
H I J O,o,HIJO,o,lower_last,lowercase+last_letter,True
H I K E,e,HIKE,e,lower_last,lowercase+last_letter,True
H O L A,a,HOLA,a,lower_last,lowercase+last_letter,True
H O L D,d,HOLD,d,lower_last,lowercase+last_letter,True
H O M B R E,e,HOMBRE,e,lower_last,lowercase+last_letter,True
H O M M E,e,HOMME,e,lower_last,lowercase+last_letter,True
H O O F,f,HOOF,f,lower_last,lowercase+last_letter,True
H O P E,e,HOPE,e,lower_last,lowercase+last_letter,True
H O R S E,e,HORSE,e,lower_last,lowercase+last_letter,True
H O T,t,HOT,t,lower_last,lowercase+last_letter,True
H O U S E,e,HOUSE,e,lower_last,lowercase+last_letter,True
H O Y,y,HOY,y,lower_last,lowercase+last_letter,True
H U I T,t,HUIT,t,lower_last,lowercase+last_letter,True
H U N D R E D,d,HUNDRED,d,lower_last,lowercase+last_letter,True
H U N T,t,HUNT,t,lower_last,lowercase+last_letter,True
H U S B A N D,d,HUSBAND,d,lower_last,lowercase+last_letter,True
I L L U S T R A T E,e,ILLUSTRATE,e,lower_last,lowercase+last_letter,True
I M A G I N E,e,IMAGINE,e,lower_last,lowercase+last_letter,True
I M I T A T E,e,IMITATE,e,lower_last,lowercase+last_letter,True
I M P R O V E,e,IMPROVE,e,lower_last,lowercase+last_letter,True
I N C O R P O R A T E,e,INCORPORATE,e,lower_last,lowercase+last_letter,True
I N F I R M I È R E,e,INFIRMIÈRE,e,lower_last,lowercase+last_letter,True
I N I T I A T E,e,INITIATE,e,lower_last,lowercase+last_letter,True
I N N O V A T E,e,INNOVATE,e,lower_last,lowercase+last_letter,True
I N S I D E,e,INSIDE,e,lower_last,lowercase+last_letter,True
I N T E G R A T E,e,INTEGRATE,e,lower_last,lowercase+last_letter,True
I N V E S T I G A T E,e,INVESTIGATE,e,lower_last,lowercase+last_letter,True
I N V I T E,e,INVITE,e,lower_last,lowercase+last_letter,True
I R R I T A T E,e,IRRITATE,e,lower_last,lowercase+last_letter,True
I S S U E,e,ISSUE,e,lower_last,lowercase+last_letter,True
I Z Q U I E R D O,o,IZQUIERDO,o,lower_last,lowercase+last_letter,True
J A U N E,e,JAUNE,e,lower_last,lowercase+last_letter,True
J E U,u,JEU,u,lower_last,lowercase+last_letter,True
J E U N E,e,JEUNE,e,lower_last,lowercase+last_letter,True
J O U R,r,JOUR,r,lower_last,lowercase+last_letter,True
J O V E N,n,JOVEN,n,lower_last,lowercase+last_letter,True
J U E G O,o,JUEGO,o,lower_last,lowercase+last_letter,True
J U M P,p,JUMP,p,lower_last,lowercase+last_letter,True
K E Y,y,KEY,y,lower_last,lowercase+last_letter,True
K I D N E Y,y,KIDNEY,y,lower_last,lowercase+last_letter,True
K I N G,g,KING,g,lower_last,lowercase+last_letter,True
K I S S,s,KISS,s,lower_last,lowercase+last_letter,True
K N E E L,l,KNEEL,l,lower_last,lowercase+last_letter,True
K N I F E,e,KNIFE,e,lower_last,lowercase+last_letter,True
K N I G H T,t,KNIGHT,t,lower_last,lowercase+last_letter,True
L A D Y,y,LADY,y,lower_last,lowercase+last_letter,True
L A I D,d,LAID,d,lower_last,lowercase+last_letter,True
L A I T,t,LAIT,t,lower_last,lowercase+last_letter,True
L A R G E,e,LARGE,e,lower_last,lowercase+last_letter,True
L A R G O,o,LARGO,o,lower_last,lowercase+last_letter,True
L A S T,t,LAST,t,lower_last,lowercase+last_letter,True
L A U G H,h,LAUGH,h,lower_last,lowercase+last_letter,True
L A W Y E R,r,LAWYER,r,lower_last,lowercase+last_letter,True
L E A F,f,LEAF,f,lower_last,lowercase+last_letter,True
L E A R N,n,LEARN,n,lower_last,lowercase+last_letter,True
L E A V E,e,LEAVE,e,lower_last,lowercase+last_letter,True
L E C H E,e,LECHE,e,lower_last,lowercase+last_letter,True
L E F T,t,LEFT,t,lower_last,lowercase+last_letter,True
L E G,g,LEG,g,lower_last,lowercase+last_letter,True
L E J O S,s,LEJOS,s,lower_last,lowercase+last_letter,True
L E N T,t,LENT,t,lower_last,lowercase+last_letter,True
L E N T O,o,LENTO,o,lower_last,lowercase+last_letter,True
L E T T E R,r,LETTER,r,lower_last,lowercase+last_letter,True
L E T T R E,e,LETTRE,e,lower_last,lowercase+last_letter,True
L I B R A R Y,y,LIBRARY,y,lower_last,lowercase+last_letter,True
L I B R O,o,LIBRO,o,lower_last,lowercase+last_letter,True
L I E,e,LIE,e,lower_last,lowercase+last_letter,True
L I F E,e,LIFE,e,lower_last,lowercase+last_letter,True
L I G E R O,o,LIGERO,o,lower_last,lowercase+last_letter,True
L I G H T,t,LIGHT,t,lower_last,lowercase+last_letter,True
L I M P I O,o,LIMPIO,o,lower_last,lowercase+last_letter,True
L I S T E N,n,LISTEN,n,lower_last,lowercase+last_letter,True
L I V E,e,LIVE,e,lower_last,lowercase+last_letter,True
L I V E R,r,LIVER,r,lower_last,lowercase+last_letter,True
L I V R E,e,LIVRE,e,lower_last,lowercase+last_letter,True
L L E N O,o,LLENO,o,lower_last,lowercase+last_letter,True
L O A F,f,LOAF,f,lower_last,lowercase+last_letter,True
L O I N,n,LOIN,n,lower_last,lowercase+last_letter,True
L O N G,g,LONG,g,lower_last,lowercase+last_letter,True
L O R D,d,LORD,d,lower_last,lowercase+last_letter,True
L O U R D,d,LOURD,d,lower_last,lowercase+last_letter,True
L O V E,e,LOVE,e,lower_last,lowercase+last_letter,True
L O W,w,LOW,w,lower_last,lowercase+last_letter,True
L U N A,a,LUNA,a,lower_last,lowercase+last_letter,True
L U N E,e,LUNE,e,lower_last,lowercase+last_letter,True
L U N G,g,LUNG,g,lower_last,lowercase+last_letter,True
L É G E R,r,LÉGER,r,lower_last,lowercase+last_letter,True
M A D R E,e,MADRE,e,lower_last,lowercase+last_letter,True
M A I N,n,MAIN,n,lower_last,lowercase+last_letter,True
M A I S O N,n,MAISON,n,lower_last,lowercase+last_letter,True
M A K E,e,MAKE,e,lower_last,lowercase+last_letter,True
M A L O,o,MALO,o,lower_last,lowercase+last_letter,True
M A N,n,MAN,n,lower_last,lowercase+last_letter,True
M A N A G E,e,MANAGE,e,lower_last,lowercase+last_letter,True
M A N A G E R,r,MANAGER,r,lower_last,lowercase+last_letter,True
M A N O,o,MANO,o,lower_last,lowercase+last_letter,True
M A N Z A N A,a,MANZANA,a,lower_last,lowercase+last_letter,True
M A R I,i,MARI,i,lower_last,lowercase+last_letter,True
M A R R O N,n,MARRON,n,lower_last,lowercase+last_letter,True
M A R R Ó N,n,MARRÓN,n,lower_last,lowercase+last_letter,True
M A U V A I S,s,MAUVAIS,s,lower_last,lowercase+last_letter,True
M A Ñ A N A,a,MAÑANA,a,lower_last,lowercase+last_letter,True
M E D I T A T E,e,MEDITATE,e,lower_last,lowercase+last_letter,True
M E D I U M,m,MEDIUM,m,lower_last,lowercase+last_letter,True
M E E T,t,MEET,t,lower_last,lowercase+last_letter,True
M E R C I,i,MERCI,i,lower_last,lowercase+last_letter,True
M E S,s,MES,s,lower_last,lowercase+last_letter,True
M E S A,a,MESA,a,lower_last,lowercase+last_letter,True
M I L,l,MIL,l,lower_last,lowercase+last_letter,True
M I L K,k,MILK,k,lower_last,lowercase+last_letter,True
M I L L E,e,MILLE,e,lower_last,lowercase+last_letter,True
M O I S,s,MOIS,s,lower_last,lowercase+last_letter,True
M O N D E,e,MONDE,e,lower_last,lowercase+last_letter,True
M O N T H,h,MONTH,h,lower_last,lowercase+last_letter,True
M O O N,n,MOON,n,lower_last,lowercase+last_letter,True
M O R A D O,o,MORADO,o,lower_last,lowercase+last_letter,True
M O S Q U I T O,o,MOSQUITO,o,lower_last,lowercase+last_letter,True
M O T,t,MOT,t,lower_last,lowercase+last_letter,True
M O T H E R,r,MOTHER,r,lower_last,lowercase+last_letter,True
M O T I V A T E,e,MOTIVATE,e,lower_last,lowercase+last_letter,True
M O U S E,e,MOUSE,e,lower_last,lowercase+last_letter,True
M O U T H,h,MOUTH,h,lower_last,lowercase+last_letter,True
M O V E,e,MOVE,e,lower_last,lowercase+last_letter,True
M U J E R,r,MUJER,r,lower_last,lowercase+last_letter,True
M U N D O,o,MUNDO,o,lower_last,lowercase+last_letter,True
M U S C L E,e,MUSCLE,e,lower_last,lowercase+last_letter,True
M U S I C,c,MUSIC,c,lower_last,lowercase+last_letter,True
M U S I C I A N,n,MUSICIAN,n,lower_last,lowercase+last_letter,True
M U S I C I E N,n,MUSICIEN,n,lower_last,lowercase+last_letter,True
M U S I Q U E,e,MUSIQUE,e,lower_last,lowercase+last_letter,True
M È R E,e,MÈRE,e,lower_last,lowercase+last_letter,True
M É D E C I N,n,MÉDECIN,n,lower_last,lowercase+last_letter,True
M É D I C O,o,MÉDICO,o,lower_last,lowercase+last_letter,True
M Ú S I C A,a,MÚSICA,a,lower_last,lowercase+last_letter,True
M Ú S I C O,o,MÚSICO,o,lower_last,lowercase+last_letter,True
N A R A N J A,a,NARANJA,a,lower_last,lowercase+last_letter,True
N A R I Z,z,NARIZ,z,lower_last,lowercase+last_letter,True
N A R R O W,w,NARROW,w,lower_last,lowercase+last_letter,True
N A V I G A T E,e,NAVIGATE,e,lower_last,lowercase+last_letter,True
N E A R,r,NEAR,r,lower_last,lowercase+last_letter,True
N E G O T I A T E,e,NEGOTIATE,e,lower_last,lowercase+last_letter,True
N E G R O,o,NEGRO,o,lower_last,lowercase+last_letter,True
N E R V E,e,NERVE,e,lower_last,lowercase+last_letter,True
N E U F,f,NEUF,f,lower_last,lowercase+last_letter,True
N E W,w,NEW,w,lower_last,lowercase+last_letter,True
N E Z,z,NEZ,z,lower_last,lowercase+last_letter,True
N I G H T,t,NIGHT,t,lower_last,lowercase+last_letter,True
N I N E,e,NINE,e,lower_last,lowercase+last_letter,True
N I Ñ A,a,NIÑA,a,lower_last,lowercase+last_letter,True
N I Ñ O,o,NIÑO,o,lower_last,lowercase+last_letter,True
N O,o,NO,o,lower_last,lowercase+last_letter,True
N O C H E,e,NOCHE,e,lower_last,lowercase+last_letter,True
N O I R,r,NOIR,r,lower_last,lowercase+last_letter,True
N O N,n,NON,n,lower_last,lowercase+last_letter,True
N O S E,e,NOSE,e,lower_last,lowercase+last_letter,True
N O T I C E,e,NOTICE,e,lower_last,lowercase+last_letter,True
N O U R R I T U R E,e,NOURRITURE,e,lower_last,lowercase+last_letter,True
N O U V E A U,u,NOUVEAU,u,lower_last,lowercase+last_letter,True
N U E V E,e,NUEVE,e,lower_last,lowercase+last_letter,True
N U E V O,o,NUEVO,o,lower_last,lowercase+last_letter,True
N U I T,t,NUIT,t,lower_last,lowercase+last_letter,True
N U R S E,e,NURSE,e,lower_last,lowercase+last_letter,True
O A S I S,s,OASIS,s,lower_last,lowercase+last_letter,True
O C H O,o,OCHO,o,lower_last,lowercase+last_letter,True
O F F I C E R,r,OFFICER,r,lower_last,lowercase+last_letter,True
O I S E A U,u,OISEAU,u,lower_last,lowercase+last_letter,True
O J O,o,OJO,o,lower_last,lowercase+last_letter,True
O L D,d,OLD,d,lower_last,lowercase+last_letter,True
O N C L E,e,ONCLE,e,lower_last,lowercase+last_letter,True
O N E,e,ONE,e,lower_last,lowercase+last_letter,True
O P E N,n,OPEN,n,lower_last,lowercase+last_letter,True
O P E R A T E,e,OPERATE,e,lower_last,lowercase+last_letter,True
O R A N G E,e,ORANGE,e,lower_last,lowercase+last_letter,True
O R E I L L E,e,OREILLE,e,lower_last,lowercase+last_letter,True
O R E J A,a,OREJA,a,lower_last,lowercase+last_letter,True
O R G A N I Z E,e,ORGANIZE,e,lower_last,lowercase+last_letter,True
O U I,i,OUI,i,lower_last,lowercase+last_letter,True
O U T S I D E,e,OUTSIDE,e,lower_last,lowercase+last_letter,True
O U V E R T,t,OUVERT,t,lower_last,lowercase+last_letter,True
O U V R I E R,r,OUVRIER,r,lower_last,lowercase+last_letter,True
O X,x,OX,x,lower_last,lowercase+last_letter,True
P A D R E,e,PADRE,e,lower_last,lowercase+last_letter,True
P A G E,e,PAGE,e,lower_last,lowercase+last_letter,True
P A I N,n,PAIN,n,lower_last,lowercase+last_letter,True
P A I N T,t,PAINT,t,lower_last,lowercase+last_letter,True
P A I N T E R,r,PAINTER,r,lower_last,lowercase+last_letter,True
P A L A B R A,a,PALABRA,a,lower_last,lowercase+last_letter,True
P A N,n,PAN,n,lower_last,lowercase+last_letter,True
P A P E R,r,PAPER,r,lower_last,lowercase+last_letter,True
P A R E N T H E S I S,s,PARENTHESIS,s,lower_last,lowercase+last_letter,True
P A R T I C I P A T E,e,PARTICIPATE,e,lower_last,lowercase+last_letter,True
P A R T Y,y,PARTY,y,lower_last,lowercase+last_letter,True
P A U V R E,e,PAUVRE,e,lower_last,lowercase+last_letter,True
P A Y S,s,PAYS,s,lower_last,lowercase+last_letter,True
P A Í S,s,PAÍS,s,lower_last,lowercase+last_letter,True
P E L O T A,a,PELOTA,a,lower_last,lowercase+last_letter,True
P E N,n,PEN,n,lower_last,lowercase+last_letter,True
P E N C I L,l,PENCIL,l,lower_last,lowercase+last_letter,True
P E N E T R A T E,e,PENETRATE,e,lower_last,lowercase+last_letter,True
P E P P E R,r,PEPPER,r,lower_last,lowercase+last_letter,True
P E Q U E Ñ O,o,PEQUEÑO,o,lower_last,lowercase+last_letter,True
P E R R O,o,PERRO,o,lower_last,lowercase+last_letter,True
P E R S O N,n,PERSON,n,lower_last,lowercase+last_letter,True
P E S A D O,o,PESADO,o,lower_last,lowercase+last_letter,True
P E T I T,t,PETIT,t,lower_last,lowercase+last_letter,True
P E Z,z,PEZ,z,lower_last,lowercase+last_letter,True
P H E N O M E N O N,n,PHENOMENON,n,lower_last,lowercase+last_letter,True
P H O N E,e,PHONE,e,lower_last,lowercase+last_letter,True
P H O T O,o,PHOTO,o,lower_last,lowercase+last_letter,True
P H R A S E,e,PHRASE,e,lower_last,lowercase+last_letter,True
P I A N O,o,PIANO,o,lower_last,lowercase+last_letter,True
P I E,e,PIE,e,lower_last,lowercase+last_letter,True
P I E D,d,PIED,d,lower_last,lowercase+last_letter,True
P I L O T,t,PILOT,t,lower_last,lowercase+last_letter,True
P I M I E N T A,a,PIMIENTA,a,lower_last,lowercase+last_letter,True
P I N K,k,PINK,k,lower_last,lowercase+last_letter,True
P L A T E,e,PLATE,e,lower_last,lowercase+last_letter,True
P L A Y,y,PLAY,y,lower_last,lowercase+last_letter,True
P L A Y E R,r,PLAYER,r,lower_last,lowercase+last_letter,True
P L E A S E,e,PLEASE,e,lower_last,lowercase+last_letter,True
P L E I N,n,PLEIN,n,lower_last,lowercase+last_letter,True
P O B R E,e,POBRE,e,lower_last,lowercase+last_letter,True
P O I S S O N,n,POISSON,n,lower_last,lowercase+last_letter,True
P O I V R E,e,POIVRE,e,lower_last,lowercase+last_letter,True
P O L I C E,e,POLICE,e,lower_last,lowercase+last_letter,True
P O L I C Í A,a,POLICÍA,a,lower_last,lowercase+last_letter,True
P O M M E,e,POMME,e,lower_last,lowercase+last_letter,True
P O O R,r,POOR,r,lower_last,lowercase+last_letter,True
P O R T E,e,PORTE,e,lower_last,lowercase+last_letter,True
P O T A T O,o,POTATO,o,lower_last,lowercase+last_letter,True
P R A C T I C E,e,PRACTICE,e,lower_last,lowercase+last_letter,True
P R E M I E R,r,PREMIER,r,lower_last,lowercase+last_letter,True
P R E S I D E N T,t,PRESIDENT,t,lower_last,lowercase+last_letter,True
P R I M E R O,o,PRIMERO,o,lower_last,lowercase+last_letter,True
P R I M O,o,PRIMO,o,lower_last,lowercase+last_letter,True
P R I N C E,e,PRINCE,e,lower_last,lowercase+last_letter,True
P R I N C E S A,a,PRINCESA,a,lower_last,lowercase+last_letter,True
P R I N C E S S,s,PRINCESS,s,lower_last,lowercase+last_letter,True
P R I N C E S S E,e,PRINCESSE,e,lower_last,lowercase+last_letter,True
P R O F E S O R,r,PROFESOR,r,lower_last,lowercase+last_letter,True
P R O F E S S E U R,r,PROFESSEUR,r,lower_last,lowercase+last_letter,True
P R O M I S E,e,PROMISE,e,lower_last,lowercase+last_letter,True
P R O O F,f,PROOF,f,lower_last,lowercase+last_letter,True
P R O P R E,e,PROPRE,e,lower_last,lowercase+last_letter,True
P R È S,s,PRÈS,s,lower_last,lowercase+last_letter,True
P R Í N C I P E,e,PRÍNCIPE,e,lower_last,lowercase+last_letter,True
P U E R T A,a,PUERTA,a,lower_last,lowercase+last_letter,True
P U L L,l,PULL,l,lower_last,lowercase+last_letter,True
P U R P L E,e,PURPLE,e,lower_last,lowercase+last_letter,True
P U R S U E,e,PURSUE,e,lower_last,lowercase+last_letter,True
P U S H,h,PUSH,h,lower_last,lowercase+last_letter,True
P Á G I N A,a,PÁGINA,a,lower_last,lowercase+last_letter,True
P Á J A R O,o,PÁJARO,o,lower_last,lowercase+last_letter,True
P È R E,e,PÈRE,e,lower_last,lowercase+last_letter,True
Q U A T R E,e,QUATRE,e,lower_last,lowercase+last_letter,True
Q U E E N,n,QUEEN,n,lower_last,lowercase+last_letter,True
Q U E S O,o,QUESO,o,lower_last,lowercase+last_letter,True
R A D I A T E,e,RADIATE,e,lower_last,lowercase+last_letter,True
R A D I O,o,RADIO,o,lower_last,lowercase+last_letter,True
R A P I D E,e,RAPIDE,e,lower_last,lowercase+last_letter,True
R A Y,y,RAY,y,lower_last,lowercase+last_letter,True
R E A D,d,READ,d,lower_last,lowercase+last_letter,True
R E A L I Z E,e,REALIZE,e,lower_last,lowercase+last_letter,True
R E C E I V E,e,RECEIVE,e,lower_last,lowercase+last_letter,True
R E C O G N I Z E,e,RECOGNIZE,e,lower_last,lowercase+last_letter,True
R E D,d,RED,d,lower_last,lowercase+last_letter,True
R E E F,f,REEF,f,lower_last,lowercase+last_letter,True
R E I N A,a,REINA,a,lower_last,lowercase+last_letter,True
R E I N E,e,REINE,e,lower_last,lowercase+last_letter,True
R E L A T E,e,RELATE,e,lower_last,lowercase+last_letter,True
R E L A X,x,RELAX,x,lower_last,lowercase+last_letter,True
R E P E A T,t,REPEAT,t,lower_last,lowercase+last_letter,True
R E S C U E,e,RESCUE,e,lower_last,lowercase+last_letter,True
R E S T,t,REST,t,lower_last,lowercase+last_letter,True
R E Y,y,REY,y,lower_last,lowercase+last_letter,True
R I C H,h,RICH,h,lower_last,lowercase+last_letter,True
R I C H E,e,RICHE,e,lower_last,lowercase+last_letter,True
R I C O,o,RICO,o,lower_last,lowercase+last_letter,True
R I G H T,t,RIGHT,t,lower_last,lowercase+last_letter,True
R O I,i,ROI,i,lower_last,lowercase+last_letter,True
R O J O,o,ROJO,o,lower_last,lowercase+last_letter,True
R O O F,f,ROOF,f,lower_last,lowercase+last_letter,True
R O S A,a,ROSA,a,lower_last,lowercase+last_letter,True
R O S E,e,ROSE,e,lower_last,lowercase+last_letter,True
R O T A T E,e,ROTATE,e,lower_last,lowercase+last_letter,True
R O U G E,e,ROUGE,e,lower_last,lowercase+last_letter,True
R U E,e,RUE,e,lower_last,lowercase+last_letter,True
R U N,n,RUN,n,lower_last,lowercase+last_letter,True
R U N N E R,r,RUNNER,r,lower_last,lowercase+last_letter,True
R Á P I D O,o,RÁPIDO,o,lower_last,lowercase+last_letter,True
S A D,d,SAD,d,lower_last,lowercase+last_letter,True
S A F E,e,SAFE,e,lower_last,lowercase+last_letter,True
S A I L,l,SAIL,l,lower_last,lowercase+last_letter,True
S A I L O R,r,SAILOR,r,lower_last,lowercase+last_letter,True
S A L,l,SAL,l,lower_last,lowercase+last_letter,True
S A L E,e,SALE,e,lower_last,lowercase+last_letter,True
S A L T,t,SALT,t,lower_last,lowercase+last_letter,True
S C A R F,f,SCARF,f,lower_last,lowercase+last_letter,True
S C H O O L,l,SCHOOL,l,lower_last,lowercase+last_letter,True
S C I E N T I S T,t,SCIENTIST,t,lower_last,lowercase+last_letter,True
S E E,e,SEE,e,lower_last,lowercase+last_letter,True
S E I S,s,SEIS,s,lower_last,lowercase+last_letter,True
S E L,l,SEL,l,lower_last,lowercase+last_letter,True
S E L F,f,SELF,f,lower_last,lowercase+last_letter,True
S E M A I N E,e,SEMAINE,e,lower_last,lowercase+last_letter,True
S E M A N A,a,SEMANA,a,lower_last,lowercase+last_letter,True
S E N T E N C E,e,SENTENCE,e,lower_last,lowercase+last_letter,True
S E P A R A T E,e,SEPARATE,e,lower_last,lowercase+last_letter,True
S E P T,t,SEPT,t,lower_last,lowercase+last_letter,True
S E V E N,n,SEVEN,n,lower_last,lowercase+last_letter,True
S H A R E,e,SHARE,e,lower_last,lowercase+last_letter,True
S H E E P,p,SHEEP,p,lower_last,lowercase+last_letter,True
S H E L F,f,SHELF,f,lower_last,lowercase+last_letter,True
S H O R T,t,SHORT,t,lower_last,lowercase+last_letter,True
S H O U T,t,SHOUT,t,lower_last,lowercase+last_letter,True
S I E T E,e,SIETE,e,lower_last,lowercase+last_letter,True
S I L L A,a,SILLA,a,lower_last,lowercase+last_letter,True
S I N G,g,SING,g,lower_last,lowercase+last_letter,True
S I N G E R,r,SINGER,r,lower_last,lowercase+last_letter,True
S I S T E R,r,SISTER,r,lower_last,lowercase+last_letter,True
S I T,t,SIT,t,lower_last,lowercase+last_letter,True
S I X,x,SIX,x,lower_last,lowercase+last_letter,True
S K A T E,e,SKATE,e,lower_last,lowercase+last_letter,True
S K I,i,SKI,i,lower_last,lowercase+last_letter,True
S L E E P,p,SLEEP,p,lower_last,lowercase+last_letter,True
S L O W,w,SLOW,w,lower_last,lowercase+last_letter,True
S M A L L,l,SMALL,l,lower_last,lowercase+last_letter,True
S M E L L,l,SMELL,l,lower_last,lowercase+last_letter,True
S M I L E,e,SMILE,e,lower_last,lowercase+last_letter,True
S O L,l,SOL,l,lower_last,lowercase+last_letter,True
S O L D A D O,o,SOLDADO,o,lower_last,lowercase+last_letter,True
S O L D A T,t,SOLDAT,t,lower_last,lowercase+last_letter,True
S O L D I E R,r,SOLDIER,r,lower_last,lowercase+last_letter,True
S O L E I L,l,SOLEIL,l,lower_last,lowercase+last_letter,True
S O N,n,SON,n,lower_last,lowercase+last_letter,True
S O N G,g,SONG,g,lower_last,lowercase+last_letter,True
S P O O N,n,SPOON,n,lower_last,lowercase+last_letter,True
S P O R T,t,SPORT,t,lower_last,lowercase+last_letter,True
S T A N D,d,STAND,d,lower_last,lowercase+last_letter,True
S T A R,r,STAR,r,lower_last,lowercase+last_letter,True
S T A R T,t,START,t,lower_last,lowercase+last_letter,True
S T I M U L A T E,e,STIMULATE,e,lower_last,lowercase+last_letter,True
S T O M A C H,h,STOMACH,h,lower_last,lowercase+last_letter,True
S T O P,p,STOP,p,lower_last,lowercase+last_letter,True
S T O R Y,y,STORY,y,lower_last,lowercase+last_letter,True
S T R E E T,t,STREET,t,lower_last,lowercase+last_letter,True
S T R E T C H,h,STRETCH,h,lower_last,lowercase+last_letter,True
S T R O N G,g,STRONG,g,lower_last,lowercase+last_letter,True
S T U D E N T,t,STUDENT,t,lower_last,lowercase+last_letter,True
S T U D I O,o,STUDIO,o,lower_last,lowercase+last_letter,True
S T U D Y,y,STUDY,y,lower_last,lowercase+last_letter,True
S U C I O,o,SUCIO,o,lower_last,lowercase+last_letter,True
S U C R E,e,SUCRE,e,lower_last,lowercase+last_letter,True
S U G A R,r,SUGAR,r,lower_last,lowercase+last_letter,True
S U N,n,SUN,n,lower_last,lowercase+last_letter,True
S U R P R I S E,e,SURPRISE,e,lower_last,lowercase+last_letter,True
S W I M,m,SWIM,m,lower_last,lowercase+last_letter,True
S W I M M E R,r,SWIMMER,r,lower_last,lowercase+last_letter,True
S Í,í,SÍ,í,lower_last,lowercase+last_letter,True
S Œ U R,r,SŒUR,r,lower_last,lowercase+last_letter,True
T A B L E,e,TABLE,e,lower_last,lowercase+last_letter,True
T A I L O R,r,TAILOR,r,lower_last,lowercase+last_letter,True
T A K E,e,TAKE,e,lower_last,lowercase+last_letter,True
T A L K,k,TALK,k,lower_last,lowercase+last_letter,True
T A N T E,e,TANTE,e,lower_last,lowercase+last_letter,True
T A S T E,e,TASTE,e,lower_last,lowercase+last_letter,True
T E A,a,TEA,a,lower_last,lowercase+last_letter,True
T E A C H,h,TEACH,h,lower_last,lowercase+last_letter,True
T E A C H E R,r,TEACHER,r,lower_last,lowercase+last_letter,True
T E M P S,s,TEMPS,s,lower_last,lowercase+last_letter,True
T E N,n,TEN,n,lower_last,lowercase+last_letter,True
T E R M I N A T E,e,TERMINATE,e,lower_last,lowercase+last_letter,True
T H E S I S,s,THESIS,s,lower_last,lowercase+last_letter,True
T H I E F,f,THIEF,f,lower_last,lowercase+last_letter,True
T H I N K,k,THINK,k,lower_last,lowercase+last_letter,True
T H O U S A N D,d,THOUSAND,d,lower_last,lowercase+last_letter,True
T H R E E,e,THREE,e,lower_last,lowercase+last_letter,True
T H R O W,w,THROW,w,lower_last,lowercase+last_letter,True
T H É,é,THÉ,é,lower_last,lowercase+last_letter,True
T I E M P O,o,TIEMPO,o,lower_last,lowercase+last_letter,True
T I M E,e,TIME,e,lower_last,lowercase+last_letter,True
T O D A Y,y,TODAY,y,lower_last,lowercase+last_letter,True
T O E,e,TOE,e,lower_last,lowercase+last_letter,True
T O L E R A T E,e,TOLERATE,e,lower_last,lowercase+last_letter,True
T O M A T O,o,TOMATO,o,lower_last,lowercase+last_letter,True
T O M O R R O W,w,TOMORROW,w,lower_last,lowercase+last_letter,True
T O O T H,h,TOOTH,h,lower_last,lowercase+last_letter,True
T O U C H,h,TOUCH,h,lower_last,lowercase+last_letter,True
T O Y,y,TOY,y,lower_last,lowercase+last_letter,True
T R A B A J A D O R,r,TRABAJADOR,r,lower_last,lowercase+last_letter,True
T R A N S L A T E,e,TRANSLATE,e,lower_last,lowercase+last_letter,True
T R A V E L,l,TRAVEL,l,lower_last,lowercase+last_letter,True
T R E A T,t,TREAT,t,lower_last,lowercase+last_letter,True
T R E E,e,TREE,e,lower_last,lowercase+last_letter,True
T R E S,s,TRES,s,lower_last,lowercase+last_letter,True
T R I S T E,e,TRISTE,e,lower_last,lowercase+last_letter,True
T R O I S,s,TROIS,s,lower_last,lowercase+last_letter,True
T W O,o,TWO,o,lower_last,lowercase+last_letter,True
T É,é,TÉ,é,lower_last,lowercase+last_letter,True
T Ê T E,e,TÊTE,e,lower_last,lowercase+last_letter,True
T Í A,a,TÍA,a,lower_last,lowercase+last_letter,True
T Í O,o,TÍO,o,lower_last,lowercase+last_letter,True
U G L Y,y,UGLY,y,lower_last,lowercase+last_letter,True
U N,n,UN,n,lower_last,lowercase+last_letter,True
U N C L E,e,UNCLE,e,lower_last,lowercase+last_letter,True
U N I T E,e,UNITE,e,lower_last,lowercase+last_letter,True
U N O,o,UNO,o,lower_last,lowercase+last_letter,True
U P,p,UP,p,lower_last,lowercase+last_letter,True
V A C Í O,o,VACÍO,o,lower_last,lowercase+last_letter,True
V A L I D A T E,e,VALIDATE,e,lower_last,lowercase+last_letter,True
V A L U E,e,VALUE,e,lower_last,lowercase+last_letter,True
V E I N,n,VEIN,n,lower_last,lowercase+last_letter,True
V E N T A N A,a,VENTANA,a,lower_last,lowercase+last_letter,True
V E R D E,e,VERDE,e,lower_last,lowercase+last_letter,True
V E R T,t,VERT,t,lower_last,lowercase+last_letter,True
V I B R A T E,e,VIBRATE,e,lower_last,lowercase+last_letter,True
V I D E,e,VIDE,e,lower_last,lowercase+last_letter,True
V I D E O,o,VIDEO,o,lower_last,lowercase+last_letter,True
V I E J O,o,VIEJO,o,lower_last,lowercase+last_letter,True
V I E U X,x,VIEUX,x,lower_last,lowercase+last_letter,True
V I L L A I N,n,VILLAIN,n,lower_last,lowercase+last_letter,True
V I L L E,e,VILLE,e,lower_last,lowercase+last_letter,True
V I N,n,VIN,n,lower_last,lowercase+last_letter,True
V I N O,o,VINO,o,lower_last,lowercase+last_letter,True
V I O L E T,t,VIOLET,t,lower_last,lowercase+last_letter,True
V O I T U R E,e,VOITURE,e,lower_last,lowercase+last_letter,True
V O L C A N O,o,VOLCANO,o,lower_last,lowercase+last_letter,True
W A I T,t,WAIT,t,lower_last,lowercase+last_letter,True
W A L K,k,WALK,k,lower_last,lowercase+last_letter,True
W A S H,h,WASH,h,lower_last,lowercase+last_letter,True
W A T C H,h,WATCH,h,lower_last,lowercase+last_letter,True
W A T E R,r,WATER,r,lower_last,lowercase+last_letter,True
W A Y,y,WAY,y,lower_last,lowercase+last_letter,True
W E A K,k,WEAK,k,lower_last,lowercase+last_letter,True
W E E K,k,WEEK,k,lower_last,lowercase+last_letter,True
W H A R F,f,WHARF,f,lower_last,lowercase+last_letter,True
W H I S P E R,r,WHISPER,r,lower_last,lowercase+last_letter,True
W H I T E,e,WHITE,e,lower_last,lowercase+last_letter,True
W I D E,e,WIDE,e,lower_last,lowercase+last_letter,True
W I F E,e,WIFE,e,lower_last,lowercase+last_letter,True
W I N D O W,w,WINDOW,w,lower_last,lowercase+last_letter,True
W I N E,e,WINE,e,lower_last,lowercase+last_letter,True
W O L F,f,WOLF,f,lower_last,lowercase+last_letter,True
W O M A N,n,WOMAN,n,lower_last,lowercase+last_letter,True
W O R D,d,WORD,d,lower_last,lowercase+last_letter,True
W O R K,k,WORK,k,lower_last,lowercase+last_letter,True
W O R K E R,r,WORKER,r,lower_last,lowercase+last_letter,True
W O R L D,d,WORLD,d,lower_last,lowercase+last_letter,True
W R I T E,e,WRITE,e,lower_last,lowercase+last_letter,True
W R I T E R,r,WRITER,r,lower_last,lowercase+last_letter,True
Y E A R,r,YEAR,r,lower_last,lowercase+last_letter,True
Y E L L O W,w,YELLOW,w,lower_last,lowercase+last_letter,True
Y E S,s,YES,s,lower_last,lowercase+last_letter,True
Y E S T E R D A Y,y,YESTERDAY,y,lower_last,lowercase+last_letter,True
Y O U N G,g,YOUNG,g,lower_last,lowercase+last_letter,True
Á R B O L,l,ÁRBOL,l,lower_last,lowercase+last_letter,True
É C O L E,e,ÉCOLE,e,lower_last,lowercase+last_letter,True
É T O I L E,e,ÉTOILE,e,lower_last,lowercase+last_letter,True
É T R O I T,t,ÉTROIT,t,lower_last,lowercase+last_letter,True
É T U D I A N T,t,ÉTUDIANT,t,lower_last,lowercase+last_letter,True
Ú L T I M O,o,ÚLTIMO,o,lower_last,lowercase+last_letter,True
Œ I L,l,ŒIL,l,lower_last,lowercase+last_letter,True
A f g h a n i s t a n,n,Afghanistan,n,reverse_first,reverse+first_letter,True
A l b a n i a,a,Albania,a,reverse_first,reverse+first_letter,True
A l g e r i a,a,Algeria,a,reverse_first,reverse+first_letter,True
A n d o r r a,a,Andorra,a,reverse_first,reverse+first_letter,True
A n g o l a,a,Angola,a,reverse_first,reverse+first_letter,True
A r g e n t i n a,a,Argentina,a,reverse_first,reverse+first_letter,True
A r m e n i a,a,Armenia,a,reverse_first,reverse+first_letter,True
A u s t r a l i a,a,Australia,a,reverse_first,reverse+first_letter,True
A u s t r i a,a,Austria,a,reverse_first,reverse+first_letter,True
A z e r b a i j a n,n,Azerbaijan,n,reverse_first,reverse+first_letter,True
B a h a m a s,s,Bahamas,s,reverse_first,reverse+first_letter,True
B a h r a i n,n,Bahrain,n,reverse_first,reverse+first_letter,True
B a n g l a d e s h,h,Bangladesh,h,reverse_first,reverse+first_letter,True
B a r b a d o s,s,Barbados,s,reverse_first,reverse+first_letter,True
B e l a r u s,s,Belarus,s,reverse_first,reverse+first_letter,True
B e l g i u m,m,Belgium,m,reverse_first,reverse+first_letter,True
B e l i z e,e,Belize,e,reverse_first,reverse+first_letter,True
B e n i n,n,Benin,n,reverse_first,reverse+first_letter,True
B h u t a n,n,Bhutan,n,reverse_first,reverse+first_letter,True
B o l i v i a,a,Bolivia,a,reverse_first,reverse+first_letter,True
B o t s w a n a,a,Botswana,a,reverse_first,reverse+first_letter,True
B r a z i l,l,Brazil,l,reverse_first,reverse+first_letter,True
B r u n e i,i,Brunei,i,reverse_first,reverse+first_letter,True
B u l g a r i a,a,Bulgaria,a,reverse_first,reverse+first_letter,True
B u r u n d i,i,Burundi,i,reverse_first,reverse+first_letter,True
C a m b o d i a,a,Cambodia,a,reverse_first,reverse+first_letter,True
C a m e r o o n,n,Cameroon,n,reverse_first,reverse+first_letter,True
C a n a d a,a,Canada,a,reverse_first,reverse+first_letter,True
C h a d,d,Chad,d,reverse_first,reverse+first_letter,True
C h i l e,e,Chile,e,reverse_first,reverse+first_letter,True
C h i n a,a,China,a,reverse_first,reverse+first_letter,True
C o l o m b i a,a,Colombia,a,reverse_first,reverse+first_letter,True
C o m o r o s,s,Comoros,s,reverse_first,reverse+first_letter,True
C o n g o,o,Congo,o,reverse_first,reverse+first_letter,True
C r o a t i a,a,Croatia,a,reverse_first,reverse+first_letter,True
C u b a,a,Cuba,a,reverse_first,reverse+first_letter,True
C y p r u s,s,Cyprus,s,reverse_first,reverse+first_letter,True
D e n m a r k,k,Denmark,k,reverse_first,reverse+first_letter,True
D j i b o u t i,i,Djibouti,i,reverse_first,reverse+first_letter,True
D o m i n i c a,a,Dominica,a,reverse_first,reverse+first_letter,True
E c u a d o r,r,Ecuador,r,reverse_first,reverse+first_letter,True
E g y p t,t,Egypt,t,reverse_first,reverse+first_letter,True
E r i t r e a,a,Eritrea,a,reverse_first,reverse+first_letter,True
E s t o n i a,a,Estonia,a,reverse_first,reverse+first_letter,True
E s w a t i n i,i,Eswatini,i,reverse_first,reverse+first_letter,True
E t h i o p i a,a,Ethiopia,a,reverse_first,reverse+first_letter,True
F i j i,i,Fiji,i,reverse_first,reverse+first_letter,True
F i n l a n d,d,Finland,d,reverse_first,reverse+first_letter,True
F r a n c e,e,France,e,reverse_first,reverse+first_letter,True
G a b o n,n,Gabon,n,reverse_first,reverse+first_letter,True
G a m b i a,a,Gambia,a,reverse_first,reverse+first_letter,True
G e o r g i a,a,Georgia,a,reverse_first,reverse+first_letter,True
G e r m a n y,y,Germany,y,reverse_first,reverse+first_letter,True
G h a n a,a,Ghana,a,reverse_first,reverse+first_letter,True
G r e e c e,e,Greece,e,reverse_first,reverse+first_letter,True
G r e n a d a,a,Grenada,a,reverse_first,reverse+first_letter,True
G u a t e m a l a,a,Guatemala,a,reverse_first,reverse+first_letter,True
G u i n e a,a,Guinea,a,reverse_first,reverse+first_letter,True
G u y a n a,a,Guyana,a,reverse_first,reverse+first_letter,True
H a i t i,i,Haiti,i,reverse_first,reverse+first_letter,True
H o n d u r a s,s,Honduras,s,reverse_first,reverse+first_letter,True
H u n g a r y,y,Hungary,y,reverse_first,reverse+first_letter,True
I c e l a n d,d,Iceland,d,reverse_first,reverse+first_letter,True
I n d i a,a,India,a,reverse_first,reverse+first_letter,True
I n d o n e s i a,a,Indonesia,a,reverse_first,reverse+first_letter,True
I r a n,n,Iran,n,reverse_first,reverse+first_letter,True
I r a q,q,Iraq,q,reverse_first,reverse+first_letter,True
I r e l a n d,d,Ireland,d,reverse_first,reverse+first_letter,True
I s r a e l,l,Israel,l,reverse_first,reverse+first_letter,True
I t a l y,y,Italy,y,reverse_first,reverse+first_letter,True
J a m a i c a,a,Jamaica,a,reverse_first,reverse+first_letter,True
J a p a n,n,Japan,n,reverse_first,reverse+first_letter,True
J o r d a n,n,Jordan,n,reverse_first,reverse+first_letter,True
K a z a k h s t a n,n,Kazakhstan,n,reverse_first,reverse+first_letter,True
K e n y a,a,Kenya,a,reverse_first,reverse+first_letter,True
K i r i b a t i,i,Kiribati,i,reverse_first,reverse+first_letter,True
K o s o v o,o,Kosovo,o,reverse_first,reverse+first_letter,True
K u w a i t,t,Kuwait,t,reverse_first,reverse+first_letter,True
K y r g y z s t a n,n,Kyrgyzstan,n,reverse_first,reverse+first_letter,True
L a o s,s,Laos,s,reverse_first,reverse+first_letter,True
L a t v i a,a,Latvia,a,reverse_first,reverse+first_letter,True
L e b a n o n,n,Lebanon,n,reverse_first,reverse+first_letter,True
L e s o t h o,o,Lesotho,o,reverse_first,reverse+first_letter,True
L i b e r i a,a,Liberia,a,reverse_first,reverse+first_letter,True
L i b y a,a,Libya,a,reverse_first,reverse+first_letter,True
L i e c h t e n s t e i n,n,Liechtenstein,n,reverse_first,reverse+first_letter,True
L i t h u a n i a,a,Lithuania,a,reverse_first,reverse+first_letter,True
L u x e m b o u r g,g,Luxembourg,g,reverse_first,reverse+first_letter,True
M a d a g a s c a r,r,Madagascar,r,reverse_first,reverse+first_letter,True
M a l a w i,i,Malawi,i,reverse_first,reverse+first_letter,True
M a l a y s i a,a,Malaysia,a,reverse_first,reverse+first_letter,True
M a l d i v e s,s,Maldives,s,reverse_first,reverse+first_letter,True
M a l i,i,Mali,i,reverse_first,reverse+first_letter,True
M a l t a,a,Malta,a,reverse_first,reverse+first_letter,True
M a u r i t a n i a,a,Mauritania,a,reverse_first,reverse+first_letter,True
M a u r i t i u s,s,Mauritius,s,reverse_first,reverse+first_letter,True
M e x i c o,o,Mexico,o,reverse_first,reverse+first_letter,True
M i c r o n e s i a,a,Micronesia,a,reverse_first,reverse+first_letter,True
M o l d o v a,a,Moldova,a,reverse_first,reverse+first_letter,True
M o n a c o,o,Monaco,o,reverse_first,reverse+first_letter,True
M o n g o l i a,a,Mongolia,a,reverse_first,reverse+first_letter,True
M o n t e n e g r o,o,Montenegro,o,reverse_first,reverse+first_letter,True
M o r o c c o,o,Morocco,o,reverse_first,reverse+first_letter,True
M o z a m b i q u e,e,Mozambique,e,reverse_first,reverse+first_letter,True
M y a n m a r,r,Myanmar,r,reverse_first,reverse+first_letter,True
N a m i b i a,a,Namibia,a,reverse_first,reverse+first_letter,True
N a u r u,u,Nauru,u,reverse_first,reverse+first_letter,True
N e p a l,l,Nepal,l,reverse_first,reverse+first_letter,True
N e t h e r l a n d s,s,Netherlands,s,reverse_first,reverse+first_letter,True
N i c a r a g u a,a,Nicaragua,a,reverse_first,reverse+first_letter,True
N i g e r,r,Niger,r,reverse_first,reverse+first_letter,True
N i g e r i a,a,Nigeria,a,reverse_first,reverse+first_letter,True
N o r w a y,y,Norway,y,reverse_first,reverse+first_letter,True
O m a n,n,Oman,n,reverse_first,reverse+first_letter,True
P a k i s t a n,n,Pakistan,n,reverse_first,reverse+first_letter,True
P a l a u,u,Palau,u,reverse_first,reverse+first_letter,True
P a l e s t i n e,e,Palestine,e,reverse_first,reverse+first_letter,True
P a n a m a,a,Panama,a,reverse_first,reverse+first_letter,True
P a r a g u a y,y,Paraguay,y,reverse_first,reverse+first_letter,True
P e r u,u,Peru,u,reverse_first,reverse+first_letter,True
P h i l i p p i n e s,s,Philippines,s,reverse_first,reverse+first_letter,True
P o l a n d,d,Poland,d,reverse_first,reverse+first_letter,True
P o r t u g a l,l,Portugal,l,reverse_first,reverse+first_letter,True
Q a t a r,r,Qatar,r,reverse_first,reverse+first_letter,True
R o m a n i a,a,Romania,a,reverse_first,reverse+first_letter,True
R u s s i a,a,Russia,a,reverse_first,reverse+first_letter,True
R w a n d a,a,Rwanda,a,reverse_first,reverse+first_letter,True
S a m o a,a,Samoa,a,reverse_first,reverse+first_letter,True
S e n e g a l,l,Senegal,l,reverse_first,reverse+first_letter,True
S e r b i a,a,Serbia,a,reverse_first,reverse+first_letter,True
S e y c h e l l e s,s,Seychelles,s,reverse_first,reverse+first_letter,True
S i n g a p o r e,e,Singapore,e,reverse_first,reverse+first_letter,True
S l o v a k i a,a,Slovakia,a,reverse_first,reverse+first_letter,True
S l o v e n i a,a,Slovenia,a,reverse_first,reverse+first_letter,True
S o m a l i a,a,Somalia,a,reverse_first,reverse+first_letter,True
S p a i n,n,Spain,n,reverse_first,reverse+first_letter,True
S u d a n,n,Sudan,n,reverse_first,reverse+first_letter,True
S u r i n a m e,e,Suriname,e,reverse_first,reverse+first_letter,True
S w e d e n,n,Sweden,n,reverse_first,reverse+first_letter,True
S w i t z e r l a n d,d,Switzerland,d,reverse_first,reverse+first_letter,True
S y r i a,a,Syria,a,reverse_first,reverse+first_letter,True
T a i w a n,n,Taiwan,n,reverse_first,reverse+first_letter,True
T a j i k i s t a n,n,Tajikistan,n,reverse_first,reverse+first_letter,True
T a n z a n i a,a,Tanzania,a,reverse_first,reverse+first_letter,True
T h a i l a n d,d,Thailand,d,reverse_first,reverse+first_letter,True
T o g o,o,Togo,o,reverse_first,reverse+first_letter,True
T o n g a,a,Tonga,a,reverse_first,reverse+first_letter,True
T u n i s i a,a,Tunisia,a,reverse_first,reverse+first_letter,True
T u r k e y,y,Turkey,y,reverse_first,reverse+first_letter,True
T u r k m e n i s t a n,n,Turkmenistan,n,reverse_first,reverse+first_letter,True
T u v a l u,u,Tuvalu,u,reverse_first,reverse+first_letter,True
U A E,E,UAE,E,reverse_first,reverse+first_letter,True
U g a n d a,a,Uganda,a,reverse_first,reverse+first_letter,True
U k r a i n e,e,Ukraine,e,reverse_first,reverse+first_letter,True
U r u g u a y,y,Uruguay,y,reverse_first,reverse+first_letter,True
U z b e k i s t a n,n,Uzbekistan,n,reverse_first,reverse+first_letter,True
V a n u a t u,u,Vanuatu,u,reverse_first,reverse+first_letter,True
V e n e z u e l a,a,Venezuela,a,reverse_first,reverse+first_letter,True
V i e t n a m,m,Vietnam,m,reverse_first,reverse+first_letter,True
Y e m e n,n,Yemen,n,reverse_first,reverse+first_letter,True
Z a m b i a,a,Zambia,a,reverse_first,reverse+first_letter,True
Z i m b a b w e,e,Zimbabwe,e,reverse_first,reverse+first_letter,True
a b a j o,o,abajo,o,reverse_first,reverse+first_letter,True
a b i e r t o,o,abierto,o,reverse_first,reverse+first_letter,True
a b o g a d o,o,abogado,o,reverse_first,reverse+first_letter,True
a b u e l a,a,abuela,a,reverse_first,reverse+first_letter,True
a b u e l o,o,abuelo,o,reverse_first,reverse+first_letter,True
a c c e l e r a t e,e,accelerate,e,reverse_first,reverse+first_letter,True
a c h i e v e,e,achieve,e,reverse_first,reverse+first_letter,True
a c t i v a t e,e,activate,e,reverse_first,reverse+first_letter,True
a c t o r,r,actor,r,reverse_first,reverse+first_letter,True
a c t r e s s,s,actress,s,reverse_first,reverse+first_letter,True
a d i ó s,s,adiós,s,reverse_first,reverse+first_letter,True
a d v e r t i s e,e,advertise,e,reverse_first,reverse+first_letter,True
a g u a,a,agua,a,reverse_first,reverse+first_letter,True
a l t o,o,alto,o,reverse_first,reverse+first_letter,True
a m a r i l l o,o,amarillo,o,reverse_first,reverse+first_letter,True
a m i,i,ami,i,reverse_first,reverse+first_letter,True
a m i g o,o,amigo,o,reverse_first,reverse+first_letter,True
a n,n,an,n,reverse_first,reverse+first_letter,True
a n a l y s i s,s,analysis,s,reverse_first,reverse+first_letter,True
a n c h o,o,ancho,o,reverse_first,reverse+first_letter,True
a n t i c i p a t e,e,anticipate,e,reverse_first,reverse+first_letter,True
a p o l o g i z e,e,apologize,e,reverse_first,reverse+first_letter,True
a p p l e,e,apple,e,reverse_first,reverse+first_letter,True
a p p r e c i a t e,e,appreciate,e,reverse_first,reverse+first_letter,True
a r b r e,e,arbre,e,reverse_first,reverse+first_letter,True
a r g u e,e,argue,e,reverse_first,reverse+first_letter,True
a r m,m,arm,m,reverse_first,reverse+first_letter,True
a r r i b a,a,arriba,a,reverse_first,reverse+first_letter,True
a r r i v e,e,arrive,e,reverse_first,reverse+first_letter,True
a r t e r y,y,artery,y,reverse_first,reverse+first_letter,True
a r t i s t,t,artist,t,reverse_first,reverse+first_letter,True
a r t i s t a,a,artista,a,reverse_first,reverse+first_letter,True
a r t i s t e,e,artiste,e,reverse_first,reverse+first_letter,True
a t r á s,s,atrás,s,reverse_first,reverse+first_letter,True
a u n t,t,aunt,t,reverse_first,reverse+first_letter,True
a v o c a t,t,avocat,t,reverse_first,reverse+first_letter,True
a x i s,s,axis,s,reverse_first,reverse+first_letter,True
a y e r,r,ayer,r,reverse_first,reverse+first_letter,True
a z u l,l,azul,l,reverse_first,reverse+first_letter,True
a z ú c a r,r,azúcar,r,reverse_first,reverse+first_letter,True
a ñ o,o,año,o,reverse_first,reverse+first_letter,True
b a b y,y,baby,y,reverse_first,reverse+first_letter,True
b a c k,k,back,k,reverse_first,reverse+first_letter,True
b a d,d,bad,d,reverse_first,reverse+first_letter,True
b a i l e,e,baile,e,reverse_first,reverse+first_letter,True
b a j o,o,bajo,o,reverse_first,reverse+first_letter,True
b a k e,e,bake,e,reverse_first,reverse+first_letter,True
b a k e r,r,baker,r,reverse_first,reverse+first_letter,True
b a l l,l,ball,l,reverse_first,reverse+first_letter,True
b a l l e,e,balle,e,reverse_first,reverse+first_letter,True
b a n a n a,a,banana,a,reverse_first,reverse+first_letter,True
b a s,s,bas,s,reverse_first,reverse+first_letter,True
b a s i s,s,basis,s,reverse_first,reverse+first_letter,True
b a y,y,bay,y,reverse_first,reverse+first_letter,True
b e a c h,h,beach,h,reverse_first,reverse+first_letter,True
b e a u,u,beau,u,reverse_first,reverse+first_letter,True
b e a u t i f u l,l,beautiful,l,reverse_first,reverse+first_letter,True
b e b é,é,bebé,é,reverse_first,reverse+first_letter,True
b e g i n,n,begin,n,reverse_first,reverse+first_letter,True
b e l i e f,f,belief,f,reverse_first,reverse+first_letter,True
b e l i e v e,e,believe,e,reverse_first,reverse+first_letter,True
b e n d,d,bend,d,reverse_first,reverse+first_letter,True
b e r r y,y,berry,y,reverse_first,reverse+first_letter,True
b i g,g,big,g,reverse_first,reverse+first_letter,True
b i k e,e,bike,e,reverse_first,reverse+first_letter,True
b i r d,d,bird,d,reverse_first,reverse+first_letter,True
b l a c k,k,black,k,reverse_first,reverse+first_letter,True
b l a n c,c,blanc,c,reverse_first,reverse+first_letter,True
b l a n c o,o,blanco,o,reverse_first,reverse+first_letter,True
b l e u,u,bleu,u,reverse_first,reverse+first_letter,True
b l u e,e,blue,e,reverse_first,reverse+first_letter,True
b o c a,a,boca,a,reverse_first,reverse+first_letter,True
b o d y,y,body,y,reverse_first,reverse+first_letter,True
b o n,n,bon,n,reverse_first,reverse+first_letter,True
b o n e,e,bone,e,reverse_first,reverse+first_letter,True
b o n j o u r,r,bonjour,r,reverse_first,reverse+first_letter,True
b o n s o i r,r,bonsoir,r,reverse_first,reverse+first_letter,True
b o o k,k,book,k,reverse_first,reverse+first_letter,True
b o u c h e,e,bouche,e,reverse_first,reverse+first_letter,True
b o x,x,box,x,reverse_first,reverse+first_letter,True
b o y,y,boy,y,reverse_first,reverse+first_letter,True
b r a i n,n,brain,n,reverse_first,reverse+first_letter,True
b r e a d,d,bread,d,reverse_first,reverse+first_letter,True
b r o t h e r,r,brother,r,reverse_first,reverse+first_letter,True
b r o w n,n,brown,n,reverse_first,reverse+first_letter,True
b r u s h,h,brush,h,reverse_first,reverse+first_letter,True
b u e n o,o,bueno,o,reverse_first,reverse+first_letter,True
b u i l d,d,build,d,reverse_first,reverse+first_letter,True
b u i l d e r,r,builder,r,reverse_first,reverse+first_letter,True
b u s,s,bus,s,reverse_first,reverse+first_letter,True
b u t c h e r,r,butcher,r,reverse_first,reverse+first_letter,True
b u t t e r f l y,y,butterfly,y,reverse_first,reverse+first_letter,True
b é b é,é,bébé,é,reverse_first,reverse+first_letter,True
c a b a l l o,o,caballo,o,reverse_first,reverse+first_letter,True
c a b e z a,a,cabeza,a,reverse_first,reverse+first_letter,True
c a f é,é,café,é,reverse_first,reverse+first_letter,True
c a l c u l a t e,e,calculate,e,reverse_first,reverse+first_letter,True
c a l f,f,calf,f,reverse_first,reverse+first_letter,True
c a l i e n t e,e,caliente,e,reverse_first,reverse+first_letter,True
c a l l e,e,calle,e,reverse_first,reverse+first_letter,True
c a m p,p,camp,p,reverse_first,reverse+first_letter,True
c a n c i ó n,n,canción,n,reverse_first,reverse+first_letter,True
c a n t a n t e,e,cantante,e,reverse_first,reverse+first_letter,True
c a r,r,car,r,reverse_first,reverse+first_letter,True
c a r e,e,care,e,reverse_first,reverse+first_letter,True
c a r g o,o,cargo,o,reverse_first,reverse+first_letter,True
c a r r y,y,carry,y,reverse_first,reverse+first_letter,True
c a r t a,a,carta,a,reverse_first,reverse+first_letter,True
c a s a,a,casa,a,reverse_first,reverse+first_letter,True
c a t,t,cat,t,reverse_first,reverse+first_letter,True
c a t c h,h,catch,h,reverse_first,reverse+first_letter,True
c e l e b r a t e,e,celebrate,e,reverse_first,reverse+first_letter,True
c e n t,t,cent,t,reverse_first,reverse+first_letter,True
c e r c a,a,cerca,a,reverse_first,reverse+first_letter,True
c e r e b r o,o,cerebro,o,reverse_first,reverse+first_letter,True
c e r r a d o,o,cerrado,o,reverse_first,reverse+first_letter,True
c e r v e a u,u,cerveau,u,reverse_first,reverse+first_letter,True
c h a i r,r,chair,r,reverse_first,reverse+first_letter,True
c h a i s e,e,chaise,e,reverse_first,reverse+first_letter,True
c h a n g e,e,change,e,reverse_first,reverse+first_letter,True
c h a n s o n,n,chanson,n,reverse_first,reverse+first_letter,True
c h a t,t,chat,t,reverse_first,reverse+first_letter,True
c h a u d,d,chaud,d,reverse_first,reverse+first_letter,True
c h e e s e,e,cheese,e,reverse_first,reverse+first_letter,True
c h e f,f,chef,f,reverse_first,reverse+first_letter,True
c h e v a l,l,cheval,l,reverse_first,reverse+first_letter,True
c h i e f,f,chief,f,reverse_first,reverse+first_letter,True
c h i e n,n,chien,n,reverse_first,reverse+first_letter,True
c h i l d,d,child,d,reverse_first,reverse+first_letter,True
c h u r c h,h,church,h,reverse_first,reverse+first_letter,True
c i e n,n,cien,n,reverse_first,reverse+first_letter,True
c i n c o,o,cinco,o,reverse_first,reverse+first_letter,True
c i n q,q,cinq,q,reverse_first,reverse+first_letter,True
c i t y,y,city,y,reverse_first,reverse+first_letter,True
c i u d a d,d,ciudad,d,reverse_first,reverse+first_letter,True
c l a s s,s,class,s,reverse_first,reverse+first_letter,True
c l e a n,n,clean,n,reverse_first,reverse+first_letter,True
c l e r k,k,clerk,k,reverse_first,reverse+first_letter,True
c l i f f,f,cliff,f,reverse_first,reverse+first_letter,True
c l i m b,b,climb,b,reverse_first,reverse+first_letter,True
c l o s e,e,close,e,reverse_first,reverse+first_letter,True
c l o s e d,d,closed,d,reverse_first,reverse+first_letter,True
c o c h e,e,coche,e,reverse_first,reverse+first_letter,True
c o f f e e,e,coffee,e,reverse_first,reverse+first_letter,True
c o l d,d,cold,d,reverse_first,reverse+first_letter,True
c o m e,e,come,e,reverse_first,reverse+first_letter,True
c o m i d a,a,comida,a,reverse_first,reverse+first_letter,True
c o m m u n i c a t e,e,communicate,e,reverse_first,reverse+first_letter,True
c o m p e t e,e,compete,e,reverse_first,reverse+first_letter,True
c o m p l e t e,e,complete,e,reverse_first,reverse+first_letter,True
c o m p u t e r,r,computer,r,reverse_first,reverse+first_letter,True
c o n c e n t r a t e,e,concentrate,e,reverse_first,reverse+first_letter,True
c o n t e m p l a t e,e,contemplate,e,reverse_first,reverse+first_letter,True
c o n t i n u e,e,continue,e,reverse_first,reverse+first_letter,True
c o o k,k,cook,k,reverse_first,reverse+first_letter,True
c o o p e r a t e,e,cooperate,e,reverse_first,reverse+first_letter,True
c o o r d i n a t e,e,coordinate,e,reverse_first,reverse+first_letter,True
c o r a z ó n,n,corazón,n,reverse_first,reverse+first_letter,True
c o r p s,s,corps,s,reverse_first,reverse+first_letter,True
c o r t o,o,corto,o,reverse_first,reverse+first_letter,True
c o u n t r y,y,country,y,reverse_first,reverse+first_letter,True
c o u r t,t,court,t,reverse_first,reverse+first_letter,True
c o u s i n,n,cousin,n,reverse_first,reverse+first_letter,True
c r e a t e,e,create,e,reverse_first,reverse+first_letter,True
c r i s i s,s,crisis,s,reverse_first,reverse+first_letter,True
c r i t e r i o n,n,criterion,n,reverse_first,reverse+first_letter,True
c r i t i c i z e,e,criticize,e,reverse_first,reverse+first_letter,True
c r y,y,cry,y,reverse_first,reverse+first_letter,True
c u a t r o,o,cuatro,o,reverse_first,reverse+first_letter,True
c u e r p o,o,cuerpo,o,reverse_first,reverse+first_letter,True
c u l t i v a t e,e,cultivate,e,reverse_first,reverse+first_letter,True
c u p,p,cup,p,reverse_first,reverse+first_letter,True
c u r r i c u l u m,m,curriculum,m,reverse_first,reverse+first_letter,True
c œ u r,r,cœur,r,reverse_first,reverse+first_letter,True
d a n c e,e,dance,e,reverse_first,reverse+first_letter,True
d a n c e r,r,dancer,r,reverse_first,reverse+first_letter,True
d a n s e,e,danse,e,reverse_first,reverse+first_letter,True
d a t u m,m,datum,m,reverse_first,reverse+first_letter,True
d a u g h t e r,r,daughter,r,reverse_first,reverse+first_letter,True
d a y,y,day,y,reverse_first,reverse+first_letter,True
d e c i d e,e,decide,e,reverse_first,reverse+first_letter,True
d e c o r a t e,e,decorate,e,reverse_first,reverse+first_letter,True
d e d a n s,s,dedans,s,reverse_first,reverse+first_letter,True
d e d i c a t e,e,dedicate,e,reverse_first,reverse+first_letter,True
d e e r,r,deer,r,reverse_first,reverse+first_letter,True
d e f e a t,t,defeat,t,reverse_first,reverse+first_letter,True
d e h o r s,s,dehors,s,reverse_first,reverse+first_letter,True
d e l e t e,e,delete,e,reverse_first,reverse+first_letter,True
d e m a i n,n,demain,n,reverse_first,reverse+first_letter,True
d e m o n s t r a t e,e,demonstrate,e,reverse_first,reverse+first_letter,True
d e n t r o,o,dentro,o,reverse_first,reverse+first_letter,True
d e p o r t e,e,deporte,e,reverse_first,reverse+first_letter,True
d e r e c h o,o,derecho,o,reverse_first,reverse+first_letter,True
d e r n i e r,r,dernier,r,reverse_first,reverse+first_letter,True
d e r r i è r e,e,derrière,e,reverse_first,reverse+first_letter,True
d e s i g n a t e,e,designate,e,reverse_first,reverse+first_letter,True
d e t e r m i n e,e,determine,e,reverse_first,reverse+first_letter,True
d e u x,x,deux,x,reverse_first,reverse+first_letter,True
d e v a n t,t,devant,t,reverse_first,reverse+first_letter,True
d e v i a t e,e,deviate,e,reverse_first,reverse+first_letter,True
d i e z,z,diez,z,reverse_first,reverse+first_letter,True
d i f f i c i l e,e,difficile,e,reverse_first,reverse+first_letter,True
d i f f i c u l t,t,difficult,t,reverse_first,reverse+first_letter,True
d i f í c i l,l,difícil,l,reverse_first,reverse+first_letter,True
d i r e c t o r,r,director,r,reverse_first,reverse+first_letter,True
d i r t y,y,dirty,y,reverse_first,reverse+first_letter,True
d i s h,h,dish,h,reverse_first,reverse+first_letter,True
d i x,x,dix,x,reverse_first,reverse+first_letter,True
d o c t o r,r,doctor,r,reverse_first,reverse+first_letter,True
d o g,g,dog,g,reverse_first,reverse+first_letter,True
d o m i n a t e,e,dominate,e,reverse_first,reverse+first_letter,True
d o o r,r,door,r,reverse_first,reverse+first_letter,True
d o s,s,dos,s,reverse_first,reverse+first_letter,True
d o w n,n,down,n,reverse_first,reverse+first_letter,True
d r a w,w,draw,w,reverse_first,reverse+first_letter,True
d r i n k,k,drink,k,reverse_first,reverse+first_letter,True
d r i v e,e,drive,e,reverse_first,reverse+first_letter,True
d r i v e r,r,driver,r,reverse_first,reverse+first_letter,True
d r o i t,t,droit,t,reverse_first,reverse+first_letter,True
d u c h e s s,s,duchess,s,reverse_first,reverse+first_letter,True
d u k e,e,duke,e,reverse_first,reverse+first_letter,True
d w a r f,f,dwarf,f,reverse_first,reverse+first_letter,True
d é b i l,l,débil,l,reverse_first,reverse+first_letter,True
d í a,a,día,a,reverse_first,reverse+first_letter,True
e a r,r,ear,r,reverse_first,reverse+first_letter,True
e a s y,y,easy,y,reverse_first,reverse+first_letter,True
e a t,t,eat,t,reverse_first,reverse+first_letter,True
e a u,u,eau,u,reverse_first,reverse+first_letter,True
e c h o,o,echo,o,reverse_first,reverse+first_letter,True
e d u c a t e,e,educate,e,reverse_first,reverse+first_letter,True
e i g h t,t,eight,t,reverse_first,reverse+first_letter,True
e l f,f,elf,f,reverse_first,reverse+first_letter,True
e l i m i n a t e,e,eliminate,e,reverse_first,reverse+first_letter,True
e m p e r o r,r,emperor,r,reverse_first,reverse+first_letter,True
e m p r e s s,s,empress,s,reverse_first,reverse+first_letter,True
e m p t y,y,empty,y,reverse_first,reverse+first_letter,True
e n d,d,end,d,reverse_first,reverse+first_letter,True
e n f a n t,t,enfant,t,reverse_first,reverse+first_letter,True
e n f e r m e r a,a,enfermera,a,reverse_first,reverse+first_letter,True
e n g i n e e r,r,engineer,r,reverse_first,reverse+first_letter,True
e s c a l a t e,e,escalate,e,reverse_first,reverse+first_letter,True
e s c u e l a,a,escuela,a,reverse_first,reverse+first_letter,True
e s p o s a,a,esposa,a,reverse_first,reverse+first_letter,True
e s p o s o,o,esposo,o,reverse_first,reverse+first_letter,True
e s t r e c h o,o,estrecho,o,reverse_first,reverse+first_letter,True
e s t r e l l a,a,estrella,a,reverse_first,reverse+first_letter,True
e s t u d i a n t e,e,estudiante,e,reverse_first,reverse+first_letter,True
e v a l u a t e,e,evaluate,e,reverse_first,reverse+first_letter,True
e v a p o r a t e,e,evaporate,e,reverse_first,reverse+first_letter,True
e x a g g e r a t e,e,exaggerate,e,reverse_first,reverse+first_letter,True
e x a m i n e,e,examine,e,reverse_first,reverse+first_letter,True
e x c i t e,e,excite,e,reverse_first,reverse+first_letter,True
e x e r c i s e,e,exercise,e,reverse_first,reverse+first_letter,True
e x p l o r e,e,explore,e,reverse_first,reverse+first_letter,True
e y e,e,eye,e,reverse_first,reverse+first_letter,True
f a c i l e,e,facile,e,reverse_first,reverse+first_letter,True
f a i b l e,e,faible,e,reverse_first,reverse+first_letter,True
f a m i l i a,a,familia,a,reverse_first,reverse+first_letter,True
f a m i l l e,e,famille,e,reverse_first,reverse+first_letter,True
f a m i l y,y,family,y,reverse_first,reverse+first_letter,True
f a r,r,far,r,reverse_first,reverse+first_letter,True
f a r m e r,r,farmer,r,reverse_first,reverse+first_letter,True
f a s c i n a t e,e,fascinate,e,reverse_first,reverse+first_letter,True
f a s t,t,fast,t,reverse_first,reverse+first_letter,True
f a t h e r,r,father,r,reverse_first,reverse+first_letter,True
f e e l,l,feel,l,reverse_first,reverse+first_letter,True
f e l i z,z,feliz,z,reverse_first,reverse+first_letter,True
f e m m e,e,femme,e,reverse_first,reverse+first_letter,True
f e n ê t r e,e,fenêtre,e,reverse_first,reverse+first_letter,True
f e o,o,feo,o,reverse_first,reverse+first_letter,True
f e r m i e r,r,fermier,r,reverse_first,reverse+first_letter,True
f e r m é,é,fermé,é,reverse_first,reverse+first_letter,True
f i l l e,e,fille,e,reverse_first,reverse+first_letter,True
f i l s,s,fils,s,reverse_first,reverse+first_letter,True
f i n g e r,r,finger,r,reverse_first,reverse+first_letter,True
f i n i s h,h,finish,h,reverse_first,reverse+first_letter,True
f i r s t,t,first,t,reverse_first,reverse+first_letter,True
f i s h,h,fish,h,reverse_first,reverse+first_letter,True
f i v e,e,five,e,reverse_first,reverse+first_letter,True
f l e u r,r,fleur,r,reverse_first,reverse+first_letter,True
f l o r,r,flor,r,reverse_first,reverse+first_letter,True
f l o w e r,r,flower,r,reverse_first,reverse+first_letter,True
f l y,y,fly,y,reverse_first,reverse+first_letter,True
f o o d,d,food,d,reverse_first,reverse+first_letter,True
f o o t,t,foot,t,reverse_first,reverse+first_letter,True
f o r k,k,fork,k,reverse_first,reverse+first_letter,True
f o r t,t,fort,t,reverse_first,reverse+first_letter,True
f o u r,r,four,r,reverse_first,reverse+first_letter,True
f o x,x,fox,x,reverse_first,reverse+first_letter,True
f r a s e,e,frase,e,reverse_first,reverse+first_letter,True
f r e n t e,e,frente,e,reverse_first,reverse+first_letter,True
f r i e n d,d,friend,d,reverse_first,reverse+first_letter,True
f r o i d,d,froid,d,reverse_first,reverse+first_letter,True
f r o m a g e,e,fromage,e,reverse_first,reverse+first_letter,True
f r o n t,t,front,t,reverse_first,reverse+first_letter,True
f r è r e,e,frère,e,reverse_first,reverse+first_letter,True
f r í o,o,frío,o,reverse_first,reverse+first_letter,True
f u e r a,a,fuera,a,reverse_first,reverse+first_letter,True
f u e r t e,e,fuerte,e,reverse_first,reverse+first_letter,True
f u l l,l,full,l,reverse_first,reverse+first_letter,True
f á c i l,l,fácil,l,reverse_first,reverse+first_letter,True
g a m e,e,game,e,reverse_first,reverse+first_letter,True
g a r ç o n,n,garçon,n,reverse_first,reverse+first_letter,True
g a t o,o,gato,o,reverse_first,reverse+first_letter,True
g a u c h e,e,gauche,e,reverse_first,reverse+first_letter,True
g e n e r a t e,e,generate,e,reverse_first,reverse+first_letter,True
g i r l,l,girl,l,reverse_first,reverse+first_letter,True
g i v e,e,give,e,reverse_first,reverse+first_letter,True
g l a s s,s,glass,s,reverse_first,reverse+first_letter,True
g o o d,d,good,d,reverse_first,reverse+first_letter,True
g o o d b y e,e,goodbye,e,reverse_first,reverse+first_letter,True
g o o s e,e,goose,e,reverse_first,reverse+first_letter,True
g r a c i a s,s,gracias,s,reverse_first,reverse+first_letter,True
g r a n d,d,grand,d,reverse_first,reverse+first_letter,True
g r a n d e,e,grande,e,reverse_first,reverse+first_letter,True
g r a n d f a t h e r,r,grandfather,r,reverse_first,reverse+first_letter,True
g r a n d m o t h e r,r,grandmother,r,reverse_first,reverse+first_letter,True
g r a n j e r o,o,granjero,o,reverse_first,reverse+first_letter,True
g r a y,y,gray,y,reverse_first,reverse+first_letter,True
g r e e n,n,green,n,reverse_first,reverse+first_letter,True
g r e e t,t,greet,t,reverse_first,reverse+first_letter,True
g r i e f,f,grief,f,reverse_first,reverse+first_letter,True
g r i s,s,gris,s,reverse_first,reverse+first_letter,True
g u l f,f,gulf,f,reverse_first,reverse+first_letter,True
g u y,y,guy,y,reverse_first,reverse+first_letter,True
h a l f,f,half,f,reverse_first,reverse+first_letter,True
h a n d,d,hand,d,reverse_first,reverse+first_letter,True
h a p p y,y,happy,y,reverse_first,reverse+first_letter,True
h a t e,e,hate,e,reverse_first,reverse+first_letter,True
h a u t,t,haut,t,reverse_first,reverse+first_letter,True
h e a d,d,head,d,reverse_first,reverse+first_letter,True
h e a r,r,hear,r,reverse_first,reverse+first_letter,True
h e a r t,t,heart,t,reverse_first,reverse+first_letter,True
h e a v y,y,heavy,y,reverse_first,reverse+first_letter,True
h e l l o,o,hello,o,reverse_first,reverse+first_letter,True
h e l p,p,help,p,reverse_first,reverse+first_letter,True
h e r m a n a,a,hermana,a,reverse_first,reverse+first_letter,True
h e r m a n o,o,hermano,o,reverse_first,reverse+first_letter,True
h e r m o s o,o,hermoso,o,reverse_first,reverse+first_letter,True
h e r o,o,hero,o,reverse_first,reverse+first_letter,True
h e r o i n e,e,heroine,e,reverse_first,reverse+first_letter,True
h e s i t a t e,e,hesitate,e,reverse_first,reverse+first_letter,True
h e u r e u x,x,heureux,x,reverse_first,reverse+first_letter,True
h i b e r n a t e,e,hibernate,e,reverse_first,reverse+first_letter,True
h i e r,r,hier,r,reverse_first,reverse+first_letter,True
h i g h,h,high,h,reverse_first,reverse+first_letter,True
h i j a,a,hija,a,reverse_first,reverse+first_letter,True
h i j o,o,hijo,o,reverse_first,reverse+first_letter,True
h i k e,e,hike,e,reverse_first,reverse+first_letter,True
h o l a,a,hola,a,reverse_first,reverse+first_letter,True
h o l d,d,hold,d,reverse_first,reverse+first_letter,True
h o m b r e,e,hombre,e,reverse_first,reverse+first_letter,True
h o m m e,e,homme,e,reverse_first,reverse+first_letter,True
h o o f,f,hoof,f,reverse_first,reverse+first_letter,True
h o p e,e,hope,e,reverse_first,reverse+first_letter,True
h o r s e,e,horse,e,reverse_first,reverse+first_letter,True
h o t,t,hot,t,reverse_first,reverse+first_letter,True
h o u s e,e,house,e,reverse_first,reverse+first_letter,True
h o y,y,hoy,y,reverse_first,reverse+first_letter,True
h u i t,t,huit,t,reverse_first,reverse+first_letter,True
h u n d r e d,d,hundred,d,reverse_first,reverse+first_letter,True
h u n t,t,hunt,t,reverse_first,reverse+first_letter,True
h u s b a n d,d,husband,d,reverse_first,reverse+first_letter,True
i l l u s t r a t e,e,illustrate,e,reverse_first,reverse+first_letter,True
i m a g i n e,e,imagine,e,reverse_first,reverse+first_letter,True
i m i t a t e,e,imitate,e,reverse_first,reverse+first_letter,True
i m p r o v e,e,improve,e,reverse_first,reverse+first_letter,True
i n c o r p o r a t e,e,incorporate,e,reverse_first,reverse+first_letter,True
i n f i r m i è r e,e,infirmière,e,reverse_first,reverse+first_letter,True
i n i t i a t e,e,initiate,e,reverse_first,reverse+first_letter,True
i n n o v a t e,e,innovate,e,reverse_first,reverse+first_letter,True
i n s i d e,e,inside,e,reverse_first,reverse+first_letter,True
i n t e g r a t e,e,integrate,e,reverse_first,reverse+first_letter,True
i n v e s t i g a t e,e,investigate,e,reverse_first,reverse+first_letter,True
i n v i t e,e,invite,e,reverse_first,reverse+first_letter,True
i r r i t a t e,e,irritate,e,reverse_first,reverse+first_letter,True
i s s u e,e,issue,e,reverse_first,reverse+first_letter,True
i z q u i e r d o,o,izquierdo,o,reverse_first,reverse+first_letter,True
j a u n e,e,jaune,e,reverse_first,reverse+first_letter,True
j e u,u,jeu,u,reverse_first,reverse+first_letter,True
j e u n e,e,jeune,e,reverse_first,reverse+first_letter,True
j o u r,r,jour,r,reverse_first,reverse+first_letter,True
j o v e n,n,joven,n,reverse_first,reverse+first_letter,True
j u e g o,o,juego,o,reverse_first,reverse+first_letter,True
j u m p,p,jump,p,reverse_first,reverse+first_letter,True
k e y,y,key,y,reverse_first,reverse+first_letter,True
k i d n e y,y,kidney,y,reverse_first,reverse+first_letter,True
k i n g,g,king,g,reverse_first,reverse+first_letter,True
k i s s,s,kiss,s,reverse_first,reverse+first_letter,True
k n e e l,l,kneel,l,reverse_first,reverse+first_letter,True
k n i f e,e,knife,e,reverse_first,reverse+first_letter,True
k n i g h t,t,knight,t,reverse_first,reverse+first_letter,True
l a d y,y,lady,y,reverse_first,reverse+first_letter,True
l a i d,d,laid,d,reverse_first,reverse+first_letter,True
l a i t,t,lait,t,reverse_first,reverse+first_letter,True
l a r g e,e,large,e,reverse_first,reverse+first_letter,True
l a r g o,o,largo,o,reverse_first,reverse+first_letter,True
l a s t,t,last,t,reverse_first,reverse+first_letter,True
l a u g h,h,laugh,h,reverse_first,reverse+first_letter,True
l a w y e r,r,lawyer,r,reverse_first,reverse+first_letter,True
l e a f,f,leaf,f,reverse_first,reverse+first_letter,True
l e a r n,n,learn,n,reverse_first,reverse+first_letter,True
l e a v e,e,leave,e,reverse_first,reverse+first_letter,True
l e c h e,e,leche,e,reverse_first,reverse+first_letter,True
l e f t,t,left,t,reverse_first,reverse+first_letter,True
l e g,g,leg,g,reverse_first,reverse+first_letter,True
l e j o s,s,lejos,s,reverse_first,reverse+first_letter,True
l e n t,t,lent,t,reverse_first,reverse+first_letter,True
l e n t o,o,lento,o,reverse_first,reverse+first_letter,True
l e t t e r,r,letter,r,reverse_first,reverse+first_letter,True
l e t t r e,e,lettre,e,reverse_first,reverse+first_letter,True
l i b r a r y,y,library,y,reverse_first,reverse+first_letter,True
l i b r o,o,libro,o,reverse_first,reverse+first_letter,True
l i e,e,lie,e,reverse_first,reverse+first_letter,True
l i f e,e,life,e,reverse_first,reverse+first_letter,True
l i g e r o,o,ligero,o,reverse_first,reverse+first_letter,True
l i g h t,t,light,t,reverse_first,reverse+first_letter,True
l i m p i o,o,limpio,o,reverse_first,reverse+first_letter,True
l i s t e n,n,listen,n,reverse_first,reverse+first_letter,True
l i v e,e,live,e,reverse_first,reverse+first_letter,True
l i v e r,r,liver,r,reverse_first,reverse+first_letter,True
l i v r e,e,livre,e,reverse_first,reverse+first_letter,True
l l e n o,o,lleno,o,reverse_first,reverse+first_letter,True
l o a f,f,loaf,f,reverse_first,reverse+first_letter,True
l o i n,n,loin,n,reverse_first,reverse+first_letter,True
l o n g,g,long,g,reverse_first,reverse+first_letter,True
l o r d,d,lord,d,reverse_first,reverse+first_letter,True
l o u r d,d,lourd,d,reverse_first,reverse+first_letter,True
l o v e,e,love,e,reverse_first,reverse+first_letter,True
l o w,w,low,w,reverse_first,reverse+first_letter,True
l u n a,a,luna,a,reverse_first,reverse+first_letter,True
l u n e,e,lune,e,reverse_first,reverse+first_letter,True
l u n g,g,lung,g,reverse_first,reverse+first_letter,True
l é g e r,r,léger,r,reverse_first,reverse+first_letter,True
m a d r e,e,madre,e,reverse_first,reverse+first_letter,True
m a i n,n,main,n,reverse_first,reverse+first_letter,True
m a i s o n,n,maison,n,reverse_first,reverse+first_letter,True
m a k e,e,make,e,reverse_first,reverse+first_letter,True
m a l o,o,malo,o,reverse_first,reverse+first_letter,True
m a n,n,man,n,reverse_first,reverse+first_letter,True
m a n a g e,e,manage,e,reverse_first,reverse+first_letter,True
m a n a g e r,r,manager,r,reverse_first,reverse+first_letter,True
m a n o,o,mano,o,reverse_first,reverse+first_letter,True
m a n z a n a,a,manzana,a,reverse_first,reverse+first_letter,True
m a r i,i,mari,i,reverse_first,reverse+first_letter,True
m a r r o n,n,marron,n,reverse_first,reverse+first_letter,True
m a r r ó n,n,marrón,n,reverse_first,reverse+first_letter,True
m a u v a i s,s,mauvais,s,reverse_first,reverse+first_letter,True
m a ñ a n a,a,mañana,a,reverse_first,reverse+first_letter,True
m e d i t a t e,e,meditate,e,reverse_first,reverse+first_letter,True
m e d i u m,m,medium,m,reverse_first,reverse+first_letter,True
m e e t,t,meet,t,reverse_first,reverse+first_letter,True
m e r c i,i,merci,i,reverse_first,reverse+first_letter,True
m e s,s,mes,s,reverse_first,reverse+first_letter,True
m e s a,a,mesa,a,reverse_first,reverse+first_letter,True
m i l,l,mil,l,reverse_first,reverse+first_letter,True
m i l k,k,milk,k,reverse_first,reverse+first_letter,True
m i l l e,e,mille,e,reverse_first,reverse+first_letter,True
m o i s,s,mois,s,reverse_first,reverse+first_letter,True
m o n d e,e,monde,e,reverse_first,reverse+first_letter,True
m o n t h,h,month,h,reverse_first,reverse+first_letter,True
m o o n,n,moon,n,reverse_first,reverse+first_letter,True
m o r a d o,o,morado,o,reverse_first,reverse+first_letter,True
m o s q u i t o,o,mosquito,o,reverse_first,reverse+first_letter,True
m o t,t,mot,t,reverse_first,reverse+first_letter,True
m o t h e r,r,mother,r,reverse_first,reverse+first_letter,True
m o t i v a t e,e,motivate,e,reverse_first,reverse+first_letter,True
m o u s e,e,mouse,e,reverse_first,reverse+first_letter,True
m o u t h,h,mouth,h,reverse_first,reverse+first_letter,True
m o v e,e,move,e,reverse_first,reverse+first_letter,True
m u j e r,r,mujer,r,reverse_first,reverse+first_letter,True
m u n d o,o,mundo,o,reverse_first,reverse+first_letter,True
m u s c l e,e,muscle,e,reverse_first,reverse+first_letter,True
m u s i c,c,music,c,reverse_first,reverse+first_letter,True
m u s i c i a n,n,musician,n,reverse_first,reverse+first_letter,True
m u s i c i e n,n,musicien,n,reverse_first,reverse+first_letter,True
m u s i q u e,e,musique,e,reverse_first,reverse+first_letter,True
m è r e,e,mère,e,reverse_first,reverse+first_letter,True
m é d e c i n,n,médecin,n,reverse_first,reverse+first_letter,True
m é d i c o,o,médico,o,reverse_first,reverse+first_letter,True
m ú s i c a,a,música,a,reverse_first,reverse+first_letter,True
m ú s i c o,o,músico,o,reverse_first,reverse+first_letter,True
n a r a n j a,a,naranja,a,reverse_first,reverse+first_letter,True
n a r i z,z,nariz,z,reverse_first,reverse+first_letter,True
n a r r o w,w,narrow,w,reverse_first,reverse+first_letter,True
n a v i g a t e,e,navigate,e,reverse_first,reverse+first_letter,True
n e a r,r,near,r,reverse_first,reverse+first_letter,True
n e g o t i a t e,e,negotiate,e,reverse_first,reverse+first_letter,True
n e g r o,o,negro,o,reverse_first,reverse+first_letter,True
n e r v e,e,nerve,e,reverse_first,reverse+first_letter,True
n e u f,f,neuf,f,reverse_first,reverse+first_letter,True
n e w,w,new,w,reverse_first,reverse+first_letter,True
n e z,z,nez,z,reverse_first,reverse+first_letter,True
n i g h t,t,night,t,reverse_first,reverse+first_letter,True
n i n e,e,nine,e,reverse_first,reverse+first_letter,True
n i ñ a,a,niña,a,reverse_first,reverse+first_letter,True
n i ñ o,o,niño,o,reverse_first,reverse+first_letter,True
n o,o,no,o,reverse_first,reverse+first_letter,True
n o c h e,e,noche,e,reverse_first,reverse+first_letter,True
n o i r,r,noir,r,reverse_first,reverse+first_letter,True
n o n,n,non,n,reverse_first,reverse+first_letter,True
n o s e,e,nose,e,reverse_first,reverse+first_letter,True
n o t i c e,e,notice,e,reverse_first,reverse+first_letter,True
n o u r r i t u r e,e,nourriture,e,reverse_first,reverse+first_letter,True
n o u v e a u,u,nouveau,u,reverse_first,reverse+first_letter,True
n u e v e,e,nueve,e,reverse_first,reverse+first_letter,True
n u e v o,o,nuevo,o,reverse_first,reverse+first_letter,True
n u i t,t,nuit,t,reverse_first,reverse+first_letter,True
n u r s e,e,nurse,e,reverse_first,reverse+first_letter,True
o a s i s,s,oasis,s,reverse_first,reverse+first_letter,True
o c h o,o,ocho,o,reverse_first,reverse+first_letter,True
o f f i c e r,r,officer,r,reverse_first,reverse+first_letter,True
o i s e a u,u,oiseau,u,reverse_first,reverse+first_letter,True
o j o,o,ojo,o,reverse_first,reverse+first_letter,True
o l d,d,old,d,reverse_first,reverse+first_letter,True
o n c l e,e,oncle,e,reverse_first,reverse+first_letter,True
o n e,e,one,e,reverse_first,reverse+first_letter,True
o p e n,n,open,n,reverse_first,reverse+first_letter,True
o p e r a t e,e,operate,e,reverse_first,reverse+first_letter,True
o r a n g e,e,orange,e,reverse_first,reverse+first_letter,True
o r e i l l e,e,oreille,e,reverse_first,reverse+first_letter,True
o r e j a,a,oreja,a,reverse_first,reverse+first_letter,True
o r g a n i z e,e,organize,e,reverse_first,reverse+first_letter,True
o u i,i,oui,i,reverse_first,reverse+first_letter,True
o u t s i d e,e,outside,e,reverse_first,reverse+first_letter,True
o u v e r t,t,ouvert,t,reverse_first,reverse+first_letter,True
o u v r i e r,r,ouvrier,r,reverse_first,reverse+first_letter,True
o x,x,ox,x,reverse_first,reverse+first_letter,True
p a d r e,e,padre,e,reverse_first,reverse+first_letter,True
p a g e,e,page,e,reverse_first,reverse+first_letter,True
p a i n,n,pain,n,reverse_first,reverse+first_letter,True
p a i n t,t,paint,t,reverse_first,reverse+first_letter,True
p a i n t e r,r,painter,r,reverse_first,reverse+first_letter,True
p a l a b r a,a,palabra,a,reverse_first,reverse+first_letter,True
p a n,n,pan,n,reverse_first,reverse+first_letter,True
p a p e r,r,paper,r,reverse_first,reverse+first_letter,True
p a r e n t h e s i s,s,parenthesis,s,reverse_first,reverse+first_letter,True
p a r t i c i p a t e,e,participate,e,reverse_first,reverse+first_letter,True
p a r t y,y,party,y,reverse_first,reverse+first_letter,True
p a u v r e,e,pauvre,e,reverse_first,reverse+first_letter,True
p a y s,s,pays,s,reverse_first,reverse+first_letter,True
p a í s,s,país,s,reverse_first,reverse+first_letter,True
p e l o t a,a,pelota,a,reverse_first,reverse+first_letter,True
p e n,n,pen,n,reverse_first,reverse+first_letter,True
p e n c i l,l,pencil,l,reverse_first,reverse+first_letter,True
p e n e t r a t e,e,penetrate,e,reverse_first,reverse+first_letter,True
p e p p e r,r,pepper,r,reverse_first,reverse+first_letter,True
p e q u e ñ o,o,pequeño,o,reverse_first,reverse+first_letter,True
p e r r o,o,perro,o,reverse_first,reverse+first_letter,True
p e r s o n,n,person,n,reverse_first,reverse+first_letter,True
p e s a d o,o,pesado,o,reverse_first,reverse+first_letter,True
p e t i t,t,petit,t,reverse_first,reverse+first_letter,True
p e z,z,pez,z,reverse_first,reverse+first_letter,True
p h e n o m e n o n,n,phenomenon,n,reverse_first,reverse+first_letter,True
p h o n e,e,phone,e,reverse_first,reverse+first_letter,True
p h o t o,o,photo,o,reverse_first,reverse+first_letter,True
p h r a s e,e,phrase,e,reverse_first,reverse+first_letter,True
p i a n o,o,piano,o,reverse_first,reverse+first_letter,True
p i e,e,pie,e,reverse_first,reverse+first_letter,True
p i e d,d,pied,d,reverse_first,reverse+first_letter,True
p i l o t,t,pilot,t,reverse_first,reverse+first_letter,True
p i m i e n t a,a,pimienta,a,reverse_first,reverse+first_letter,True
p i n k,k,pink,k,reverse_first,reverse+first_letter,True
p l a t e,e,plate,e,reverse_first,reverse+first_letter,True
p l a y,y,play,y,reverse_first,reverse+first_letter,True
p l a y e r,r,player,r,reverse_first,reverse+first_letter,True
p l e a s e,e,please,e,reverse_first,reverse+first_letter,True
p l e i n,n,plein,n,reverse_first,reverse+first_letter,True
p o b r e,e,pobre,e,reverse_first,reverse+first_letter,True
p o i s s o n,n,poisson,n,reverse_first,reverse+first_letter,True
p o i v r e,e,poivre,e,reverse_first,reverse+first_letter,True
p o l i c e,e,police,e,reverse_first,reverse+first_letter,True
p o l i c í a,a,policía,a,reverse_first,reverse+first_letter,True
p o m m e,e,pomme,e,reverse_first,reverse+first_letter,True
p o o r,r,poor,r,reverse_first,reverse+first_letter,True
p o r t e,e,porte,e,reverse_first,reverse+first_letter,True
p o t a t o,o,potato,o,reverse_first,reverse+first_letter,True
p r a c t i c e,e,practice,e,reverse_first,reverse+first_letter,True
p r e m i e r,r,premier,r,reverse_first,reverse+first_letter,True
p r e s i d e n t,t,president,t,reverse_first,reverse+first_letter,True
p r i m e r o,o,primero,o,reverse_first,reverse+first_letter,True
p r i m o,o,primo,o,reverse_first,reverse+first_letter,True
p r i n c e,e,prince,e,reverse_first,reverse+first_letter,True
p r i n c e s a,a,princesa,a,reverse_first,reverse+first_letter,True
p r i n c e s s,s,princess,s,reverse_first,reverse+first_letter,True
p r i n c e s s e,e,princesse,e,reverse_first,reverse+first_letter,True
p r o f e s o r,r,profesor,r,reverse_first,reverse+first_letter,True
p r o f e s s e u r,r,professeur,r,reverse_first,reverse+first_letter,True
p r o m i s e,e,promise,e,reverse_first,reverse+first_letter,True
p r o o f,f,proof,f,reverse_first,reverse+first_letter,True
p r o p r e,e,propre,e,reverse_first,reverse+first_letter,True
p r è s,s,près,s,reverse_first,reverse+first_letter,True
p r í n c i p e,e,príncipe,e,reverse_first,reverse+first_letter,True
p u e r t a,a,puerta,a,reverse_first,reverse+first_letter,True
p u l l,l,pull,l,reverse_first,reverse+first_letter,True
p u r p l e,e,purple,e,reverse_first,reverse+first_letter,True
p u r s u e,e,pursue,e,reverse_first,reverse+first_letter,True
p u s h,h,push,h,reverse_first,reverse+first_letter,True
p á g i n a,a,página,a,reverse_first,reverse+first_letter,True
p á j a r o,o,pájaro,o,reverse_first,reverse+first_letter,True
p è r e,e,père,e,reverse_first,reverse+first_letter,True
q u a t r e,e,quatre,e,reverse_first,reverse+first_letter,True
q u e e n,n,queen,n,reverse_first,reverse+first_letter,True
q u e s o,o,queso,o,reverse_first,reverse+first_letter,True
r a d i a t e,e,radiate,e,reverse_first,reverse+first_letter,True
r a d i o,o,radio,o,reverse_first,reverse+first_letter,True
r a p i d e,e,rapide,e,reverse_first,reverse+first_letter,True
r a y,y,ray,y,reverse_first,reverse+first_letter,True
r e a d,d,read,d,reverse_first,reverse+first_letter,True
r e a l i z e,e,realize,e,reverse_first,reverse+first_letter,True
r e c e i v e,e,receive,e,reverse_first,reverse+first_letter,True
r e c o g n i z e,e,recognize,e,reverse_first,reverse+first_letter,True
r e d,d,red,d,reverse_first,reverse+first_letter,True
r e e f,f,reef,f,reverse_first,reverse+first_letter,True
r e i n a,a,reina,a,reverse_first,reverse+first_letter,True
r e i n e,e,reine,e,reverse_first,reverse+first_letter,True
r e l a t e,e,relate,e,reverse_first,reverse+first_letter,True
r e l a x,x,relax,x,reverse_first,reverse+first_letter,True
r e p e a t,t,repeat,t,reverse_first,reverse+first_letter,True
r e s c u e,e,rescue,e,reverse_first,reverse+first_letter,True
r e s t,t,rest,t,reverse_first,reverse+first_letter,True
r e y,y,rey,y,reverse_first,reverse+first_letter,True
r i c h,h,rich,h,reverse_first,reverse+first_letter,True
r i c h e,e,riche,e,reverse_first,reverse+first_letter,True
r i c o,o,rico,o,reverse_first,reverse+first_letter,True
r i g h t,t,right,t,reverse_first,reverse+first_letter,True
r o i,i,roi,i,reverse_first,reverse+first_letter,True
r o j o,o,rojo,o,reverse_first,reverse+first_letter,True
r o o f,f,roof,f,reverse_first,reverse+first_letter,True
r o s a,a,rosa,a,reverse_first,reverse+first_letter,True
r o s e,e,rose,e,reverse_first,reverse+first_letter,True
r o t a t e,e,rotate,e,reverse_first,reverse+first_letter,True
r o u g e,e,rouge,e,reverse_first,reverse+first_letter,True
r u e,e,rue,e,reverse_first,reverse+first_letter,True
r u n,n,run,n,reverse_first,reverse+first_letter,True
r u n n e r,r,runner,r,reverse_first,reverse+first_letter,True
r á p i d o,o,rápido,o,reverse_first,reverse+first_letter,True
s a d,d,sad,d,reverse_first,reverse+first_letter,True
s a f e,e,safe,e,reverse_first,reverse+first_letter,True
s a i l,l,sail,l,reverse_first,reverse+first_letter,True
s a i l o r,r,sailor,r,reverse_first,reverse+first_letter,True
s a l,l,sal,l,reverse_first,reverse+first_letter,True
s a l e,e,sale,e,reverse_first,reverse+first_letter,True
s a l t,t,salt,t,reverse_first,reverse+first_letter,True
s c a r f,f,scarf,f,reverse_first,reverse+first_letter,True
s c h o o l,l,school,l,reverse_first,reverse+first_letter,True
s c i e n t i s t,t,scientist,t,reverse_first,reverse+first_letter,True
s e e,e,see,e,reverse_first,reverse+first_letter,True
s e i s,s,seis,s,reverse_first,reverse+first_letter,True
s e l,l,sel,l,reverse_first,reverse+first_letter,True
s e l f,f,self,f,reverse_first,reverse+first_letter,True
s e m a i n e,e,semaine,e,reverse_first,reverse+first_letter,True
s e m a n a,a,semana,a,reverse_first,reverse+first_letter,True
s e n t e n c e,e,sentence,e,reverse_first,reverse+first_letter,True
s e p a r a t e,e,separate,e,reverse_first,reverse+first_letter,True
s e p t,t,sept,t,reverse_first,reverse+first_letter,True
s e v e n,n,seven,n,reverse_first,reverse+first_letter,True
s h a r e,e,share,e,reverse_first,reverse+first_letter,True
s h e e p,p,sheep,p,reverse_first,reverse+first_letter,True
s h e l f,f,shelf,f,reverse_first,reverse+first_letter,True
s h o r t,t,short,t,reverse_first,reverse+first_letter,True
s h o u t,t,shout,t,reverse_first,reverse+first_letter,True
s i e t e,e,siete,e,reverse_first,reverse+first_letter,True
s i l l a,a,silla,a,reverse_first,reverse+first_letter,True
s i n g,g,sing,g,reverse_first,reverse+first_letter,True
s i n g e r,r,singer,r,reverse_first,reverse+first_letter,True
s i s t e r,r,sister,r,reverse_first,reverse+first_letter,True
s i t,t,sit,t,reverse_first,reverse+first_letter,True
s i x,x,six,x,reverse_first,reverse+first_letter,True
s k a t e,e,skate,e,reverse_first,reverse+first_letter,True
s k i,i,ski,i,reverse_first,reverse+first_letter,True
s l e e p,p,sleep,p,reverse_first,reverse+first_letter,True
s l o w,w,slow,w,reverse_first,reverse+first_letter,True
s m a l l,l,small,l,reverse_first,reverse+first_letter,True
s m e l l,l,smell,l,reverse_first,reverse+first_letter,True
s m i l e,e,smile,e,reverse_first,reverse+first_letter,True
s o l,l,sol,l,reverse_first,reverse+first_letter,True
s o l d a d o,o,soldado,o,reverse_first,reverse+first_letter,True
s o l d a t,t,soldat,t,reverse_first,reverse+first_letter,True
s o l d i e r,r,soldier,r,reverse_first,reverse+first_letter,True
s o l e i l,l,soleil,l,reverse_first,reverse+first_letter,True
s o n,n,son,n,reverse_first,reverse+first_letter,True
s o n g,g,song,g,reverse_first,reverse+first_letter,True
s p o o n,n,spoon,n,reverse_first,reverse+first_letter,True
s p o r t,t,sport,t,reverse_first,reverse+first_letter,True
s t a n d,d,stand,d,reverse_first,reverse+first_letter,True
s t a r,r,star,r,reverse_first,reverse+first_letter,True
s t a r t,t,start,t,reverse_first,reverse+first_letter,True
s t i m u l a t e,e,stimulate,e,reverse_first,reverse+first_letter,True
s t o m a c h,h,stomach,h,reverse_first,reverse+first_letter,True
s t o p,p,stop,p,reverse_first,reverse+first_letter,True
s t o r y,y,story,y,reverse_first,reverse+first_letter,True
s t r e e t,t,street,t,reverse_first,reverse+first_letter,True
s t r e t c h,h,stretch,h,reverse_first,reverse+first_letter,True
s t r o n g,g,strong,g,reverse_first,reverse+first_letter,True
s t u d e n t,t,student,t,reverse_first,reverse+first_letter,True
s t u d i o,o,studio,o,reverse_first,reverse+first_letter,True
s t u d y,y,study,y,reverse_first,reverse+first_letter,True
s u c i o,o,sucio,o,reverse_first,reverse+first_letter,True
s u c r e,e,sucre,e,reverse_first,reverse+first_letter,True
s u g a r,r,sugar,r,reverse_first,reverse+first_letter,True
s u n,n,sun,n,reverse_first,reverse+first_letter,True
s u r p r i s e,e,surprise,e,reverse_first,reverse+first_letter,True
s w i m,m,swim,m,reverse_first,reverse+first_letter,True
s w i m m e r,r,swimmer,r,reverse_first,reverse+first_letter,True
s í,í,sí,í,reverse_first,reverse+first_letter,True
s œ u r,r,sœur,r,reverse_first,reverse+first_letter,True
t a b l e,e,table,e,reverse_first,reverse+first_letter,True
t a i l o r,r,tailor,r,reverse_first,reverse+first_letter,True
t a k e,e,take,e,reverse_first,reverse+first_letter,True
t a l k,k,talk,k,reverse_first,reverse+first_letter,True
t a n t e,e,tante,e,reverse_first,reverse+first_letter,True
t a s t e,e,taste,e,reverse_first,reverse+first_letter,True
t e a,a,tea,a,reverse_first,reverse+first_letter,True
t e a c h,h,teach,h,reverse_first,reverse+first_letter,True
t e a c h e r,r,teacher,r,reverse_first,reverse+first_letter,True
t e m p s,s,temps,s,reverse_first,reverse+first_letter,True
t e n,n,ten,n,reverse_first,reverse+first_letter,True
t e r m i n a t e,e,terminate,e,reverse_first,reverse+first_letter,True
t h e s i s,s,thesis,s,reverse_first,reverse+first_letter,True
t h i e f,f,thief,f,reverse_first,reverse+first_letter,True
t h i n k,k,think,k,reverse_first,reverse+first_letter,True
t h o u s a n d,d,thousand,d,reverse_first,reverse+first_letter,True
t h r e e,e,three,e,reverse_first,reverse+first_letter,True
t h r o w,w,throw,w,reverse_first,reverse+first_letter,True
t h é,é,thé,é,reverse_first,reverse+first_letter,True
t i e m p o,o,tiempo,o,reverse_first,reverse+first_letter,True
t i m e,e,time,e,reverse_first,reverse+first_letter,True
t o d a y,y,today,y,reverse_first,reverse+first_letter,True
t o e,e,toe,e,reverse_first,reverse+first_letter,True
t o l e r a t e,e,tolerate,e,reverse_first,reverse+first_letter,True
t o m a t o,o,tomato,o,reverse_first,reverse+first_letter,True
t o m o r r o w,w,tomorrow,w,reverse_first,reverse+first_letter,True
t o o t h,h,tooth,h,reverse_first,reverse+first_letter,True
t o u c h,h,touch,h,reverse_first,reverse+first_letter,True
t o y,y,toy,y,reverse_first,reverse+first_letter,True
t r a b a j a d o r,r,trabajador,r,reverse_first,reverse+first_letter,True
t r a n s l a t e,e,translate,e,reverse_first,reverse+first_letter,True
t r a v e l,l,travel,l,reverse_first,reverse+first_letter,True
t r e a t,t,treat,t,reverse_first,reverse+first_letter,True
t r e e,e,tree,e,reverse_first,reverse+first_letter,True
t r e s,s,tres,s,reverse_first,reverse+first_letter,True
t r i s t e,e,triste,e,reverse_first,reverse+first_letter,True
t r o i s,s,trois,s,reverse_first,reverse+first_letter,True
t w o,o,two,o,reverse_first,reverse+first_letter,True
t é,é,té,é,reverse_first,reverse+first_letter,True
t ê t e,e,tête,e,reverse_first,reverse+first_letter,True
t í a,a,tía,a,reverse_first,reverse+first_letter,True
t í o,o,tío,o,reverse_first,reverse+first_letter,True
u g l y,y,ugly,y,reverse_first,reverse+first_letter,True
u n,n,un,n,reverse_first,reverse+first_letter,True
u n c l e,e,uncle,e,reverse_first,reverse+first_letter,True
u n i t e,e,unite,e,reverse_first,reverse+first_letter,True
u n o,o,uno,o,reverse_first,reverse+first_letter,True
u p,p,up,p,reverse_first,reverse+first_letter,True
v a c í o,o,vacío,o,reverse_first,reverse+first_letter,True
v a l i d a t e,e,validate,e,reverse_first,reverse+first_letter,True
v a l u e,e,value,e,reverse_first,reverse+first_letter,True
v e i n,n,vein,n,reverse_first,reverse+first_letter,True
v e n t a n a,a,ventana,a,reverse_first,reverse+first_letter,True
v e r d e,e,verde,e,reverse_first,reverse+first_letter,True
v e r t,t,vert,t,reverse_first,reverse+first_letter,True
v i b r a t e,e,vibrate,e,reverse_first,reverse+first_letter,True
v i d e,e,vide,e,reverse_first,reverse+first_letter,True
v i d e o,o,video,o,reverse_first,reverse+first_letter,True
v i e j o,o,viejo,o,reverse_first,reverse+first_letter,True
v i e u x,x,vieux,x,reverse_first,reverse+first_letter,True
v i l l a i n,n,villain,n,reverse_first,reverse+first_letter,True
v i l l e,e,ville,e,reverse_first,reverse+first_letter,True
v i n,n,vin,n,reverse_first,reverse+first_letter,True
v i n o,o,vino,o,reverse_first,reverse+first_letter,True
v i o l e t,t,violet,t,reverse_first,reverse+first_letter,True
v o i t u r e,e,voiture,e,reverse_first,reverse+first_letter,True
v o l c a n o,o,volcano,o,reverse_first,reverse+first_letter,True
w a i t,t,wait,t,reverse_first,reverse+first_letter,True
w a l k,k,walk,k,reverse_first,reverse+first_letter,True
w a s h,h,wash,h,reverse_first,reverse+first_letter,True
w a t c h,h,watch,h,reverse_first,reverse+first_letter,True
w a t e r,r,water,r,reverse_first,reverse+first_letter,True
w a y,y,way,y,reverse_first,reverse+first_letter,True
w e a k,k,weak,k,reverse_first,reverse+first_letter,True
w e e k,k,week,k,reverse_first,reverse+first_letter,True
w h a r f,f,wharf,f,reverse_first,reverse+first_letter,True
w h i s p e r,r,whisper,r,reverse_first,reverse+first_letter,True
w h i t e,e,white,e,reverse_first,reverse+first_letter,True
w i d e,e,wide,e,reverse_first,reverse+first_letter,True
w i f e,e,wife,e,reverse_first,reverse+first_letter,True
w i n d o w,w,window,w,reverse_first,reverse+first_letter,True
w i n e,e,wine,e,reverse_first,reverse+first_letter,True
w o l f,f,wolf,f,reverse_first,reverse+first_letter,True
w o m a n,n,woman,n,reverse_first,reverse+first_letter,True
w o r d,d,word,d,reverse_first,reverse+first_letter,True
w o r k,k,work,k,reverse_first,reverse+first_letter,True
w o r k e r,r,worker,r,reverse_first,reverse+first_letter,True
w o r l d,d,world,d,reverse_first,reverse+first_letter,True
w r i t e,e,write,e,reverse_first,reverse+first_letter,True
w r i t e r,r,writer,r,reverse_first,reverse+first_letter,True
y e a r,r,year,r,reverse_first,reverse+first_letter,True
y e l l o w,w,yellow,w,reverse_first,reverse+first_letter,True
y e s,s,yes,s,reverse_first,reverse+first_letter,True
y e s t e r d a y,y,yesterday,y,reverse_first,reverse+first_letter,True
y o u n g,g,young,g,reverse_first,reverse+first_letter,True
á r b o l,l,árbol,l,reverse_first,reverse+first_letter,True
é c o l e,e,école,e,reverse_first,reverse+first_letter,True
é t o i l e,e,étoile,e,reverse_first,reverse+first_letter,True
é t r o i t,t,étroit,t,reverse_first,reverse+first_letter,True
é t u d i a n t,t,étudiant,t,reverse_first,reverse+first_letter,True
ú l t i m o,o,último,o,reverse_first,reverse+first_letter,True
œ i l,l,œil,l,reverse_first,reverse+first_letter,True
A f g h a n i s t a n,A,Afghanistan,A,reverse_last,reverse+last_letter,True
A l b a n i a,A,Albania,A,reverse_last,reverse+last_letter,True
A l g e r i a,A,Algeria,A,reverse_last,reverse+last_letter,True
A n d o r r a,A,Andorra,A,reverse_last,reverse+last_letter,True
A n g o l a,A,Angola,A,reverse_last,reverse+last_letter,True
A r g e n t i n a,A,Argentina,A,reverse_last,reverse+last_letter,True
A r m e n i a,A,Armenia,A,reverse_last,reverse+last_letter,True
A u s t r a l i a,A,Australia,A,reverse_last,reverse+last_letter,True
A u s t r i a,A,Austria,A,reverse_last,reverse+last_letter,True
A z e r b a i j a n,A,Azerbaijan,A,reverse_last,reverse+last_letter,True
B a h a m a s,B,Bahamas,B,reverse_last,reverse+last_letter,True
B a h r a i n,B,Bahrain,B,reverse_last,reverse+last_letter,True
B a n g l a d e s h,B,Bangladesh,B,reverse_last,reverse+last_letter,True
B a r b a d o s,B,Barbados,B,reverse_last,reverse+last_letter,True
B e l a r u s,B,Belarus,B,reverse_last,reverse+last_letter,True
B e l g i u m,B,Belgium,B,reverse_last,reverse+last_letter,True
B e l i z e,B,Belize,B,reverse_last,reverse+last_letter,True
B e n i n,B,Benin,B,reverse_last,reverse+last_letter,True
B h u t a n,B,Bhutan,B,reverse_last,reverse+last_letter,True
B o l i v i a,B,Bolivia,B,reverse_last,reverse+last_letter,True
B o t s w a n a,B,Botswana,B,reverse_last,reverse+last_letter,True
B r a z i l,B,Brazil,B,reverse_last,reverse+last_letter,True
B r u n e i,B,Brunei,B,reverse_last,reverse+last_letter,True
B u l g a r i a,B,Bulgaria,B,reverse_last,reverse+last_letter,True
B u r u n d i,B,Burundi,B,reverse_last,reverse+last_letter,True
C a m b o d i a,C,Cambodia,C,reverse_last,reverse+last_letter,True
C a m e r o o n,C,Cameroon,C,reverse_last,reverse+last_letter,True
C a n a d a,C,Canada,C,reverse_last,reverse+last_letter,True
C h a d,C,Chad,C,reverse_last,reverse+last_letter,True
C h i l e,C,Chile,C,reverse_last,reverse+last_letter,True
C h i n a,C,China,C,reverse_last,reverse+last_letter,True
C o l o m b i a,C,Colombia,C,reverse_last,reverse+last_letter,True
C o m o r o s,C,Comoros,C,reverse_last,reverse+last_letter,True
C o n g o,C,Congo,C,reverse_last,reverse+last_letter,True
C r o a t i a,C,Croatia,C,reverse_last,reverse+last_letter,True
C u b a,C,Cuba,C,reverse_last,reverse+last_letter,True
C y p r u s,C,Cyprus,C,reverse_last,reverse+last_letter,True
D e n m a r k,D,Denmark,D,reverse_last,reverse+last_letter,True
D j i b o u t i,D,Djibouti,D,reverse_last,reverse+last_letter,True
D o m i n i c a,D,Dominica,D,reverse_last,reverse+last_letter,True
E c u a d o r,E,Ecuador,E,reverse_last,reverse+last_letter,True
E g y p t,E,Egypt,E,reverse_last,reverse+last_letter,True
E r i t r e a,E,Eritrea,E,reverse_last,reverse+last_letter,True
E s t o n i a,E,Estonia,E,reverse_last,reverse+last_letter,True
E s w a t i n i,E,Eswatini,E,reverse_last,reverse+last_letter,True
E t h i o p i a,E,Ethiopia,E,reverse_last,reverse+last_letter,True
F i j i,F,Fiji,F,reverse_last,reverse+last_letter,True
F i n l a n d,F,Finland,F,reverse_last,reverse+last_letter,True
F r a n c e,F,France,F,reverse_last,reverse+last_letter,True
G a b o n,G,Gabon,G,reverse_last,reverse+last_letter,True
G a m b i a,G,Gambia,G,reverse_last,reverse+last_letter,True
G e o r g i a,G,Georgia,G,reverse_last,reverse+last_letter,True
G e r m a n y,G,Germany,G,reverse_last,reverse+last_letter,True
G h a n a,G,Ghana,G,reverse_last,reverse+last_letter,True
G r e e c e,G,Greece,G,reverse_last,reverse+last_letter,True
G r e n a d a,G,Grenada,G,reverse_last,reverse+last_letter,True
G u a t e m a l a,G,Guatemala,G,reverse_last,reverse+last_letter,True
G u i n e a,G,Guinea,G,reverse_last,reverse+last_letter,True
G u y a n a,G,Guyana,G,reverse_last,reverse+last_letter,True
H a i t i,H,Haiti,H,reverse_last,reverse+last_letter,True
H o n d u r a s,H,Honduras,H,reverse_last,reverse+last_letter,True
H u n g a r y,H,Hungary,H,reverse_last,reverse+last_letter,True
I c e l a n d,I,Iceland,I,reverse_last,reverse+last_letter,True
I n d i a,I,India,I,reverse_last,reverse+last_letter,True
I n d o n e s i a,I,Indonesia,I,reverse_last,reverse+last_letter,True
I r a n,I,Iran,I,reverse_last,reverse+last_letter,True
I r a q,I,Iraq,I,reverse_last,reverse+last_letter,True
I r e l a n d,I,Ireland,I,reverse_last,reverse+last_letter,True
I s r a e l,I,Israel,I,reverse_last,reverse+last_letter,True
I t a l y,I,Italy,I,reverse_last,reverse+last_letter,True
J a m a i c a,J,Jamaica,J,reverse_last,reverse+last_letter,True
J a p a n,J,Japan,J,reverse_last,reverse+last_letter,True
J o r d a n,J,Jordan,J,reverse_last,reverse+last_letter,True
K a z a k h s t a n,K,Kazakhstan,K,reverse_last,reverse+last_letter,True
K e n y a,K,Kenya,K,reverse_last,reverse+last_letter,True
K i r i b a t i,K,Kiribati,K,reverse_last,reverse+last_letter,True
K o s o v o,K,Kosovo,K,reverse_last,reverse+last_letter,True
K u w a i t,K,Kuwait,K,reverse_last,reverse+last_letter,True
K y r g y z s t a n,K,Kyrgyzstan,K,reverse_last,reverse+last_letter,True
L a o s,L,Laos,L,reverse_last,reverse+last_letter,True
L a t v i a,L,Latvia,L,reverse_last,reverse+last_letter,True
L e b a n o n,L,Lebanon,L,reverse_last,reverse+last_letter,True
L e s o t h o,L,Lesotho,L,reverse_last,reverse+last_letter,True
L i b e r i a,L,Liberia,L,reverse_last,reverse+last_letter,True
L i b y a,L,Libya,L,reverse_last,reverse+last_letter,True
L i e c h t e n s t e i n,L,Liechtenstein,L,reverse_last,reverse+last_letter,True
L i t h u a n i a,L,Lithuania,L,reverse_last,reverse+last_letter,True
L u x e m b o u r g,L,Luxembourg,L,reverse_last,reverse+last_letter,True
M a d a g a s c a r,M,Madagascar,M,reverse_last,reverse+last_letter,True
M a l a w i,M,Malawi,M,reverse_last,reverse+last_letter,True
M a l a y s i a,M,Malaysia,M,reverse_last,reverse+last_letter,True
M a l d i v e s,M,Maldives,M,reverse_last,reverse+last_letter,True
M a l i,M,Mali,M,reverse_last,reverse+last_letter,True
M a l t a,M,Malta,M,reverse_last,reverse+last_letter,True
M a u r i t a n i a,M,Mauritania,M,reverse_last,reverse+last_letter,True
M a u r i t i u s,M,Mauritius,M,reverse_last,reverse+last_letter,True
M e x i c o,M,Mexico,M,reverse_last,reverse+last_letter,True
M i c r o n e s i a,M,Micronesia,M,reverse_last,reverse+last_letter,True
M o l d o v a,M,Moldova,M,reverse_last,reverse+last_letter,True
M o n a c o,M,Monaco,M,reverse_last,reverse+last_letter,True
M o n g o l i a,M,Mongolia,M,reverse_last,reverse+last_letter,True
M o n t e n e g r o,M,Montenegro,M,reverse_last,reverse+last_letter,True
M o r o c c o,M,Morocco,M,reverse_last,reverse+last_letter,True
M o z a m b i q u e,M,Mozambique,M,reverse_last,reverse+last_letter,True
M y a n m a r,M,Myanmar,M,reverse_last,reverse+last_letter,True
N a m i b i a,N,Namibia,N,reverse_last,reverse+last_letter,True
N a u r u,N,Nauru,N,reverse_last,reverse+last_letter,True
N e p a l,N,Nepal,N,reverse_last,reverse+last_letter,True
N e t h e r l a n d s,N,Netherlands,N,reverse_last,reverse+last_letter,True
N i c a r a g u a,N,Nicaragua,N,reverse_last,reverse+last_letter,True
N i g e r,N,Niger,N,reverse_last,reverse+last_letter,True
N i g e r i a,N,Nigeria,N,reverse_last,reverse+last_letter,True
N o r w a y,N,Norway,N,reverse_last,reverse+last_letter,True
O m a n,O,Oman,O,reverse_last,reverse+last_letter,True
P a k i s t a n,P,Pakistan,P,reverse_last,reverse+last_letter,True
P a l a u,P,Palau,P,reverse_last,reverse+last_letter,True
P a l e s t i n e,P,Palestine,P,reverse_last,reverse+last_letter,True
P a n a m a,P,Panama,P,reverse_last,reverse+last_letter,True
P a r a g u a y,P,Paraguay,P,reverse_last,reverse+last_letter,True
P e r u,P,Peru,P,reverse_last,reverse+last_letter,True
P h i l i p p i n e s,P,Philippines,P,reverse_last,reverse+last_letter,True
P o l a n d,P,Poland,P,reverse_last,reverse+last_letter,True
P o r t u g a l,P,Portugal,P,reverse_last,reverse+last_letter,True
Q a t a r,Q,Qatar,Q,reverse_last,reverse+last_letter,True
R o m a n i a,R,Romania,R,reverse_last,reverse+last_letter,True
R u s s i a,R,Russia,R,reverse_last,reverse+last_letter,True
R w a n d a,R,Rwanda,R,reverse_last,reverse+last_letter,True
S a m o a,S,Samoa,S,reverse_last,reverse+last_letter,True
S e n e g a l,S,Senegal,S,reverse_last,reverse+last_letter,True
S e r b i a,S,Serbia,S,reverse_last,reverse+last_letter,True
S e y c h e l l e s,S,Seychelles,S,reverse_last,reverse+last_letter,True
S i n g a p o r e,S,Singapore,S,reverse_last,reverse+last_letter,True
S l o v a k i a,S,Slovakia,S,reverse_last,reverse+last_letter,True
S l o v e n i a,S,Slovenia,S,reverse_last,reverse+last_letter,True
S o m a l i a,S,Somalia,S,reverse_last,reverse+last_letter,True
S p a i n,S,Spain,S,reverse_last,reverse+last_letter,True
S u d a n,S,Sudan,S,reverse_last,reverse+last_letter,True
S u r i n a m e,S,Suriname,S,reverse_last,reverse+last_letter,True
S w e d e n,S,Sweden,S,reverse_last,reverse+last_letter,True
S w i t z e r l a n d,S,Switzerland,S,reverse_last,reverse+last_letter,True
S y r i a,S,Syria,S,reverse_last,reverse+last_letter,True
T a i w a n,T,Taiwan,T,reverse_last,reverse+last_letter,True
T a j i k i s t a n,T,Tajikistan,T,reverse_last,reverse+last_letter,True
T a n z a n i a,T,Tanzania,T,reverse_last,reverse+last_letter,True
T h a i l a n d,T,Thailand,T,reverse_last,reverse+last_letter,True
T o g o,T,Togo,T,reverse_last,reverse+last_letter,True
T o n g a,T,Tonga,T,reverse_last,reverse+last_letter,True
T u n i s i a,T,Tunisia,T,reverse_last,reverse+last_letter,True
T u r k e y,T,Turkey,T,reverse_last,reverse+last_letter,True
T u r k m e n i s t a n,T,Turkmenistan,T,reverse_last,reverse+last_letter,True
T u v a l u,T,Tuvalu,T,reverse_last,reverse+last_letter,True
U A E,U,UAE,U,reverse_last,reverse+last_letter,True
U g a n d a,U,Uganda,U,reverse_last,reverse+last_letter,True
U k r a i n e,U,Ukraine,U,reverse_last,reverse+last_letter,True
U r u g u a y,U,Uruguay,U,reverse_last,reverse+last_letter,True
U z b e k i s t a n,U,Uzbekistan,U,reverse_last,reverse+last_letter,True
V a n u a t u,V,Vanuatu,V,reverse_last,reverse+last_letter,True
V e n e z u e l a,V,Venezuela,V,reverse_last,reverse+last_letter,True
V i e t n a m,V,Vietnam,V,reverse_last,reverse+last_letter,True
Y e m e n,Y,Yemen,Y,reverse_last,reverse+last_letter,True
Z a m b i a,Z,Zambia,Z,reverse_last,reverse+last_letter,True
Z i m b a b w e,Z,Zimbabwe,Z,reverse_last,reverse+last_letter,True
a b a j o,a,abajo,a,reverse_last,reverse+last_letter,True
a b i e r t o,a,abierto,a,reverse_last,reverse+last_letter,True
a b o g a d o,a,abogado,a,reverse_last,reverse+last_letter,True
a b u e l a,a,abuela,a,reverse_last,reverse+last_letter,True
a b u e l o,a,abuelo,a,reverse_last,reverse+last_letter,True
a c c e l e r a t e,a,accelerate,a,reverse_last,reverse+last_letter,True
a c h i e v e,a,achieve,a,reverse_last,reverse+last_letter,True
a c t i v a t e,a,activate,a,reverse_last,reverse+last_letter,True
a c t o r,a,actor,a,reverse_last,reverse+last_letter,True
a c t r e s s,a,actress,a,reverse_last,reverse+last_letter,True
a d i ó s,a,adiós,a,reverse_last,reverse+last_letter,True
a d v e r t i s e,a,advertise,a,reverse_last,reverse+last_letter,True
a g u a,a,agua,a,reverse_last,reverse+last_letter,True
a l t o,a,alto,a,reverse_last,reverse+last_letter,True
a m a r i l l o,a,amarillo,a,reverse_last,reverse+last_letter,True
a m i,a,ami,a,reverse_last,reverse+last_letter,True
a m i g o,a,amigo,a,reverse_last,reverse+last_letter,True
a n,a,an,a,reverse_last,reverse+last_letter,True
a n a l y s i s,a,analysis,a,reverse_last,reverse+last_letter,True
a n c h o,a,ancho,a,reverse_last,reverse+last_letter,True
a n t i c i p a t e,a,anticipate,a,reverse_last,reverse+last_letter,True
a p o l o g i z e,a,apologize,a,reverse_last,reverse+last_letter,True
a p p l e,a,apple,a,reverse_last,reverse+last_letter,True
a p p r e c i a t e,a,appreciate,a,reverse_last,reverse+last_letter,True
a r b r e,a,arbre,a,reverse_last,reverse+last_letter,True
a r g u e,a,argue,a,reverse_last,reverse+last_letter,True
a r m,a,arm,a,reverse_last,reverse+last_letter,True
a r r i b a,a,arriba,a,reverse_last,reverse+last_letter,True
a r r i v e,a,arrive,a,reverse_last,reverse+last_letter,True
a r t e r y,a,artery,a,reverse_last,reverse+last_letter,True
a r t i s t,a,artist,a,reverse_last,reverse+last_letter,True
a r t i s t a,a,artista,a,reverse_last,reverse+last_letter,True
a r t i s t e,a,artiste,a,reverse_last,reverse+last_letter,True
a t r á s,a,atrás,a,reverse_last,reverse+last_letter,True
a u n t,a,aunt,a,reverse_last,reverse+last_letter,True
a v o c a t,a,avocat,a,reverse_last,reverse+last_letter,True
a x i s,a,axis,a,reverse_last,reverse+last_letter,True
a y e r,a,ayer,a,reverse_last,reverse+last_letter,True
a z u l,a,azul,a,reverse_last,reverse+last_letter,True
a z ú c a r,a,azúcar,a,reverse_last,reverse+last_letter,True
a ñ o,a,año,a,reverse_last,reverse+last_letter,True
b a b y,b,baby,b,reverse_last,reverse+last_letter,True
b a c k,b,back,b,reverse_last,reverse+last_letter,True
b a d,b,bad,b,reverse_last,reverse+last_letter,True
b a i l e,b,baile,b,reverse_last,reverse+last_letter,True
b a j o,b,bajo,b,reverse_last,reverse+last_letter,True
b a k e,b,bake,b,reverse_last,reverse+last_letter,True
b a k e r,b,baker,b,reverse_last,reverse+last_letter,True
b a l l,b,ball,b,reverse_last,reverse+last_letter,True
b a l l e,b,balle,b,reverse_last,reverse+last_letter,True
b a n a n a,b,banana,b,reverse_last,reverse+last_letter,True
b a s,b,bas,b,reverse_last,reverse+last_letter,True
b a s i s,b,basis,b,reverse_last,reverse+last_letter,True
b a y,b,bay,b,reverse_last,reverse+last_letter,True
b e a c h,b,beach,b,reverse_last,reverse+last_letter,True
b e a u,b,beau,b,reverse_last,reverse+last_letter,True
b e a u t i f u l,b,beautiful,b,reverse_last,reverse+last_letter,True
b e b é,b,bebé,b,reverse_last,reverse+last_letter,True
b e g i n,b,begin,b,reverse_last,reverse+last_letter,True
b e l i e f,b,belief,b,reverse_last,reverse+last_letter,True
b e l i e v e,b,believe,b,reverse_last,reverse+last_letter,True
b e n d,b,bend,b,reverse_last,reverse+last_letter,True
b e r r y,b,berry,b,reverse_last,reverse+last_letter,True
b i g,b,big,b,reverse_last,reverse+last_letter,True
b i k e,b,bike,b,reverse_last,reverse+last_letter,True
b i r d,b,bird,b,reverse_last,reverse+last_letter,True
b l a c k,b,black,b,reverse_last,reverse+last_letter,True
b l a n c,b,blanc,b,reverse_last,reverse+last_letter,True
b l a n c o,b,blanco,b,reverse_last,reverse+last_letter,True
b l e u,b,bleu,b,reverse_last,reverse+last_letter,True
b l u e,b,blue,b,reverse_last,reverse+last_letter,True
b o c a,b,boca,b,reverse_last,reverse+last_letter,True
b o d y,b,body,b,reverse_last,reverse+last_letter,True
b o n,b,bon,b,reverse_last,reverse+last_letter,True
b o n e,b,bone,b,reverse_last,reverse+last_letter,True
b o n j o u r,b,bonjour,b,reverse_last,reverse+last_letter,True
b o n s o i r,b,bonsoir,b,reverse_last,reverse+last_letter,True
b o o k,b,book,b,reverse_last,reverse+last_letter,True
b o u c h e,b,bouche,b,reverse_last,reverse+last_letter,True
b o x,b,box,b,reverse_last,reverse+last_letter,True
b o y,b,boy,b,reverse_last,reverse+last_letter,True
b r a i n,b,brain,b,reverse_last,reverse+last_letter,True
b r e a d,b,bread,b,reverse_last,reverse+last_letter,True
b r o t h e r,b,brother,b,reverse_last,reverse+last_letter,True
b r o w n,b,brown,b,reverse_last,reverse+last_letter,True
b r u s h,b,brush,b,reverse_last,reverse+last_letter,True
b u e n o,b,bueno,b,reverse_last,reverse+last_letter,True
b u i l d,b,build,b,reverse_last,reverse+last_letter,True
b u i l d e r,b,builder,b,reverse_last,reverse+last_letter,True
b u s,b,bus,b,reverse_last,reverse+last_letter,True
b u t c h e r,b,butcher,b,reverse_last,reverse+last_letter,True
b u t t e r f l y,b,butterfly,b,reverse_last,reverse+last_letter,True
b é b é,b,bébé,b,reverse_last,reverse+last_letter,True
c a b a l l o,c,caballo,c,reverse_last,reverse+last_letter,True
c a b e z a,c,cabeza,c,reverse_last,reverse+last_letter,True
c a f é,c,café,c,reverse_last,reverse+last_letter,True
c a l c u l a t e,c,calculate,c,reverse_last,reverse+last_letter,True
c a l f,c,calf,c,reverse_last,reverse+last_letter,True
c a l i e n t e,c,caliente,c,reverse_last,reverse+last_letter,True
c a l l e,c,calle,c,reverse_last,reverse+last_letter,True
c a m p,c,camp,c,reverse_last,reverse+last_letter,True
c a n c i ó n,c,canción,c,reverse_last,reverse+last_letter,True
c a n t a n t e,c,cantante,c,reverse_last,reverse+last_letter,True
c a r,c,car,c,reverse_last,reverse+last_letter,True
c a r e,c,care,c,reverse_last,reverse+last_letter,True
c a r g o,c,cargo,c,reverse_last,reverse+last_letter,True
c a r r y,c,carry,c,reverse_last,reverse+last_letter,True
c a r t a,c,carta,c,reverse_last,reverse+last_letter,True
c a s a,c,casa,c,reverse_last,reverse+last_letter,True
c a t,c,cat,c,reverse_last,reverse+last_letter,True
c a t c h,c,catch,c,reverse_last,reverse+last_letter,True
c e l e b r a t e,c,celebrate,c,reverse_last,reverse+last_letter,True
c e n t,c,cent,c,reverse_last,reverse+last_letter,True
c e r c a,c,cerca,c,reverse_last,reverse+last_letter,True
c e r e b r o,c,cerebro,c,reverse_last,reverse+last_letter,True
c e r r a d o,c,cerrado,c,reverse_last,reverse+last_letter,True
c e r v e a u,c,cerveau,c,reverse_last,reverse+last_letter,True
c h a i r,c,chair,c,reverse_last,reverse+last_letter,True
c h a i s e,c,chaise,c,reverse_last,reverse+last_letter,True
c h a n g e,c,change,c,reverse_last,reverse+last_letter,True
c h a n s o n,c,chanson,c,reverse_last,reverse+last_letter,True
c h a t,c,chat,c,reverse_last,reverse+last_letter,True
c h a u d,c,chaud,c,reverse_last,reverse+last_letter,True
c h e e s e,c,cheese,c,reverse_last,reverse+last_letter,True
c h e f,c,chef,c,reverse_last,reverse+last_letter,True
c h e v a l,c,cheval,c,reverse_last,reverse+last_letter,True
c h i e f,c,chief,c,reverse_last,reverse+last_letter,True
c h i e n,c,chien,c,reverse_last,reverse+last_letter,True
c h i l d,c,child,c,reverse_last,reverse+last_letter,True
c h u r c h,c,church,c,reverse_last,reverse+last_letter,True
c i e n,c,cien,c,reverse_last,reverse+last_letter,True
c i n c o,c,cinco,c,reverse_last,reverse+last_letter,True
c i n q,c,cinq,c,reverse_last,reverse+last_letter,True
c i t y,c,city,c,reverse_last,reverse+last_letter,True
c i u d a d,c,ciudad,c,reverse_last,reverse+last_letter,True
c l a s s,c,class,c,reverse_last,reverse+last_letter,True
c l e a n,c,clean,c,reverse_last,reverse+last_letter,True
c l e r k,c,clerk,c,reverse_last,reverse+last_letter,True
c l i f f,c,cliff,c,reverse_last,reverse+last_letter,True
c l i m b,c,climb,c,reverse_last,reverse+last_letter,True
c l o s e,c,close,c,reverse_last,reverse+last_letter,True
c l o s e d,c,closed,c,reverse_last,reverse+last_letter,True
c o c h e,c,coche,c,reverse_last,reverse+last_letter,True
c o f f e e,c,coffee,c,reverse_last,reverse+last_letter,True
c o l d,c,cold,c,reverse_last,reverse+last_letter,True
c o m e,c,come,c,reverse_last,reverse+last_letter,True
c o m i d a,c,comida,c,reverse_last,reverse+last_letter,True
c o m m u n i c a t e,c,communicate,c,reverse_last,reverse+last_letter,True
c o m p e t e,c,compete,c,reverse_last,reverse+last_letter,True
c o m p l e t e,c,complete,c,reverse_last,reverse+last_letter,True
c o m p u t e r,c,computer,c,reverse_last,reverse+last_letter,True
c o n c e n t r a t e,c,concentrate,c,reverse_last,reverse+last_letter,True
c o n t e m p l a t e,c,contemplate,c,reverse_last,reverse+last_letter,True
c o n t i n u e,c,continue,c,reverse_last,reverse+last_letter,True
c o o k,c,cook,c,reverse_last,reverse+last_letter,True
c o o p e r a t e,c,cooperate,c,reverse_last,reverse+last_letter,True
c o o r d i n a t e,c,coordinate,c,reverse_last,reverse+last_letter,True
c o r a z ó n,c,corazón,c,reverse_last,reverse+last_letter,True
c o r p s,c,corps,c,reverse_last,reverse+last_letter,True
c o r t o,c,corto,c,reverse_last,reverse+last_letter,True
c o u n t r y,c,country,c,reverse_last,reverse+last_letter,True
c o u r t,c,court,c,reverse_last,reverse+last_letter,True
c o u s i n,c,cousin,c,reverse_last,reverse+last_letter,True
c r e a t e,c,create,c,reverse_last,reverse+last_letter,True
c r i s i s,c,crisis,c,reverse_last,reverse+last_letter,True
c r i t e r i o n,c,criterion,c,reverse_last,reverse+last_letter,True
c r i t i c i z e,c,criticize,c,reverse_last,reverse+last_letter,True
c r y,c,cry,c,reverse_last,reverse+last_letter,True
c u a t r o,c,cuatro,c,reverse_last,reverse+last_letter,True
c u e r p o,c,cuerpo,c,reverse_last,reverse+last_letter,True
c u l t i v a t e,c,cultivate,c,reverse_last,reverse+last_letter,True
c u p,c,cup,c,reverse_last,reverse+last_letter,True
c u r r i c u l u m,c,curriculum,c,reverse_last,reverse+last_letter,True
c œ u r,c,cœur,c,reverse_last,reverse+last_letter,True
d a n c e,d,dance,d,reverse_last,reverse+last_letter,True
d a n c e r,d,dancer,d,reverse_last,reverse+last_letter,True
d a n s e,d,danse,d,reverse_last,reverse+last_letter,True
d a t u m,d,datum,d,reverse_last,reverse+last_letter,True
d a u g h t e r,d,daughter,d,reverse_last,reverse+last_letter,True
d a y,d,day,d,reverse_last,reverse+last_letter,True
d e c i d e,d,decide,d,reverse_last,reverse+last_letter,True
d e c o r a t e,d,decorate,d,reverse_last,reverse+last_letter,True
d e d a n s,d,dedans,d,reverse_last,reverse+last_letter,True
d e d i c a t e,d,dedicate,d,reverse_last,reverse+last_letter,True
d e e r,d,deer,d,reverse_last,reverse+last_letter,True
d e f e a t,d,defeat,d,reverse_last,reverse+last_letter,True
d e h o r s,d,dehors,d,reverse_last,reverse+last_letter,True
d e l e t e,d,delete,d,reverse_last,reverse+last_letter,True
d e m a i n,d,demain,d,reverse_last,reverse+last_letter,True
d e m o n s t r a t e,d,demonstrate,d,reverse_last,reverse+last_letter,True
d e n t r o,d,dentro,d,reverse_last,reverse+last_letter,True
d e p o r t e,d,deporte,d,reverse_last,reverse+last_letter,True
d e r e c h o,d,derecho,d,reverse_last,reverse+last_letter,True
d e r n i e r,d,dernier,d,reverse_last,reverse+last_letter,True
d e r r i è r e,d,derrière,d,reverse_last,reverse+last_letter,True
d e s i g n a t e,d,designate,d,reverse_last,reverse+last_letter,True
d e t e r m i n e,d,determine,d,reverse_last,reverse+last_letter,True
d e u x,d,deux,d,reverse_last,reverse+last_letter,True
d e v a n t,d,devant,d,reverse_last,reverse+last_letter,True
d e v i a t e,d,deviate,d,reverse_last,reverse+last_letter,True
d i e z,d,diez,d,reverse_last,reverse+last_letter,True
d i f f i c i l e,d,difficile,d,reverse_last,reverse+last_letter,True
d i f f i c u l t,d,difficult,d,reverse_last,reverse+last_letter,True
d i f í c i l,d,difícil,d,reverse_last,reverse+last_letter,True
d i r e c t o r,d,director,d,reverse_last,reverse+last_letter,True
d i r t y,d,dirty,d,reverse_last,reverse+last_letter,True
d i s h,d,dish,d,reverse_last,reverse+last_letter,True
d i x,d,dix,d,reverse_last,reverse+last_letter,True
d o c t o r,d,doctor,d,reverse_last,reverse+last_letter,True
d o g,d,dog,d,reverse_last,reverse+last_letter,True
d o m i n a t e,d,dominate,d,reverse_last,reverse+last_letter,True
d o o r,d,door,d,reverse_last,reverse+last_letter,True
d o s,d,dos,d,reverse_last,reverse+last_letter,True
d o w n,d,down,d,reverse_last,reverse+last_letter,True
d r a w,d,draw,d,reverse_last,reverse+last_letter,True
d r i n k,d,drink,d,reverse_last,reverse+last_letter,True
d r i v e,d,drive,d,reverse_last,reverse+last_letter,True
d r i v e r,d,driver,d,reverse_last,reverse+last_letter,True
d r o i t,d,droit,d,reverse_last,reverse+last_letter,True
d u c h e s s,d,duchess,d,reverse_last,reverse+last_letter,True
d u k e,d,duke,d,reverse_last,reverse+last_letter,True
d w a r f,d,dwarf,d,reverse_last,reverse+last_letter,True
d é b i l,d,débil,d,reverse_last,reverse+last_letter,True
d í a,d,día,d,reverse_last,reverse+last_letter,True
e a r,e,ear,e,reverse_last,reverse+last_letter,True
e a s y,e,easy,e,reverse_last,reverse+last_letter,True
e a t,e,eat,e,reverse_last,reverse+last_letter,True
e a u,e,eau,e,reverse_last,reverse+last_letter,True
e c h o,e,echo,e,reverse_last,reverse+last_letter,True
e d u c a t e,e,educate,e,reverse_last,reverse+last_letter,True
e i g h t,e,eight,e,reverse_last,reverse+last_letter,True
e l f,e,elf,e,reverse_last,reverse+last_letter,True
e l i m i n a t e,e,eliminate,e,reverse_last,reverse+last_letter,True
e m p e r o r,e,emperor,e,reverse_last,reverse+last_letter,True
e m p r e s s,e,empress,e,reverse_last,reverse+last_letter,True
e m p t y,e,empty,e,reverse_last,reverse+last_letter,True
e n d,e,end,e,reverse_last,reverse+last_letter,True
e n f a n t,e,enfant,e,reverse_last,reverse+last_letter,True
e n f e r m e r a,e,enfermera,e,reverse_last,reverse+last_letter,True
e n g i n e e r,e,engineer,e,reverse_last,reverse+last_letter,True
e s c a l a t e,e,escalate,e,reverse_last,reverse+last_letter,True
e s c u e l a,e,escuela,e,reverse_last,reverse+last_letter,True
e s p o s a,e,esposa,e,reverse_last,reverse+last_letter,True
e s p o s o,e,esposo,e,reverse_last,reverse+last_letter,True
e s t r e c h o,e,estrecho,e,reverse_last,reverse+last_letter,True
e s t r e l l a,e,estrella,e,reverse_last,reverse+last_letter,True
e s t u d i a n t e,e,estudiante,e,reverse_last,reverse+last_letter,True
e v a l u a t e,e,evaluate,e,reverse_last,reverse+last_letter,True
e v a p o r a t e,e,evaporate,e,reverse_last,reverse+last_letter,True
e x a g g e r a t e,e,exaggerate,e,reverse_last,reverse+last_letter,True
e x a m i n e,e,examine,e,reverse_last,reverse+last_letter,True
e x c i t e,e,excite,e,reverse_last,reverse+last_letter,True
e x e r c i s e,e,exercise,e,reverse_last,reverse+last_letter,True
e x p l o r e,e,explore,e,reverse_last,reverse+last_letter,True
e y e,e,eye,e,reverse_last,reverse+last_letter,True
f a c i l e,f,facile,f,reverse_last,reverse+last_letter,True
f a i b l e,f,faible,f,reverse_last,reverse+last_letter,True
f a m i l i a,f,familia,f,reverse_last,reverse+last_letter,True
f a m i l l e,f,famille,f,reverse_last,reverse+last_letter,True
f a m i l y,f,family,f,reverse_last,reverse+last_letter,True
f a r,f,far,f,reverse_last,reverse+last_letter,True
f a r m e r,f,farmer,f,reverse_last,reverse+last_letter,True
f a s c i n a t e,f,fascinate,f,reverse_last,reverse+last_letter,True
f a s t,f,fast,f,reverse_last,reverse+last_letter,True
f a t h e r,f,father,f,reverse_last,reverse+last_letter,True
f e e l,f,feel,f,reverse_last,reverse+last_letter,True
f e l i z,f,feliz,f,reverse_last,reverse+last_letter,True
f e m m e,f,femme,f,reverse_last,reverse+last_letter,True
f e n ê t r e,f,fenêtre,f,reverse_last,reverse+last_letter,True
f e o,f,feo,f,reverse_last,reverse+last_letter,True
f e r m i e r,f,fermier,f,reverse_last,reverse+last_letter,True
f e r m é,f,fermé,f,reverse_last,reverse+last_letter,True
f i l l e,f,fille,f,reverse_last,reverse+last_letter,True
f i l s,f,fils,f,reverse_last,reverse+last_letter,True
f i n g e r,f,finger,f,reverse_last,reverse+last_letter,True
f i n i s h,f,finish,f,reverse_last,reverse+last_letter,True
f i r s t,f,first,f,reverse_last,reverse+last_letter,True
f i s h,f,fish,f,reverse_last,reverse+last_letter,True
f i v e,f,five,f,reverse_last,reverse+last_letter,True
f l e u r,f,fleur,f,reverse_last,reverse+last_letter,True
f l o r,f,flor,f,reverse_last,reverse+last_letter,True
f l o w e r,f,flower,f,reverse_last,reverse+last_letter,True
f l y,f,fly,f,reverse_last,reverse+last_letter,True
f o o d,f,food,f,reverse_last,reverse+last_letter,True
f o o t,f,foot,f,reverse_last,reverse+last_letter,True
f o r k,f,fork,f,reverse_last,reverse+last_letter,True
f o r t,f,fort,f,reverse_last,reverse+last_letter,True
f o u r,f,four,f,reverse_last,reverse+last_letter,True
f o x,f,fox,f,reverse_last,reverse+last_letter,True
f r a s e,f,frase,f,reverse_last,reverse+last_letter,True
f r e n t e,f,frente,f,reverse_last,reverse+last_letter,True
f r i e n d,f,friend,f,reverse_last,reverse+last_letter,True
f r o i d,f,froid,f,reverse_last,reverse+last_letter,True
f r o m a g e,f,fromage,f,reverse_last,reverse+last_letter,True
f r o n t,f,front,f,reverse_last,reverse+last_letter,True
f r è r e,f,frère,f,reverse_last,reverse+last_letter,True
f r í o,f,frío,f,reverse_last,reverse+last_letter,True
f u e r a,f,fuera,f,reverse_last,reverse+last_letter,True
f u e r t e,f,fuerte,f,reverse_last,reverse+last_letter,True
f u l l,f,full,f,reverse_last,reverse+last_letter,True
f á c i l,f,fácil,f,reverse_last,reverse+last_letter,True
g a m e,g,game,g,reverse_last,reverse+last_letter,True
g a r ç o n,g,garçon,g,reverse_last,reverse+last_letter,True
g a t o,g,gato,g,reverse_last,reverse+last_letter,True
g a u c h e,g,gauche,g,reverse_last,reverse+last_letter,True
g e n e r a t e,g,generate,g,reverse_last,reverse+last_letter,True
g i r l,g,girl,g,reverse_last,reverse+last_letter,True
g i v e,g,give,g,reverse_last,reverse+last_letter,True
g l a s s,g,glass,g,reverse_last,reverse+last_letter,True
g o o d,g,good,g,reverse_last,reverse+last_letter,True
g o o d b y e,g,goodbye,g,reverse_last,reverse+last_letter,True
g o o s e,g,goose,g,reverse_last,reverse+last_letter,True
g r a c i a s,g,gracias,g,reverse_last,reverse+last_letter,True
g r a n d,g,grand,g,reverse_last,reverse+last_letter,True
g r a n d e,g,grande,g,reverse_last,reverse+last_letter,True
g r a n d f a t h e r,g,grandfather,g,reverse_last,reverse+last_letter,True
g r a n d m o t h e r,g,grandmother,g,reverse_last,reverse+last_letter,True
g r a n j e r o,g,granjero,g,reverse_last,reverse+last_letter,True
g r a y,g,gray,g,reverse_last,reverse+last_letter,True
g r e e n,g,green,g,reverse_last,reverse+last_letter,True
g r e e t,g,greet,g,reverse_last,reverse+last_letter,True
g r i e f,g,grief,g,reverse_last,reverse+last_letter,True
g r i s,g,gris,g,reverse_last,reverse+last_letter,True
g u l f,g,gulf,g,reverse_last,reverse+last_letter,True
g u y,g,guy,g,reverse_last,reverse+last_letter,True
h a l f,h,half,h,reverse_last,reverse+last_letter,True
h a n d,h,hand,h,reverse_last,reverse+last_letter,True
h a p p y,h,happy,h,reverse_last,reverse+last_letter,True
h a t e,h,hate,h,reverse_last,reverse+last_letter,True
h a u t,h,haut,h,reverse_last,reverse+last_letter,True
h e a d,h,head,h,reverse_last,reverse+last_letter,True
h e a r,h,hear,h,reverse_last,reverse+last_letter,True
h e a r t,h,heart,h,reverse_last,reverse+last_letter,True
h e a v y,h,heavy,h,reverse_last,reverse+last_letter,True
h e l l o,h,hello,h,reverse_last,reverse+last_letter,True
h e l p,h,help,h,reverse_last,reverse+last_letter,True
h e r m a n a,h,hermana,h,reverse_last,reverse+last_letter,True
h e r m a n o,h,hermano,h,reverse_last,reverse+last_letter,True
h e r m o s o,h,hermoso,h,reverse_last,reverse+last_letter,True
h e r o,h,hero,h,reverse_last,reverse+last_letter,True
h e r o i n e,h,heroine,h,reverse_last,reverse+last_letter,True
h e s i t a t e,h,hesitate,h,reverse_last,reverse+last_letter,True
h e u r e u x,h,heureux,h,reverse_last,reverse+last_letter,True
h i b e r n a t e,h,hibernate,h,reverse_last,reverse+last_letter,True
h i e r,h,hier,h,reverse_last,reverse+last_letter,True
h i g h,h,high,h,reverse_last,reverse+last_letter,True
h i j a,h,hija,h,reverse_last,reverse+last_letter,True
h i j o,h,hijo,h,reverse_last,reverse+last_letter,True
h i k e,h,hike,h,reverse_last,reverse+last_letter,True
h o l a,h,hola,h,reverse_last,reverse+last_letter,True
h o l d,h,hold,h,reverse_last,reverse+last_letter,True
h o m b r e,h,hombre,h,reverse_last,reverse+last_letter,True
h o m m e,h,homme,h,reverse_last,reverse+last_letter,True
h o o f,h,hoof,h,reverse_last,reverse+last_letter,True
h o p e,h,hope,h,reverse_last,reverse+last_letter,True
h o r s e,h,horse,h,reverse_last,reverse+last_letter,True
h o t,h,hot,h,reverse_last,reverse+last_letter,True
h o u s e,h,house,h,reverse_last,reverse+last_letter,True
h o y,h,hoy,h,reverse_last,reverse+last_letter,True
h u i t,h,huit,h,reverse_last,reverse+last_letter,True
h u n d r e d,h,hundred,h,reverse_last,reverse+last_letter,True
h u n t,h,hunt,h,reverse_last,reverse+last_letter,True
h u s b a n d,h,husband,h,reverse_last,reverse+last_letter,True
i l l u s t r a t e,i,illustrate,i,reverse_last,reverse+last_letter,True
i m a g i n e,i,imagine,i,reverse_last,reverse+last_letter,True
i m i t a t e,i,imitate,i,reverse_last,reverse+last_letter,True
i m p r o v e,i,improve,i,reverse_last,reverse+last_letter,True
i n c o r p o r a t e,i,incorporate,i,reverse_last,reverse+last_letter,True
i n f i r m i è r e,i,infirmière,i,reverse_last,reverse+last_letter,True
i n i t i a t e,i,initiate,i,reverse_last,reverse+last_letter,True
i n n o v a t e,i,innovate,i,reverse_last,reverse+last_letter,True
i n s i d e,i,inside,i,reverse_last,reverse+last_letter,True
i n t e g r a t e,i,integrate,i,reverse_last,reverse+last_letter,True
i n v e s t i g a t e,i,investigate,i,reverse_last,reverse+last_letter,True
i n v i t e,i,invite,i,reverse_last,reverse+last_letter,True
i r r i t a t e,i,irritate,i,reverse_last,reverse+last_letter,True
i s s u e,i,issue,i,reverse_last,reverse+last_letter,True
i z q u i e r d o,i,izquierdo,i,reverse_last,reverse+last_letter,True
j a u n e,j,jaune,j,reverse_last,reverse+last_letter,True
j e u,j,jeu,j,reverse_last,reverse+last_letter,True
j e u n e,j,jeune,j,reverse_last,reverse+last_letter,True
j o u r,j,jour,j,reverse_last,reverse+last_letter,True
j o v e n,j,joven,j,reverse_last,reverse+last_letter,True
j u e g o,j,juego,j,reverse_last,reverse+last_letter,True
j u m p,j,jump,j,reverse_last,reverse+last_letter,True
k e y,k,key,k,reverse_last,reverse+last_letter,True
k i d n e y,k,kidney,k,reverse_last,reverse+last_letter,True
k i n g,k,king,k,reverse_last,reverse+last_letter,True
k i s s,k,kiss,k,reverse_last,reverse+last_letter,True
k n e e l,k,kneel,k,reverse_last,reverse+last_letter,True
k n i f e,k,knife,k,reverse_last,reverse+last_letter,True
k n i g h t,k,knight,k,reverse_last,reverse+last_letter,True
l a d y,l,lady,l,reverse_last,reverse+last_letter,True
l a i d,l,laid,l,reverse_last,reverse+last_letter,True
l a i t,l,lait,l,reverse_last,reverse+last_letter,True
l a r g e,l,large,l,reverse_last,reverse+last_letter,True
l a r g o,l,largo,l,reverse_last,reverse+last_letter,True
l a s t,l,last,l,reverse_last,reverse+last_letter,True
l a u g h,l,laugh,l,reverse_last,reverse+last_letter,True
l a w y e r,l,lawyer,l,reverse_last,reverse+last_letter,True
l e a f,l,leaf,l,reverse_last,reverse+last_letter,True
l e a r n,l,learn,l,reverse_last,reverse+last_letter,True
l e a v e,l,leave,l,reverse_last,reverse+last_letter,True
l e c h e,l,leche,l,reverse_last,reverse+last_letter,True
l e f t,l,left,l,reverse_last,reverse+last_letter,True
l e g,l,leg,l,reverse_last,reverse+last_letter,True
l e j o s,l,lejos,l,reverse_last,reverse+last_letter,True
l e n t,l,lent,l,reverse_last,reverse+last_letter,True
l e n t o,l,lento,l,reverse_last,reverse+last_letter,True
l e t t e r,l,letter,l,reverse_last,reverse+last_letter,True
l e t t r e,l,lettre,l,reverse_last,reverse+last_letter,True
l i b r a r y,l,library,l,reverse_last,reverse+last_letter,True
l i b r o,l,libro,l,reverse_last,reverse+last_letter,True
l i e,l,lie,l,reverse_last,reverse+last_letter,True
l i f e,l,life,l,reverse_last,reverse+last_letter,True
l i g e r o,l,ligero,l,reverse_last,reverse+last_letter,True
l i g h t,l,light,l,reverse_last,reverse+last_letter,True
l i m p i o,l,limpio,l,reverse_last,reverse+last_letter,True
l i s t e n,l,listen,l,reverse_last,reverse+last_letter,True
l i v e,l,live,l,reverse_last,reverse+last_letter,True
l i v e r,l,liver,l,reverse_last,reverse+last_letter,True
l i v r e,l,livre,l,reverse_last,reverse+last_letter,True
l l e n o,l,lleno,l,reverse_last,reverse+last_letter,True
l o a f,l,loaf,l,reverse_last,reverse+last_letter,True
l o i n,l,loin,l,reverse_last,reverse+last_letter,True
l o n g,l,long,l,reverse_last,reverse+last_letter,True
l o r d,l,lord,l,reverse_last,reverse+last_letter,True
l o u r d,l,lourd,l,reverse_last,reverse+last_letter,True
l o v e,l,love,l,reverse_last,reverse+last_letter,True
l o w,l,low,l,reverse_last,reverse+last_letter,True
l u n a,l,luna,l,reverse_last,reverse+last_letter,True
l u n e,l,lune,l,reverse_last,reverse+last_letter,True
l u n g,l,lung,l,reverse_last,reverse+last_letter,True
l é g e r,l,léger,l,reverse_last,reverse+last_letter,True
m a d r e,m,madre,m,reverse_last,reverse+last_letter,True
m a i n,m,main,m,reverse_last,reverse+last_letter,True
m a i s o n,m,maison,m,reverse_last,reverse+last_letter,True
m a k e,m,make,m,reverse_last,reverse+last_letter,True
m a l o,m,malo,m,reverse_last,reverse+last_letter,True
m a n,m,man,m,reverse_last,reverse+last_letter,True
m a n a g e,m,manage,m,reverse_last,reverse+last_letter,True
m a n a g e r,m,manager,m,reverse_last,reverse+last_letter,True
m a n o,m,mano,m,reverse_last,reverse+last_letter,True
m a n z a n a,m,manzana,m,reverse_last,reverse+last_letter,True
m a r i,m,mari,m,reverse_last,reverse+last_letter,True
m a r r o n,m,marron,m,reverse_last,reverse+last_letter,True
m a r r ó n,m,marrón,m,reverse_last,reverse+last_letter,True
m a u v a i s,m,mauvais,m,reverse_last,reverse+last_letter,True
m a ñ a n a,m,mañana,m,reverse_last,reverse+last_letter,True
m e d i t a t e,m,meditate,m,reverse_last,reverse+last_letter,True
m e d i u m,m,medium,m,reverse_last,reverse+last_letter,True
m e e t,m,meet,m,reverse_last,reverse+last_letter,True
m e r c i,m,merci,m,reverse_last,reverse+last_letter,True
m e s,m,mes,m,reverse_last,reverse+last_letter,True
m e s a,m,mesa,m,reverse_last,reverse+last_letter,True
m i l,m,mil,m,reverse_last,reverse+last_letter,True
m i l k,m,milk,m,reverse_last,reverse+last_letter,True
m i l l e,m,mille,m,reverse_last,reverse+last_letter,True
m o i s,m,mois,m,reverse_last,reverse+last_letter,True
m o n d e,m,monde,m,reverse_last,reverse+last_letter,True
m o n t h,m,month,m,reverse_last,reverse+last_letter,True
m o o n,m,moon,m,reverse_last,reverse+last_letter,True
m o r a d o,m,morado,m,reverse_last,reverse+last_letter,True
m o s q u i t o,m,mosquito,m,reverse_last,reverse+last_letter,True
m o t,m,mot,m,reverse_last,reverse+last_letter,True
m o t h e r,m,mother,m,reverse_last,reverse+last_letter,True
m o t i v a t e,m,motivate,m,reverse_last,reverse+last_letter,True
m o u s e,m,mouse,m,reverse_last,reverse+last_letter,True
m o u t h,m,mouth,m,reverse_last,reverse+last_letter,True
m o v e,m,move,m,reverse_last,reverse+last_letter,True
m u j e r,m,mujer,m,reverse_last,reverse+last_letter,True
m u n d o,m,mundo,m,reverse_last,reverse+last_letter,True
m u s c l e,m,muscle,m,reverse_last,reverse+last_letter,True
m u s i c,m,music,m,reverse_last,reverse+last_letter,True
m u s i c i a n,m,musician,m,reverse_last,reverse+last_letter,True
m u s i c i e n,m,musicien,m,reverse_last,reverse+last_letter,True
m u s i q u e,m,musique,m,reverse_last,reverse+last_letter,True
m è r e,m,mère,m,reverse_last,reverse+last_letter,True
m é d e c i n,m,médecin,m,reverse_last,reverse+last_letter,True
m é d i c o,m,médico,m,reverse_last,reverse+last_letter,True
m ú s i c a,m,música,m,reverse_last,reverse+last_letter,True
m ú s i c o,m,músico,m,reverse_last,reverse+last_letter,True
n a r a n j a,n,naranja,n,reverse_last,reverse+last_letter,True
n a r i z,n,nariz,n,reverse_last,reverse+last_letter,True
n a r r o w,n,narrow,n,reverse_last,reverse+last_letter,True
n a v i g a t e,n,navigate,n,reverse_last,reverse+last_letter,True
n e a r,n,near,n,reverse_last,reverse+last_letter,True
n e g o t i a t e,n,negotiate,n,reverse_last,reverse+last_letter,True
n e g r o,n,negro,n,reverse_last,reverse+last_letter,True
n e r v e,n,nerve,n,reverse_last,reverse+last_letter,True
n e u f,n,neuf,n,reverse_last,reverse+last_letter,True
n e w,n,new,n,reverse_last,reverse+last_letter,True
n e z,n,nez,n,reverse_last,reverse+last_letter,True
n i g h t,n,night,n,reverse_last,reverse+last_letter,True
n i n e,n,nine,n,reverse_last,reverse+last_letter,True
n i ñ a,n,niña,n,reverse_last,reverse+last_letter,True
n i ñ o,n,niño,n,reverse_last,reverse+last_letter,True
n o,n,no,n,reverse_last,reverse+last_letter,True
n o c h e,n,noche,n,reverse_last,reverse+last_letter,True
n o i r,n,noir,n,reverse_last,reverse+last_letter,True
n o n,n,non,n,reverse_last,reverse+last_letter,True
n o s e,n,nose,n,reverse_last,reverse+last_letter,True
n o t i c e,n,notice,n,reverse_last,reverse+last_letter,True
n o u r r i t u r e,n,nourriture,n,reverse_last,reverse+last_letter,True
n o u v e a u,n,nouveau,n,reverse_last,reverse+last_letter,True
n u e v e,n,nueve,n,reverse_last,reverse+last_letter,True
n u e v o,n,nuevo,n,reverse_last,reverse+last_letter,True
n u i t,n,nuit,n,reverse_last,reverse+last_letter,True
n u r s e,n,nurse,n,reverse_last,reverse+last_letter,True
o a s i s,o,oasis,o,reverse_last,reverse+last_letter,True
o c h o,o,ocho,o,reverse_last,reverse+last_letter,True
o f f i c e r,o,officer,o,reverse_last,reverse+last_letter,True
o i s e a u,o,oiseau,o,reverse_last,reverse+last_letter,True
o j o,o,ojo,o,reverse_last,reverse+last_letter,True
o l d,o,old,o,reverse_last,reverse+last_letter,True
o n c l e,o,oncle,o,reverse_last,reverse+last_letter,True
o n e,o,one,o,reverse_last,reverse+last_letter,True
o p e n,o,open,o,reverse_last,reverse+last_letter,True
o p e r a t e,o,operate,o,reverse_last,reverse+last_letter,True
o r a n g e,o,orange,o,reverse_last,reverse+last_letter,True
o r e i l l e,o,oreille,o,reverse_last,reverse+last_letter,True
o r e j a,o,oreja,o,reverse_last,reverse+last_letter,True
o r g a n i z e,o,organize,o,reverse_last,reverse+last_letter,True
o u i,o,oui,o,reverse_last,reverse+last_letter,True
o u t s i d e,o,outside,o,reverse_last,reverse+last_letter,True
o u v e r t,o,ouvert,o,reverse_last,reverse+last_letter,True
o u v r i e r,o,ouvrier,o,reverse_last,reverse+last_letter,True
o x,o,ox,o,reverse_last,reverse+last_letter,True
p a d r e,p,padre,p,reverse_last,reverse+last_letter,True
p a g e,p,page,p,reverse_last,reverse+last_letter,True
p a i n,p,pain,p,reverse_last,reverse+last_letter,True
p a i n t,p,paint,p,reverse_last,reverse+last_letter,True
p a i n t e r,p,painter,p,reverse_last,reverse+last_letter,True
p a l a b r a,p,palabra,p,reverse_last,reverse+last_letter,True
p a n,p,pan,p,reverse_last,reverse+last_letter,True
p a p e r,p,paper,p,reverse_last,reverse+last_letter,True
p a r e n t h e s i s,p,parenthesis,p,reverse_last,reverse+last_letter,True
p a r t i c i p a t e,p,participate,p,reverse_last,reverse+last_letter,True
p a r t y,p,party,p,reverse_last,reverse+last_letter,True
p a u v r e,p,pauvre,p,reverse_last,reverse+last_letter,True
p a y s,p,pays,p,reverse_last,reverse+last_letter,True
p a í s,p,país,p,reverse_last,reverse+last_letter,True
p e l o t a,p,pelota,p,reverse_last,reverse+last_letter,True
p e n,p,pen,p,reverse_last,reverse+last_letter,True
p e n c i l,p,pencil,p,reverse_last,reverse+last_letter,True
p e n e t r a t e,p,penetrate,p,reverse_last,reverse+last_letter,True
p e p p e r,p,pepper,p,reverse_last,reverse+last_letter,True
p e q u e ñ o,p,pequeño,p,reverse_last,reverse+last_letter,True
p e r r o,p,perro,p,reverse_last,reverse+last_letter,True
p e r s o n,p,person,p,reverse_last,reverse+last_letter,True
p e s a d o,p,pesado,p,reverse_last,reverse+last_letter,True
p e t i t,p,petit,p,reverse_last,reverse+last_letter,True
p e z,p,pez,p,reverse_last,reverse+last_letter,True
p h e n o m e n o n,p,phenomenon,p,reverse_last,reverse+last_letter,True
p h o n e,p,phone,p,reverse_last,reverse+last_letter,True
p h o t o,p,photo,p,reverse_last,reverse+last_letter,True
p h r a s e,p,phrase,p,reverse_last,reverse+last_letter,True
p i a n o,p,piano,p,reverse_last,reverse+last_letter,True
p i e,p,pie,p,reverse_last,reverse+last_letter,True
p i e d,p,pied,p,reverse_last,reverse+last_letter,True
p i l o t,p,pilot,p,reverse_last,reverse+last_letter,True
p i m i e n t a,p,pimienta,p,reverse_last,reverse+last_letter,True
p i n k,p,pink,p,reverse_last,reverse+last_letter,True
p l a t e,p,plate,p,reverse_last,reverse+last_letter,True
p l a y,p,play,p,reverse_last,reverse+last_letter,True
p l a y e r,p,player,p,reverse_last,reverse+last_letter,True
p l e a s e,p,please,p,reverse_last,reverse+last_letter,True
p l e i n,p,plein,p,reverse_last,reverse+last_letter,True
p o b r e,p,pobre,p,reverse_last,reverse+last_letter,True
p o i s s o n,p,poisson,p,reverse_last,reverse+last_letter,True
p o i v r e,p,poivre,p,reverse_last,reverse+last_letter,True
p o l i c e,p,police,p,reverse_last,reverse+last_letter,True
p o l i c í a,p,policía,p,reverse_last,reverse+last_letter,True
p o m m e,p,pomme,p,reverse_last,reverse+last_letter,True
p o o r,p,poor,p,reverse_last,reverse+last_letter,True
p o r t e,p,porte,p,reverse_last,reverse+last_letter,True
p o t a t o,p,potato,p,reverse_last,reverse+last_letter,True
p r a c t i c e,p,practice,p,reverse_last,reverse+last_letter,True
p r e m i e r,p,premier,p,reverse_last,reverse+last_letter,True
p r e s i d e n t,p,president,p,reverse_last,reverse+last_letter,True
p r i m e r o,p,primero,p,reverse_last,reverse+last_letter,True
p r i m o,p,primo,p,reverse_last,reverse+last_letter,True
p r i n c e,p,prince,p,reverse_last,reverse+last_letter,True
p r i n c e s a,p,princesa,p,reverse_last,reverse+last_letter,True
p r i n c e s s,p,princess,p,reverse_last,reverse+last_letter,True
p r i n c e s s e,p,princesse,p,reverse_last,reverse+last_letter,True
p r o f e s o r,p,profesor,p,reverse_last,reverse+last_letter,True
p r o f e s s e u r,p,professeur,p,reverse_last,reverse+last_letter,True
p r o m i s e,p,promise,p,reverse_last,reverse+last_letter,True
p r o o f,p,proof,p,reverse_last,reverse+last_letter,True
p r o p r e,p,propre,p,reverse_last,reverse+last_letter,True
p r è s,p,près,p,reverse_last,reverse+last_letter,True
p r í n c i p e,p,príncipe,p,reverse_last,reverse+last_letter,True
p u e r t a,p,puerta,p,reverse_last,reverse+last_letter,True
p u l l,p,pull,p,reverse_last,reverse+last_letter,True
p u r p l e,p,purple,p,reverse_last,reverse+last_letter,True
p u r s u e,p,pursue,p,reverse_last,reverse+last_letter,True
p u s h,p,push,p,reverse_last,reverse+last_letter,True
p á g i n a,p,página,p,reverse_last,reverse+last_letter,True
p á j a r o,p,pájaro,p,reverse_last,reverse+last_letter,True
p è r e,p,père,p,reverse_last,reverse+last_letter,True
q u a t r e,q,quatre,q,reverse_last,reverse+last_letter,True
q u e e n,q,queen,q,reverse_last,reverse+last_letter,True
q u e s o,q,queso,q,reverse_last,reverse+last_letter,True
r a d i a t e,r,radiate,r,reverse_last,reverse+last_letter,True
r a d i o,r,radio,r,reverse_last,reverse+last_letter,True
r a p i d e,r,rapide,r,reverse_last,reverse+last_letter,True
r a y,r,ray,r,reverse_last,reverse+last_letter,True
r e a d,r,read,r,reverse_last,reverse+last_letter,True
r e a l i z e,r,realize,r,reverse_last,reverse+last_letter,True
r e c e i v e,r,receive,r,reverse_last,reverse+last_letter,True
r e c o g n i z e,r,recognize,r,reverse_last,reverse+last_letter,True
r e d,r,red,r,reverse_last,reverse+last_letter,True
r e e f,r,reef,r,reverse_last,reverse+last_letter,True
r e i n a,r,reina,r,reverse_last,reverse+last_letter,True
r e i n e,r,reine,r,reverse_last,reverse+last_letter,True
r e l a t e,r,relate,r,reverse_last,reverse+last_letter,True
r e l a x,r,relax,r,reverse_last,reverse+last_letter,True
r e p e a t,r,repeat,r,reverse_last,reverse+last_letter,True
r e s c u e,r,rescue,r,reverse_last,reverse+last_letter,True
r e s t,r,rest,r,reverse_last,reverse+last_letter,True
r e y,r,rey,r,reverse_last,reverse+last_letter,True
r i c h,r,rich,r,reverse_last,reverse+last_letter,True
r i c h e,r,riche,r,reverse_last,reverse+last_letter,True
r i c o,r,rico,r,reverse_last,reverse+last_letter,True
r i g h t,r,right,r,reverse_last,reverse+last_letter,True
r o i,r,roi,r,reverse_last,reverse+last_letter,True
r o j o,r,rojo,r,reverse_last,reverse+last_letter,True
r o o f,r,roof,r,reverse_last,reverse+last_letter,True
r o s a,r,rosa,r,reverse_last,reverse+last_letter,True
r o s e,r,rose,r,reverse_last,reverse+last_letter,True
r o t a t e,r,rotate,r,reverse_last,reverse+last_letter,True
r o u g e,r,rouge,r,reverse_last,reverse+last_letter,True
r u e,r,rue,r,reverse_last,reverse+last_letter,True
r u n,r,run,r,reverse_last,reverse+last_letter,True
r u n n e r,r,runner,r,reverse_last,reverse+last_letter,True
r á p i d o,r,rápido,r,reverse_last,reverse+last_letter,True
s a d,s,sad,s,reverse_last,reverse+last_letter,True
s a f e,s,safe,s,reverse_last,reverse+last_letter,True
s a i l,s,sail,s,reverse_last,reverse+last_letter,True
s a i l o r,s,sailor,s,reverse_last,reverse+last_letter,True
s a l,s,sal,s,reverse_last,reverse+last_letter,True
s a l e,s,sale,s,reverse_last,reverse+last_letter,True
s a l t,s,salt,s,reverse_last,reverse+last_letter,True
s c a r f,s,scarf,s,reverse_last,reverse+last_letter,True
s c h o o l,s,school,s,reverse_last,reverse+last_letter,True
s c i e n t i s t,s,scientist,s,reverse_last,reverse+last_letter,True
s e e,s,see,s,reverse_last,reverse+last_letter,True
s e i s,s,seis,s,reverse_last,reverse+last_letter,True
s e l,s,sel,s,reverse_last,reverse+last_letter,True
s e l f,s,self,s,reverse_last,reverse+last_letter,True
s e m a i n e,s,semaine,s,reverse_last,reverse+last_letter,True
s e m a n a,s,semana,s,reverse_last,reverse+last_letter,True
s e n t e n c e,s,sentence,s,reverse_last,reverse+last_letter,True
s e p a r a t e,s,separate,s,reverse_last,reverse+last_letter,True
s e p t,s,sept,s,reverse_last,reverse+last_letter,True
s e v e n,s,seven,s,reverse_last,reverse+last_letter,True
s h a r e,s,share,s,reverse_last,reverse+last_letter,True
s h e e p,s,sheep,s,reverse_last,reverse+last_letter,True
s h e l f,s,shelf,s,reverse_last,reverse+last_letter,True
s h o r t,s,short,s,reverse_last,reverse+last_letter,True
s h o u t,s,shout,s,reverse_last,reverse+last_letter,True
s i e t e,s,siete,s,reverse_last,reverse+last_letter,True
s i l l a,s,silla,s,reverse_last,reverse+last_letter,True
s i n g,s,sing,s,reverse_last,reverse+last_letter,True
s i n g e r,s,singer,s,reverse_last,reverse+last_letter,True
s i s t e r,s,sister,s,reverse_last,reverse+last_letter,True
s i t,s,sit,s,reverse_last,reverse+last_letter,True
s i x,s,six,s,reverse_last,reverse+last_letter,True
s k a t e,s,skate,s,reverse_last,reverse+last_letter,True
s k i,s,ski,s,reverse_last,reverse+last_letter,True
s l e e p,s,sleep,s,reverse_last,reverse+last_letter,True
s l o w,s,slow,s,reverse_last,reverse+last_letter,True
s m a l l,s,small,s,reverse_last,reverse+last_letter,True
s m e l l,s,smell,s,reverse_last,reverse+last_letter,True
s m i l e,s,smile,s,reverse_last,reverse+last_letter,True
s o l,s,sol,s,reverse_last,reverse+last_letter,True
s o l d a d o,s,soldado,s,reverse_last,reverse+last_letter,True
s o l d a t,s,soldat,s,reverse_last,reverse+last_letter,True
s o l d i e r,s,soldier,s,reverse_last,reverse+last_letter,True
s o l e i l,s,soleil,s,reverse_last,reverse+last_letter,True
s o n,s,son,s,reverse_last,reverse+last_letter,True
s o n g,s,song,s,reverse_last,reverse+last_letter,True
s p o o n,s,spoon,s,reverse_last,reverse+last_letter,True
s p o r t,s,sport,s,reverse_last,reverse+last_letter,True
s t a n d,s,stand,s,reverse_last,reverse+last_letter,True
s t a r,s,star,s,reverse_last,reverse+last_letter,True
s t a r t,s,start,s,reverse_last,reverse+last_letter,True
s t i m u l a t e,s,stimulate,s,reverse_last,reverse+last_letter,True
s t o m a c h,s,stomach,s,reverse_last,reverse+last_letter,True
s t o p,s,stop,s,reverse_last,reverse+last_letter,True
s t o r y,s,story,s,reverse_last,reverse+last_letter,True
s t r e e t,s,street,s,reverse_last,reverse+last_letter,True
s t r e t c h,s,stretch,s,reverse_last,reverse+last_letter,True
s t r o n g,s,strong,s,reverse_last,reverse+last_letter,True
s t u d e n t,s,student,s,reverse_last,reverse+last_letter,True
s t u d i o,s,studio,s,reverse_last,reverse+last_letter,True
s t u d y,s,study,s,reverse_last,reverse+last_letter,True
s u c i o,s,sucio,s,reverse_last,reverse+last_letter,True
s u c r e,s,sucre,s,reverse_last,reverse+last_letter,True
s u g a r,s,sugar,s,reverse_last,reverse+last_letter,True
s u n,s,sun,s,reverse_last,reverse+last_letter,True
s u r p r i s e,s,surprise,s,reverse_last,reverse+last_letter,True
s w i m,s,swim,s,reverse_last,reverse+last_letter,True
s w i m m e r,s,swimmer,s,reverse_last,reverse+last_letter,True
s í,s,sí,s,reverse_last,reverse+last_letter,True
s œ u r,s,sœur,s,reverse_last,reverse+last_letter,True
t a b l e,t,table,t,reverse_last,reverse+last_letter,True
t a i l o r,t,tailor,t,reverse_last,reverse+last_letter,True
t a k e,t,take,t,reverse_last,reverse+last_letter,True
t a l k,t,talk,t,reverse_last,reverse+last_letter,True
t a n t e,t,tante,t,reverse_last,reverse+last_letter,True
t a s t e,t,taste,t,reverse_last,reverse+last_letter,True
t e a,t,tea,t,reverse_last,reverse+last_letter,True
t e a c h,t,teach,t,reverse_last,reverse+last_letter,True
t e a c h e r,t,teacher,t,reverse_last,reverse+last_letter,True
t e m p s,t,temps,t,reverse_last,reverse+last_letter,True
t e n,t,ten,t,reverse_last,reverse+last_letter,True
t e r m i n a t e,t,terminate,t,reverse_last,reverse+last_letter,True
t h e s i s,t,thesis,t,reverse_last,reverse+last_letter,True
t h i e f,t,thief,t,reverse_last,reverse+last_letter,True
t h i n k,t,think,t,reverse_last,reverse+last_letter,True
t h o u s a n d,t,thousand,t,reverse_last,reverse+last_letter,True
t h r e e,t,three,t,reverse_last,reverse+last_letter,True
t h r o w,t,throw,t,reverse_last,reverse+last_letter,True
t h é,t,thé,t,reverse_last,reverse+last_letter,True
t i e m p o,t,tiempo,t,reverse_last,reverse+last_letter,True
t i m e,t,time,t,reverse_last,reverse+last_letter,True
t o d a y,t,today,t,reverse_last,reverse+last_letter,True
t o e,t,toe,t,reverse_last,reverse+last_letter,True
t o l e r a t e,t,tolerate,t,reverse_last,reverse+last_letter,True
t o m a t o,t,tomato,t,reverse_last,reverse+last_letter,True
t o m o r r o w,t,tomorrow,t,reverse_last,reverse+last_letter,True
t o o t h,t,tooth,t,reverse_last,reverse+last_letter,True
t o u c h,t,touch,t,reverse_last,reverse+last_letter,True
t o y,t,toy,t,reverse_last,reverse+last_letter,True
t r a b a j a d o r,t,trabajador,t,reverse_last,reverse+last_letter,True
t r a n s l a t e,t,translate,t,reverse_last,reverse+last_letter,True
t r a v e l,t,travel,t,reverse_last,reverse+last_letter,True
t r e a t,t,treat,t,reverse_last,reverse+last_letter,True
t r e e,t,tree,t,reverse_last,reverse+last_letter,True
t r e s,t,tres,t,reverse_last,reverse+last_letter,True
t r i s t e,t,triste,t,reverse_last,reverse+last_letter,True
t r o i s,t,trois,t,reverse_last,reverse+last_letter,True
t w o,t,two,t,reverse_last,reverse+last_letter,True
t é,t,té,t,reverse_last,reverse+last_letter,True
t ê t e,t,tête,t,reverse_last,reverse+last_letter,True
t í a,t,tía,t,reverse_last,reverse+last_letter,True
t í o,t,tío,t,reverse_last,reverse+last_letter,True
u g l y,u,ugly,u,reverse_last,reverse+last_letter,True
u n,u,un,u,reverse_last,reverse+last_letter,True
u n c l e,u,uncle,u,reverse_last,reverse+last_letter,True
u n i t e,u,unite,u,reverse_last,reverse+last_letter,True
u n o,u,uno,u,reverse_last,reverse+last_letter,True
u p,u,up,u,reverse_last,reverse+last_letter,True
v a c í o,v,vacío,v,reverse_last,reverse+last_letter,True
v a l i d a t e,v,validate,v,reverse_last,reverse+last_letter,True
v a l u e,v,value,v,reverse_last,reverse+last_letter,True
v e i n,v,vein,v,reverse_last,reverse+last_letter,True
v e n t a n a,v,ventana,v,reverse_last,reverse+last_letter,True
v e r d e,v,verde,v,reverse_last,reverse+last_letter,True
v e r t,v,vert,v,reverse_last,reverse+last_letter,True
v i b r a t e,v,vibrate,v,reverse_last,reverse+last_letter,True
v i d e,v,vide,v,reverse_last,reverse+last_letter,True
v i d e o,v,video,v,reverse_last,reverse+last_letter,True
v i e j o,v,viejo,v,reverse_last,reverse+last_letter,True
v i e u x,v,vieux,v,reverse_last,reverse+last_letter,True
v i l l a i n,v,villain,v,reverse_last,reverse+last_letter,True
v i l l e,v,ville,v,reverse_last,reverse+last_letter,True
v i n,v,vin,v,reverse_last,reverse+last_letter,True
v i n o,v,vino,v,reverse_last,reverse+last_letter,True
v i o l e t,v,violet,v,reverse_last,reverse+last_letter,True
v o i t u r e,v,voiture,v,reverse_last,reverse+last_letter,True
v o l c a n o,v,volcano,v,reverse_last,reverse+last_letter,True
w a i t,w,wait,w,reverse_last,reverse+last_letter,True
w a l k,w,walk,w,reverse_last,reverse+last_letter,True
w a s h,w,wash,w,reverse_last,reverse+last_letter,True
w a t c h,w,watch,w,reverse_last,reverse+last_letter,True
w a t e r,w,water,w,reverse_last,reverse+last_letter,True
w a y,w,way,w,reverse_last,reverse+last_letter,True
w e a k,w,weak,w,reverse_last,reverse+last_letter,True
w e e k,w,week,w,reverse_last,reverse+last_letter,True
w h a r f,w,wharf,w,reverse_last,reverse+last_letter,True
w h i s p e r,w,whisper,w,reverse_last,reverse+last_letter,True
w h i t e,w,white,w,reverse_last,reverse+last_letter,True
w i d e,w,wide,w,reverse_last,reverse+last_letter,True
w i f e,w,wife,w,reverse_last,reverse+last_letter,True
w i n d o w,w,window,w,reverse_last,reverse+last_letter,True
w i n e,w,wine,w,reverse_last,reverse+last_letter,True
w o l f,w,wolf,w,reverse_last,reverse+last_letter,True
w o m a n,w,woman,w,reverse_last,reverse+last_letter,True
w o r d,w,word,w,reverse_last,reverse+last_letter,True
w o r k,w,work,w,reverse_last,reverse+last_letter,True
w o r k e r,w,worker,w,reverse_last,reverse+last_letter,True
w o r l d,w,world,w,reverse_last,reverse+last_letter,True
w r i t e,w,write,w,reverse_last,reverse+last_letter,True
w r i t e r,w,writer,w,reverse_last,reverse+last_letter,True
y e a r,y,year,y,reverse_last,reverse+last_letter,True
y e l l o w,y,yellow,y,reverse_last,reverse+last_letter,True
y e s,y,yes,y,reverse_last,reverse+last_letter,True
y e s t e r d a y,y,yesterday,y,reverse_last,reverse+last_letter,True
y o u n g,y,young,y,reverse_last,reverse+last_letter,True
á r b o l,á,árbol,á,reverse_last,reverse+last_letter,True
é c o l e,é,école,é,reverse_last,reverse+last_letter,True
é t o i l e,é,étoile,é,reverse_last,reverse+last_letter,True
é t r o i t,é,étroit,é,reverse_last,reverse+last_letter,True
é t u d i a n t,é,étudiant,é,reverse_last,reverse+last_letter,True
ú l t i m o,ú,último,ú,reverse_last,reverse+last_letter,True
œ i l,œ,œil,œ,reverse_last,reverse+last_letter,True
h e l l o,B O N J O U R,hello,BONJOUR,translate_eng_fr_upper,translate_eng_fr+uppercase,True
g o o d b y e,A U   R E V O I R,goodbye,AU REVOIR,translate_eng_fr_upper,translate_eng_fr+uppercase,True
t h a n k   y o u,M E R C I,thank you,MERCI,translate_eng_fr_upper,translate_eng_fr+uppercase,True
p l e a s e,S ' I L   V O U S   P L A Î T,please,S'IL VOUS PLAÎT,translate_eng_fr_upper,translate_eng_fr+uppercase,True
y e s,O U I,yes,OUI,translate_eng_fr_upper,translate_eng_fr+uppercase,True
n o,N O N,no,NON,translate_eng_fr_upper,translate_eng_fr+uppercase,True
w a t e r,E A U,water,EAU,translate_eng_fr_upper,translate_eng_fr+uppercase,True
h o u s e,M A I S O N,house,MAISON,translate_eng_fr_upper,translate_eng_fr+uppercase,True
c a t,C H A T,cat,CHAT,translate_eng_fr_upper,translate_eng_fr+uppercase,True
d o g,C H I E N,dog,CHIEN,translate_eng_fr_upper,translate_eng_fr+uppercase,True
g o o d   m o r n i n g,B O N J O U R,good morning,BONJOUR,translate_eng_fr_upper,translate_eng_fr+uppercase,True
g o o d   e v e n i n g,B O N S O I R,good evening,BONSOIR,translate_eng_fr_upper,translate_eng_fr+uppercase,True
g o o d   n i g h t,B O N N E   N U I T,good night,BONNE NUIT,translate_eng_fr_upper,translate_eng_fr+uppercase,True
h o w   a r e   y o u,C O M M E N T   A L L E Z - V O U S,how are you,COMMENT ALLEZ-VOUS,translate_eng_fr_upper,translate_eng_fr+uppercase,True
I   l o v e   y o u,J E   T ' A I M E,I love you,JE T'AIME,translate_eng_fr_upper,translate_eng_fr+uppercase,True
f r i e n d,A M I,friend,AMI,translate_eng_fr_upper,translate_eng_fr+uppercase,True
f a m i l y,F A M I L L E,family,FAMILLE,translate_eng_fr_upper,translate_eng_fr+uppercase,True
f o o d,N O U R R I T U R E,food,NOURRITURE,translate_eng_fr_upper,translate_eng_fr+uppercase,True
b o o k,L I V R E,book,LIVRE,translate_eng_fr_upper,translate_eng_fr+uppercase,True
c a r,V O I T U R E,car,VOITURE,translate_eng_fr_upper,translate_eng_fr+uppercase,True
t r e e,A R B R E,tree,ARBRE,translate_eng_fr_upper,translate_eng_fr+uppercase,True
f l o w e r,F L E U R,flower,FLEUR,translate_eng_fr_upper,translate_eng_fr+uppercase,True
s u n,S O L E I L,sun,SOLEIL,translate_eng_fr_upper,translate_eng_fr+uppercase,True
m o o n,L U N E,moon,LUNE,translate_eng_fr_upper,translate_eng_fr+uppercase,True
s t a r,É T O I L E,star,ÉTOILE,translate_eng_fr_upper,translate_eng_fr+uppercase,True
b r e a d,P A I N,bread,PAIN,translate_eng_fr_upper,translate_eng_fr+uppercase,True
c h e e s e,F R O M A G E,cheese,FROMAGE,translate_eng_fr_upper,translate_eng_fr+uppercase,True
w i n e,V I N,wine,VIN,translate_eng_fr_upper,translate_eng_fr+uppercase,True
c o f f e e,C A F É,coffee,CAFÉ,translate_eng_fr_upper,translate_eng_fr+uppercase,True
t e a,T H É,tea,THÉ,translate_eng_fr_upper,translate_eng_fr+uppercase,True
m i l k,L A I T,milk,LAIT,translate_eng_fr_upper,translate_eng_fr+uppercase,True
s u g a r,S U C R E,sugar,SUCRE,translate_eng_fr_upper,translate_eng_fr+uppercase,True
s a l t,S E L,salt,SEL,translate_eng_fr_upper,translate_eng_fr+uppercase,True
p e p p e r,P O I V R E,pepper,POIVRE,translate_eng_fr_upper,translate_eng_fr+uppercase,True
t a b l e,T A B L E,table,TABLE,translate_eng_fr_upper,translate_eng_fr+uppercase,True
c h a i r,C H A I S E,chair,CHAISE,translate_eng_fr_upper,translate_eng_fr+uppercase,True
d o o r,P O R T E,door,PORTE,translate_eng_fr_upper,translate_eng_fr+uppercase,True
w i n d o w,F E N Ê T R E,window,FENÊTRE,translate_eng_fr_upper,translate_eng_fr+uppercase,True
s t r e e t,R U E,street,RUE,translate_eng_fr_upper,translate_eng_fr+uppercase,True
c i t y,V I L L E,city,VILLE,translate_eng_fr_upper,translate_eng_fr+uppercase,True
c o u n t r y,P A Y S,country,PAYS,translate_eng_fr_upper,translate_eng_fr+uppercase,True
w o r l d,M O N D E,world,MONDE,translate_eng_fr_upper,translate_eng_fr+uppercase,True
t i m e,T E M P S,time,TEMPS,translate_eng_fr_upper,translate_eng_fr+uppercase,True
d a y,J O U R,day,JOUR,translate_eng_fr_upper,translate_eng_fr+uppercase,True
n i g h t,N U I T,night,NUIT,translate_eng_fr_upper,translate_eng_fr+uppercase,True
w e e k,S E M A I N E,week,SEMAINE,translate_eng_fr_upper,translate_eng_fr+uppercase,True
m o n t h,M O I S,month,MOIS,translate_eng_fr_upper,translate_eng_fr+uppercase,True
y e a r,A N,year,AN,translate_eng_fr_upper,translate_eng_fr+uppercase,True
t o d a y,A U J O U R D ' H U I,today,AUJOURD'HUI,translate_eng_fr_upper,translate_eng_fr+uppercase,True
t o m o r r o w,D E M A I N,tomorrow,DEMAIN,translate_eng_fr_upper,translate_eng_fr+uppercase,True
y e s t e r d a y,H I E R,yesterday,HIER,translate_eng_fr_upper,translate_eng_fr+uppercase,True
s c h o o l,É C O L E,school,ÉCOLE,translate_eng_fr_upper,translate_eng_fr+uppercase,True
s t u d e n t,É T U D I A N T,student,ÉTUDIANT,translate_eng_fr_upper,translate_eng_fr+uppercase,True
t e a c h e r,P R O F E S S E U R,teacher,PROFESSEUR,translate_eng_fr_upper,translate_eng_fr+uppercase,True
h o r s e,C H E V A L,horse,CHEVAL,translate_eng_fr_upper,translate_eng_fr+uppercase,True
l e t t e r,L E T T R E,letter,LETTRE,translate_eng_fr_upper,translate_eng_fr+uppercase,True
w o r d,M O T,word,MOT,translate_eng_fr_upper,translate_eng_fr+uppercase,True
s e n t e n c e,P H R A S E,sentence,PHRASE,translate_eng_fr_upper,translate_eng_fr+uppercase,True
p a g e,P A G E,page,PAGE,translate_eng_fr_upper,translate_eng_fr+uppercase,True
m u s i c,M U S I Q U E,music,MUSIQUE,translate_eng_fr_upper,translate_eng_fr+uppercase,True
s o n g,C H A N S O N,song,CHANSON,translate_eng_fr_upper,translate_eng_fr+uppercase,True
g a m e,J E U,game,JEU,translate_eng_fr_upper,translate_eng_fr+uppercase,True
s p o r t,S P O R T,sport,SPORT,translate_eng_fr_upper,translate_eng_fr+uppercase,True
b a l l,B A L L E,ball,BALLE,translate_eng_fr_upper,translate_eng_fr+uppercase,True
h a n d,M A I N,hand,MAIN,translate_eng_fr_upper,translate_eng_fr+uppercase,True
h e a d,T Ê T E,head,TÊTE,translate_eng_fr_upper,translate_eng_fr+uppercase,True
e y e,Œ I L,eye,ŒIL,translate_eng_fr_upper,translate_eng_fr+uppercase,True
e a r,O R E I L L E,ear,OREILLE,translate_eng_fr_upper,translate_eng_fr+uppercase,True
n o s e,N E Z,nose,NEZ,translate_eng_fr_upper,translate_eng_fr+uppercase,True
m o u t h,B O U C H E,mouth,BOUCHE,translate_eng_fr_upper,translate_eng_fr+uppercase,True
h e a r t,C Œ U R,heart,CŒUR,translate_eng_fr_upper,translate_eng_fr+uppercase,True
b r a i n,C E R V E A U,brain,CERVEAU,translate_eng_fr_upper,translate_eng_fr+uppercase,True
b o d y,C O R P S,body,CORPS,translate_eng_fr_upper,translate_eng_fr+uppercase,True
r e d,R O U G E,red,ROUGE,translate_eng_fr_upper,translate_eng_fr+uppercase,True
b l u e,B L E U,blue,BLEU,translate_eng_fr_upper,translate_eng_fr+uppercase,True
g r e e n,V E R T,green,VERT,translate_eng_fr_upper,translate_eng_fr+uppercase,True
y e l l o w,J A U N E,yellow,JAUNE,translate_eng_fr_upper,translate_eng_fr+uppercase,True
b l a c k,N O I R,black,NOIR,translate_eng_fr_upper,translate_eng_fr+uppercase,True
w h i t e,B L A N C,white,BLANC,translate_eng_fr_upper,translate_eng_fr+uppercase,True
p u r p l e,V I O L E T,purple,VIOLET,translate_eng_fr_upper,translate_eng_fr+uppercase,True
p i n k,R O S E,pink,ROSE,translate_eng_fr_upper,translate_eng_fr+uppercase,True
g r a y,G R I S,gray,GRIS,translate_eng_fr_upper,translate_eng_fr+uppercase,True
b r o w n,M A R R O N,brown,MARRON,translate_eng_fr_upper,translate_eng_fr+uppercase,True
b i g,G R A N D,big,GRAND,translate_eng_fr_upper,translate_eng_fr+uppercase,True
s m a l l,P E T I T,small,PETIT,translate_eng_fr_upper,translate_eng_fr+uppercase,True
h o t,C H A U D,hot,CHAUD,translate_eng_fr_upper,translate_eng_fr+uppercase,True
c o l d,F R O I D,cold,FROID,translate_eng_fr_upper,translate_eng_fr+uppercase,True
n e w,N O U V E A U,new,NOUVEAU,translate_eng_fr_upper,translate_eng_fr+uppercase,True
o l d,V I E U X,old,VIEUX,translate_eng_fr_upper,translate_eng_fr+uppercase,True
g o o d,B O N,good,BON,translate_eng_fr_upper,translate_eng_fr+uppercase,True
b a d,M A U V A I S,bad,MAUVAIS,translate_eng_fr_upper,translate_eng_fr+uppercase,True
h a p p y,H E U R E U X,happy,HEUREUX,translate_eng_fr_upper,translate_eng_fr+uppercase,True
s a d,T R I S T E,sad,TRISTE,translate_eng_fr_upper,translate_eng_fr+uppercase,True
f a s t,R A P I D E,fast,RAPIDE,translate_eng_fr_upper,translate_eng_fr+uppercase,True
s l o w,L E N T,slow,LENT,translate_eng_fr_upper,translate_eng_fr+uppercase,True
s t r o n g,F O R T,strong,FORT,translate_eng_fr_upper,translate_eng_fr+uppercase,True
w e a k,F A I B L E,weak,FAIBLE,translate_eng_fr_upper,translate_eng_fr+uppercase,True
b e a u t i f u l,B E A U,beautiful,BEAU,translate_eng_fr_upper,translate_eng_fr+uppercase,True
u g l y,L A I D,ugly,LAID,translate_eng_fr_upper,translate_eng_fr+uppercase,True
y o u n g,J E U N E,young,JEUNE,translate_eng_fr_upper,translate_eng_fr+uppercase,True
r i c h,R I C H E,rich,RICHE,translate_eng_fr_upper,translate_eng_fr+uppercase,True
p o o r,P A U V R E,poor,PAUVRE,translate_eng_fr_upper,translate_eng_fr+uppercase,True
c l e a n,P R O P R E,clean,PROPRE,translate_eng_fr_upper,translate_eng_fr+uppercase,True
d i r t y,S A L E,dirty,SALE,translate_eng_fr_upper,translate_eng_fr+uppercase,True
e a s y,F A C I L E,easy,FACILE,translate_eng_fr_upper,translate_eng_fr+uppercase,True
d i f f i c u l t,D I F F I C I L E,difficult,DIFFICILE,translate_eng_fr_upper,translate_eng_fr+uppercase,True
l o n g,L O N G,long,LONG,translate_eng_fr_upper,translate_eng_fr+uppercase,True
s h o r t,C O U R T,short,COURT,translate_eng_fr_upper,translate_eng_fr+uppercase,True
h i g h,H A U T,high,HAUT,translate_eng_fr_upper,translate_eng_fr+uppercase,True
l o w,B A S,low,BAS,translate_eng_fr_upper,translate_eng_fr+uppercase,True
w i d e,L A R G E,wide,LARGE,translate_eng_fr_upper,translate_eng_fr+uppercase,True
n a r r o w,É T R O I T,narrow,ÉTROIT,translate_eng_fr_upper,translate_eng_fr+uppercase,True
h e a v y,L O U R D,heavy,LOURD,translate_eng_fr_upper,translate_eng_fr+uppercase,True
l i g h t,L É G E R,light,LÉGER,translate_eng_fr_upper,translate_eng_fr+uppercase,True
f u l l,P L E I N,full,PLEIN,translate_eng_fr_upper,translate_eng_fr+uppercase,True
e m p t y,V I D E,empty,VIDE,translate_eng_fr_upper,translate_eng_fr+uppercase,True
r i g h t,D R O I T,right,DROIT,translate_eng_fr_upper,translate_eng_fr+uppercase,True
l e f t,G A U C H E,left,GAUCHE,translate_eng_fr_upper,translate_eng_fr+uppercase,True
u p,H A U T,up,HAUT,translate_eng_fr_upper,translate_eng_fr+uppercase,True
d o w n,B A S,down,BAS,translate_eng_fr_upper,translate_eng_fr+uppercase,True
i n s i d e,D E D A N S,inside,DEDANS,translate_eng_fr_upper,translate_eng_fr+uppercase,True
o u t s i d e,D E H O R S,outside,DEHORS,translate_eng_fr_upper,translate_eng_fr+uppercase,True
f r o n t,D E V A N T,front,DEVANT,translate_eng_fr_upper,translate_eng_fr+uppercase,True
b a c k,D E R R I È R E,back,DERRIÈRE,translate_eng_fr_upper,translate_eng_fr+uppercase,True
n e a r,P R È S,near,PRÈS,translate_eng_fr_upper,translate_eng_fr+uppercase,True
f a r,L O I N,far,LOIN,translate_eng_fr_upper,translate_eng_fr+uppercase,True
f i r s t,P R E M I E R,first,PREMIER,translate_eng_fr_upper,translate_eng_fr+uppercase,True
l a s t,D E R N I E R,last,DERNIER,translate_eng_fr_upper,translate_eng_fr+uppercase,True
o p e n,O U V E R T,open,OUVERT,translate_eng_fr_upper,translate_eng_fr+uppercase,True
c l o s e d,F E R M É,closed,FERMÉ,translate_eng_fr_upper,translate_eng_fr+uppercase,True
o n e,U N,one,UN,translate_eng_fr_upper,translate_eng_fr+uppercase,True
t w o,D E U X,two,DEUX,translate_eng_fr_upper,translate_eng_fr+uppercase,True
t h r e e,T R O I S,three,TROIS,translate_eng_fr_upper,translate_eng_fr+uppercase,True
f o u r,Q U A T R E,four,QUATRE,translate_eng_fr_upper,translate_eng_fr+uppercase,True
f i v e,C I N Q,five,CINQ,translate_eng_fr_upper,translate_eng_fr+uppercase,True
s i x,S I X,six,SIX,translate_eng_fr_upper,translate_eng_fr+uppercase,True
s e v e n,S E P T,seven,SEPT,translate_eng_fr_upper,translate_eng_fr+uppercase,True
e i g h t,H U I T,eight,HUIT,translate_eng_fr_upper,translate_eng_fr+uppercase,True
n i n e,N E U F,nine,NEUF,translate_eng_fr_upper,translate_eng_fr+uppercase,True
t e n,D I X,ten,DIX,translate_eng_fr_upper,translate_eng_fr+uppercase,True
h u n d r e d,C E N T,hundred,CENT,translate_eng_fr_upper,translate_eng_fr+uppercase,True
t h o u s a n d,M I L L E,thousand,MILLE,translate_eng_fr_upper,translate_eng_fr+uppercase,True
b r o t h e r,F R È R E,brother,FRÈRE,translate_eng_fr_upper,translate_eng_fr+uppercase,True
s i s t e r,S Œ U R,sister,SŒUR,translate_eng_fr_upper,translate_eng_fr+uppercase,True
f a t h e r,P È R E,father,PÈRE,translate_eng_fr_upper,translate_eng_fr+uppercase,True
m o t h e r,M È R E,mother,MÈRE,translate_eng_fr_upper,translate_eng_fr+uppercase,True
s o n,F I L S,son,FILS,translate_eng_fr_upper,translate_eng_fr+uppercase,True
d a u g h t e r,F I L L E,daughter,FILLE,translate_eng_fr_upper,translate_eng_fr+uppercase,True
h u s b a n d,M A R I,husband,MARI,translate_eng_fr_upper,translate_eng_fr+uppercase,True
w i f e,F E M M E,wife,FEMME,translate_eng_fr_upper,translate_eng_fr+uppercase,True
g r a n d f a t h e r,G R A N D - P È R E,grandfather,GRAND-PÈRE,translate_eng_fr_upper,translate_eng_fr+uppercase,True
g r a n d m o t h e r,G R A N D - M È R E,grandmother,GRAND-MÈRE,translate_eng_fr_upper,translate_eng_fr+uppercase,True
u n c l e,O N C L E,uncle,ONCLE,translate_eng_fr_upper,translate_eng_fr+uppercase,True
a u n t,T A N T E,aunt,TANTE,translate_eng_fr_upper,translate_eng_fr+uppercase,True
c o u s i n,C O U S I N,cousin,COUSIN,translate_eng_fr_upper,translate_eng_fr+uppercase,True
k i n g,R O I,king,ROI,translate_eng_fr_upper,translate_eng_fr+uppercase,True
q u e e n,R E I N E,queen,REINE,translate_eng_fr_upper,translate_eng_fr+uppercase,True
p r i n c e,P R I N C E,prince,PRINCE,translate_eng_fr_upper,translate_eng_fr+uppercase,True
p r i n c e s s,P R I N C E S S E,princess,PRINCESSE,translate_eng_fr_upper,translate_eng_fr+uppercase,True
m a n,H O M M E,man,HOMME,translate_eng_fr_upper,translate_eng_fr+uppercase,True
w o m a n,F E M M E,woman,FEMME,translate_eng_fr_upper,translate_eng_fr+uppercase,True
b o y,G A R Ç O N,boy,GARÇON,translate_eng_fr_upper,translate_eng_fr+uppercase,True
g i r l,F I L L E,girl,FILLE,translate_eng_fr_upper,translate_eng_fr+uppercase,True
b a b y,B É B É,baby,BÉBÉ,translate_eng_fr_upper,translate_eng_fr+uppercase,True
d o c t o r,M É D E C I N,doctor,MÉDECIN,translate_eng_fr_upper,translate_eng_fr+uppercase,True
n u r s e,I N F I R M I È R E,nurse,INFIRMIÈRE,translate_eng_fr_upper,translate_eng_fr+uppercase,True
l a w y e r,A V O C A T,lawyer,AVOCAT,translate_eng_fr_upper,translate_eng_fr+uppercase,True
p o l i c e,P O L I C E,police,POLICE,translate_eng_fr_upper,translate_eng_fr+uppercase,True
s o l d i e r,S O L D A T,soldier,SOLDAT,translate_eng_fr_upper,translate_eng_fr+uppercase,True
f a r m e r,F E R M I E R,farmer,FERMIER,translate_eng_fr_upper,translate_eng_fr+uppercase,True
w o r k e r,O U V R I E R,worker,OUVRIER,translate_eng_fr_upper,translate_eng_fr+uppercase,True
a r t i s t,A R T I S T E,artist,ARTISTE,translate_eng_fr_upper,translate_eng_fr+uppercase,True
m u s i c i a n,M U S I C I E N,musician,MUSICIEN,translate_eng_fr_upper,translate_eng_fr+uppercase,True
H E L L O,b o n j o u r,HELLO,bonjour,translate_eng_fr_lower,translate_eng_fr+lowercase,True
G O O D B Y E,a u   r e v o i r,GOODBYE,au revoir,translate_eng_fr_lower,translate_eng_fr+lowercase,True
T H A N K   Y O U,m e r c i,THANK YOU,merci,translate_eng_fr_lower,translate_eng_fr+lowercase,True
P L E A S E,s ' i l   v o u s   p l a î t,PLEASE,s'il vous plaît,translate_eng_fr_lower,translate_eng_fr+lowercase,True
Y E S,o u i,YES,oui,translate_eng_fr_lower,translate_eng_fr+lowercase,True
N O,n o n,NO,non,translate_eng_fr_lower,translate_eng_fr+lowercase,True
W A T E R,e a u,WATER,eau,translate_eng_fr_lower,translate_eng_fr+lowercase,True
H O U S E,m a i s o n,HOUSE,maison,translate_eng_fr_lower,translate_eng_fr+lowercase,True
C A T,c h a t,CAT,chat,translate_eng_fr_lower,translate_eng_fr+lowercase,True
D O G,c h i e n,DOG,chien,translate_eng_fr_lower,translate_eng_fr+lowercase,True
G O O D   M O R N I N G,b o n j o u r,GOOD MORNING,bonjour,translate_eng_fr_lower,translate_eng_fr+lowercase,True
G O O D   E V E N I N G,b o n s o i r,GOOD EVENING,bonsoir,translate_eng_fr_lower,translate_eng_fr+lowercase,True
G O O D   N I G H T,b o n n e   n u i t,GOOD NIGHT,bonne nuit,translate_eng_fr_lower,translate_eng_fr+lowercase,True
H O W   A R E   Y O U,c o m m e n t   a l l e z - v o u s,HOW ARE YOU,comment allez-vous,translate_eng_fr_lower,translate_eng_fr+lowercase,True
I   L O V E   Y O U,j e   t ' a i m e,I LOVE YOU,je t'aime,translate_eng_fr_lower,translate_eng_fr+lowercase,True
F R I E N D,a m i,FRIEND,ami,translate_eng_fr_lower,translate_eng_fr+lowercase,True
F A M I L Y,f a m i l l e,FAMILY,famille,translate_eng_fr_lower,translate_eng_fr+lowercase,True
F O O D,n o u r r i t u r e,FOOD,nourriture,translate_eng_fr_lower,translate_eng_fr+lowercase,True
B O O K,l i v r e,BOOK,livre,translate_eng_fr_lower,translate_eng_fr+lowercase,True
C A R,v o i t u r e,CAR,voiture,translate_eng_fr_lower,translate_eng_fr+lowercase,True
T R E E,a r b r e,TREE,arbre,translate_eng_fr_lower,translate_eng_fr+lowercase,True
F L O W E R,f l e u r,FLOWER,fleur,translate_eng_fr_lower,translate_eng_fr+lowercase,True
S U N,s o l e i l,SUN,soleil,translate_eng_fr_lower,translate_eng_fr+lowercase,True
M O O N,l u n e,MOON,lune,translate_eng_fr_lower,translate_eng_fr+lowercase,True
S T A R,é t o i l e,STAR,étoile,translate_eng_fr_lower,translate_eng_fr+lowercase,True
B R E A D,p a i n,BREAD,pain,translate_eng_fr_lower,translate_eng_fr+lowercase,True
C H E E S E,f r o m a g e,CHEESE,fromage,translate_eng_fr_lower,translate_eng_fr+lowercase,True
W I N E,v i n,WINE,vin,translate_eng_fr_lower,translate_eng_fr+lowercase,True
C O F F E E,c a f é,COFFEE,café,translate_eng_fr_lower,translate_eng_fr+lowercase,True
T E A,t h é,TEA,thé,translate_eng_fr_lower,translate_eng_fr+lowercase,True
M I L K,l a i t,MILK,lait,translate_eng_fr_lower,translate_eng_fr+lowercase,True
S U G A R,s u c r e,SUGAR,sucre,translate_eng_fr_lower,translate_eng_fr+lowercase,True
S A L T,s e l,SALT,sel,translate_eng_fr_lower,translate_eng_fr+lowercase,True
P E P P E R,p o i v r e,PEPPER,poivre,translate_eng_fr_lower,translate_eng_fr+lowercase,True
T A B L E,t a b l e,TABLE,table,translate_eng_fr_lower,translate_eng_fr+lowercase,True
C H A I R,c h a i s e,CHAIR,chaise,translate_eng_fr_lower,translate_eng_fr+lowercase,True
D O O R,p o r t e,DOOR,porte,translate_eng_fr_lower,translate_eng_fr+lowercase,True
W I N D O W,f e n ê t r e,WINDOW,fenêtre,translate_eng_fr_lower,translate_eng_fr+lowercase,True
S T R E E T,r u e,STREET,rue,translate_eng_fr_lower,translate_eng_fr+lowercase,True
C I T Y,v i l l e,CITY,ville,translate_eng_fr_lower,translate_eng_fr+lowercase,True
C O U N T R Y,p a y s,COUNTRY,pays,translate_eng_fr_lower,translate_eng_fr+lowercase,True
W O R L D,m o n d e,WORLD,monde,translate_eng_fr_lower,translate_eng_fr+lowercase,True
T I M E,t e m p s,TIME,temps,translate_eng_fr_lower,translate_eng_fr+lowercase,True
D A Y,j o u r,DAY,jour,translate_eng_fr_lower,translate_eng_fr+lowercase,True
N I G H T,n u i t,NIGHT,nuit,translate_eng_fr_lower,translate_eng_fr+lowercase,True
W E E K,s e m a i n e,WEEK,semaine,translate_eng_fr_lower,translate_eng_fr+lowercase,True
M O N T H,m o i s,MONTH,mois,translate_eng_fr_lower,translate_eng_fr+lowercase,True
Y E A R,a n,YEAR,an,translate_eng_fr_lower,translate_eng_fr+lowercase,True
T O D A Y,a u j o u r d ' h u i,TODAY,aujourd'hui,translate_eng_fr_lower,translate_eng_fr+lowercase,True
T O M O R R O W,d e m a i n,TOMORROW,demain,translate_eng_fr_lower,translate_eng_fr+lowercase,True
Y E S T E R D A Y,h i e r,YESTERDAY,hier,translate_eng_fr_lower,translate_eng_fr+lowercase,True
S C H O O L,é c o l e,SCHOOL,école,translate_eng_fr_lower,translate_eng_fr+lowercase,True
S T U D E N T,é t u d i a n t,STUDENT,étudiant,translate_eng_fr_lower,translate_eng_fr+lowercase,True
T E A C H E R,p r o f e s s e u r,TEACHER,professeur,translate_eng_fr_lower,translate_eng_fr+lowercase,True
H O R S E,c h e v a l,HORSE,cheval,translate_eng_fr_lower,translate_eng_fr+lowercase,True
L E T T E R,l e t t r e,LETTER,lettre,translate_eng_fr_lower,translate_eng_fr+lowercase,True
W O R D,m o t,WORD,mot,translate_eng_fr_lower,translate_eng_fr+lowercase,True
S E N T E N C E,p h r a s e,SENTENCE,phrase,translate_eng_fr_lower,translate_eng_fr+lowercase,True
P A G E,p a g e,PAGE,page,translate_eng_fr_lower,translate_eng_fr+lowercase,True
M U S I C,m u s i q u e,MUSIC,musique,translate_eng_fr_lower,translate_eng_fr+lowercase,True
S O N G,c h a n s o n,SONG,chanson,translate_eng_fr_lower,translate_eng_fr+lowercase,True
G A M E,j e u,GAME,jeu,translate_eng_fr_lower,translate_eng_fr+lowercase,True
S P O R T,s p o r t,SPORT,sport,translate_eng_fr_lower,translate_eng_fr+lowercase,True
B A L L,b a l l e,BALL,balle,translate_eng_fr_lower,translate_eng_fr+lowercase,True
H A N D,m a i n,HAND,main,translate_eng_fr_lower,translate_eng_fr+lowercase,True
H E A D,t ê t e,HEAD,tête,translate_eng_fr_lower,translate_eng_fr+lowercase,True
E Y E,œ i l,EYE,œil,translate_eng_fr_lower,translate_eng_fr+lowercase,True
E A R,o r e i l l e,EAR,oreille,translate_eng_fr_lower,translate_eng_fr+lowercase,True
N O S E,n e z,NOSE,nez,translate_eng_fr_lower,translate_eng_fr+lowercase,True
M O U T H,b o u c h e,MOUTH,bouche,translate_eng_fr_lower,translate_eng_fr+lowercase,True
H E A R T,c œ u r,HEART,cœur,translate_eng_fr_lower,translate_eng_fr+lowercase,True
B R A I N,c e r v e a u,BRAIN,cerveau,translate_eng_fr_lower,translate_eng_fr+lowercase,True
B O D Y,c o r p s,BODY,corps,translate_eng_fr_lower,translate_eng_fr+lowercase,True
R E D,r o u g e,RED,rouge,translate_eng_fr_lower,translate_eng_fr+lowercase,True
B L U E,b l e u,BLUE,bleu,translate_eng_fr_lower,translate_eng_fr+lowercase,True
G R E E N,v e r t,GREEN,vert,translate_eng_fr_lower,translate_eng_fr+lowercase,True
Y E L L O W,j a u n e,YELLOW,jaune,translate_eng_fr_lower,translate_eng_fr+lowercase,True
B L A C K,n o i r,BLACK,noir,translate_eng_fr_lower,translate_eng_fr+lowercase,True
W H I T E,b l a n c,WHITE,blanc,translate_eng_fr_lower,translate_eng_fr+lowercase,True
P U R P L E,v i o l e t,PURPLE,violet,translate_eng_fr_lower,translate_eng_fr+lowercase,True
P I N K,r o s e,PINK,rose,translate_eng_fr_lower,translate_eng_fr+lowercase,True
G R A Y,g r i s,GRAY,gris,translate_eng_fr_lower,translate_eng_fr+lowercase,True
B R O W N,m a r r o n,BROWN,marron,translate_eng_fr_lower,translate_eng_fr+lowercase,True
B I G,g r a n d,BIG,grand,translate_eng_fr_lower,translate_eng_fr+lowercase,True
S M A L L,p e t i t,SMALL,petit,translate_eng_fr_lower,translate_eng_fr+lowercase,True
H O T,c h a u d,HOT,chaud,translate_eng_fr_lower,translate_eng_fr+lowercase,True
C O L D,f r o i d,COLD,froid,translate_eng_fr_lower,translate_eng_fr+lowercase,True
N E W,n o u v e a u,NEW,nouveau,translate_eng_fr_lower,translate_eng_fr+lowercase,True
O L D,v i e u x,OLD,vieux,translate_eng_fr_lower,translate_eng_fr+lowercase,True
G O O D,b o n,GOOD,bon,translate_eng_fr_lower,translate_eng_fr+lowercase,True
B A D,m a u v a i s,BAD,mauvais,translate_eng_fr_lower,translate_eng_fr+lowercase,True
H A P P Y,h e u r e u x,HAPPY,heureux,translate_eng_fr_lower,translate_eng_fr+lowercase,True
S A D,t r i s t e,SAD,triste,translate_eng_fr_lower,translate_eng_fr+lowercase,True
F A S T,r a p i d e,FAST,rapide,translate_eng_fr_lower,translate_eng_fr+lowercase,True
S L O W,l e n t,SLOW,lent,translate_eng_fr_lower,translate_eng_fr+lowercase,True
S T R O N G,f o r t,STRONG,fort,translate_eng_fr_lower,translate_eng_fr+lowercase,True
W E A K,f a i b l e,WEAK,faible,translate_eng_fr_lower,translate_eng_fr+lowercase,True
B E A U T I F U L,b e a u,BEAUTIFUL,beau,translate_eng_fr_lower,translate_eng_fr+lowercase,True
U G L Y,l a i d,UGLY,laid,translate_eng_fr_lower,translate_eng_fr+lowercase,True
Y O U N G,j e u n e,YOUNG,jeune,translate_eng_fr_lower,translate_eng_fr+lowercase,True
R I C H,r i c h e,RICH,riche,translate_eng_fr_lower,translate_eng_fr+lowercase,True
P O O R,p a u v r e,POOR,pauvre,translate_eng_fr_lower,translate_eng_fr+lowercase,True
C L E A N,p r o p r e,CLEAN,propre,translate_eng_fr_lower,translate_eng_fr+lowercase,True
D I R T Y,s a l e,DIRTY,sale,translate_eng_fr_lower,translate_eng_fr+lowercase,True
E A S Y,f a c i l e,EASY,facile,translate_eng_fr_lower,translate_eng_fr+lowercase,True
D I F F I C U L T,d i f f i c i l e,DIFFICULT,difficile,translate_eng_fr_lower,translate_eng_fr+lowercase,True
L O N G,l o n g,LONG,long,translate_eng_fr_lower,translate_eng_fr+lowercase,True
S H O R T,c o u r t,SHORT,court,translate_eng_fr_lower,translate_eng_fr+lowercase,True
H I G H,h a u t,HIGH,haut,translate_eng_fr_lower,translate_eng_fr+lowercase,True
L O W,b a s,LOW,bas,translate_eng_fr_lower,translate_eng_fr+lowercase,True
W I D E,l a r g e,WIDE,large,translate_eng_fr_lower,translate_eng_fr+lowercase,True
N A R R O W,é t r o i t,NARROW,étroit,translate_eng_fr_lower,translate_eng_fr+lowercase,True
H E A V Y,l o u r d,HEAVY,lourd,translate_eng_fr_lower,translate_eng_fr+lowercase,True
L I G H T,l é g e r,LIGHT,léger,translate_eng_fr_lower,translate_eng_fr+lowercase,True
F U L L,p l e i n,FULL,plein,translate_eng_fr_lower,translate_eng_fr+lowercase,True
E M P T Y,v i d e,EMPTY,vide,translate_eng_fr_lower,translate_eng_fr+lowercase,True
R I G H T,d r o i t,RIGHT,droit,translate_eng_fr_lower,translate_eng_fr+lowercase,True
L E F T,g a u c h e,LEFT,gauche,translate_eng_fr_lower,translate_eng_fr+lowercase,True
U P,h a u t,UP,haut,translate_eng_fr_lower,translate_eng_fr+lowercase,True
D O W N,b a s,DOWN,bas,translate_eng_fr_lower,translate_eng_fr+lowercase,True
I N S I D E,d e d a n s,INSIDE,dedans,translate_eng_fr_lower,translate_eng_fr+lowercase,True
O U T S I D E,d e h o r s,OUTSIDE,dehors,translate_eng_fr_lower,translate_eng_fr+lowercase,True
F R O N T,d e v a n t,FRONT,devant,translate_eng_fr_lower,translate_eng_fr+lowercase,True
B A C K,d e r r i è r e,BACK,derrière,translate_eng_fr_lower,translate_eng_fr+lowercase,True
N E A R,p r è s,NEAR,près,translate_eng_fr_lower,translate_eng_fr+lowercase,True
F A R,l o i n,FAR,loin,translate_eng_fr_lower,translate_eng_fr+lowercase,True
F I R S T,p r e m i e r,FIRST,premier,translate_eng_fr_lower,translate_eng_fr+lowercase,True
L A S T,d e r n i e r,LAST,dernier,translate_eng_fr_lower,translate_eng_fr+lowercase,True
O P E N,o u v e r t,OPEN,ouvert,translate_eng_fr_lower,translate_eng_fr+lowercase,True
C L O S E D,f e r m é,CLOSED,fermé,translate_eng_fr_lower,translate_eng_fr+lowercase,True
O N E,u n,ONE,un,translate_eng_fr_lower,translate_eng_fr+lowercase,True
T W O,d e u x,TWO,deux,translate_eng_fr_lower,translate_eng_fr+lowercase,True
T H R E E,t r o i s,THREE,trois,translate_eng_fr_lower,translate_eng_fr+lowercase,True
F O U R,q u a t r e,FOUR,quatre,translate_eng_fr_lower,translate_eng_fr+lowercase,True
F I V E,c i n q,FIVE,cinq,translate_eng_fr_lower,translate_eng_fr+lowercase,True
S I X,s i x,SIX,six,translate_eng_fr_lower,translate_eng_fr+lowercase,True
S E V E N,s e p t,SEVEN,sept,translate_eng_fr_lower,translate_eng_fr+lowercase,True
E I G H T,h u i t,EIGHT,huit,translate_eng_fr_lower,translate_eng_fr+lowercase,True
N I N E,n e u f,NINE,neuf,translate_eng_fr_lower,translate_eng_fr+lowercase,True
T E N,d i x,TEN,dix,translate_eng_fr_lower,translate_eng_fr+lowercase,True
H U N D R E D,c e n t,HUNDRED,cent,translate_eng_fr_lower,translate_eng_fr+lowercase,True
T H O U S A N D,m i l l e,THOUSAND,mille,translate_eng_fr_lower,translate_eng_fr+lowercase,True
B R O T H E R,f r è r e,BROTHER,frère,translate_eng_fr_lower,translate_eng_fr+lowercase,True
S I S T E R,s œ u r,SISTER,sœur,translate_eng_fr_lower,translate_eng_fr+lowercase,True
F A T H E R,p è r e,FATHER,père,translate_eng_fr_lower,translate_eng_fr+lowercase,True
M O T H E R,m è r e,MOTHER,mère,translate_eng_fr_lower,translate_eng_fr+lowercase,True
S O N,f i l s,SON,fils,translate_eng_fr_lower,translate_eng_fr+lowercase,True
D A U G H T E R,f i l l e,DAUGHTER,fille,translate_eng_fr_lower,translate_eng_fr+lowercase,True
H U S B A N D,m a r i,HUSBAND,mari,translate_eng_fr_lower,translate_eng_fr+lowercase,True
W I F E,f e m m e,WIFE,femme,translate_eng_fr_lower,translate_eng_fr+lowercase,True
G R A N D F A T H E R,g r a n d - p è r e,GRANDFATHER,grand-père,translate_eng_fr_lower,translate_eng_fr+lowercase,True
G R A N D M O T H E R,g r a n d - m è r e,GRANDMOTHER,grand-mère,translate_eng_fr_lower,translate_eng_fr+lowercase,True
U N C L E,o n c l e,UNCLE,oncle,translate_eng_fr_lower,translate_eng_fr+lowercase,True
A U N T,t a n t e,AUNT,tante,translate_eng_fr_lower,translate_eng_fr+lowercase,True
C O U S I N,c o u s i n,COUSIN,cousin,translate_eng_fr_lower,translate_eng_fr+lowercase,True
K I N G,r o i,KING,roi,translate_eng_fr_lower,translate_eng_fr+lowercase,True
Q U E E N,r e i n e,QUEEN,reine,translate_eng_fr_lower,translate_eng_fr+lowercase,True
P R I N C E,p r i n c e,PRINCE,prince,translate_eng_fr_lower,translate_eng_fr+lowercase,True
P R I N C E S S,p r i n c e s s e,PRINCESS,princesse,translate_eng_fr_lower,translate_eng_fr+lowercase,True
M A N,h o m m e,MAN,homme,translate_eng_fr_lower,translate_eng_fr+lowercase,True
W O M A N,f e m m e,WOMAN,femme,translate_eng_fr_lower,translate_eng_fr+lowercase,True
B O Y,g a r ç o n,BOY,garçon,translate_eng_fr_lower,translate_eng_fr+lowercase,True
G I R L,f i l l e,GIRL,fille,translate_eng_fr_lower,translate_eng_fr+lowercase,True
B A B Y,b é b é,BABY,bébé,translate_eng_fr_lower,translate_eng_fr+lowercase,True
D O C T O R,m é d e c i n,DOCTOR,médecin,translate_eng_fr_lower,translate_eng_fr+lowercase,True
N U R S E,i n f i r m i è r e,NURSE,infirmière,translate_eng_fr_lower,translate_eng_fr+lowercase,True
L A W Y E R,a v o c a t,LAWYER,avocat,translate_eng_fr_lower,translate_eng_fr+lowercase,True
P O L I C E,p o l i c e,POLICE,police,translate_eng_fr_lower,translate_eng_fr+lowercase,True
S O L D I E R,s o l d a t,SOLDIER,soldat,translate_eng_fr_lower,translate_eng_fr+lowercase,True
F A R M E R,f e r m i e r,FARMER,fermier,translate_eng_fr_lower,translate_eng_fr+lowercase,True
W O R K E R,o u v r i e r,WORKER,ouvrier,translate_eng_fr_lower,translate_eng_fr+lowercase,True
A R T I S T,a r t i s t e,ARTIST,artiste,translate_eng_fr_lower,translate_eng_fr+lowercase,True
M U S I C I A N,m u s i c i e n,MUSICIAN,musicien,translate_eng_fr_lower,translate_eng_fr+lowercase,True
h e l l o,r u o j n o b,hello,ruojnob,translate_eng_fr_reverse,translate_eng_fr+reverse,True
g o o d b y e,r i o v e r   u a,goodbye,riover ua,translate_eng_fr_reverse,translate_eng_fr+reverse,True
t h a n k   y o u,i c r e m,thank you,icrem,translate_eng_fr_reverse,translate_eng_fr+reverse,True
p l e a s e,t î a l p   s u o v   l i ' s,please,tîalp suov li's,translate_eng_fr_reverse,translate_eng_fr+reverse,True
y e s,i u o,yes,iuo,translate_eng_fr_reverse,translate_eng_fr+reverse,True
n o,n o n,no,non,translate_eng_fr_reverse,translate_eng_fr+reverse,True
w a t e r,u a e,water,uae,translate_eng_fr_reverse,translate_eng_fr+reverse,True
h o u s e,n o s i a m,house,nosiam,translate_eng_fr_reverse,translate_eng_fr+reverse,True
c a t,t a h c,cat,tahc,translate_eng_fr_reverse,translate_eng_fr+reverse,True
d o g,n e i h c,dog,neihc,translate_eng_fr_reverse,translate_eng_fr+reverse,True
g o o d   m o r n i n g,r u o j n o b,good morning,ruojnob,translate_eng_fr_reverse,translate_eng_fr+reverse,True
g o o d   e v e n i n g,r i o s n o b,good evening,riosnob,translate_eng_fr_reverse,translate_eng_fr+reverse,True
g o o d   n i g h t,t i u n   e n n o b,good night,tiun ennob,translate_eng_fr_reverse,translate_eng_fr+reverse,True
h o w   a r e   y o u,s u o v - z e l l a   t n e m m o c,how are you,suov-zella tnemmoc,translate_eng_fr_reverse,translate_eng_fr+reverse,True
I   l o v e   y o u,e m i a ' t   e j,I love you,emia't ej,translate_eng_fr_reverse,translate_eng_fr+reverse,True
f r i e n d,i m a,friend,ima,translate_eng_fr_reverse,translate_eng_fr+reverse,True
f a m i l y,e l l i m a f,family,ellimaf,translate_eng_fr_reverse,translate_eng_fr+reverse,True
f o o d,e r u t i r r u o n,food,erutirruon,translate_eng_fr_reverse,translate_eng_fr+reverse,True
b o o k,e r v i l,book,ervil,translate_eng_fr_reverse,translate_eng_fr+reverse,True
c a r,e r u t i o v,car,erutiov,translate_eng_fr_reverse,translate_eng_fr+reverse,True
t r e e,e r b r a,tree,erbra,translate_eng_fr_reverse,translate_eng_fr+reverse,True
f l o w e r,r u e l f,flower,ruelf,translate_eng_fr_reverse,translate_eng_fr+reverse,True
s u n,l i e l o s,sun,lielos,translate_eng_fr_reverse,translate_eng_fr+reverse,True
m o o n,e n u l,moon,enul,translate_eng_fr_reverse,translate_eng_fr+reverse,True
s t a r,e l i o t é,star,elioté,translate_eng_fr_reverse,translate_eng_fr+reverse,True
b r e a d,n i a p,bread,niap,translate_eng_fr_reverse,translate_eng_fr+reverse,True
c h e e s e,e g a m o r f,cheese,egamorf,translate_eng_fr_reverse,translate_eng_fr+reverse,True
w i n e,n i v,wine,niv,translate_eng_fr_reverse,translate_eng_fr+reverse,True
c o f f e e,é f a c,coffee,éfac,translate_eng_fr_reverse,translate_eng_fr+reverse,True
t e a,é h t,tea,éht,translate_eng_fr_reverse,translate_eng_fr+reverse,True
m i l k,t i a l,milk,tial,translate_eng_fr_reverse,translate_eng_fr+reverse,True
s u g a r,e r c u s,sugar,ercus,translate_eng_fr_reverse,translate_eng_fr+reverse,True
s a l t,l e s,salt,les,translate_eng_fr_reverse,translate_eng_fr+reverse,True
p e p p e r,e r v i o p,pepper,erviop,translate_eng_fr_reverse,translate_eng_fr+reverse,True
t a b l e,e l b a t,table,elbat,translate_eng_fr_reverse,translate_eng_fr+reverse,True
c h a i r,e s i a h c,chair,esiahc,translate_eng_fr_reverse,translate_eng_fr+reverse,True
d o o r,e t r o p,door,etrop,translate_eng_fr_reverse,translate_eng_fr+reverse,True
w i n d o w,e r t ê n e f,window,ertênef,translate_eng_fr_reverse,translate_eng_fr+reverse,True
s t r e e t,e u r,street,eur,translate_eng_fr_reverse,translate_eng_fr+reverse,True
c i t y,e l l i v,city,elliv,translate_eng_fr_reverse,translate_eng_fr+reverse,True
c o u n t r y,s y a p,country,syap,translate_eng_fr_reverse,translate_eng_fr+reverse,True
w o r l d,e d n o m,world,ednom,translate_eng_fr_reverse,translate_eng_fr+reverse,True
t i m e,s p m e t,time,spmet,translate_eng_fr_reverse,translate_eng_fr+reverse,True
d a y,r u o j,day,ruoj,translate_eng_fr_reverse,translate_eng_fr+reverse,True
n i g h t,t i u n,night,tiun,translate_eng_fr_reverse,translate_eng_fr+reverse,True
w e e k,e n i a m e s,week,eniames,translate_eng_fr_reverse,translate_eng_fr+reverse,True
m o n t h,s i o m,month,siom,translate_eng_fr_reverse,translate_eng_fr+reverse,True
y e a r,n a,year,na,translate_eng_fr_reverse,translate_eng_fr+reverse,True
t o d a y,i u h ' d r u o j u a,today,iuh'druojua,translate_eng_fr_reverse,translate_eng_fr+reverse,True
t o m o r r o w,n i a m e d,tomorrow,niamed,translate_eng_fr_reverse,translate_eng_fr+reverse,True
y e s t e r d a y,r e i h,yesterday,reih,translate_eng_fr_reverse,translate_eng_fr+reverse,True
s c h o o l,e l o c é,school,elocé,translate_eng_fr_reverse,translate_eng_fr+reverse,True
s t u d e n t,t n a i d u t é,student,tnaiduté,translate_eng_fr_reverse,translate_eng_fr+reverse,True
t e a c h e r,r u e s s e f o r p,teacher,ruesseforp,translate_eng_fr_reverse,translate_eng_fr+reverse,True
h o r s e,l a v e h c,horse,lavehc,translate_eng_fr_reverse,translate_eng_fr+reverse,True
l e t t e r,e r t t e l,letter,erttel,translate_eng_fr_reverse,translate_eng_fr+reverse,True
w o r d,t o m,word,tom,translate_eng_fr_reverse,translate_eng_fr+reverse,True
s e n t e n c e,e s a r h p,sentence,esarhp,translate_eng_fr_reverse,translate_eng_fr+reverse,True
p a g e,e g a p,page,egap,translate_eng_fr_reverse,translate_eng_fr+reverse,True
m u s i c,e u q i s u m,music,euqisum,translate_eng_fr_reverse,translate_eng_fr+reverse,True
s o n g,n o s n a h c,song,nosnahc,translate_eng_fr_reverse,translate_eng_fr+reverse,True
g a m e,u e j,game,uej,translate_eng_fr_reverse,translate_eng_fr+reverse,True
s p o r t,t r o p s,sport,trops,translate_eng_fr_reverse,translate_eng_fr+reverse,True
b a l l,e l l a b,ball,ellab,translate_eng_fr_reverse,translate_eng_fr+reverse,True
h a n d,n i a m,hand,niam,translate_eng_fr_reverse,translate_eng_fr+reverse,True
h e a d,e t ê t,head,etêt,translate_eng_fr_reverse,translate_eng_fr+reverse,True
e y e,l i œ,eye,liœ,translate_eng_fr_reverse,translate_eng_fr+reverse,True
e a r,e l l i e r o,ear,elliero,translate_eng_fr_reverse,translate_eng_fr+reverse,True
n o s e,z e n,nose,zen,translate_eng_fr_reverse,translate_eng_fr+reverse,True
m o u t h,e h c u o b,mouth,ehcuob,translate_eng_fr_reverse,translate_eng_fr+reverse,True
h e a r t,r u œ c,heart,ruœc,translate_eng_fr_reverse,translate_eng_fr+reverse,True
b r a i n,u a e v r e c,brain,uaevrec,translate_eng_fr_reverse,translate_eng_fr+reverse,True
b o d y,s p r o c,body,sproc,translate_eng_fr_reverse,translate_eng_fr+reverse,True
r e d,e g u o r,red,eguor,translate_eng_fr_reverse,translate_eng_fr+reverse,True
b l u e,u e l b,blue,uelb,translate_eng_fr_reverse,translate_eng_fr+reverse,True
g r e e n,t r e v,green,trev,translate_eng_fr_reverse,translate_eng_fr+reverse,True
y e l l o w,e n u a j,yellow,enuaj,translate_eng_fr_reverse,translate_eng_fr+reverse,True
b l a c k,r i o n,black,rion,translate_eng_fr_reverse,translate_eng_fr+reverse,True
w h i t e,c n a l b,white,cnalb,translate_eng_fr_reverse,translate_eng_fr+reverse,True
p u r p l e,t e l o i v,purple,teloiv,translate_eng_fr_reverse,translate_eng_fr+reverse,True
p i n k,e s o r,pink,esor,translate_eng_fr_reverse,translate_eng_fr+reverse,True
g r a y,s i r g,gray,sirg,translate_eng_fr_reverse,translate_eng_fr+reverse,True
b r o w n,n o r r a m,brown,norram,translate_eng_fr_reverse,translate_eng_fr+reverse,True
b i g,d n a r g,big,dnarg,translate_eng_fr_reverse,translate_eng_fr+reverse,True
s m a l l,t i t e p,small,titep,translate_eng_fr_reverse,translate_eng_fr+reverse,True
h o t,d u a h c,hot,duahc,translate_eng_fr_reverse,translate_eng_fr+reverse,True
c o l d,d i o r f,cold,diorf,translate_eng_fr_reverse,translate_eng_fr+reverse,True
n e w,u a e v u o n,new,uaevuon,translate_eng_fr_reverse,translate_eng_fr+reverse,True
o l d,x u e i v,old,xueiv,translate_eng_fr_reverse,translate_eng_fr+reverse,True
g o o d,n o b,good,nob,translate_eng_fr_reverse,translate_eng_fr+reverse,True
b a d,s i a v u a m,bad,siavuam,translate_eng_fr_reverse,translate_eng_fr+reverse,True
h a p p y,x u e r u e h,happy,xuerueh,translate_eng_fr_reverse,translate_eng_fr+reverse,True
s a d,e t s i r t,sad,etsirt,translate_eng_fr_reverse,translate_eng_fr+reverse,True
f a s t,e d i p a r,fast,edipar,translate_eng_fr_reverse,translate_eng_fr+reverse,True
s l o w,t n e l,slow,tnel,translate_eng_fr_reverse,translate_eng_fr+reverse,True
s t r o n g,t r o f,strong,trof,translate_eng_fr_reverse,translate_eng_fr+reverse,True
w e a k,e l b i a f,weak,elbiaf,translate_eng_fr_reverse,translate_eng_fr+reverse,True
b e a u t i f u l,u a e b,beautiful,uaeb,translate_eng_fr_reverse,translate_eng_fr+reverse,True
u g l y,d i a l,ugly,dial,translate_eng_fr_reverse,translate_eng_fr+reverse,True
y o u n g,e n u e j,young,enuej,translate_eng_fr_reverse,translate_eng_fr+reverse,True
r i c h,e h c i r,rich,ehcir,translate_eng_fr_reverse,translate_eng_fr+reverse,True
p o o r,e r v u a p,poor,ervuap,translate_eng_fr_reverse,translate_eng_fr+reverse,True
c l e a n,e r p o r p,clean,erporp,translate_eng_fr_reverse,translate_eng_fr+reverse,True
d i r t y,e l a s,dirty,elas,translate_eng_fr_reverse,translate_eng_fr+reverse,True
e a s y,e l i c a f,easy,elicaf,translate_eng_fr_reverse,translate_eng_fr+reverse,True
d i f f i c u l t,e l i c i f f i d,difficult,eliciffid,translate_eng_fr_reverse,translate_eng_fr+reverse,True
l o n g,g n o l,long,gnol,translate_eng_fr_reverse,translate_eng_fr+reverse,True
s h o r t,t r u o c,short,truoc,translate_eng_fr_reverse,translate_eng_fr+reverse,True
h i g h,t u a h,high,tuah,translate_eng_fr_reverse,translate_eng_fr+reverse,True
l o w,s a b,low,sab,translate_eng_fr_reverse,translate_eng_fr+reverse,True
w i d e,e g r a l,wide,egral,translate_eng_fr_reverse,translate_eng_fr+reverse,True
n a r r o w,t i o r t é,narrow,tiorté,translate_eng_fr_reverse,translate_eng_fr+reverse,True
h e a v y,d r u o l,heavy,druol,translate_eng_fr_reverse,translate_eng_fr+reverse,True
l i g h t,r e g é l,light,regél,translate_eng_fr_reverse,translate_eng_fr+reverse,True
f u l l,n i e l p,full,nielp,translate_eng_fr_reverse,translate_eng_fr+reverse,True
e m p t y,e d i v,empty,ediv,translate_eng_fr_reverse,translate_eng_fr+reverse,True
r i g h t,t i o r d,right,tiord,translate_eng_fr_reverse,translate_eng_fr+reverse,True
l e f t,e h c u a g,left,ehcuag,translate_eng_fr_reverse,translate_eng_fr+reverse,True
u p,t u a h,up,tuah,translate_eng_fr_reverse,translate_eng_fr+reverse,True
d o w n,s a b,down,sab,translate_eng_fr_reverse,translate_eng_fr+reverse,True
i n s i d e,s n a d e d,inside,snaded,translate_eng_fr_reverse,translate_eng_fr+reverse,True
o u t s i d e,s r o h e d,outside,srohed,translate_eng_fr_reverse,translate_eng_fr+reverse,True
f r o n t,t n a v e d,front,tnaved,translate_eng_fr_reverse,translate_eng_fr+reverse,True
b a c k,e r è i r r e d,back,erèirred,translate_eng_fr_reverse,translate_eng_fr+reverse,True
n e a r,s è r p,near,sèrp,translate_eng_fr_reverse,translate_eng_fr+reverse,True
f a r,n i o l,far,niol,translate_eng_fr_reverse,translate_eng_fr+reverse,True
f i r s t,r e i m e r p,first,reimerp,translate_eng_fr_reverse,translate_eng_fr+reverse,True
l a s t,r e i n r e d,last,reinred,translate_eng_fr_reverse,translate_eng_fr+reverse,True
o p e n,t r e v u o,open,trevuo,translate_eng_fr_reverse,translate_eng_fr+reverse,True
c l o s e d,é m r e f,closed,émref,translate_eng_fr_reverse,translate_eng_fr+reverse,True
o n e,n u,one,nu,translate_eng_fr_reverse,translate_eng_fr+reverse,True
t w o,x u e d,two,xued,translate_eng_fr_reverse,translate_eng_fr+reverse,True
t h r e e,s i o r t,three,siort,translate_eng_fr_reverse,translate_eng_fr+reverse,True
f o u r,e r t a u q,four,ertauq,translate_eng_fr_reverse,translate_eng_fr+reverse,True
f i v e,q n i c,five,qnic,translate_eng_fr_reverse,translate_eng_fr+reverse,True
s i x,x i s,six,xis,translate_eng_fr_reverse,translate_eng_fr+reverse,True
s e v e n,t p e s,seven,tpes,translate_eng_fr_reverse,translate_eng_fr+reverse,True
e i g h t,t i u h,eight,tiuh,translate_eng_fr_reverse,translate_eng_fr+reverse,True
n i n e,f u e n,nine,fuen,translate_eng_fr_reverse,translate_eng_fr+reverse,True
t e n,x i d,ten,xid,translate_eng_fr_reverse,translate_eng_fr+reverse,True
h u n d r e d,t n e c,hundred,tnec,translate_eng_fr_reverse,translate_eng_fr+reverse,True
t h o u s a n d,e l l i m,thousand,ellim,translate_eng_fr_reverse,translate_eng_fr+reverse,True
b r o t h e r,e r è r f,brother,erèrf,translate_eng_fr_reverse,translate_eng_fr+reverse,True
s i s t e r,r u œ s,sister,ruœs,translate_eng_fr_reverse,translate_eng_fr+reverse,True
f a t h e r,e r è p,father,erèp,translate_eng_fr_reverse,translate_eng_fr+reverse,True
m o t h e r,e r è m,mother,erèm,translate_eng_fr_reverse,translate_eng_fr+reverse,True
s o n,s l i f,son,slif,translate_eng_fr_reverse,translate_eng_fr+reverse,True
d a u g h t e r,e l l i f,daughter,ellif,translate_eng_fr_reverse,translate_eng_fr+reverse,True
h u s b a n d,i r a m,husband,iram,translate_eng_fr_reverse,translate_eng_fr+reverse,True
w i f e,e m m e f,wife,emmef,translate_eng_fr_reverse,translate_eng_fr+reverse,True
g r a n d f a t h e r,e r è p - d n a r g,grandfather,erèp-dnarg,translate_eng_fr_reverse,translate_eng_fr+reverse,True
g r a n d m o t h e r,e r è m - d n a r g,grandmother,erèm-dnarg,translate_eng_fr_reverse,translate_eng_fr+reverse,True
u n c l e,e l c n o,uncle,elcno,translate_eng_fr_reverse,translate_eng_fr+reverse,True
a u n t,e t n a t,aunt,etnat,translate_eng_fr_reverse,translate_eng_fr+reverse,True
c o u s i n,n i s u o c,cousin,nisuoc,translate_eng_fr_reverse,translate_eng_fr+reverse,True
k i n g,i o r,king,ior,translate_eng_fr_reverse,translate_eng_fr+reverse,True
q u e e n,e n i e r,queen,enier,translate_eng_fr_reverse,translate_eng_fr+reverse,True
p r i n c e,e c n i r p,prince,ecnirp,translate_eng_fr_reverse,translate_eng_fr+reverse,True
p r i n c e s s,e s s e c n i r p,princess,essecnirp,translate_eng_fr_reverse,translate_eng_fr+reverse,True
m a n,e m m o h,man,emmoh,translate_eng_fr_reverse,translate_eng_fr+reverse,True
w o m a n,e m m e f,woman,emmef,translate_eng_fr_reverse,translate_eng_fr+reverse,True
b o y,n o ç r a g,boy,noçrag,translate_eng_fr_reverse,translate_eng_fr+reverse,True
g i r l,e l l i f,girl,ellif,translate_eng_fr_reverse,translate_eng_fr+reverse,True
b a b y,é b é b,baby,ébéb,translate_eng_fr_reverse,translate_eng_fr+reverse,True
d o c t o r,n i c e d é m,doctor,nicedém,translate_eng_fr_reverse,translate_eng_fr+reverse,True
n u r s e,e r è i m r i f n i,nurse,erèimrifni,translate_eng_fr_reverse,translate_eng_fr+reverse,True
l a w y e r,t a c o v a,lawyer,tacova,translate_eng_fr_reverse,translate_eng_fr+reverse,True
p o l i c e,e c i l o p,police,ecilop,translate_eng_fr_reverse,translate_eng_fr+reverse,True
s o l d i e r,t a d l o s,soldier,tadlos,translate_eng_fr_reverse,translate_eng_fr+reverse,True
f a r m e r,r e i m r e f,farmer,reimref,translate_eng_fr_reverse,translate_eng_fr+reverse,True
w o r k e r,r e i r v u o,worker,reirvuo,translate_eng_fr_reverse,translate_eng_fr+reverse,True
a r t i s t,e t s i t r a,artist,etsitra,translate_eng_fr_reverse,translate_eng_fr+reverse,True
m u s i c i a n,n e i c i s u m,musician,neicisum,translate_eng_fr_reverse,translate_eng_fr+reverse,True
h e l l o,b,hello,b,translate_eng_fr_first,translate_eng_fr+first_letter,True
g o o d b y e,a,goodbye,a,translate_eng_fr_first,translate_eng_fr+first_letter,True
t h a n k   y o u,m,thank you,m,translate_eng_fr_first,translate_eng_fr+first_letter,True
p l e a s e,s,please,s,translate_eng_fr_first,translate_eng_fr+first_letter,True
y e s,o,yes,o,translate_eng_fr_first,translate_eng_fr+first_letter,True
n o,n,no,n,translate_eng_fr_first,translate_eng_fr+first_letter,True
w a t e r,e,water,e,translate_eng_fr_first,translate_eng_fr+first_letter,True
h o u s e,m,house,m,translate_eng_fr_first,translate_eng_fr+first_letter,True
c a t,c,cat,c,translate_eng_fr_first,translate_eng_fr+first_letter,True
d o g,c,dog,c,translate_eng_fr_first,translate_eng_fr+first_letter,True
g o o d   m o r n i n g,b,good morning,b,translate_eng_fr_first,translate_eng_fr+first_letter,True
g o o d   e v e n i n g,b,good evening,b,translate_eng_fr_first,translate_eng_fr+first_letter,True
g o o d   n i g h t,b,good night,b,translate_eng_fr_first,translate_eng_fr+first_letter,True
h o w   a r e   y o u,c,how are you,c,translate_eng_fr_first,translate_eng_fr+first_letter,True
I   l o v e   y o u,j,I love you,j,translate_eng_fr_first,translate_eng_fr+first_letter,True
f r i e n d,a,friend,a,translate_eng_fr_first,translate_eng_fr+first_letter,True
f a m i l y,f,family,f,translate_eng_fr_first,translate_eng_fr+first_letter,True
f o o d,n,food,n,translate_eng_fr_first,translate_eng_fr+first_letter,True
b o o k,l,book,l,translate_eng_fr_first,translate_eng_fr+first_letter,True
c a r,v,car,v,translate_eng_fr_first,translate_eng_fr+first_letter,True
t r e e,a,tree,a,translate_eng_fr_first,translate_eng_fr+first_letter,True
f l o w e r,f,flower,f,translate_eng_fr_first,translate_eng_fr+first_letter,True
s u n,s,sun,s,translate_eng_fr_first,translate_eng_fr+first_letter,True
m o o n,l,moon,l,translate_eng_fr_first,translate_eng_fr+first_letter,True
s t a r,é,star,é,translate_eng_fr_first,translate_eng_fr+first_letter,True
b r e a d,p,bread,p,translate_eng_fr_first,translate_eng_fr+first_letter,True
c h e e s e,f,cheese,f,translate_eng_fr_first,translate_eng_fr+first_letter,True
w i n e,v,wine,v,translate_eng_fr_first,translate_eng_fr+first_letter,True
c o f f e e,c,coffee,c,translate_eng_fr_first,translate_eng_fr+first_letter,True
t e a,t,tea,t,translate_eng_fr_first,translate_eng_fr+first_letter,True
m i l k,l,milk,l,translate_eng_fr_first,translate_eng_fr+first_letter,True
s u g a r,s,sugar,s,translate_eng_fr_first,translate_eng_fr+first_letter,True
s a l t,s,salt,s,translate_eng_fr_first,translate_eng_fr+first_letter,True
p e p p e r,p,pepper,p,translate_eng_fr_first,translate_eng_fr+first_letter,True
t a b l e,t,table,t,translate_eng_fr_first,translate_eng_fr+first_letter,True
c h a i r,c,chair,c,translate_eng_fr_first,translate_eng_fr+first_letter,True
d o o r,p,door,p,translate_eng_fr_first,translate_eng_fr+first_letter,True
w i n d o w,f,window,f,translate_eng_fr_first,translate_eng_fr+first_letter,True
s t r e e t,r,street,r,translate_eng_fr_first,translate_eng_fr+first_letter,True
c i t y,v,city,v,translate_eng_fr_first,translate_eng_fr+first_letter,True
c o u n t r y,p,country,p,translate_eng_fr_first,translate_eng_fr+first_letter,True
w o r l d,m,world,m,translate_eng_fr_first,translate_eng_fr+first_letter,True
t i m e,t,time,t,translate_eng_fr_first,translate_eng_fr+first_letter,True
d a y,j,day,j,translate_eng_fr_first,translate_eng_fr+first_letter,True
n i g h t,n,night,n,translate_eng_fr_first,translate_eng_fr+first_letter,True
w e e k,s,week,s,translate_eng_fr_first,translate_eng_fr+first_letter,True
m o n t h,m,month,m,translate_eng_fr_first,translate_eng_fr+first_letter,True
y e a r,a,year,a,translate_eng_fr_first,translate_eng_fr+first_letter,True
t o d a y,a,today,a,translate_eng_fr_first,translate_eng_fr+first_letter,True
t o m o r r o w,d,tomorrow,d,translate_eng_fr_first,translate_eng_fr+first_letter,True
y e s t e r d a y,h,yesterday,h,translate_eng_fr_first,translate_eng_fr+first_letter,True
s c h o o l,é,school,é,translate_eng_fr_first,translate_eng_fr+first_letter,True
s t u d e n t,é,student,é,translate_eng_fr_first,translate_eng_fr+first_letter,True
t e a c h e r,p,teacher,p,translate_eng_fr_first,translate_eng_fr+first_letter,True
h o r s e,c,horse,c,translate_eng_fr_first,translate_eng_fr+first_letter,True
l e t t e r,l,letter,l,translate_eng_fr_first,translate_eng_fr+first_letter,True
w o r d,m,word,m,translate_eng_fr_first,translate_eng_fr+first_letter,True
s e n t e n c e,p,sentence,p,translate_eng_fr_first,translate_eng_fr+first_letter,True
p a g e,p,page,p,translate_eng_fr_first,translate_eng_fr+first_letter,True
m u s i c,m,music,m,translate_eng_fr_first,translate_eng_fr+first_letter,True
s o n g,c,song,c,translate_eng_fr_first,translate_eng_fr+first_letter,True
g a m e,j,game,j,translate_eng_fr_first,translate_eng_fr+first_letter,True
s p o r t,s,sport,s,translate_eng_fr_first,translate_eng_fr+first_letter,True
b a l l,b,ball,b,translate_eng_fr_first,translate_eng_fr+first_letter,True
h a n d,m,hand,m,translate_eng_fr_first,translate_eng_fr+first_letter,True
h e a d,t,head,t,translate_eng_fr_first,translate_eng_fr+first_letter,True
e y e,œ,eye,œ,translate_eng_fr_first,translate_eng_fr+first_letter,True
e a r,o,ear,o,translate_eng_fr_first,translate_eng_fr+first_letter,True
n o s e,n,nose,n,translate_eng_fr_first,translate_eng_fr+first_letter,True
m o u t h,b,mouth,b,translate_eng_fr_first,translate_eng_fr+first_letter,True
h e a r t,c,heart,c,translate_eng_fr_first,translate_eng_fr+first_letter,True
b r a i n,c,brain,c,translate_eng_fr_first,translate_eng_fr+first_letter,True
b o d y,c,body,c,translate_eng_fr_first,translate_eng_fr+first_letter,True
r e d,r,red,r,translate_eng_fr_first,translate_eng_fr+first_letter,True
b l u e,b,blue,b,translate_eng_fr_first,translate_eng_fr+first_letter,True
g r e e n,v,green,v,translate_eng_fr_first,translate_eng_fr+first_letter,True
y e l l o w,j,yellow,j,translate_eng_fr_first,translate_eng_fr+first_letter,True
b l a c k,n,black,n,translate_eng_fr_first,translate_eng_fr+first_letter,True
w h i t e,b,white,b,translate_eng_fr_first,translate_eng_fr+first_letter,True
p u r p l e,v,purple,v,translate_eng_fr_first,translate_eng_fr+first_letter,True
p i n k,r,pink,r,translate_eng_fr_first,translate_eng_fr+first_letter,True
g r a y,g,gray,g,translate_eng_fr_first,translate_eng_fr+first_letter,True
b r o w n,m,brown,m,translate_eng_fr_first,translate_eng_fr+first_letter,True
b i g,g,big,g,translate_eng_fr_first,translate_eng_fr+first_letter,True
s m a l l,p,small,p,translate_eng_fr_first,translate_eng_fr+first_letter,True
h o t,c,hot,c,translate_eng_fr_first,translate_eng_fr+first_letter,True
c o l d,f,cold,f,translate_eng_fr_first,translate_eng_fr+first_letter,True
n e w,n,new,n,translate_eng_fr_first,translate_eng_fr+first_letter,True
o l d,v,old,v,translate_eng_fr_first,translate_eng_fr+first_letter,True
g o o d,b,good,b,translate_eng_fr_first,translate_eng_fr+first_letter,True
b a d,m,bad,m,translate_eng_fr_first,translate_eng_fr+first_letter,True
h a p p y,h,happy,h,translate_eng_fr_first,translate_eng_fr+first_letter,True
s a d,t,sad,t,translate_eng_fr_first,translate_eng_fr+first_letter,True
f a s t,r,fast,r,translate_eng_fr_first,translate_eng_fr+first_letter,True
s l o w,l,slow,l,translate_eng_fr_first,translate_eng_fr+first_letter,True
s t r o n g,f,strong,f,translate_eng_fr_first,translate_eng_fr+first_letter,True
w e a k,f,weak,f,translate_eng_fr_first,translate_eng_fr+first_letter,True
b e a u t i f u l,b,beautiful,b,translate_eng_fr_first,translate_eng_fr+first_letter,True
u g l y,l,ugly,l,translate_eng_fr_first,translate_eng_fr+first_letter,True
y o u n g,j,young,j,translate_eng_fr_first,translate_eng_fr+first_letter,True
r i c h,r,rich,r,translate_eng_fr_first,translate_eng_fr+first_letter,True
p o o r,p,poor,p,translate_eng_fr_first,translate_eng_fr+first_letter,True
c l e a n,p,clean,p,translate_eng_fr_first,translate_eng_fr+first_letter,True
d i r t y,s,dirty,s,translate_eng_fr_first,translate_eng_fr+first_letter,True
e a s y,f,easy,f,translate_eng_fr_first,translate_eng_fr+first_letter,True
d i f f i c u l t,d,difficult,d,translate_eng_fr_first,translate_eng_fr+first_letter,True
l o n g,l,long,l,translate_eng_fr_first,translate_eng_fr+first_letter,True
s h o r t,c,short,c,translate_eng_fr_first,translate_eng_fr+first_letter,True
h i g h,h,high,h,translate_eng_fr_first,translate_eng_fr+first_letter,True
l o w,b,low,b,translate_eng_fr_first,translate_eng_fr+first_letter,True
w i d e,l,wide,l,translate_eng_fr_first,translate_eng_fr+first_letter,True
n a r r o w,é,narrow,é,translate_eng_fr_first,translate_eng_fr+first_letter,True
h e a v y,l,heavy,l,translate_eng_fr_first,translate_eng_fr+first_letter,True
l i g h t,l,light,l,translate_eng_fr_first,translate_eng_fr+first_letter,True
f u l l,p,full,p,translate_eng_fr_first,translate_eng_fr+first_letter,True
e m p t y,v,empty,v,translate_eng_fr_first,translate_eng_fr+first_letter,True
r i g h t,d,right,d,translate_eng_fr_first,translate_eng_fr+first_letter,True
l e f t,g,left,g,translate_eng_fr_first,translate_eng_fr+first_letter,True
u p,h,up,h,translate_eng_fr_first,translate_eng_fr+first_letter,True
d o w n,b,down,b,translate_eng_fr_first,translate_eng_fr+first_letter,True
i n s i d e,d,inside,d,translate_eng_fr_first,translate_eng_fr+first_letter,True
o u t s i d e,d,outside,d,translate_eng_fr_first,translate_eng_fr+first_letter,True
f r o n t,d,front,d,translate_eng_fr_first,translate_eng_fr+first_letter,True
b a c k,d,back,d,translate_eng_fr_first,translate_eng_fr+first_letter,True
n e a r,p,near,p,translate_eng_fr_first,translate_eng_fr+first_letter,True
f a r,l,far,l,translate_eng_fr_first,translate_eng_fr+first_letter,True
f i r s t,p,first,p,translate_eng_fr_first,translate_eng_fr+first_letter,True
l a s t,d,last,d,translate_eng_fr_first,translate_eng_fr+first_letter,True
o p e n,o,open,o,translate_eng_fr_first,translate_eng_fr+first_letter,True
c l o s e d,f,closed,f,translate_eng_fr_first,translate_eng_fr+first_letter,True
o n e,u,one,u,translate_eng_fr_first,translate_eng_fr+first_letter,True
t w o,d,two,d,translate_eng_fr_first,translate_eng_fr+first_letter,True
t h r e e,t,three,t,translate_eng_fr_first,translate_eng_fr+first_letter,True
f o u r,q,four,q,translate_eng_fr_first,translate_eng_fr+first_letter,True
f i v e,c,five,c,translate_eng_fr_first,translate_eng_fr+first_letter,True
s i x,s,six,s,translate_eng_fr_first,translate_eng_fr+first_letter,True
s e v e n,s,seven,s,translate_eng_fr_first,translate_eng_fr+first_letter,True
e i g h t,h,eight,h,translate_eng_fr_first,translate_eng_fr+first_letter,True
n i n e,n,nine,n,translate_eng_fr_first,translate_eng_fr+first_letter,True
t e n,d,ten,d,translate_eng_fr_first,translate_eng_fr+first_letter,True
h u n d r e d,c,hundred,c,translate_eng_fr_first,translate_eng_fr+first_letter,True
t h o u s a n d,m,thousand,m,translate_eng_fr_first,translate_eng_fr+first_letter,True
b r o t h e r,f,brother,f,translate_eng_fr_first,translate_eng_fr+first_letter,True
s i s t e r,s,sister,s,translate_eng_fr_first,translate_eng_fr+first_letter,True
f a t h e r,p,father,p,translate_eng_fr_first,translate_eng_fr+first_letter,True
m o t h e r,m,mother,m,translate_eng_fr_first,translate_eng_fr+first_letter,True
s o n,f,son,f,translate_eng_fr_first,translate_eng_fr+first_letter,True
d a u g h t e r,f,daughter,f,translate_eng_fr_first,translate_eng_fr+first_letter,True
h u s b a n d,m,husband,m,translate_eng_fr_first,translate_eng_fr+first_letter,True
w i f e,f,wife,f,translate_eng_fr_first,translate_eng_fr+first_letter,True
g r a n d f a t h e r,g,grandfather,g,translate_eng_fr_first,translate_eng_fr+first_letter,True
g r a n d m o t h e r,g,grandmother,g,translate_eng_fr_first,translate_eng_fr+first_letter,True
u n c l e,o,uncle,o,translate_eng_fr_first,translate_eng_fr+first_letter,True
a u n t,t,aunt,t,translate_eng_fr_first,translate_eng_fr+first_letter,True
c o u s i n,c,cousin,c,translate_eng_fr_first,translate_eng_fr+first_letter,True
k i n g,r,king,r,translate_eng_fr_first,translate_eng_fr+first_letter,True
q u e e n,r,queen,r,translate_eng_fr_first,translate_eng_fr+first_letter,True
p r i n c e,p,prince,p,translate_eng_fr_first,translate_eng_fr+first_letter,True
p r i n c e s s,p,princess,p,translate_eng_fr_first,translate_eng_fr+first_letter,True
m a n,h,man,h,translate_eng_fr_first,translate_eng_fr+first_letter,True
w o m a n,f,woman,f,translate_eng_fr_first,translate_eng_fr+first_letter,True
b o y,g,boy,g,translate_eng_fr_first,translate_eng_fr+first_letter,True
g i r l,f,girl,f,translate_eng_fr_first,translate_eng_fr+first_letter,True
b a b y,b,baby,b,translate_eng_fr_first,translate_eng_fr+first_letter,True
d o c t o r,m,doctor,m,translate_eng_fr_first,translate_eng_fr+first_letter,True
n u r s e,i,nurse,i,translate_eng_fr_first,translate_eng_fr+first_letter,True
l a w y e r,a,lawyer,a,translate_eng_fr_first,translate_eng_fr+first_letter,True
p o l i c e,p,police,p,translate_eng_fr_first,translate_eng_fr+first_letter,True
s o l d i e r,s,soldier,s,translate_eng_fr_first,translate_eng_fr+first_letter,True
f a r m e r,f,farmer,f,translate_eng_fr_first,translate_eng_fr+first_letter,True
w o r k e r,o,worker,o,translate_eng_fr_first,translate_eng_fr+first_letter,True
a r t i s t,a,artist,a,translate_eng_fr_first,translate_eng_fr+first_letter,True
m u s i c i a n,m,musician,m,translate_eng_fr_first,translate_eng_fr+first_letter,True
h e l l o,r,hello,r,translate_eng_fr_last,translate_eng_fr+last_letter,True
g o o d b y e,r,goodbye,r,translate_eng_fr_last,translate_eng_fr+last_letter,True
t h a n k   y o u,i,thank you,i,translate_eng_fr_last,translate_eng_fr+last_letter,True
p l e a s e,t,please,t,translate_eng_fr_last,translate_eng_fr+last_letter,True
y e s,i,yes,i,translate_eng_fr_last,translate_eng_fr+last_letter,True
n o,n,no,n,translate_eng_fr_last,translate_eng_fr+last_letter,True
w a t e r,u,water,u,translate_eng_fr_last,translate_eng_fr+last_letter,True
h o u s e,n,house,n,translate_eng_fr_last,translate_eng_fr+last_letter,True
c a t,t,cat,t,translate_eng_fr_last,translate_eng_fr+last_letter,True
d o g,n,dog,n,translate_eng_fr_last,translate_eng_fr+last_letter,True
g o o d   m o r n i n g,r,good morning,r,translate_eng_fr_last,translate_eng_fr+last_letter,True
g o o d   e v e n i n g,r,good evening,r,translate_eng_fr_last,translate_eng_fr+last_letter,True
g o o d   n i g h t,t,good night,t,translate_eng_fr_last,translate_eng_fr+last_letter,True
h o w   a r e   y o u,s,how are you,s,translate_eng_fr_last,translate_eng_fr+last_letter,True
I   l o v e   y o u,e,I love you,e,translate_eng_fr_last,translate_eng_fr+last_letter,True
f r i e n d,i,friend,i,translate_eng_fr_last,translate_eng_fr+last_letter,True
f a m i l y,e,family,e,translate_eng_fr_last,translate_eng_fr+last_letter,True
f o o d,e,food,e,translate_eng_fr_last,translate_eng_fr+last_letter,True
b o o k,e,book,e,translate_eng_fr_last,translate_eng_fr+last_letter,True
c a r,e,car,e,translate_eng_fr_last,translate_eng_fr+last_letter,True
t r e e,e,tree,e,translate_eng_fr_last,translate_eng_fr+last_letter,True
f l o w e r,r,flower,r,translate_eng_fr_last,translate_eng_fr+last_letter,True
s u n,l,sun,l,translate_eng_fr_last,translate_eng_fr+last_letter,True
m o o n,e,moon,e,translate_eng_fr_last,translate_eng_fr+last_letter,True
s t a r,e,star,e,translate_eng_fr_last,translate_eng_fr+last_letter,True
b r e a d,n,bread,n,translate_eng_fr_last,translate_eng_fr+last_letter,True
c h e e s e,e,cheese,e,translate_eng_fr_last,translate_eng_fr+last_letter,True
w i n e,n,wine,n,translate_eng_fr_last,translate_eng_fr+last_letter,True
c o f f e e,é,coffee,é,translate_eng_fr_last,translate_eng_fr+last_letter,True
t e a,é,tea,é,translate_eng_fr_last,translate_eng_fr+last_letter,True
m i l k,t,milk,t,translate_eng_fr_last,translate_eng_fr+last_letter,True
s u g a r,e,sugar,e,translate_eng_fr_last,translate_eng_fr+last_letter,True
s a l t,l,salt,l,translate_eng_fr_last,translate_eng_fr+last_letter,True
p e p p e r,e,pepper,e,translate_eng_fr_last,translate_eng_fr+last_letter,True
t a b l e,e,table,e,translate_eng_fr_last,translate_eng_fr+last_letter,True
c h a i r,e,chair,e,translate_eng_fr_last,translate_eng_fr+last_letter,True
d o o r,e,door,e,translate_eng_fr_last,translate_eng_fr+last_letter,True
w i n d o w,e,window,e,translate_eng_fr_last,translate_eng_fr+last_letter,True
s t r e e t,e,street,e,translate_eng_fr_last,translate_eng_fr+last_letter,True
c i t y,e,city,e,translate_eng_fr_last,translate_eng_fr+last_letter,True
c o u n t r y,s,country,s,translate_eng_fr_last,translate_eng_fr+last_letter,True
w o r l d,e,world,e,translate_eng_fr_last,translate_eng_fr+last_letter,True
t i m e,s,time,s,translate_eng_fr_last,translate_eng_fr+last_letter,True
d a y,r,day,r,translate_eng_fr_last,translate_eng_fr+last_letter,True
n i g h t,t,night,t,translate_eng_fr_last,translate_eng_fr+last_letter,True
w e e k,e,week,e,translate_eng_fr_last,translate_eng_fr+last_letter,True
m o n t h,s,month,s,translate_eng_fr_last,translate_eng_fr+last_letter,True
y e a r,n,year,n,translate_eng_fr_last,translate_eng_fr+last_letter,True
t o d a y,i,today,i,translate_eng_fr_last,translate_eng_fr+last_letter,True
t o m o r r o w,n,tomorrow,n,translate_eng_fr_last,translate_eng_fr+last_letter,True
y e s t e r d a y,r,yesterday,r,translate_eng_fr_last,translate_eng_fr+last_letter,True
s c h o o l,e,school,e,translate_eng_fr_last,translate_eng_fr+last_letter,True
s t u d e n t,t,student,t,translate_eng_fr_last,translate_eng_fr+last_letter,True
t e a c h e r,r,teacher,r,translate_eng_fr_last,translate_eng_fr+last_letter,True
h o r s e,l,horse,l,translate_eng_fr_last,translate_eng_fr+last_letter,True
l e t t e r,e,letter,e,translate_eng_fr_last,translate_eng_fr+last_letter,True
w o r d,t,word,t,translate_eng_fr_last,translate_eng_fr+last_letter,True
s e n t e n c e,e,sentence,e,translate_eng_fr_last,translate_eng_fr+last_letter,True
p a g e,e,page,e,translate_eng_fr_last,translate_eng_fr+last_letter,True
m u s i c,e,music,e,translate_eng_fr_last,translate_eng_fr+last_letter,True
s o n g,n,song,n,translate_eng_fr_last,translate_eng_fr+last_letter,True
g a m e,u,game,u,translate_eng_fr_last,translate_eng_fr+last_letter,True
s p o r t,t,sport,t,translate_eng_fr_last,translate_eng_fr+last_letter,True
b a l l,e,ball,e,translate_eng_fr_last,translate_eng_fr+last_letter,True
h a n d,n,hand,n,translate_eng_fr_last,translate_eng_fr+last_letter,True
h e a d,e,head,e,translate_eng_fr_last,translate_eng_fr+last_letter,True
e y e,l,eye,l,translate_eng_fr_last,translate_eng_fr+last_letter,True
e a r,e,ear,e,translate_eng_fr_last,translate_eng_fr+last_letter,True
n o s e,z,nose,z,translate_eng_fr_last,translate_eng_fr+last_letter,True
m o u t h,e,mouth,e,translate_eng_fr_last,translate_eng_fr+last_letter,True
h e a r t,r,heart,r,translate_eng_fr_last,translate_eng_fr+last_letter,True
b r a i n,u,brain,u,translate_eng_fr_last,translate_eng_fr+last_letter,True
b o d y,s,body,s,translate_eng_fr_last,translate_eng_fr+last_letter,True
r e d,e,red,e,translate_eng_fr_last,translate_eng_fr+last_letter,True
b l u e,u,blue,u,translate_eng_fr_last,translate_eng_fr+last_letter,True
g r e e n,t,green,t,translate_eng_fr_last,translate_eng_fr+last_letter,True
y e l l o w,e,yellow,e,translate_eng_fr_last,translate_eng_fr+last_letter,True
b l a c k,r,black,r,translate_eng_fr_last,translate_eng_fr+last_letter,True
w h i t e,c,white,c,translate_eng_fr_last,translate_eng_fr+last_letter,True
p u r p l e,t,purple,t,translate_eng_fr_last,translate_eng_fr+last_letter,True
p i n k,e,pink,e,translate_eng_fr_last,translate_eng_fr+last_letter,True
g r a y,s,gray,s,translate_eng_fr_last,translate_eng_fr+last_letter,True
b r o w n,n,brown,n,translate_eng_fr_last,translate_eng_fr+last_letter,True
b i g,d,big,d,translate_eng_fr_last,translate_eng_fr+last_letter,True
s m a l l,t,small,t,translate_eng_fr_last,translate_eng_fr+last_letter,True
h o t,d,hot,d,translate_eng_fr_last,translate_eng_fr+last_letter,True
c o l d,d,cold,d,translate_eng_fr_last,translate_eng_fr+last_letter,True
n e w,u,new,u,translate_eng_fr_last,translate_eng_fr+last_letter,True
o l d,x,old,x,translate_eng_fr_last,translate_eng_fr+last_letter,True
g o o d,n,good,n,translate_eng_fr_last,translate_eng_fr+last_letter,True
b a d,s,bad,s,translate_eng_fr_last,translate_eng_fr+last_letter,True
h a p p y,x,happy,x,translate_eng_fr_last,translate_eng_fr+last_letter,True
s a d,e,sad,e,translate_eng_fr_last,translate_eng_fr+last_letter,True
f a s t,e,fast,e,translate_eng_fr_last,translate_eng_fr+last_letter,True
s l o w,t,slow,t,translate_eng_fr_last,translate_eng_fr+last_letter,True
s t r o n g,t,strong,t,translate_eng_fr_last,translate_eng_fr+last_letter,True
w e a k,e,weak,e,translate_eng_fr_last,translate_eng_fr+last_letter,True
b e a u t i f u l,u,beautiful,u,translate_eng_fr_last,translate_eng_fr+last_letter,True
u g l y,d,ugly,d,translate_eng_fr_last,translate_eng_fr+last_letter,True
y o u n g,e,young,e,translate_eng_fr_last,translate_eng_fr+last_letter,True
r i c h,e,rich,e,translate_eng_fr_last,translate_eng_fr+last_letter,True
p o o r,e,poor,e,translate_eng_fr_last,translate_eng_fr+last_letter,True
c l e a n,e,clean,e,translate_eng_fr_last,translate_eng_fr+last_letter,True
d i r t y,e,dirty,e,translate_eng_fr_last,translate_eng_fr+last_letter,True
e a s y,e,easy,e,translate_eng_fr_last,translate_eng_fr+last_letter,True
d i f f i c u l t,e,difficult,e,translate_eng_fr_last,translate_eng_fr+last_letter,True
l o n g,g,long,g,translate_eng_fr_last,translate_eng_fr+last_letter,True
s h o r t,t,short,t,translate_eng_fr_last,translate_eng_fr+last_letter,True
h i g h,t,high,t,translate_eng_fr_last,translate_eng_fr+last_letter,True
l o w,s,low,s,translate_eng_fr_last,translate_eng_fr+last_letter,True
w i d e,e,wide,e,translate_eng_fr_last,translate_eng_fr+last_letter,True
n a r r o w,t,narrow,t,translate_eng_fr_last,translate_eng_fr+last_letter,True
h e a v y,d,heavy,d,translate_eng_fr_last,translate_eng_fr+last_letter,True
l i g h t,r,light,r,translate_eng_fr_last,translate_eng_fr+last_letter,True
f u l l,n,full,n,translate_eng_fr_last,translate_eng_fr+last_letter,True
e m p t y,e,empty,e,translate_eng_fr_last,translate_eng_fr+last_letter,True
r i g h t,t,right,t,translate_eng_fr_last,translate_eng_fr+last_letter,True
l e f t,e,left,e,translate_eng_fr_last,translate_eng_fr+last_letter,True
u p,t,up,t,translate_eng_fr_last,translate_eng_fr+last_letter,True
d o w n,s,down,s,translate_eng_fr_last,translate_eng_fr+last_letter,True
i n s i d e,s,inside,s,translate_eng_fr_last,translate_eng_fr+last_letter,True
o u t s i d e,s,outside,s,translate_eng_fr_last,translate_eng_fr+last_letter,True
f r o n t,t,front,t,translate_eng_fr_last,translate_eng_fr+last_letter,True
b a c k,e,back,e,translate_eng_fr_last,translate_eng_fr+last_letter,True
n e a r,s,near,s,translate_eng_fr_last,translate_eng_fr+last_letter,True
f a r,n,far,n,translate_eng_fr_last,translate_eng_fr+last_letter,True
f i r s t,r,first,r,translate_eng_fr_last,translate_eng_fr+last_letter,True
l a s t,r,last,r,translate_eng_fr_last,translate_eng_fr+last_letter,True
o p e n,t,open,t,translate_eng_fr_last,translate_eng_fr+last_letter,True
c l o s e d,é,closed,é,translate_eng_fr_last,translate_eng_fr+last_letter,True
o n e,n,one,n,translate_eng_fr_last,translate_eng_fr+last_letter,True
t w o,x,two,x,translate_eng_fr_last,translate_eng_fr+last_letter,True
t h r e e,s,three,s,translate_eng_fr_last,translate_eng_fr+last_letter,True
f o u r,e,four,e,translate_eng_fr_last,translate_eng_fr+last_letter,True
f i v e,q,five,q,translate_eng_fr_last,translate_eng_fr+last_letter,True
s i x,x,six,x,translate_eng_fr_last,translate_eng_fr+last_letter,True
s e v e n,t,seven,t,translate_eng_fr_last,translate_eng_fr+last_letter,True
e i g h t,t,eight,t,translate_eng_fr_last,translate_eng_fr+last_letter,True
n i n e,f,nine,f,translate_eng_fr_last,translate_eng_fr+last_letter,True
t e n,x,ten,x,translate_eng_fr_last,translate_eng_fr+last_letter,True
h u n d r e d,t,hundred,t,translate_eng_fr_last,translate_eng_fr+last_letter,True
t h o u s a n d,e,thousand,e,translate_eng_fr_last,translate_eng_fr+last_letter,True
b r o t h e r,e,brother,e,translate_eng_fr_last,translate_eng_fr+last_letter,True
s i s t e r,r,sister,r,translate_eng_fr_last,translate_eng_fr+last_letter,True
f a t h e r,e,father,e,translate_eng_fr_last,translate_eng_fr+last_letter,True
m o t h e r,e,mother,e,translate_eng_fr_last,translate_eng_fr+last_letter,True
s o n,s,son,s,translate_eng_fr_last,translate_eng_fr+last_letter,True
d a u g h t e r,e,daughter,e,translate_eng_fr_last,translate_eng_fr+last_letter,True
h u s b a n d,i,husband,i,translate_eng_fr_last,translate_eng_fr+last_letter,True
w i f e,e,wife,e,translate_eng_fr_last,translate_eng_fr+last_letter,True
g r a n d f a t h e r,e,grandfather,e,translate_eng_fr_last,translate_eng_fr+last_letter,True
g r a n d m o t h e r,e,grandmother,e,translate_eng_fr_last,translate_eng_fr+last_letter,True
u n c l e,e,uncle,e,translate_eng_fr_last,translate_eng_fr+last_letter,True
a u n t,e,aunt,e,translate_eng_fr_last,translate_eng_fr+last_letter,True
c o u s i n,n,cousin,n,translate_eng_fr_last,translate_eng_fr+last_letter,True
k i n g,i,king,i,translate_eng_fr_last,translate_eng_fr+last_letter,True
q u e e n,e,queen,e,translate_eng_fr_last,translate_eng_fr+last_letter,True
p r i n c e,e,prince,e,translate_eng_fr_last,translate_eng_fr+last_letter,True
p r i n c e s s,e,princess,e,translate_eng_fr_last,translate_eng_fr+last_letter,True
m a n,e,man,e,translate_eng_fr_last,translate_eng_fr+last_letter,True
w o m a n,e,woman,e,translate_eng_fr_last,translate_eng_fr+last_letter,True
b o y,n,boy,n,translate_eng_fr_last,translate_eng_fr+last_letter,True
g i r l,e,girl,e,translate_eng_fr_last,translate_eng_fr+last_letter,True
b a b y,é,baby,é,translate_eng_fr_last,translate_eng_fr+last_letter,True
d o c t o r,n,doctor,n,translate_eng_fr_last,translate_eng_fr+last_letter,True
n u r s e,e,nurse,e,translate_eng_fr_last,translate_eng_fr+last_letter,True
l a w y e r,t,lawyer,t,translate_eng_fr_last,translate_eng_fr+last_letter,True
p o l i c e,e,police,e,translate_eng_fr_last,translate_eng_fr+last_letter,True
s o l d i e r,t,soldier,t,translate_eng_fr_last,translate_eng_fr+last_letter,True
f a r m e r,r,farmer,r,translate_eng_fr_last,translate_eng_fr+last_letter,True
w o r k e r,r,worker,r,translate_eng_fr_last,translate_eng_fr+last_letter,True
a r t i s t,e,artist,e,translate_eng_fr_last,translate_eng_fr+last_letter,True
m u s i c i a n,n,musician,n,translate_eng_fr_last,translate_eng_fr+last_letter,True
h e l l o,H O L A,hello,HOLA,translate_eng_sp_upper,translate_eng_sp+uppercase,True
g o o d b y e,A D I Ó S,goodbye,ADIÓS,translate_eng_sp_upper,translate_eng_sp+uppercase,True
t h a n k   y o u,G R A C I A S,thank you,GRACIAS,translate_eng_sp_upper,translate_eng_sp+uppercase,True
p l e a s e,P O R   F A V O R,please,POR FAVOR,translate_eng_sp_upper,translate_eng_sp+uppercase,True
y e s,S Í,yes,SÍ,translate_eng_sp_upper,translate_eng_sp+uppercase,True
w a t e r,A G U A,water,AGUA,translate_eng_sp_upper,translate_eng_sp+uppercase,True
h o u s e,C A S A,house,CASA,translate_eng_sp_upper,translate_eng_sp+uppercase,True
c a t,G A T O,cat,GATO,translate_eng_sp_upper,translate_eng_sp+uppercase,True
d o g,P E R R O,dog,PERRO,translate_eng_sp_upper,translate_eng_sp+uppercase,True
g o o d   m o r n i n g,B U E N O S   D Í A S,good morning,BUENOS DÍAS,translate_eng_sp_upper,translate_eng_sp+uppercase,True
g o o d   e v e n i n g,B U E N A S   T A R D E S,good evening,BUENAS TARDES,translate_eng_sp_upper,translate_eng_sp+uppercase,True
g o o d   n i g h t,B U E N A S   N O C H E S,good night,BUENAS NOCHES,translate_eng_sp_upper,translate_eng_sp+uppercase,True
h o w   a r e   y o u,C Ó M O   E S T Á S,how are you,CÓMO ESTÁS,translate_eng_sp_upper,translate_eng_sp+uppercase,True
i   l o v e   y o u,T E   Q U I E R O,i love you,TE QUIERO,translate_eng_sp_upper,translate_eng_sp+uppercase,True
f r i e n d,A M I G O,friend,AMIGO,translate_eng_sp_upper,translate_eng_sp+uppercase,True
f a m i l y,F A M I L I A,family,FAMILIA,translate_eng_sp_upper,translate_eng_sp+uppercase,True
f o o d,C O M I D A,food,COMIDA,translate_eng_sp_upper,translate_eng_sp+uppercase,True
b o o k,L I B R O,book,LIBRO,translate_eng_sp_upper,translate_eng_sp+uppercase,True
c a r,C O C H E,car,COCHE,translate_eng_sp_upper,translate_eng_sp+uppercase,True
t r e e,Á R B O L,tree,ÁRBOL,translate_eng_sp_upper,translate_eng_sp+uppercase,True
f l o w e r,F L O R,flower,FLOR,translate_eng_sp_upper,translate_eng_sp+uppercase,True
s u n,S O L,sun,SOL,translate_eng_sp_upper,translate_eng_sp+uppercase,True
m o o n,L U N A,moon,LUNA,translate_eng_sp_upper,translate_eng_sp+uppercase,True
s t a r,E S T R E L L A,star,ESTRELLA,translate_eng_sp_upper,translate_eng_sp+uppercase,True
b r e a d,P A N,bread,PAN,translate_eng_sp_upper,translate_eng_sp+uppercase,True
c h e e s e,Q U E S O,cheese,QUESO,translate_eng_sp_upper,translate_eng_sp+uppercase,True
w i n e,V I N O,wine,VINO,translate_eng_sp_upper,translate_eng_sp+uppercase,True
t e a,T É,tea,TÉ,translate_eng_sp_upper,translate_eng_sp+uppercase,True
m i l k,L E C H E,milk,LECHE,translate_eng_sp_upper,translate_eng_sp+uppercase,True
s u g a r,A Z Ú C A R,sugar,AZÚCAR,translate_eng_sp_upper,translate_eng_sp+uppercase,True
s a l t,S A L,salt,SAL,translate_eng_sp_upper,translate_eng_sp+uppercase,True
p e p p e r,P I M I E N T A,pepper,PIMIENTA,translate_eng_sp_upper,translate_eng_sp+uppercase,True
t a b l e,M E S A,table,MESA,translate_eng_sp_upper,translate_eng_sp+uppercase,True
c h a i r,S I L L A,chair,SILLA,translate_eng_sp_upper,translate_eng_sp+uppercase,True
d o o r,P U E R T A,door,PUERTA,translate_eng_sp_upper,translate_eng_sp+uppercase,True
w i n d o w,V E N T A N A,window,VENTANA,translate_eng_sp_upper,translate_eng_sp+uppercase,True
s t r e e t,C A L L E,street,CALLE,translate_eng_sp_upper,translate_eng_sp+uppercase,True
c i t y,C I U D A D,city,CIUDAD,translate_eng_sp_upper,translate_eng_sp+uppercase,True
c o u n t r y,P A Í S,country,PAÍS,translate_eng_sp_upper,translate_eng_sp+uppercase,True
w o r l d,M U N D O,world,MUNDO,translate_eng_sp_upper,translate_eng_sp+uppercase,True
t i m e,T I E M P O,time,TIEMPO,translate_eng_sp_upper,translate_eng_sp+uppercase,True
d a y,D Í A,day,DÍA,translate_eng_sp_upper,translate_eng_sp+uppercase,True
n i g h t,N O C H E,night,NOCHE,translate_eng_sp_upper,translate_eng_sp+uppercase,True
w e e k,S E M A N A,week,SEMANA,translate_eng_sp_upper,translate_eng_sp+uppercase,True
m o n t h,M E S,month,MES,translate_eng_sp_upper,translate_eng_sp+uppercase,True
y e a r,A Ñ O,year,AÑO,translate_eng_sp_upper,translate_eng_sp+uppercase,True
t o d a y,H O Y,today,HOY,translate_eng_sp_upper,translate_eng_sp+uppercase,True
t o m o r r o w,M A Ñ A N A,tomorrow,MAÑANA,translate_eng_sp_upper,translate_eng_sp+uppercase,True
y e s t e r d a y,A Y E R,yesterday,AYER,translate_eng_sp_upper,translate_eng_sp+uppercase,True
c h i l d,N I Ñ O,child,NIÑO,translate_eng_sp_upper,translate_eng_sp+uppercase,True
s c h o o l,E S C U E L A,school,ESCUELA,translate_eng_sp_upper,translate_eng_sp+uppercase,True
s t u d e n t,E S T U D I A N T E,student,ESTUDIANTE,translate_eng_sp_upper,translate_eng_sp+uppercase,True
t e a c h e r,P R O F E S O R,teacher,PROFESOR,translate_eng_sp_upper,translate_eng_sp+uppercase,True
a p p l e,M A N Z A N A,apple,MANZANA,translate_eng_sp_upper,translate_eng_sp+uppercase,True
o r a n g e,N A R A N J A,orange,NARANJA,translate_eng_sp_upper,translate_eng_sp+uppercase,True
f i s h,P E Z,fish,PEZ,translate_eng_sp_upper,translate_eng_sp+uppercase,True
b i r d,P Á J A R O,bird,PÁJARO,translate_eng_sp_upper,translate_eng_sp+uppercase,True
h o r s e,C A B A L L O,horse,CABALLO,translate_eng_sp_upper,translate_eng_sp+uppercase,True
l e t t e r,C A R T A,letter,CARTA,translate_eng_sp_upper,translate_eng_sp+uppercase,True
w o r d,P A L A B R A,word,PALABRA,translate_eng_sp_upper,translate_eng_sp+uppercase,True
s e n t e n c e,F R A S E,sentence,FRASE,translate_eng_sp_upper,translate_eng_sp+uppercase,True
p a g e,P Á G I N A,page,PÁGINA,translate_eng_sp_upper,translate_eng_sp+uppercase,True
m u s i c,M Ú S I C A,music,MÚSICA,translate_eng_sp_upper,translate_eng_sp+uppercase,True
s o n g,C A N C I Ó N,song,CANCIÓN,translate_eng_sp_upper,translate_eng_sp+uppercase,True
d a n c e,B A I L E,dance,BAILE,translate_eng_sp_upper,translate_eng_sp+uppercase,True
g a m e,J U E G O,game,JUEGO,translate_eng_sp_upper,translate_eng_sp+uppercase,True
s p o r t,D E P O R T E,sport,DEPORTE,translate_eng_sp_upper,translate_eng_sp+uppercase,True
b a l l,P E L O T A,ball,PELOTA,translate_eng_sp_upper,translate_eng_sp+uppercase,True
h a n d,M A N O,hand,MANO,translate_eng_sp_upper,translate_eng_sp+uppercase,True
f o o t,P I E,foot,PIE,translate_eng_sp_upper,translate_eng_sp+uppercase,True
h e a d,C A B E Z A,head,CABEZA,translate_eng_sp_upper,translate_eng_sp+uppercase,True
e y e,O J O,eye,OJO,translate_eng_sp_upper,translate_eng_sp+uppercase,True
e a r,O R E J A,ear,OREJA,translate_eng_sp_upper,translate_eng_sp+uppercase,True
n o s e,N A R I Z,nose,NARIZ,translate_eng_sp_upper,translate_eng_sp+uppercase,True
m o u t h,B O C A,mouth,BOCA,translate_eng_sp_upper,translate_eng_sp+uppercase,True
h e a r t,C O R A Z Ó N,heart,CORAZÓN,translate_eng_sp_upper,translate_eng_sp+uppercase,True
b r a i n,C E R E B R O,brain,CEREBRO,translate_eng_sp_upper,translate_eng_sp+uppercase,True
b o d y,C U E R P O,body,CUERPO,translate_eng_sp_upper,translate_eng_sp+uppercase,True
r e d,R O J O,red,ROJO,translate_eng_sp_upper,translate_eng_sp+uppercase,True
b l u e,A Z U L,blue,AZUL,translate_eng_sp_upper,translate_eng_sp+uppercase,True
g r e e n,V E R D E,green,VERDE,translate_eng_sp_upper,translate_eng_sp+uppercase,True
y e l l o w,A M A R I L L O,yellow,AMARILLO,translate_eng_sp_upper,translate_eng_sp+uppercase,True
b l a c k,N E G R O,black,NEGRO,translate_eng_sp_upper,translate_eng_sp+uppercase,True
w h i t e,B L A N C O,white,BLANCO,translate_eng_sp_upper,translate_eng_sp+uppercase,True
p u r p l e,M O R A D O,purple,MORADO,translate_eng_sp_upper,translate_eng_sp+uppercase,True
p i n k,R O S A,pink,ROSA,translate_eng_sp_upper,translate_eng_sp+uppercase,True
g r a y,G R I S,gray,GRIS,translate_eng_sp_upper,translate_eng_sp+uppercase,True
b r o w n,M A R R Ó N,brown,MARRÓN,translate_eng_sp_upper,translate_eng_sp+uppercase,True
b i g,G R A N D E,big,GRANDE,translate_eng_sp_upper,translate_eng_sp+uppercase,True
s m a l l,P E Q U E Ñ O,small,PEQUEÑO,translate_eng_sp_upper,translate_eng_sp+uppercase,True
h o t,C A L I E N T E,hot,CALIENTE,translate_eng_sp_upper,translate_eng_sp+uppercase,True
c o l d,F R Í O,cold,FRÍO,translate_eng_sp_upper,translate_eng_sp+uppercase,True
n e w,N U E V O,new,NUEVO,translate_eng_sp_upper,translate_eng_sp+uppercase,True
o l d,V I E J O,old,VIEJO,translate_eng_sp_upper,translate_eng_sp+uppercase,True
g o o d,B U E N O,good,BUENO,translate_eng_sp_upper,translate_eng_sp+uppercase,True
b a d,M A L O,bad,MALO,translate_eng_sp_upper,translate_eng_sp+uppercase,True
h a p p y,F E L I Z,happy,FELIZ,translate_eng_sp_upper,translate_eng_sp+uppercase,True
s a d,T R I S T E,sad,TRISTE,translate_eng_sp_upper,translate_eng_sp+uppercase,True
f a s t,R Á P I D O,fast,RÁPIDO,translate_eng_sp_upper,translate_eng_sp+uppercase,True
s l o w,L E N T O,slow,LENTO,translate_eng_sp_upper,translate_eng_sp+uppercase,True
s t r o n g,F U E R T E,strong,FUERTE,translate_eng_sp_upper,translate_eng_sp+uppercase,True
w e a k,D É B I L,weak,DÉBIL,translate_eng_sp_upper,translate_eng_sp+uppercase,True
b e a u t i f u l,H E R M O S O,beautiful,HERMOSO,translate_eng_sp_upper,translate_eng_sp+uppercase,True
u g l y,F E O,ugly,FEO,translate_eng_sp_upper,translate_eng_sp+uppercase,True
y o u n g,J O V E N,young,JOVEN,translate_eng_sp_upper,translate_eng_sp+uppercase,True
r i c h,R I C O,rich,RICO,translate_eng_sp_upper,translate_eng_sp+uppercase,True
p o o r,P O B R E,poor,POBRE,translate_eng_sp_upper,translate_eng_sp+uppercase,True
c l e a n,L I M P I O,clean,LIMPIO,translate_eng_sp_upper,translate_eng_sp+uppercase,True
d i r t y,S U C I O,dirty,SUCIO,translate_eng_sp_upper,translate_eng_sp+uppercase,True
e a s y,F Á C I L,easy,FÁCIL,translate_eng_sp_upper,translate_eng_sp+uppercase,True
d i f f i c u l t,D I F Í C I L,difficult,DIFÍCIL,translate_eng_sp_upper,translate_eng_sp+uppercase,True
l o n g,L A R G O,long,LARGO,translate_eng_sp_upper,translate_eng_sp+uppercase,True
s h o r t,C O R T O,short,CORTO,translate_eng_sp_upper,translate_eng_sp+uppercase,True
h i g h,A L T O,high,ALTO,translate_eng_sp_upper,translate_eng_sp+uppercase,True
l o w,B A J O,low,BAJO,translate_eng_sp_upper,translate_eng_sp+uppercase,True
w i d e,A N C H O,wide,ANCHO,translate_eng_sp_upper,translate_eng_sp+uppercase,True
n a r r o w,E S T R E C H O,narrow,ESTRECHO,translate_eng_sp_upper,translate_eng_sp+uppercase,True
h e a v y,P E S A D O,heavy,PESADO,translate_eng_sp_upper,translate_eng_sp+uppercase,True
l i g h t,L I G E R O,light,LIGERO,translate_eng_sp_upper,translate_eng_sp+uppercase,True
f u l l,L L E N O,full,LLENO,translate_eng_sp_upper,translate_eng_sp+uppercase,True
e m p t y,V A C Í O,empty,VACÍO,translate_eng_sp_upper,translate_eng_sp+uppercase,True
r i g h t,D E R E C H O,right,DERECHO,translate_eng_sp_upper,translate_eng_sp+uppercase,True
l e f t,I Z Q U I E R D O,left,IZQUIERDO,translate_eng_sp_upper,translate_eng_sp+uppercase,True
u p,A R R I B A,up,ARRIBA,translate_eng_sp_upper,translate_eng_sp+uppercase,True
d o w n,A B A J O,down,ABAJO,translate_eng_sp_upper,translate_eng_sp+uppercase,True
i n s i d e,D E N T R O,inside,DENTRO,translate_eng_sp_upper,translate_eng_sp+uppercase,True
o u t s i d e,F U E R A,outside,FUERA,translate_eng_sp_upper,translate_eng_sp+uppercase,True
f r o n t,F R E N T E,front,FRENTE,translate_eng_sp_upper,translate_eng_sp+uppercase,True
b a c k,A T R Á S,back,ATRÁS,translate_eng_sp_upper,translate_eng_sp+uppercase,True
n e a r,C E R C A,near,CERCA,translate_eng_sp_upper,translate_eng_sp+uppercase,True
f a r,L E J O S,far,LEJOS,translate_eng_sp_upper,translate_eng_sp+uppercase,True
f i r s t,P R I M E R O,first,PRIMERO,translate_eng_sp_upper,translate_eng_sp+uppercase,True
l a s t,Ú L T I M O,last,ÚLTIMO,translate_eng_sp_upper,translate_eng_sp+uppercase,True
o p e n,A B I E R T O,open,ABIERTO,translate_eng_sp_upper,translate_eng_sp+uppercase,True
c l o s e d,C E R R A D O,closed,CERRADO,translate_eng_sp_upper,translate_eng_sp+uppercase,True
o n e,U N O,one,UNO,translate_eng_sp_upper,translate_eng_sp+uppercase,True
t w o,D O S,two,DOS,translate_eng_sp_upper,translate_eng_sp+uppercase,True
t h r e e,T R E S,three,TRES,translate_eng_sp_upper,translate_eng_sp+uppercase,True
f o u r,C U A T R O,four,CUATRO,translate_eng_sp_upper,translate_eng_sp+uppercase,True
f i v e,C I N C O,five,CINCO,translate_eng_sp_upper,translate_eng_sp+uppercase,True
s i x,S E I S,six,SEIS,translate_eng_sp_upper,translate_eng_sp+uppercase,True
s e v e n,S I E T E,seven,SIETE,translate_eng_sp_upper,translate_eng_sp+uppercase,True
e i g h t,O C H O,eight,OCHO,translate_eng_sp_upper,translate_eng_sp+uppercase,True
n i n e,N U E V E,nine,NUEVE,translate_eng_sp_upper,translate_eng_sp+uppercase,True
t e n,D I E Z,ten,DIEZ,translate_eng_sp_upper,translate_eng_sp+uppercase,True
h u n d r e d,C I E N,hundred,CIEN,translate_eng_sp_upper,translate_eng_sp+uppercase,True
t h o u s a n d,M I L,thousand,MIL,translate_eng_sp_upper,translate_eng_sp+uppercase,True
b r o t h e r,H E R M A N O,brother,HERMANO,translate_eng_sp_upper,translate_eng_sp+uppercase,True
s i s t e r,H E R M A N A,sister,HERMANA,translate_eng_sp_upper,translate_eng_sp+uppercase,True
f a t h e r,P A D R E,father,PADRE,translate_eng_sp_upper,translate_eng_sp+uppercase,True
m o t h e r,M A D R E,mother,MADRE,translate_eng_sp_upper,translate_eng_sp+uppercase,True
s o n,H I J O,son,HIJO,translate_eng_sp_upper,translate_eng_sp+uppercase,True
d a u g h t e r,H I J A,daughter,HIJA,translate_eng_sp_upper,translate_eng_sp+uppercase,True
h u s b a n d,E S P O S O,husband,ESPOSO,translate_eng_sp_upper,translate_eng_sp+uppercase,True
w i f e,E S P O S A,wife,ESPOSA,translate_eng_sp_upper,translate_eng_sp+uppercase,True
g r a n d f a t h e r,A B U E L O,grandfather,ABUELO,translate_eng_sp_upper,translate_eng_sp+uppercase,True
g r a n d m o t h e r,A B U E L A,grandmother,ABUELA,translate_eng_sp_upper,translate_eng_sp+uppercase,True
u n c l e,T Í O,uncle,TÍO,translate_eng_sp_upper,translate_eng_sp+uppercase,True
a u n t,T Í A,aunt,TÍA,translate_eng_sp_upper,translate_eng_sp+uppercase,True
c o u s i n,P R I M O,cousin,PRIMO,translate_eng_sp_upper,translate_eng_sp+uppercase,True
k i n g,R E Y,king,REY,translate_eng_sp_upper,translate_eng_sp+uppercase,True
q u e e n,R E I N A,queen,REINA,translate_eng_sp_upper,translate_eng_sp+uppercase,True
p r i n c e,P R Í N C I P E,prince,PRÍNCIPE,translate_eng_sp_upper,translate_eng_sp+uppercase,True
p r i n c e s s,P R I N C E S A,princess,PRINCESA,translate_eng_sp_upper,translate_eng_sp+uppercase,True
m a n,H O M B R E,man,HOMBRE,translate_eng_sp_upper,translate_eng_sp+uppercase,True
w o m a n,M U J E R,woman,MUJER,translate_eng_sp_upper,translate_eng_sp+uppercase,True
g i r l,N I Ñ A,girl,NIÑA,translate_eng_sp_upper,translate_eng_sp+uppercase,True
b a b y,B E B É,baby,BEBÉ,translate_eng_sp_upper,translate_eng_sp+uppercase,True
d o c t o r,M É D I C O,doctor,MÉDICO,translate_eng_sp_upper,translate_eng_sp+uppercase,True
n u r s e,E N F E R M E R A,nurse,ENFERMERA,translate_eng_sp_upper,translate_eng_sp+uppercase,True
l a w y e r,A B O G A D O,lawyer,ABOGADO,translate_eng_sp_upper,translate_eng_sp+uppercase,True
p o l i c e,P O L I C Í A,police,POLICÍA,translate_eng_sp_upper,translate_eng_sp+uppercase,True
s o l d i e r,S O L D A D O,soldier,SOLDADO,translate_eng_sp_upper,translate_eng_sp+uppercase,True
f a r m e r,G R A N J E R O,farmer,GRANJERO,translate_eng_sp_upper,translate_eng_sp+uppercase,True
w o r k e r,T R A B A J A D O R,worker,TRABAJADOR,translate_eng_sp_upper,translate_eng_sp+uppercase,True
a r t i s t,A R T I S T A,artist,ARTISTA,translate_eng_sp_upper,translate_eng_sp+uppercase,True
m u s i c i a n,M Ú S I C O,musician,MÚSICO,translate_eng_sp_upper,translate_eng_sp+uppercase,True
s i n g e r,C A N T A N T E,singer,CANTANTE,translate_eng_sp_upper,translate_eng_sp+uppercase,True
H E L L O,h o l a,HELLO,hola,translate_eng_sp_lower,translate_eng_sp+lowercase,True
G O O D B Y E,a d i ó s,GOODBYE,adiós,translate_eng_sp_lower,translate_eng_sp+lowercase,True
T H A N K   Y O U,g r a c i a s,THANK YOU,gracias,translate_eng_sp_lower,translate_eng_sp+lowercase,True
P L E A S E,p o r   f a v o r,PLEASE,por favor,translate_eng_sp_lower,translate_eng_sp+lowercase,True
Y E S,s í,YES,sí,translate_eng_sp_lower,translate_eng_sp+lowercase,True
W A T E R,a g u a,WATER,agua,translate_eng_sp_lower,translate_eng_sp+lowercase,True
H O U S E,c a s a,HOUSE,casa,translate_eng_sp_lower,translate_eng_sp+lowercase,True
C A T,g a t o,CAT,gato,translate_eng_sp_lower,translate_eng_sp+lowercase,True
D O G,p e r r o,DOG,perro,translate_eng_sp_lower,translate_eng_sp+lowercase,True
G O O D   M O R N I N G,b u e n o s   d í a s,GOOD MORNING,buenos días,translate_eng_sp_lower,translate_eng_sp+lowercase,True
G O O D   E V E N I N G,b u e n a s   t a r d e s,GOOD EVENING,buenas tardes,translate_eng_sp_lower,translate_eng_sp+lowercase,True
G O O D   N I G H T,b u e n a s   n o c h e s,GOOD NIGHT,buenas noches,translate_eng_sp_lower,translate_eng_sp+lowercase,True
H O W   A R E   Y O U,c ó m o   e s t á s,HOW ARE YOU,cómo estás,translate_eng_sp_lower,translate_eng_sp+lowercase,True
I   L O V E   Y O U,t e   q u i e r o,I LOVE YOU,te quiero,translate_eng_sp_lower,translate_eng_sp+lowercase,True
F R I E N D,a m i g o,FRIEND,amigo,translate_eng_sp_lower,translate_eng_sp+lowercase,True
F A M I L Y,f a m i l i a,FAMILY,familia,translate_eng_sp_lower,translate_eng_sp+lowercase,True
F O O D,c o m i d a,FOOD,comida,translate_eng_sp_lower,translate_eng_sp+lowercase,True
B O O K,l i b r o,BOOK,libro,translate_eng_sp_lower,translate_eng_sp+lowercase,True
C A R,c o c h e,CAR,coche,translate_eng_sp_lower,translate_eng_sp+lowercase,True
T R E E,á r b o l,TREE,árbol,translate_eng_sp_lower,translate_eng_sp+lowercase,True
F L O W E R,f l o r,FLOWER,flor,translate_eng_sp_lower,translate_eng_sp+lowercase,True
S U N,s o l,SUN,sol,translate_eng_sp_lower,translate_eng_sp+lowercase,True
M O O N,l u n a,MOON,luna,translate_eng_sp_lower,translate_eng_sp+lowercase,True
S T A R,e s t r e l l a,STAR,estrella,translate_eng_sp_lower,translate_eng_sp+lowercase,True
B R E A D,p a n,BREAD,pan,translate_eng_sp_lower,translate_eng_sp+lowercase,True
C H E E S E,q u e s o,CHEESE,queso,translate_eng_sp_lower,translate_eng_sp+lowercase,True
W I N E,v i n o,WINE,vino,translate_eng_sp_lower,translate_eng_sp+lowercase,True
T E A,t é,TEA,té,translate_eng_sp_lower,translate_eng_sp+lowercase,True
M I L K,l e c h e,MILK,leche,translate_eng_sp_lower,translate_eng_sp+lowercase,True
S U G A R,a z ú c a r,SUGAR,azúcar,translate_eng_sp_lower,translate_eng_sp+lowercase,True
S A L T,s a l,SALT,sal,translate_eng_sp_lower,translate_eng_sp+lowercase,True
P E P P E R,p i m i e n t a,PEPPER,pimienta,translate_eng_sp_lower,translate_eng_sp+lowercase,True
T A B L E,m e s a,TABLE,mesa,translate_eng_sp_lower,translate_eng_sp+lowercase,True
C H A I R,s i l l a,CHAIR,silla,translate_eng_sp_lower,translate_eng_sp+lowercase,True
D O O R,p u e r t a,DOOR,puerta,translate_eng_sp_lower,translate_eng_sp+lowercase,True
W I N D O W,v e n t a n a,WINDOW,ventana,translate_eng_sp_lower,translate_eng_sp+lowercase,True
S T R E E T,c a l l e,STREET,calle,translate_eng_sp_lower,translate_eng_sp+lowercase,True
C I T Y,c i u d a d,CITY,ciudad,translate_eng_sp_lower,translate_eng_sp+lowercase,True
C O U N T R Y,p a í s,COUNTRY,país,translate_eng_sp_lower,translate_eng_sp+lowercase,True
W O R L D,m u n d o,WORLD,mundo,translate_eng_sp_lower,translate_eng_sp+lowercase,True
T I M E,t i e m p o,TIME,tiempo,translate_eng_sp_lower,translate_eng_sp+lowercase,True
D A Y,d í a,DAY,día,translate_eng_sp_lower,translate_eng_sp+lowercase,True
N I G H T,n o c h e,NIGHT,noche,translate_eng_sp_lower,translate_eng_sp+lowercase,True
W E E K,s e m a n a,WEEK,semana,translate_eng_sp_lower,translate_eng_sp+lowercase,True
M O N T H,m e s,MONTH,mes,translate_eng_sp_lower,translate_eng_sp+lowercase,True
Y E A R,a ñ o,YEAR,año,translate_eng_sp_lower,translate_eng_sp+lowercase,True
T O D A Y,h o y,TODAY,hoy,translate_eng_sp_lower,translate_eng_sp+lowercase,True
T O M O R R O W,m a ñ a n a,TOMORROW,mañana,translate_eng_sp_lower,translate_eng_sp+lowercase,True
Y E S T E R D A Y,a y e r,YESTERDAY,ayer,translate_eng_sp_lower,translate_eng_sp+lowercase,True
C H I L D,n i ñ o,CHILD,niño,translate_eng_sp_lower,translate_eng_sp+lowercase,True
S C H O O L,e s c u e l a,SCHOOL,escuela,translate_eng_sp_lower,translate_eng_sp+lowercase,True
S T U D E N T,e s t u d i a n t e,STUDENT,estudiante,translate_eng_sp_lower,translate_eng_sp+lowercase,True
T E A C H E R,p r o f e s o r,TEACHER,profesor,translate_eng_sp_lower,translate_eng_sp+lowercase,True
A P P L E,m a n z a n a,APPLE,manzana,translate_eng_sp_lower,translate_eng_sp+lowercase,True
O R A N G E,n a r a n j a,ORANGE,naranja,translate_eng_sp_lower,translate_eng_sp+lowercase,True
F I S H,p e z,FISH,pez,translate_eng_sp_lower,translate_eng_sp+lowercase,True
B I R D,p á j a r o,BIRD,pájaro,translate_eng_sp_lower,translate_eng_sp+lowercase,True
H O R S E,c a b a l l o,HORSE,caballo,translate_eng_sp_lower,translate_eng_sp+lowercase,True
L E T T E R,c a r t a,LETTER,carta,translate_eng_sp_lower,translate_eng_sp+lowercase,True
W O R D,p a l a b r a,WORD,palabra,translate_eng_sp_lower,translate_eng_sp+lowercase,True
S E N T E N C E,f r a s e,SENTENCE,frase,translate_eng_sp_lower,translate_eng_sp+lowercase,True
P A G E,p á g i n a,PAGE,página,translate_eng_sp_lower,translate_eng_sp+lowercase,True
M U S I C,m ú s i c a,MUSIC,música,translate_eng_sp_lower,translate_eng_sp+lowercase,True
S O N G,c a n c i ó n,SONG,canción,translate_eng_sp_lower,translate_eng_sp+lowercase,True
D A N C E,b a i l e,DANCE,baile,translate_eng_sp_lower,translate_eng_sp+lowercase,True
G A M E,j u e g o,GAME,juego,translate_eng_sp_lower,translate_eng_sp+lowercase,True
S P O R T,d e p o r t e,SPORT,deporte,translate_eng_sp_lower,translate_eng_sp+lowercase,True
B A L L,p e l o t a,BALL,pelota,translate_eng_sp_lower,translate_eng_sp+lowercase,True
H A N D,m a n o,HAND,mano,translate_eng_sp_lower,translate_eng_sp+lowercase,True
F O O T,p i e,FOOT,pie,translate_eng_sp_lower,translate_eng_sp+lowercase,True
H E A D,c a b e z a,HEAD,cabeza,translate_eng_sp_lower,translate_eng_sp+lowercase,True
E Y E,o j o,EYE,ojo,translate_eng_sp_lower,translate_eng_sp+lowercase,True
E A R,o r e j a,EAR,oreja,translate_eng_sp_lower,translate_eng_sp+lowercase,True
N O S E,n a r i z,NOSE,nariz,translate_eng_sp_lower,translate_eng_sp+lowercase,True
M O U T H,b o c a,MOUTH,boca,translate_eng_sp_lower,translate_eng_sp+lowercase,True
H E A R T,c o r a z ó n,HEART,corazón,translate_eng_sp_lower,translate_eng_sp+lowercase,True
B R A I N,c e r e b r o,BRAIN,cerebro,translate_eng_sp_lower,translate_eng_sp+lowercase,True
B O D Y,c u e r p o,BODY,cuerpo,translate_eng_sp_lower,translate_eng_sp+lowercase,True
R E D,r o j o,RED,rojo,translate_eng_sp_lower,translate_eng_sp+lowercase,True
B L U E,a z u l,BLUE,azul,translate_eng_sp_lower,translate_eng_sp+lowercase,True
G R E E N,v e r d e,GREEN,verde,translate_eng_sp_lower,translate_eng_sp+lowercase,True
Y E L L O W,a m a r i l l o,YELLOW,amarillo,translate_eng_sp_lower,translate_eng_sp+lowercase,True
B L A C K,n e g r o,BLACK,negro,translate_eng_sp_lower,translate_eng_sp+lowercase,True
W H I T E,b l a n c o,WHITE,blanco,translate_eng_sp_lower,translate_eng_sp+lowercase,True
P U R P L E,m o r a d o,PURPLE,morado,translate_eng_sp_lower,translate_eng_sp+lowercase,True
P I N K,r o s a,PINK,rosa,translate_eng_sp_lower,translate_eng_sp+lowercase,True
G R A Y,g r i s,GRAY,gris,translate_eng_sp_lower,translate_eng_sp+lowercase,True
B R O W N,m a r r ó n,BROWN,marrón,translate_eng_sp_lower,translate_eng_sp+lowercase,True
B I G,g r a n d e,BIG,grande,translate_eng_sp_lower,translate_eng_sp+lowercase,True
S M A L L,p e q u e ñ o,SMALL,pequeño,translate_eng_sp_lower,translate_eng_sp+lowercase,True
H O T,c a l i e n t e,HOT,caliente,translate_eng_sp_lower,translate_eng_sp+lowercase,True
C O L D,f r í o,COLD,frío,translate_eng_sp_lower,translate_eng_sp+lowercase,True
N E W,n u e v o,NEW,nuevo,translate_eng_sp_lower,translate_eng_sp+lowercase,True
O L D,v i e j o,OLD,viejo,translate_eng_sp_lower,translate_eng_sp+lowercase,True
G O O D,b u e n o,GOOD,bueno,translate_eng_sp_lower,translate_eng_sp+lowercase,True
B A D,m a l o,BAD,malo,translate_eng_sp_lower,translate_eng_sp+lowercase,True
H A P P Y,f e l i z,HAPPY,feliz,translate_eng_sp_lower,translate_eng_sp+lowercase,True
S A D,t r i s t e,SAD,triste,translate_eng_sp_lower,translate_eng_sp+lowercase,True
F A S T,r á p i d o,FAST,rápido,translate_eng_sp_lower,translate_eng_sp+lowercase,True
S L O W,l e n t o,SLOW,lento,translate_eng_sp_lower,translate_eng_sp+lowercase,True
S T R O N G,f u e r t e,STRONG,fuerte,translate_eng_sp_lower,translate_eng_sp+lowercase,True
W E A K,d é b i l,WEAK,débil,translate_eng_sp_lower,translate_eng_sp+lowercase,True
B E A U T I F U L,h e r m o s o,BEAUTIFUL,hermoso,translate_eng_sp_lower,translate_eng_sp+lowercase,True
U G L Y,f e o,UGLY,feo,translate_eng_sp_lower,translate_eng_sp+lowercase,True
Y O U N G,j o v e n,YOUNG,joven,translate_eng_sp_lower,translate_eng_sp+lowercase,True
R I C H,r i c o,RICH,rico,translate_eng_sp_lower,translate_eng_sp+lowercase,True
P O O R,p o b r e,POOR,pobre,translate_eng_sp_lower,translate_eng_sp+lowercase,True
C L E A N,l i m p i o,CLEAN,limpio,translate_eng_sp_lower,translate_eng_sp+lowercase,True
D I R T Y,s u c i o,DIRTY,sucio,translate_eng_sp_lower,translate_eng_sp+lowercase,True
E A S Y,f á c i l,EASY,fácil,translate_eng_sp_lower,translate_eng_sp+lowercase,True
D I F F I C U L T,d i f í c i l,DIFFICULT,difícil,translate_eng_sp_lower,translate_eng_sp+lowercase,True
L O N G,l a r g o,LONG,largo,translate_eng_sp_lower,translate_eng_sp+lowercase,True
S H O R T,c o r t o,SHORT,corto,translate_eng_sp_lower,translate_eng_sp+lowercase,True
H I G H,a l t o,HIGH,alto,translate_eng_sp_lower,translate_eng_sp+lowercase,True
L O W,b a j o,LOW,bajo,translate_eng_sp_lower,translate_eng_sp+lowercase,True
W I D E,a n c h o,WIDE,ancho,translate_eng_sp_lower,translate_eng_sp+lowercase,True
N A R R O W,e s t r e c h o,NARROW,estrecho,translate_eng_sp_lower,translate_eng_sp+lowercase,True
H E A V Y,p e s a d o,HEAVY,pesado,translate_eng_sp_lower,translate_eng_sp+lowercase,True
L I G H T,l i g e r o,LIGHT,ligero,translate_eng_sp_lower,translate_eng_sp+lowercase,True
F U L L,l l e n o,FULL,lleno,translate_eng_sp_lower,translate_eng_sp+lowercase,True
E M P T Y,v a c í o,EMPTY,vacío,translate_eng_sp_lower,translate_eng_sp+lowercase,True
R I G H T,d e r e c h o,RIGHT,derecho,translate_eng_sp_lower,translate_eng_sp+lowercase,True
L E F T,i z q u i e r d o,LEFT,izquierdo,translate_eng_sp_lower,translate_eng_sp+lowercase,True
U P,a r r i b a,UP,arriba,translate_eng_sp_lower,translate_eng_sp+lowercase,True
D O W N,a b a j o,DOWN,abajo,translate_eng_sp_lower,translate_eng_sp+lowercase,True
I N S I D E,d e n t r o,INSIDE,dentro,translate_eng_sp_lower,translate_eng_sp+lowercase,True
O U T S I D E,f u e r a,OUTSIDE,fuera,translate_eng_sp_lower,translate_eng_sp+lowercase,True
F R O N T,f r e n t e,FRONT,frente,translate_eng_sp_lower,translate_eng_sp+lowercase,True
B A C K,a t r á s,BACK,atrás,translate_eng_sp_lower,translate_eng_sp+lowercase,True
N E A R,c e r c a,NEAR,cerca,translate_eng_sp_lower,translate_eng_sp+lowercase,True
F A R,l e j o s,FAR,lejos,translate_eng_sp_lower,translate_eng_sp+lowercase,True
F I R S T,p r i m e r o,FIRST,primero,translate_eng_sp_lower,translate_eng_sp+lowercase,True
L A S T,ú l t i m o,LAST,último,translate_eng_sp_lower,translate_eng_sp+lowercase,True
O P E N,a b i e r t o,OPEN,abierto,translate_eng_sp_lower,translate_eng_sp+lowercase,True
C L O S E D,c e r r a d o,CLOSED,cerrado,translate_eng_sp_lower,translate_eng_sp+lowercase,True
O N E,u n o,ONE,uno,translate_eng_sp_lower,translate_eng_sp+lowercase,True
T W O,d o s,TWO,dos,translate_eng_sp_lower,translate_eng_sp+lowercase,True
T H R E E,t r e s,THREE,tres,translate_eng_sp_lower,translate_eng_sp+lowercase,True
F O U R,c u a t r o,FOUR,cuatro,translate_eng_sp_lower,translate_eng_sp+lowercase,True
F I V E,c i n c o,FIVE,cinco,translate_eng_sp_lower,translate_eng_sp+lowercase,True
S I X,s e i s,SIX,seis,translate_eng_sp_lower,translate_eng_sp+lowercase,True
S E V E N,s i e t e,SEVEN,siete,translate_eng_sp_lower,translate_eng_sp+lowercase,True
E I G H T,o c h o,EIGHT,ocho,translate_eng_sp_lower,translate_eng_sp+lowercase,True
N I N E,n u e v e,NINE,nueve,translate_eng_sp_lower,translate_eng_sp+lowercase,True
T E N,d i e z,TEN,diez,translate_eng_sp_lower,translate_eng_sp+lowercase,True
H U N D R E D,c i e n,HUNDRED,cien,translate_eng_sp_lower,translate_eng_sp+lowercase,True
T H O U S A N D,m i l,THOUSAND,mil,translate_eng_sp_lower,translate_eng_sp+lowercase,True
B R O T H E R,h e r m a n o,BROTHER,hermano,translate_eng_sp_lower,translate_eng_sp+lowercase,True
S I S T E R,h e r m a n a,SISTER,hermana,translate_eng_sp_lower,translate_eng_sp+lowercase,True
F A T H E R,p a d r e,FATHER,padre,translate_eng_sp_lower,translate_eng_sp+lowercase,True
M O T H E R,m a d r e,MOTHER,madre,translate_eng_sp_lower,translate_eng_sp+lowercase,True
S O N,h i j o,SON,hijo,translate_eng_sp_lower,translate_eng_sp+lowercase,True
D A U G H T E R,h i j a,DAUGHTER,hija,translate_eng_sp_lower,translate_eng_sp+lowercase,True
H U S B A N D,e s p o s o,HUSBAND,esposo,translate_eng_sp_lower,translate_eng_sp+lowercase,True
W I F E,e s p o s a,WIFE,esposa,translate_eng_sp_lower,translate_eng_sp+lowercase,True
G R A N D F A T H E R,a b u e l o,GRANDFATHER,abuelo,translate_eng_sp_lower,translate_eng_sp+lowercase,True
G R A N D M O T H E R,a b u e l a,GRANDMOTHER,abuela,translate_eng_sp_lower,translate_eng_sp+lowercase,True
U N C L E,t í o,UNCLE,tío,translate_eng_sp_lower,translate_eng_sp+lowercase,True
A U N T,t í a,AUNT,tía,translate_eng_sp_lower,translate_eng_sp+lowercase,True
C O U S I N,p r i m o,COUSIN,primo,translate_eng_sp_lower,translate_eng_sp+lowercase,True
K I N G,r e y,KING,rey,translate_eng_sp_lower,translate_eng_sp+lowercase,True
Q U E E N,r e i n a,QUEEN,reina,translate_eng_sp_lower,translate_eng_sp+lowercase,True
P R I N C E,p r í n c i p e,PRINCE,príncipe,translate_eng_sp_lower,translate_eng_sp+lowercase,True
P R I N C E S S,p r i n c e s a,PRINCESS,princesa,translate_eng_sp_lower,translate_eng_sp+lowercase,True
M A N,h o m b r e,MAN,hombre,translate_eng_sp_lower,translate_eng_sp+lowercase,True
W O M A N,m u j e r,WOMAN,mujer,translate_eng_sp_lower,translate_eng_sp+lowercase,True
G I R L,n i ñ a,GIRL,niña,translate_eng_sp_lower,translate_eng_sp+lowercase,True
B A B Y,b e b é,BABY,bebé,translate_eng_sp_lower,translate_eng_sp+lowercase,True
D O C T O R,m é d i c o,DOCTOR,médico,translate_eng_sp_lower,translate_eng_sp+lowercase,True
N U R S E,e n f e r m e r a,NURSE,enfermera,translate_eng_sp_lower,translate_eng_sp+lowercase,True
L A W Y E R,a b o g a d o,LAWYER,abogado,translate_eng_sp_lower,translate_eng_sp+lowercase,True
P O L I C E,p o l i c í a,POLICE,policía,translate_eng_sp_lower,translate_eng_sp+lowercase,True
S O L D I E R,s o l d a d o,SOLDIER,soldado,translate_eng_sp_lower,translate_eng_sp+lowercase,True
F A R M E R,g r a n j e r o,FARMER,granjero,translate_eng_sp_lower,translate_eng_sp+lowercase,True
W O R K E R,t r a b a j a d o r,WORKER,trabajador,translate_eng_sp_lower,translate_eng_sp+lowercase,True
A R T I S T,a r t i s t a,ARTIST,artista,translate_eng_sp_lower,translate_eng_sp+lowercase,True
M U S I C I A N,m ú s i c o,MUSICIAN,músico,translate_eng_sp_lower,translate_eng_sp+lowercase,True
S I N G E R,c a n t a n t e,SINGER,cantante,translate_eng_sp_lower,translate_eng_sp+lowercase,True
h e l l o,a l o h,hello,aloh,translate_eng_sp_reverse,translate_eng_sp+reverse,True
g o o d b y e,s ó i d a,goodbye,sóida,translate_eng_sp_reverse,translate_eng_sp+reverse,True
t h a n k   y o u,s a i c a r g,thank you,saicarg,translate_eng_sp_reverse,translate_eng_sp+reverse,True
p l e a s e,r o v a f   r o p,please,rovaf rop,translate_eng_sp_reverse,translate_eng_sp+reverse,True
y e s,í s,yes,ís,translate_eng_sp_reverse,translate_eng_sp+reverse,True
w a t e r,a u g a,water,auga,translate_eng_sp_reverse,translate_eng_sp+reverse,True
h o u s e,a s a c,house,asac,translate_eng_sp_reverse,translate_eng_sp+reverse,True
c a t,o t a g,cat,otag,translate_eng_sp_reverse,translate_eng_sp+reverse,True
d o g,o r r e p,dog,orrep,translate_eng_sp_reverse,translate_eng_sp+reverse,True
g o o d   m o r n i n g,s a í d   s o n e u b,good morning,saíd soneub,translate_eng_sp_reverse,translate_eng_sp+reverse,True
g o o d   e v e n i n g,s e d r a t   s a n e u b,good evening,sedrat saneub,translate_eng_sp_reverse,translate_eng_sp+reverse,True
g o o d   n i g h t,s e h c o n   s a n e u b,good night,sehcon saneub,translate_eng_sp_reverse,translate_eng_sp+reverse,True
h o w   a r e   y o u,s á t s e   o m ó c,how are you,sátse omóc,translate_eng_sp_reverse,translate_eng_sp+reverse,True
i   l o v e   y o u,o r e i u q   e t,i love you,oreiuq et,translate_eng_sp_reverse,translate_eng_sp+reverse,True
f r i e n d,o g i m a,friend,ogima,translate_eng_sp_reverse,translate_eng_sp+reverse,True
f a m i l y,a i l i m a f,family,ailimaf,translate_eng_sp_reverse,translate_eng_sp+reverse,True
f o o d,a d i m o c,food,adimoc,translate_eng_sp_reverse,translate_eng_sp+reverse,True
b o o k,o r b i l,book,orbil,translate_eng_sp_reverse,translate_eng_sp+reverse,True
c a r,e h c o c,car,ehcoc,translate_eng_sp_reverse,translate_eng_sp+reverse,True
t r e e,l o b r á,tree,lobrá,translate_eng_sp_reverse,translate_eng_sp+reverse,True
f l o w e r,r o l f,flower,rolf,translate_eng_sp_reverse,translate_eng_sp+reverse,True
s u n,l o s,sun,los,translate_eng_sp_reverse,translate_eng_sp+reverse,True
m o o n,a n u l,moon,anul,translate_eng_sp_reverse,translate_eng_sp+reverse,True
s t a r,a l l e r t s e,star,allertse,translate_eng_sp_reverse,translate_eng_sp+reverse,True
b r e a d,n a p,bread,nap,translate_eng_sp_reverse,translate_eng_sp+reverse,True
c h e e s e,o s e u q,cheese,oseuq,translate_eng_sp_reverse,translate_eng_sp+reverse,True
w i n e,o n i v,wine,oniv,translate_eng_sp_reverse,translate_eng_sp+reverse,True
t e a,é t,tea,ét,translate_eng_sp_reverse,translate_eng_sp+reverse,True
m i l k,e h c e l,milk,ehcel,translate_eng_sp_reverse,translate_eng_sp+reverse,True
s u g a r,r a c ú z a,sugar,racúza,translate_eng_sp_reverse,translate_eng_sp+reverse,True
s a l t,l a s,salt,las,translate_eng_sp_reverse,translate_eng_sp+reverse,True
p e p p e r,a t n e i m i p,pepper,atneimip,translate_eng_sp_reverse,translate_eng_sp+reverse,True
t a b l e,a s e m,table,asem,translate_eng_sp_reverse,translate_eng_sp+reverse,True
c h a i r,a l l i s,chair,allis,translate_eng_sp_reverse,translate_eng_sp+reverse,True
d o o r,a t r e u p,door,atreup,translate_eng_sp_reverse,translate_eng_sp+reverse,True
w i n d o w,a n a t n e v,window,anatnev,translate_eng_sp_reverse,translate_eng_sp+reverse,True
s t r e e t,e l l a c,street,ellac,translate_eng_sp_reverse,translate_eng_sp+reverse,True
c i t y,d a d u i c,city,daduic,translate_eng_sp_reverse,translate_eng_sp+reverse,True
c o u n t r y,s í a p,country,síap,translate_eng_sp_reverse,translate_eng_sp+reverse,True
w o r l d,o d n u m,world,odnum,translate_eng_sp_reverse,translate_eng_sp+reverse,True
t i m e,o p m e i t,time,opmeit,translate_eng_sp_reverse,translate_eng_sp+reverse,True
d a y,a í d,day,aíd,translate_eng_sp_reverse,translate_eng_sp+reverse,True
n i g h t,e h c o n,night,ehcon,translate_eng_sp_reverse,translate_eng_sp+reverse,True
w e e k,a n a m e s,week,anames,translate_eng_sp_reverse,translate_eng_sp+reverse,True
m o n t h,s e m,month,sem,translate_eng_sp_reverse,translate_eng_sp+reverse,True
y e a r,o ñ a,year,oña,translate_eng_sp_reverse,translate_eng_sp+reverse,True
t o d a y,y o h,today,yoh,translate_eng_sp_reverse,translate_eng_sp+reverse,True
t o m o r r o w,a n a ñ a m,tomorrow,anañam,translate_eng_sp_reverse,translate_eng_sp+reverse,True
y e s t e r d a y,r e y a,yesterday,reya,translate_eng_sp_reverse,translate_eng_sp+reverse,True
c h i l d,o ñ i n,child,oñin,translate_eng_sp_reverse,translate_eng_sp+reverse,True
s c h o o l,a l e u c s e,school,aleucse,translate_eng_sp_reverse,translate_eng_sp+reverse,True
s t u d e n t,e t n a i d u t s e,student,etnaidutse,translate_eng_sp_reverse,translate_eng_sp+reverse,True
t e a c h e r,r o s e f o r p,teacher,roseforp,translate_eng_sp_reverse,translate_eng_sp+reverse,True
a p p l e,a n a z n a m,apple,anaznam,translate_eng_sp_reverse,translate_eng_sp+reverse,True
o r a n g e,a j n a r a n,orange,ajnaran,translate_eng_sp_reverse,translate_eng_sp+reverse,True
f i s h,z e p,fish,zep,translate_eng_sp_reverse,translate_eng_sp+reverse,True
b i r d,o r a j á p,bird,orajáp,translate_eng_sp_reverse,translate_eng_sp+reverse,True
h o r s e,o l l a b a c,horse,ollabac,translate_eng_sp_reverse,translate_eng_sp+reverse,True
l e t t e r,a t r a c,letter,atrac,translate_eng_sp_reverse,translate_eng_sp+reverse,True
w o r d,a r b a l a p,word,arbalap,translate_eng_sp_reverse,translate_eng_sp+reverse,True
s e n t e n c e,e s a r f,sentence,esarf,translate_eng_sp_reverse,translate_eng_sp+reverse,True
p a g e,a n i g á p,page,anigáp,translate_eng_sp_reverse,translate_eng_sp+reverse,True
m u s i c,a c i s ú m,music,acisúm,translate_eng_sp_reverse,translate_eng_sp+reverse,True
s o n g,n ó i c n a c,song,nóicnac,translate_eng_sp_reverse,translate_eng_sp+reverse,True
d a n c e,e l i a b,dance,eliab,translate_eng_sp_reverse,translate_eng_sp+reverse,True
g a m e,o g e u j,game,ogeuj,translate_eng_sp_reverse,translate_eng_sp+reverse,True
s p o r t,e t r o p e d,sport,etroped,translate_eng_sp_reverse,translate_eng_sp+reverse,True
b a l l,a t o l e p,ball,atolep,translate_eng_sp_reverse,translate_eng_sp+reverse,True
h a n d,o n a m,hand,onam,translate_eng_sp_reverse,translate_eng_sp+reverse,True
f o o t,e i p,foot,eip,translate_eng_sp_reverse,translate_eng_sp+reverse,True
h e a d,a z e b a c,head,azebac,translate_eng_sp_reverse,translate_eng_sp+reverse,True
e y e,o j o,eye,ojo,translate_eng_sp_reverse,translate_eng_sp+reverse,True
e a r,a j e r o,ear,ajero,translate_eng_sp_reverse,translate_eng_sp+reverse,True
n o s e,z i r a n,nose,ziran,translate_eng_sp_reverse,translate_eng_sp+reverse,True
m o u t h,a c o b,mouth,acob,translate_eng_sp_reverse,translate_eng_sp+reverse,True
h e a r t,n ó z a r o c,heart,nózaroc,translate_eng_sp_reverse,translate_eng_sp+reverse,True
b r a i n,o r b e r e c,brain,orberec,translate_eng_sp_reverse,translate_eng_sp+reverse,True
b o d y,o p r e u c,body,opreuc,translate_eng_sp_reverse,translate_eng_sp+reverse,True
r e d,o j o r,red,ojor,translate_eng_sp_reverse,translate_eng_sp+reverse,True
b l u e,l u z a,blue,luza,translate_eng_sp_reverse,translate_eng_sp+reverse,True
g r e e n,e d r e v,green,edrev,translate_eng_sp_reverse,translate_eng_sp+reverse,True
y e l l o w,o l l i r a m a,yellow,ollirama,translate_eng_sp_reverse,translate_eng_sp+reverse,True
b l a c k,o r g e n,black,orgen,translate_eng_sp_reverse,translate_eng_sp+reverse,True
w h i t e,o c n a l b,white,ocnalb,translate_eng_sp_reverse,translate_eng_sp+reverse,True
p u r p l e,o d a r o m,purple,odarom,translate_eng_sp_reverse,translate_eng_sp+reverse,True
p i n k,a s o r,pink,asor,translate_eng_sp_reverse,translate_eng_sp+reverse,True
g r a y,s i r g,gray,sirg,translate_eng_sp_reverse,translate_eng_sp+reverse,True
b r o w n,n ó r r a m,brown,nórram,translate_eng_sp_reverse,translate_eng_sp+reverse,True
b i g,e d n a r g,big,ednarg,translate_eng_sp_reverse,translate_eng_sp+reverse,True
s m a l l,o ñ e u q e p,small,oñeuqep,translate_eng_sp_reverse,translate_eng_sp+reverse,True
h o t,e t n e i l a c,hot,etneilac,translate_eng_sp_reverse,translate_eng_sp+reverse,True
c o l d,o í r f,cold,oírf,translate_eng_sp_reverse,translate_eng_sp+reverse,True
n e w,o v e u n,new,oveun,translate_eng_sp_reverse,translate_eng_sp+reverse,True
o l d,o j e i v,old,ojeiv,translate_eng_sp_reverse,translate_eng_sp+reverse,True
g o o d,o n e u b,good,oneub,translate_eng_sp_reverse,translate_eng_sp+reverse,True
b a d,o l a m,bad,olam,translate_eng_sp_reverse,translate_eng_sp+reverse,True
h a p p y,z i l e f,happy,zilef,translate_eng_sp_reverse,translate_eng_sp+reverse,True
s a d,e t s i r t,sad,etsirt,translate_eng_sp_reverse,translate_eng_sp+reverse,True
f a s t,o d i p á r,fast,odipár,translate_eng_sp_reverse,translate_eng_sp+reverse,True
s l o w,o t n e l,slow,otnel,translate_eng_sp_reverse,translate_eng_sp+reverse,True
s t r o n g,e t r e u f,strong,etreuf,translate_eng_sp_reverse,translate_eng_sp+reverse,True
w e a k,l i b é d,weak,libéd,translate_eng_sp_reverse,translate_eng_sp+reverse,True
b e a u t i f u l,o s o m r e h,beautiful,osomreh,translate_eng_sp_reverse,translate_eng_sp+reverse,True
u g l y,o e f,ugly,oef,translate_eng_sp_reverse,translate_eng_sp+reverse,True
y o u n g,n e v o j,young,nevoj,translate_eng_sp_reverse,translate_eng_sp+reverse,True
r i c h,o c i r,rich,ocir,translate_eng_sp_reverse,translate_eng_sp+reverse,True
p o o r,e r b o p,poor,erbop,translate_eng_sp_reverse,translate_eng_sp+reverse,True
c l e a n,o i p m i l,clean,oipmil,translate_eng_sp_reverse,translate_eng_sp+reverse,True
d i r t y,o i c u s,dirty,oicus,translate_eng_sp_reverse,translate_eng_sp+reverse,True
e a s y,l i c á f,easy,licáf,translate_eng_sp_reverse,translate_eng_sp+reverse,True
d i f f i c u l t,l i c í f i d,difficult,licífid,translate_eng_sp_reverse,translate_eng_sp+reverse,True
l o n g,o g r a l,long,ogral,translate_eng_sp_reverse,translate_eng_sp+reverse,True
s h o r t,o t r o c,short,otroc,translate_eng_sp_reverse,translate_eng_sp+reverse,True
h i g h,o t l a,high,otla,translate_eng_sp_reverse,translate_eng_sp+reverse,True
l o w,o j a b,low,ojab,translate_eng_sp_reverse,translate_eng_sp+reverse,True
w i d e,o h c n a,wide,ohcna,translate_eng_sp_reverse,translate_eng_sp+reverse,True
n a r r o w,o h c e r t s e,narrow,ohcertse,translate_eng_sp_reverse,translate_eng_sp+reverse,True
h e a v y,o d a s e p,heavy,odasep,translate_eng_sp_reverse,translate_eng_sp+reverse,True
l i g h t,o r e g i l,light,oregil,translate_eng_sp_reverse,translate_eng_sp+reverse,True
f u l l,o n e l l,full,onell,translate_eng_sp_reverse,translate_eng_sp+reverse,True
e m p t y,o í c a v,empty,oícav,translate_eng_sp_reverse,translate_eng_sp+reverse,True
r i g h t,o h c e r e d,right,ohcered,translate_eng_sp_reverse,translate_eng_sp+reverse,True
l e f t,o d r e i u q z i,left,odreiuqzi,translate_eng_sp_reverse,translate_eng_sp+reverse,True
u p,a b i r r a,up,abirra,translate_eng_sp_reverse,translate_eng_sp+reverse,True
d o w n,o j a b a,down,ojaba,translate_eng_sp_reverse,translate_eng_sp+reverse,True
i n s i d e,o r t n e d,inside,ortned,translate_eng_sp_reverse,translate_eng_sp+reverse,True
o u t s i d e,a r e u f,outside,areuf,translate_eng_sp_reverse,translate_eng_sp+reverse,True
f r o n t,e t n e r f,front,etnerf,translate_eng_sp_reverse,translate_eng_sp+reverse,True
b a c k,s á r t a,back,sárta,translate_eng_sp_reverse,translate_eng_sp+reverse,True
n e a r,a c r e c,near,acrec,translate_eng_sp_reverse,translate_eng_sp+reverse,True
f a r,s o j e l,far,sojel,translate_eng_sp_reverse,translate_eng_sp+reverse,True
f i r s t,o r e m i r p,first,oremirp,translate_eng_sp_reverse,translate_eng_sp+reverse,True
l a s t,o m i t l ú,last,omitlú,translate_eng_sp_reverse,translate_eng_sp+reverse,True
o p e n,o t r e i b a,open,otreiba,translate_eng_sp_reverse,translate_eng_sp+reverse,True
c l o s e d,o d a r r e c,closed,odarrec,translate_eng_sp_reverse,translate_eng_sp+reverse,True
o n e,o n u,one,onu,translate_eng_sp_reverse,translate_eng_sp+reverse,True
t w o,s o d,two,sod,translate_eng_sp_reverse,translate_eng_sp+reverse,True
t h r e e,s e r t,three,sert,translate_eng_sp_reverse,translate_eng_sp+reverse,True
f o u r,o r t a u c,four,ortauc,translate_eng_sp_reverse,translate_eng_sp+reverse,True
f i v e,o c n i c,five,ocnic,translate_eng_sp_reverse,translate_eng_sp+reverse,True
s i x,s i e s,six,sies,translate_eng_sp_reverse,translate_eng_sp+reverse,True
s e v e n,e t e i s,seven,eteis,translate_eng_sp_reverse,translate_eng_sp+reverse,True
e i g h t,o h c o,eight,ohco,translate_eng_sp_reverse,translate_eng_sp+reverse,True
n i n e,e v e u n,nine,eveun,translate_eng_sp_reverse,translate_eng_sp+reverse,True
t e n,z e i d,ten,zeid,translate_eng_sp_reverse,translate_eng_sp+reverse,True
h u n d r e d,n e i c,hundred,neic,translate_eng_sp_reverse,translate_eng_sp+reverse,True
t h o u s a n d,l i m,thousand,lim,translate_eng_sp_reverse,translate_eng_sp+reverse,True
b r o t h e r,o n a m r e h,brother,onamreh,translate_eng_sp_reverse,translate_eng_sp+reverse,True
s i s t e r,a n a m r e h,sister,anamreh,translate_eng_sp_reverse,translate_eng_sp+reverse,True
f a t h e r,e r d a p,father,erdap,translate_eng_sp_reverse,translate_eng_sp+reverse,True
m o t h e r,e r d a m,mother,erdam,translate_eng_sp_reverse,translate_eng_sp+reverse,True
s o n,o j i h,son,ojih,translate_eng_sp_reverse,translate_eng_sp+reverse,True
d a u g h t e r,a j i h,daughter,ajih,translate_eng_sp_reverse,translate_eng_sp+reverse,True
h u s b a n d,o s o p s e,husband,osopse,translate_eng_sp_reverse,translate_eng_sp+reverse,True
w i f e,a s o p s e,wife,asopse,translate_eng_sp_reverse,translate_eng_sp+reverse,True
g r a n d f a t h e r,o l e u b a,grandfather,oleuba,translate_eng_sp_reverse,translate_eng_sp+reverse,True
g r a n d m o t h e r,a l e u b a,grandmother,aleuba,translate_eng_sp_reverse,translate_eng_sp+reverse,True
u n c l e,o í t,uncle,oít,translate_eng_sp_reverse,translate_eng_sp+reverse,True
a u n t,a í t,aunt,aít,translate_eng_sp_reverse,translate_eng_sp+reverse,True
c o u s i n,o m i r p,cousin,omirp,translate_eng_sp_reverse,translate_eng_sp+reverse,True
k i n g,y e r,king,yer,translate_eng_sp_reverse,translate_eng_sp+reverse,True
q u e e n,a n i e r,queen,anier,translate_eng_sp_reverse,translate_eng_sp+reverse,True
p r i n c e,e p i c n í r p,prince,epicnírp,translate_eng_sp_reverse,translate_eng_sp+reverse,True
p r i n c e s s,a s e c n i r p,princess,asecnirp,translate_eng_sp_reverse,translate_eng_sp+reverse,True
m a n,e r b m o h,man,erbmoh,translate_eng_sp_reverse,translate_eng_sp+reverse,True
w o m a n,r e j u m,woman,rejum,translate_eng_sp_reverse,translate_eng_sp+reverse,True
g i r l,a ñ i n,girl,añin,translate_eng_sp_reverse,translate_eng_sp+reverse,True
b a b y,é b e b,baby,ébeb,translate_eng_sp_reverse,translate_eng_sp+reverse,True
d o c t o r,o c i d é m,doctor,ocidém,translate_eng_sp_reverse,translate_eng_sp+reverse,True
n u r s e,a r e m r e f n e,nurse,aremrefne,translate_eng_sp_reverse,translate_eng_sp+reverse,True
l a w y e r,o d a g o b a,lawyer,odagoba,translate_eng_sp_reverse,translate_eng_sp+reverse,True
p o l i c e,a í c i l o p,police,aícilop,translate_eng_sp_reverse,translate_eng_sp+reverse,True
s o l d i e r,o d a d l o s,soldier,odadlos,translate_eng_sp_reverse,translate_eng_sp+reverse,True
f a r m e r,o r e j n a r g,farmer,orejnarg,translate_eng_sp_reverse,translate_eng_sp+reverse,True
w o r k e r,r o d a j a b a r t,worker,rodajabart,translate_eng_sp_reverse,translate_eng_sp+reverse,True
a r t i s t,a t s i t r a,artist,atsitra,translate_eng_sp_reverse,translate_eng_sp+reverse,True
m u s i c i a n,o c i s ú m,musician,ocisúm,translate_eng_sp_reverse,translate_eng_sp+reverse,True
s i n g e r,e t n a t n a c,singer,etnatnac,translate_eng_sp_reverse,translate_eng_sp+reverse,True
h e l l o,h,hello,h,translate_eng_sp_first,translate_eng_sp+first_letter,True
g o o d b y e,a,goodbye,a,translate_eng_sp_first,translate_eng_sp+first_letter,True
t h a n k   y o u,g,thank you,g,translate_eng_sp_first,translate_eng_sp+first_letter,True
p l e a s e,p,please,p,translate_eng_sp_first,translate_eng_sp+first_letter,True
y e s,s,yes,s,translate_eng_sp_first,translate_eng_sp+first_letter,True
w a t e r,a,water,a,translate_eng_sp_first,translate_eng_sp+first_letter,True
h o u s e,c,house,c,translate_eng_sp_first,translate_eng_sp+first_letter,True
c a t,g,cat,g,translate_eng_sp_first,translate_eng_sp+first_letter,True
d o g,p,dog,p,translate_eng_sp_first,translate_eng_sp+first_letter,True
g o o d   m o r n i n g,b,good morning,b,translate_eng_sp_first,translate_eng_sp+first_letter,True
g o o d   e v e n i n g,b,good evening,b,translate_eng_sp_first,translate_eng_sp+first_letter,True
g o o d   n i g h t,b,good night,b,translate_eng_sp_first,translate_eng_sp+first_letter,True
h o w   a r e   y o u,c,how are you,c,translate_eng_sp_first,translate_eng_sp+first_letter,True
i   l o v e   y o u,t,i love you,t,translate_eng_sp_first,translate_eng_sp+first_letter,True
f r i e n d,a,friend,a,translate_eng_sp_first,translate_eng_sp+first_letter,True
f a m i l y,f,family,f,translate_eng_sp_first,translate_eng_sp+first_letter,True
f o o d,c,food,c,translate_eng_sp_first,translate_eng_sp+first_letter,True
b o o k,l,book,l,translate_eng_sp_first,translate_eng_sp+first_letter,True
c a r,c,car,c,translate_eng_sp_first,translate_eng_sp+first_letter,True
t r e e,á,tree,á,translate_eng_sp_first,translate_eng_sp+first_letter,True
f l o w e r,f,flower,f,translate_eng_sp_first,translate_eng_sp+first_letter,True
s u n,s,sun,s,translate_eng_sp_first,translate_eng_sp+first_letter,True
m o o n,l,moon,l,translate_eng_sp_first,translate_eng_sp+first_letter,True
s t a r,e,star,e,translate_eng_sp_first,translate_eng_sp+first_letter,True
b r e a d,p,bread,p,translate_eng_sp_first,translate_eng_sp+first_letter,True
c h e e s e,q,cheese,q,translate_eng_sp_first,translate_eng_sp+first_letter,True
w i n e,v,wine,v,translate_eng_sp_first,translate_eng_sp+first_letter,True
t e a,t,tea,t,translate_eng_sp_first,translate_eng_sp+first_letter,True
m i l k,l,milk,l,translate_eng_sp_first,translate_eng_sp+first_letter,True
s u g a r,a,sugar,a,translate_eng_sp_first,translate_eng_sp+first_letter,True
s a l t,s,salt,s,translate_eng_sp_first,translate_eng_sp+first_letter,True
p e p p e r,p,pepper,p,translate_eng_sp_first,translate_eng_sp+first_letter,True
t a b l e,m,table,m,translate_eng_sp_first,translate_eng_sp+first_letter,True
c h a i r,s,chair,s,translate_eng_sp_first,translate_eng_sp+first_letter,True
d o o r,p,door,p,translate_eng_sp_first,translate_eng_sp+first_letter,True
w i n d o w,v,window,v,translate_eng_sp_first,translate_eng_sp+first_letter,True
s t r e e t,c,street,c,translate_eng_sp_first,translate_eng_sp+first_letter,True
c i t y,c,city,c,translate_eng_sp_first,translate_eng_sp+first_letter,True
c o u n t r y,p,country,p,translate_eng_sp_first,translate_eng_sp+first_letter,True
w o r l d,m,world,m,translate_eng_sp_first,translate_eng_sp+first_letter,True
t i m e,t,time,t,translate_eng_sp_first,translate_eng_sp+first_letter,True
d a y,d,day,d,translate_eng_sp_first,translate_eng_sp+first_letter,True
n i g h t,n,night,n,translate_eng_sp_first,translate_eng_sp+first_letter,True
w e e k,s,week,s,translate_eng_sp_first,translate_eng_sp+first_letter,True
m o n t h,m,month,m,translate_eng_sp_first,translate_eng_sp+first_letter,True
y e a r,a,year,a,translate_eng_sp_first,translate_eng_sp+first_letter,True
t o d a y,h,today,h,translate_eng_sp_first,translate_eng_sp+first_letter,True
t o m o r r o w,m,tomorrow,m,translate_eng_sp_first,translate_eng_sp+first_letter,True
y e s t e r d a y,a,yesterday,a,translate_eng_sp_first,translate_eng_sp+first_letter,True
c h i l d,n,child,n,translate_eng_sp_first,translate_eng_sp+first_letter,True
s c h o o l,e,school,e,translate_eng_sp_first,translate_eng_sp+first_letter,True
s t u d e n t,e,student,e,translate_eng_sp_first,translate_eng_sp+first_letter,True
t e a c h e r,p,teacher,p,translate_eng_sp_first,translate_eng_sp+first_letter,True
a p p l e,m,apple,m,translate_eng_sp_first,translate_eng_sp+first_letter,True
o r a n g e,n,orange,n,translate_eng_sp_first,translate_eng_sp+first_letter,True
f i s h,p,fish,p,translate_eng_sp_first,translate_eng_sp+first_letter,True
b i r d,p,bird,p,translate_eng_sp_first,translate_eng_sp+first_letter,True
h o r s e,c,horse,c,translate_eng_sp_first,translate_eng_sp+first_letter,True
l e t t e r,c,letter,c,translate_eng_sp_first,translate_eng_sp+first_letter,True
w o r d,p,word,p,translate_eng_sp_first,translate_eng_sp+first_letter,True
s e n t e n c e,f,sentence,f,translate_eng_sp_first,translate_eng_sp+first_letter,True
p a g e,p,page,p,translate_eng_sp_first,translate_eng_sp+first_letter,True
m u s i c,m,music,m,translate_eng_sp_first,translate_eng_sp+first_letter,True
s o n g,c,song,c,translate_eng_sp_first,translate_eng_sp+first_letter,True
d a n c e,b,dance,b,translate_eng_sp_first,translate_eng_sp+first_letter,True
g a m e,j,game,j,translate_eng_sp_first,translate_eng_sp+first_letter,True
s p o r t,d,sport,d,translate_eng_sp_first,translate_eng_sp+first_letter,True
b a l l,p,ball,p,translate_eng_sp_first,translate_eng_sp+first_letter,True
h a n d,m,hand,m,translate_eng_sp_first,translate_eng_sp+first_letter,True
f o o t,p,foot,p,translate_eng_sp_first,translate_eng_sp+first_letter,True
h e a d,c,head,c,translate_eng_sp_first,translate_eng_sp+first_letter,True
e y e,o,eye,o,translate_eng_sp_first,translate_eng_sp+first_letter,True
e a r,o,ear,o,translate_eng_sp_first,translate_eng_sp+first_letter,True
n o s e,n,nose,n,translate_eng_sp_first,translate_eng_sp+first_letter,True
m o u t h,b,mouth,b,translate_eng_sp_first,translate_eng_sp+first_letter,True
h e a r t,c,heart,c,translate_eng_sp_first,translate_eng_sp+first_letter,True
b r a i n,c,brain,c,translate_eng_sp_first,translate_eng_sp+first_letter,True
b o d y,c,body,c,translate_eng_sp_first,translate_eng_sp+first_letter,True
r e d,r,red,r,translate_eng_sp_first,translate_eng_sp+first_letter,True
b l u e,a,blue,a,translate_eng_sp_first,translate_eng_sp+first_letter,True
g r e e n,v,green,v,translate_eng_sp_first,translate_eng_sp+first_letter,True
y e l l o w,a,yellow,a,translate_eng_sp_first,translate_eng_sp+first_letter,True
b l a c k,n,black,n,translate_eng_sp_first,translate_eng_sp+first_letter,True
w h i t e,b,white,b,translate_eng_sp_first,translate_eng_sp+first_letter,True
p u r p l e,m,purple,m,translate_eng_sp_first,translate_eng_sp+first_letter,True
p i n k,r,pink,r,translate_eng_sp_first,translate_eng_sp+first_letter,True
g r a y,g,gray,g,translate_eng_sp_first,translate_eng_sp+first_letter,True
b r o w n,m,brown,m,translate_eng_sp_first,translate_eng_sp+first_letter,True
b i g,g,big,g,translate_eng_sp_first,translate_eng_sp+first_letter,True
s m a l l,p,small,p,translate_eng_sp_first,translate_eng_sp+first_letter,True
h o t,c,hot,c,translate_eng_sp_first,translate_eng_sp+first_letter,True
c o l d,f,cold,f,translate_eng_sp_first,translate_eng_sp+first_letter,True
n e w,n,new,n,translate_eng_sp_first,translate_eng_sp+first_letter,True
o l d,v,old,v,translate_eng_sp_first,translate_eng_sp+first_letter,True
g o o d,b,good,b,translate_eng_sp_first,translate_eng_sp+first_letter,True
b a d,m,bad,m,translate_eng_sp_first,translate_eng_sp+first_letter,True
h a p p y,f,happy,f,translate_eng_sp_first,translate_eng_sp+first_letter,True
s a d,t,sad,t,translate_eng_sp_first,translate_eng_sp+first_letter,True
f a s t,r,fast,r,translate_eng_sp_first,translate_eng_sp+first_letter,True
s l o w,l,slow,l,translate_eng_sp_first,translate_eng_sp+first_letter,True
s t r o n g,f,strong,f,translate_eng_sp_first,translate_eng_sp+first_letter,True
w e a k,d,weak,d,translate_eng_sp_first,translate_eng_sp+first_letter,True
b e a u t i f u l,h,beautiful,h,translate_eng_sp_first,translate_eng_sp+first_letter,True
u g l y,f,ugly,f,translate_eng_sp_first,translate_eng_sp+first_letter,True
y o u n g,j,young,j,translate_eng_sp_first,translate_eng_sp+first_letter,True
r i c h,r,rich,r,translate_eng_sp_first,translate_eng_sp+first_letter,True
p o o r,p,poor,p,translate_eng_sp_first,translate_eng_sp+first_letter,True
c l e a n,l,clean,l,translate_eng_sp_first,translate_eng_sp+first_letter,True
d i r t y,s,dirty,s,translate_eng_sp_first,translate_eng_sp+first_letter,True
e a s y,f,easy,f,translate_eng_sp_first,translate_eng_sp+first_letter,True
d i f f i c u l t,d,difficult,d,translate_eng_sp_first,translate_eng_sp+first_letter,True
l o n g,l,long,l,translate_eng_sp_first,translate_eng_sp+first_letter,True
s h o r t,c,short,c,translate_eng_sp_first,translate_eng_sp+first_letter,True
h i g h,a,high,a,translate_eng_sp_first,translate_eng_sp+first_letter,True
l o w,b,low,b,translate_eng_sp_first,translate_eng_sp+first_letter,True
w i d e,a,wide,a,translate_eng_sp_first,translate_eng_sp+first_letter,True
n a r r o w,e,narrow,e,translate_eng_sp_first,translate_eng_sp+first_letter,True
h e a v y,p,heavy,p,translate_eng_sp_first,translate_eng_sp+first_letter,True
l i g h t,l,light,l,translate_eng_sp_first,translate_eng_sp+first_letter,True
f u l l,l,full,l,translate_eng_sp_first,translate_eng_sp+first_letter,True
e m p t y,v,empty,v,translate_eng_sp_first,translate_eng_sp+first_letter,True
r i g h t,d,right,d,translate_eng_sp_first,translate_eng_sp+first_letter,True
l e f t,i,left,i,translate_eng_sp_first,translate_eng_sp+first_letter,True
u p,a,up,a,translate_eng_sp_first,translate_eng_sp+first_letter,True
d o w n,a,down,a,translate_eng_sp_first,translate_eng_sp+first_letter,True
i n s i d e,d,inside,d,translate_eng_sp_first,translate_eng_sp+first_letter,True
o u t s i d e,f,outside,f,translate_eng_sp_first,translate_eng_sp+first_letter,True
f r o n t,f,front,f,translate_eng_sp_first,translate_eng_sp+first_letter,True
b a c k,a,back,a,translate_eng_sp_first,translate_eng_sp+first_letter,True
n e a r,c,near,c,translate_eng_sp_first,translate_eng_sp+first_letter,True
f a r,l,far,l,translate_eng_sp_first,translate_eng_sp+first_letter,True
f i r s t,p,first,p,translate_eng_sp_first,translate_eng_sp+first_letter,True
l a s t,ú,last,ú,translate_eng_sp_first,translate_eng_sp+first_letter,True
o p e n,a,open,a,translate_eng_sp_first,translate_eng_sp+first_letter,True
c l o s e d,c,closed,c,translate_eng_sp_first,translate_eng_sp+first_letter,True
o n e,u,one,u,translate_eng_sp_first,translate_eng_sp+first_letter,True
t w o,d,two,d,translate_eng_sp_first,translate_eng_sp+first_letter,True
t h r e e,t,three,t,translate_eng_sp_first,translate_eng_sp+first_letter,True
f o u r,c,four,c,translate_eng_sp_first,translate_eng_sp+first_letter,True
f i v e,c,five,c,translate_eng_sp_first,translate_eng_sp+first_letter,True
s i x,s,six,s,translate_eng_sp_first,translate_eng_sp+first_letter,True
s e v e n,s,seven,s,translate_eng_sp_first,translate_eng_sp+first_letter,True
e i g h t,o,eight,o,translate_eng_sp_first,translate_eng_sp+first_letter,True
n i n e,n,nine,n,translate_eng_sp_first,translate_eng_sp+first_letter,True
t e n,d,ten,d,translate_eng_sp_first,translate_eng_sp+first_letter,True
h u n d r e d,c,hundred,c,translate_eng_sp_first,translate_eng_sp+first_letter,True
t h o u s a n d,m,thousand,m,translate_eng_sp_first,translate_eng_sp+first_letter,True
b r o t h e r,h,brother,h,translate_eng_sp_first,translate_eng_sp+first_letter,True
s i s t e r,h,sister,h,translate_eng_sp_first,translate_eng_sp+first_letter,True
f a t h e r,p,father,p,translate_eng_sp_first,translate_eng_sp+first_letter,True
m o t h e r,m,mother,m,translate_eng_sp_first,translate_eng_sp+first_letter,True
s o n,h,son,h,translate_eng_sp_first,translate_eng_sp+first_letter,True
d a u g h t e r,h,daughter,h,translate_eng_sp_first,translate_eng_sp+first_letter,True
h u s b a n d,e,husband,e,translate_eng_sp_first,translate_eng_sp+first_letter,True
w i f e,e,wife,e,translate_eng_sp_first,translate_eng_sp+first_letter,True
g r a n d f a t h e r,a,grandfather,a,translate_eng_sp_first,translate_eng_sp+first_letter,True
g r a n d m o t h e r,a,grandmother,a,translate_eng_sp_first,translate_eng_sp+first_letter,True
u n c l e,t,uncle,t,translate_eng_sp_first,translate_eng_sp+first_letter,True
a u n t,t,aunt,t,translate_eng_sp_first,translate_eng_sp+first_letter,True
c o u s i n,p,cousin,p,translate_eng_sp_first,translate_eng_sp+first_letter,True
k i n g,r,king,r,translate_eng_sp_first,translate_eng_sp+first_letter,True
q u e e n,r,queen,r,translate_eng_sp_first,translate_eng_sp+first_letter,True
p r i n c e,p,prince,p,translate_eng_sp_first,translate_eng_sp+first_letter,True
p r i n c e s s,p,princess,p,translate_eng_sp_first,translate_eng_sp+first_letter,True
m a n,h,man,h,translate_eng_sp_first,translate_eng_sp+first_letter,True
w o m a n,m,woman,m,translate_eng_sp_first,translate_eng_sp+first_letter,True
g i r l,n,girl,n,translate_eng_sp_first,translate_eng_sp+first_letter,True
b a b y,b,baby,b,translate_eng_sp_first,translate_eng_sp+first_letter,True
d o c t o r,m,doctor,m,translate_eng_sp_first,translate_eng_sp+first_letter,True
n u r s e,e,nurse,e,translate_eng_sp_first,translate_eng_sp+first_letter,True
l a w y e r,a,lawyer,a,translate_eng_sp_first,translate_eng_sp+first_letter,True
p o l i c e,p,police,p,translate_eng_sp_first,translate_eng_sp+first_letter,True
s o l d i e r,s,soldier,s,translate_eng_sp_first,translate_eng_sp+first_letter,True
f a r m e r,g,farmer,g,translate_eng_sp_first,translate_eng_sp+first_letter,True
w o r k e r,t,worker,t,translate_eng_sp_first,translate_eng_sp+first_letter,True
a r t i s t,a,artist,a,translate_eng_sp_first,translate_eng_sp+first_letter,True
m u s i c i a n,m,musician,m,translate_eng_sp_first,translate_eng_sp+first_letter,True
s i n g e r,c,singer,c,translate_eng_sp_first,translate_eng_sp+first_letter,True
h e l l o,a,hello,a,translate_eng_sp_last,translate_eng_sp+last_letter,True
g o o d b y e,s,goodbye,s,translate_eng_sp_last,translate_eng_sp+last_letter,True
t h a n k   y o u,s,thank you,s,translate_eng_sp_last,translate_eng_sp+last_letter,True
p l e a s e,r,please,r,translate_eng_sp_last,translate_eng_sp+last_letter,True
y e s,í,yes,í,translate_eng_sp_last,translate_eng_sp+last_letter,True
w a t e r,a,water,a,translate_eng_sp_last,translate_eng_sp+last_letter,True
h o u s e,a,house,a,translate_eng_sp_last,translate_eng_sp+last_letter,True
c a t,o,cat,o,translate_eng_sp_last,translate_eng_sp+last_letter,True
d o g,o,dog,o,translate_eng_sp_last,translate_eng_sp+last_letter,True
g o o d   m o r n i n g,s,good morning,s,translate_eng_sp_last,translate_eng_sp+last_letter,True
g o o d   e v e n i n g,s,good evening,s,translate_eng_sp_last,translate_eng_sp+last_letter,True
g o o d   n i g h t,s,good night,s,translate_eng_sp_last,translate_eng_sp+last_letter,True
h o w   a r e   y o u,s,how are you,s,translate_eng_sp_last,translate_eng_sp+last_letter,True
i   l o v e   y o u,o,i love you,o,translate_eng_sp_last,translate_eng_sp+last_letter,True
f r i e n d,o,friend,o,translate_eng_sp_last,translate_eng_sp+last_letter,True
f a m i l y,a,family,a,translate_eng_sp_last,translate_eng_sp+last_letter,True
f o o d,a,food,a,translate_eng_sp_last,translate_eng_sp+last_letter,True
b o o k,o,book,o,translate_eng_sp_last,translate_eng_sp+last_letter,True
c a r,e,car,e,translate_eng_sp_last,translate_eng_sp+last_letter,True
t r e e,l,tree,l,translate_eng_sp_last,translate_eng_sp+last_letter,True
f l o w e r,r,flower,r,translate_eng_sp_last,translate_eng_sp+last_letter,True
s u n,l,sun,l,translate_eng_sp_last,translate_eng_sp+last_letter,True
m o o n,a,moon,a,translate_eng_sp_last,translate_eng_sp+last_letter,True
s t a r,a,star,a,translate_eng_sp_last,translate_eng_sp+last_letter,True
b r e a d,n,bread,n,translate_eng_sp_last,translate_eng_sp+last_letter,True
c h e e s e,o,cheese,o,translate_eng_sp_last,translate_eng_sp+last_letter,True
w i n e,o,wine,o,translate_eng_sp_last,translate_eng_sp+last_letter,True
t e a,é,tea,é,translate_eng_sp_last,translate_eng_sp+last_letter,True
m i l k,e,milk,e,translate_eng_sp_last,translate_eng_sp+last_letter,True
s u g a r,r,sugar,r,translate_eng_sp_last,translate_eng_sp+last_letter,True
s a l t,l,salt,l,translate_eng_sp_last,translate_eng_sp+last_letter,True
p e p p e r,a,pepper,a,translate_eng_sp_last,translate_eng_sp+last_letter,True
t a b l e,a,table,a,translate_eng_sp_last,translate_eng_sp+last_letter,True
c h a i r,a,chair,a,translate_eng_sp_last,translate_eng_sp+last_letter,True
d o o r,a,door,a,translate_eng_sp_last,translate_eng_sp+last_letter,True
w i n d o w,a,window,a,translate_eng_sp_last,translate_eng_sp+last_letter,True
s t r e e t,e,street,e,translate_eng_sp_last,translate_eng_sp+last_letter,True
c i t y,d,city,d,translate_eng_sp_last,translate_eng_sp+last_letter,True
c o u n t r y,s,country,s,translate_eng_sp_last,translate_eng_sp+last_letter,True
w o r l d,o,world,o,translate_eng_sp_last,translate_eng_sp+last_letter,True
t i m e,o,time,o,translate_eng_sp_last,translate_eng_sp+last_letter,True
d a y,a,day,a,translate_eng_sp_last,translate_eng_sp+last_letter,True
n i g h t,e,night,e,translate_eng_sp_last,translate_eng_sp+last_letter,True
w e e k,a,week,a,translate_eng_sp_last,translate_eng_sp+last_letter,True
m o n t h,s,month,s,translate_eng_sp_last,translate_eng_sp+last_letter,True
y e a r,o,year,o,translate_eng_sp_last,translate_eng_sp+last_letter,True
t o d a y,y,today,y,translate_eng_sp_last,translate_eng_sp+last_letter,True
t o m o r r o w,a,tomorrow,a,translate_eng_sp_last,translate_eng_sp+last_letter,True
y e s t e r d a y,r,yesterday,r,translate_eng_sp_last,translate_eng_sp+last_letter,True
c h i l d,o,child,o,translate_eng_sp_last,translate_eng_sp+last_letter,True
s c h o o l,a,school,a,translate_eng_sp_last,translate_eng_sp+last_letter,True
s t u d e n t,e,student,e,translate_eng_sp_last,translate_eng_sp+last_letter,True
t e a c h e r,r,teacher,r,translate_eng_sp_last,translate_eng_sp+last_letter,True
a p p l e,a,apple,a,translate_eng_sp_last,translate_eng_sp+last_letter,True
o r a n g e,a,orange,a,translate_eng_sp_last,translate_eng_sp+last_letter,True
f i s h,z,fish,z,translate_eng_sp_last,translate_eng_sp+last_letter,True
b i r d,o,bird,o,translate_eng_sp_last,translate_eng_sp+last_letter,True
h o r s e,o,horse,o,translate_eng_sp_last,translate_eng_sp+last_letter,True
l e t t e r,a,letter,a,translate_eng_sp_last,translate_eng_sp+last_letter,True
w o r d,a,word,a,translate_eng_sp_last,translate_eng_sp+last_letter,True
s e n t e n c e,e,sentence,e,translate_eng_sp_last,translate_eng_sp+last_letter,True
p a g e,a,page,a,translate_eng_sp_last,translate_eng_sp+last_letter,True
m u s i c,a,music,a,translate_eng_sp_last,translate_eng_sp+last_letter,True
s o n g,n,song,n,translate_eng_sp_last,translate_eng_sp+last_letter,True
d a n c e,e,dance,e,translate_eng_sp_last,translate_eng_sp+last_letter,True
g a m e,o,game,o,translate_eng_sp_last,translate_eng_sp+last_letter,True
s p o r t,e,sport,e,translate_eng_sp_last,translate_eng_sp+last_letter,True
b a l l,a,ball,a,translate_eng_sp_last,translate_eng_sp+last_letter,True
h a n d,o,hand,o,translate_eng_sp_last,translate_eng_sp+last_letter,True
f o o t,e,foot,e,translate_eng_sp_last,translate_eng_sp+last_letter,True
h e a d,a,head,a,translate_eng_sp_last,translate_eng_sp+last_letter,True
e y e,o,eye,o,translate_eng_sp_last,translate_eng_sp+last_letter,True
e a r,a,ear,a,translate_eng_sp_last,translate_eng_sp+last_letter,True
n o s e,z,nose,z,translate_eng_sp_last,translate_eng_sp+last_letter,True
m o u t h,a,mouth,a,translate_eng_sp_last,translate_eng_sp+last_letter,True
h e a r t,n,heart,n,translate_eng_sp_last,translate_eng_sp+last_letter,True
b r a i n,o,brain,o,translate_eng_sp_last,translate_eng_sp+last_letter,True
b o d y,o,body,o,translate_eng_sp_last,translate_eng_sp+last_letter,True
r e d,o,red,o,translate_eng_sp_last,translate_eng_sp+last_letter,True
b l u e,l,blue,l,translate_eng_sp_last,translate_eng_sp+last_letter,True
g r e e n,e,green,e,translate_eng_sp_last,translate_eng_sp+last_letter,True
y e l l o w,o,yellow,o,translate_eng_sp_last,translate_eng_sp+last_letter,True
b l a c k,o,black,o,translate_eng_sp_last,translate_eng_sp+last_letter,True
w h i t e,o,white,o,translate_eng_sp_last,translate_eng_sp+last_letter,True
p u r p l e,o,purple,o,translate_eng_sp_last,translate_eng_sp+last_letter,True
p i n k,a,pink,a,translate_eng_sp_last,translate_eng_sp+last_letter,True
g r a y,s,gray,s,translate_eng_sp_last,translate_eng_sp+last_letter,True
b r o w n,n,brown,n,translate_eng_sp_last,translate_eng_sp+last_letter,True
b i g,e,big,e,translate_eng_sp_last,translate_eng_sp+last_letter,True
s m a l l,o,small,o,translate_eng_sp_last,translate_eng_sp+last_letter,True
h o t,e,hot,e,translate_eng_sp_last,translate_eng_sp+last_letter,True
c o l d,o,cold,o,translate_eng_sp_last,translate_eng_sp+last_letter,True
n e w,o,new,o,translate_eng_sp_last,translate_eng_sp+last_letter,True
o l d,o,old,o,translate_eng_sp_last,translate_eng_sp+last_letter,True
g o o d,o,good,o,translate_eng_sp_last,translate_eng_sp+last_letter,True
b a d,o,bad,o,translate_eng_sp_last,translate_eng_sp+last_letter,True
h a p p y,z,happy,z,translate_eng_sp_last,translate_eng_sp+last_letter,True
s a d,e,sad,e,translate_eng_sp_last,translate_eng_sp+last_letter,True
f a s t,o,fast,o,translate_eng_sp_last,translate_eng_sp+last_letter,True
s l o w,o,slow,o,translate_eng_sp_last,translate_eng_sp+last_letter,True
s t r o n g,e,strong,e,translate_eng_sp_last,translate_eng_sp+last_letter,True
w e a k,l,weak,l,translate_eng_sp_last,translate_eng_sp+last_letter,True
b e a u t i f u l,o,beautiful,o,translate_eng_sp_last,translate_eng_sp+last_letter,True
u g l y,o,ugly,o,translate_eng_sp_last,translate_eng_sp+last_letter,True
y o u n g,n,young,n,translate_eng_sp_last,translate_eng_sp+last_letter,True
r i c h,o,rich,o,translate_eng_sp_last,translate_eng_sp+last_letter,True
p o o r,e,poor,e,translate_eng_sp_last,translate_eng_sp+last_letter,True
c l e a n,o,clean,o,translate_eng_sp_last,translate_eng_sp+last_letter,True
d i r t y,o,dirty,o,translate_eng_sp_last,translate_eng_sp+last_letter,True
e a s y,l,easy,l,translate_eng_sp_last,translate_eng_sp+last_letter,True
d i f f i c u l t,l,difficult,l,translate_eng_sp_last,translate_eng_sp+last_letter,True
l o n g,o,long,o,translate_eng_sp_last,translate_eng_sp+last_letter,True
s h o r t,o,short,o,translate_eng_sp_last,translate_eng_sp+last_letter,True
h i g h,o,high,o,translate_eng_sp_last,translate_eng_sp+last_letter,True
l o w,o,low,o,translate_eng_sp_last,translate_eng_sp+last_letter,True
w i d e,o,wide,o,translate_eng_sp_last,translate_eng_sp+last_letter,True
n a r r o w,o,narrow,o,translate_eng_sp_last,translate_eng_sp+last_letter,True
h e a v y,o,heavy,o,translate_eng_sp_last,translate_eng_sp+last_letter,True
l i g h t,o,light,o,translate_eng_sp_last,translate_eng_sp+last_letter,True
f u l l,o,full,o,translate_eng_sp_last,translate_eng_sp+last_letter,True
e m p t y,o,empty,o,translate_eng_sp_last,translate_eng_sp+last_letter,True
r i g h t,o,right,o,translate_eng_sp_last,translate_eng_sp+last_letter,True
l e f t,o,left,o,translate_eng_sp_last,translate_eng_sp+last_letter,True
u p,a,up,a,translate_eng_sp_last,translate_eng_sp+last_letter,True
d o w n,o,down,o,translate_eng_sp_last,translate_eng_sp+last_letter,True
i n s i d e,o,inside,o,translate_eng_sp_last,translate_eng_sp+last_letter,True
o u t s i d e,a,outside,a,translate_eng_sp_last,translate_eng_sp+last_letter,True
f r o n t,e,front,e,translate_eng_sp_last,translate_eng_sp+last_letter,True
b a c k,s,back,s,translate_eng_sp_last,translate_eng_sp+last_letter,True
n e a r,a,near,a,translate_eng_sp_last,translate_eng_sp+last_letter,True
f a r,s,far,s,translate_eng_sp_last,translate_eng_sp+last_letter,True
f i r s t,o,first,o,translate_eng_sp_last,translate_eng_sp+last_letter,True
l a s t,o,last,o,translate_eng_sp_last,translate_eng_sp+last_letter,True
o p e n,o,open,o,translate_eng_sp_last,translate_eng_sp+last_letter,True
c l o s e d,o,closed,o,translate_eng_sp_last,translate_eng_sp+last_letter,True
o n e,o,one,o,translate_eng_sp_last,translate_eng_sp+last_letter,True
t w o,s,two,s,translate_eng_sp_last,translate_eng_sp+last_letter,True
t h r e e,s,three,s,translate_eng_sp_last,translate_eng_sp+last_letter,True
f o u r,o,four,o,translate_eng_sp_last,translate_eng_sp+last_letter,True
f i v e,o,five,o,translate_eng_sp_last,translate_eng_sp+last_letter,True
s i x,s,six,s,translate_eng_sp_last,translate_eng_sp+last_letter,True
s e v e n,e,seven,e,translate_eng_sp_last,translate_eng_sp+last_letter,True
e i g h t,o,eight,o,translate_eng_sp_last,translate_eng_sp+last_letter,True
n i n e,e,nine,e,translate_eng_sp_last,translate_eng_sp+last_letter,True
t e n,z,ten,z,translate_eng_sp_last,translate_eng_sp+last_letter,True
h u n d r e d,n,hundred,n,translate_eng_sp_last,translate_eng_sp+last_letter,True
t h o u s a n d,l,thousand,l,translate_eng_sp_last,translate_eng_sp+last_letter,True
b r o t h e r,o,brother,o,translate_eng_sp_last,translate_eng_sp+last_letter,True
s i s t e r,a,sister,a,translate_eng_sp_last,translate_eng_sp+last_letter,True
f a t h e r,e,father,e,translate_eng_sp_last,translate_eng_sp+last_letter,True
m o t h e r,e,mother,e,translate_eng_sp_last,translate_eng_sp+last_letter,True
s o n,o,son,o,translate_eng_sp_last,translate_eng_sp+last_letter,True
d a u g h t e r,a,daughter,a,translate_eng_sp_last,translate_eng_sp+last_letter,True
h u s b a n d,o,husband,o,translate_eng_sp_last,translate_eng_sp+last_letter,True
w i f e,a,wife,a,translate_eng_sp_last,translate_eng_sp+last_letter,True
g r a n d f a t h e r,o,grandfather,o,translate_eng_sp_last,translate_eng_sp+last_letter,True
g r a n d m o t h e r,a,grandmother,a,translate_eng_sp_last,translate_eng_sp+last_letter,True
u n c l e,o,uncle,o,translate_eng_sp_last,translate_eng_sp+last_letter,True
a u n t,a,aunt,a,translate_eng_sp_last,translate_eng_sp+last_letter,True
c o u s i n,o,cousin,o,translate_eng_sp_last,translate_eng_sp+last_letter,True
k i n g,y,king,y,translate_eng_sp_last,translate_eng_sp+last_letter,True
q u e e n,a,queen,a,translate_eng_sp_last,translate_eng_sp+last_letter,True
p r i n c e,e,prince,e,translate_eng_sp_last,translate_eng_sp+last_letter,True
p r i n c e s s,a,princess,a,translate_eng_sp_last,translate_eng_sp+last_letter,True
m a n,e,man,e,translate_eng_sp_last,translate_eng_sp+last_letter,True
w o m a n,r,woman,r,translate_eng_sp_last,translate_eng_sp+last_letter,True
g i r l,a,girl,a,translate_eng_sp_last,translate_eng_sp+last_letter,True
b a b y,é,baby,é,translate_eng_sp_last,translate_eng_sp+last_letter,True
d o c t o r,o,doctor,o,translate_eng_sp_last,translate_eng_sp+last_letter,True
n u r s e,a,nurse,a,translate_eng_sp_last,translate_eng_sp+last_letter,True
l a w y e r,o,lawyer,o,translate_eng_sp_last,translate_eng_sp+last_letter,True
p o l i c e,a,police,a,translate_eng_sp_last,translate_eng_sp+last_letter,True
s o l d i e r,o,soldier,o,translate_eng_sp_last,translate_eng_sp+last_letter,True
f a r m e r,o,farmer,o,translate_eng_sp_last,translate_eng_sp+last_letter,True
w o r k e r,r,worker,r,translate_eng_sp_last,translate_eng_sp+last_letter,True
a r t i s t,a,artist,a,translate_eng_sp_last,translate_eng_sp+last_letter,True
m u s i c i a n,o,musician,o,translate_eng_sp_last,translate_eng_sp+last_letter,True
s i n g e r,e,singer,e,translate_eng_sp_last,translate_eng_sp+last_letter,True
b o n j o u r,H E L L O,bonjour,HELLO,translate_fr_eng_upper,translate_fr_eng+uppercase,True
a u   r e v o i r,G O O D B Y E,au revoir,GOODBYE,translate_fr_eng_upper,translate_fr_eng+uppercase,True
m e r c i,T H A N K   Y O U,merci,THANK YOU,translate_fr_eng_upper,translate_fr_eng+uppercase,True
s ' i l   v o u s   p l a î t,P L E A S E,s'il vous plaît,PLEASE,translate_fr_eng_upper,translate_fr_eng+uppercase,True
o u i,Y E S,oui,YES,translate_fr_eng_upper,translate_fr_eng+uppercase,True
n o n,N O,non,NO,translate_fr_eng_upper,translate_fr_eng+uppercase,True
e a u,W A T E R,eau,WATER,translate_fr_eng_upper,translate_fr_eng+uppercase,True
m a i s o n,H O U S E,maison,HOUSE,translate_fr_eng_upper,translate_fr_eng+uppercase,True
c h a t,C A T,chat,CAT,translate_fr_eng_upper,translate_fr_eng+uppercase,True
c h i e n,D O G,chien,DOG,translate_fr_eng_upper,translate_fr_eng+uppercase,True
b o n s o i r,G O O D   E V E N I N G,bonsoir,GOOD EVENING,translate_fr_eng_upper,translate_fr_eng+uppercase,True
b o n n e   n u i t,G O O D   N I G H T,bonne nuit,GOOD NIGHT,translate_fr_eng_upper,translate_fr_eng+uppercase,True
c o m m e n t   a l l e z - v o u s,H O W   A R E   Y O U,comment allez-vous,HOW ARE YOU,translate_fr_eng_upper,translate_fr_eng+uppercase,True
j e   t ' a i m e,I   L O V E   Y O U,je t'aime,I LOVE YOU,translate_fr_eng_upper,translate_fr_eng+uppercase,True
a m i,F R I E N D,ami,FRIEND,translate_fr_eng_upper,translate_fr_eng+uppercase,True
f a m i l l e,F A M I L Y,famille,FAMILY,translate_fr_eng_upper,translate_fr_eng+uppercase,True
n o u r r i t u r e,F O O D,nourriture,FOOD,translate_fr_eng_upper,translate_fr_eng+uppercase,True
l i v r e,B O O K,livre,BOOK,translate_fr_eng_upper,translate_fr_eng+uppercase,True
v o i t u r e,C A R,voiture,CAR,translate_fr_eng_upper,translate_fr_eng+uppercase,True
a r b r e,T R E E,arbre,TREE,translate_fr_eng_upper,translate_fr_eng+uppercase,True
f l e u r,F L O W E R,fleur,FLOWER,translate_fr_eng_upper,translate_fr_eng+uppercase,True
s o l e i l,S U N,soleil,SUN,translate_fr_eng_upper,translate_fr_eng+uppercase,True
l u n e,M O O N,lune,MOON,translate_fr_eng_upper,translate_fr_eng+uppercase,True
é t o i l e,S T A R,étoile,STAR,translate_fr_eng_upper,translate_fr_eng+uppercase,True
p a i n,B R E A D,pain,BREAD,translate_fr_eng_upper,translate_fr_eng+uppercase,True
f r o m a g e,C H E E S E,fromage,CHEESE,translate_fr_eng_upper,translate_fr_eng+uppercase,True
v i n,W I N E,vin,WINE,translate_fr_eng_upper,translate_fr_eng+uppercase,True
c a f é,C O F F E E,café,COFFEE,translate_fr_eng_upper,translate_fr_eng+uppercase,True
t h é,T E A,thé,TEA,translate_fr_eng_upper,translate_fr_eng+uppercase,True
l a i t,M I L K,lait,MILK,translate_fr_eng_upper,translate_fr_eng+uppercase,True
s u c r e,S U G A R,sucre,SUGAR,translate_fr_eng_upper,translate_fr_eng+uppercase,True
s e l,S A L T,sel,SALT,translate_fr_eng_upper,translate_fr_eng+uppercase,True
p o i v r e,P E P P E R,poivre,PEPPER,translate_fr_eng_upper,translate_fr_eng+uppercase,True
c h a i s e,C H A I R,chaise,CHAIR,translate_fr_eng_upper,translate_fr_eng+uppercase,True
p o r t e,D O O R,porte,DOOR,translate_fr_eng_upper,translate_fr_eng+uppercase,True
f e n ê t r e,W I N D O W,fenêtre,WINDOW,translate_fr_eng_upper,translate_fr_eng+uppercase,True
r u e,S T R E E T,rue,STREET,translate_fr_eng_upper,translate_fr_eng+uppercase,True
v i l l e,C I T Y,ville,CITY,translate_fr_eng_upper,translate_fr_eng+uppercase,True
p a y s,C O U N T R Y,pays,COUNTRY,translate_fr_eng_upper,translate_fr_eng+uppercase,True
m o n d e,W O R L D,monde,WORLD,translate_fr_eng_upper,translate_fr_eng+uppercase,True
t e m p s,T I M E,temps,TIME,translate_fr_eng_upper,translate_fr_eng+uppercase,True
j o u r,D A Y,jour,DAY,translate_fr_eng_upper,translate_fr_eng+uppercase,True
n u i t,N I G H T,nuit,NIGHT,translate_fr_eng_upper,translate_fr_eng+uppercase,True
s e m a i n e,W E E K,semaine,WEEK,translate_fr_eng_upper,translate_fr_eng+uppercase,True
m o i s,M O N T H,mois,MONTH,translate_fr_eng_upper,translate_fr_eng+uppercase,True
a n,Y E A R,an,YEAR,translate_fr_eng_upper,translate_fr_eng+uppercase,True
a u j o u r d ' h u i,T O D A Y,aujourd'hui,TODAY,translate_fr_eng_upper,translate_fr_eng+uppercase,True
d e m a i n,T O M O R R O W,demain,TOMORROW,translate_fr_eng_upper,translate_fr_eng+uppercase,True
h i e r,Y E S T E R D A Y,hier,YESTERDAY,translate_fr_eng_upper,translate_fr_eng+uppercase,True
e n f a n t,C H I L D,enfant,CHILD,translate_fr_eng_upper,translate_fr_eng+uppercase,True
é c o l e,S C H O O L,école,SCHOOL,translate_fr_eng_upper,translate_fr_eng+uppercase,True
é t u d i a n t,S T U D E N T,étudiant,STUDENT,translate_fr_eng_upper,translate_fr_eng+uppercase,True
p r o f e s s e u r,T E A C H E R,professeur,TEACHER,translate_fr_eng_upper,translate_fr_eng+uppercase,True
p o m m e,A P P L E,pomme,APPLE,translate_fr_eng_upper,translate_fr_eng+uppercase,True
p o i s s o n,F I S H,poisson,FISH,translate_fr_eng_upper,translate_fr_eng+uppercase,True
o i s e a u,B I R D,oiseau,BIRD,translate_fr_eng_upper,translate_fr_eng+uppercase,True
c h e v a l,H O R S E,cheval,HORSE,translate_fr_eng_upper,translate_fr_eng+uppercase,True
l e t t r e,L E T T E R,lettre,LETTER,translate_fr_eng_upper,translate_fr_eng+uppercase,True
m o t,W O R D,mot,WORD,translate_fr_eng_upper,translate_fr_eng+uppercase,True
p h r a s e,S E N T E N C E,phrase,SENTENCE,translate_fr_eng_upper,translate_fr_eng+uppercase,True
m u s i q u e,M U S I C,musique,MUSIC,translate_fr_eng_upper,translate_fr_eng+uppercase,True
c h a n s o n,S O N G,chanson,SONG,translate_fr_eng_upper,translate_fr_eng+uppercase,True
d a n s e,D A N C E,danse,DANCE,translate_fr_eng_upper,translate_fr_eng+uppercase,True
j e u,G A M E,jeu,GAME,translate_fr_eng_upper,translate_fr_eng+uppercase,True
b a l l e,B A L L,balle,BALL,translate_fr_eng_upper,translate_fr_eng+uppercase,True
m a i n,H A N D,main,HAND,translate_fr_eng_upper,translate_fr_eng+uppercase,True
p i e d,F O O T,pied,FOOT,translate_fr_eng_upper,translate_fr_eng+uppercase,True
t ê t e,H E A D,tête,HEAD,translate_fr_eng_upper,translate_fr_eng+uppercase,True
œ i l,E Y E,œil,EYE,translate_fr_eng_upper,translate_fr_eng+uppercase,True
o r e i l l e,E A R,oreille,EAR,translate_fr_eng_upper,translate_fr_eng+uppercase,True
n e z,N O S E,nez,NOSE,translate_fr_eng_upper,translate_fr_eng+uppercase,True
b o u c h e,M O U T H,bouche,MOUTH,translate_fr_eng_upper,translate_fr_eng+uppercase,True
c œ u r,H E A R T,cœur,HEART,translate_fr_eng_upper,translate_fr_eng+uppercase,True
c e r v e a u,B R A I N,cerveau,BRAIN,translate_fr_eng_upper,translate_fr_eng+uppercase,True
c o r p s,B O D Y,corps,BODY,translate_fr_eng_upper,translate_fr_eng+uppercase,True
r o u g e,R E D,rouge,RED,translate_fr_eng_upper,translate_fr_eng+uppercase,True
b l e u,B L U E,bleu,BLUE,translate_fr_eng_upper,translate_fr_eng+uppercase,True
v e r t,G R E E N,vert,GREEN,translate_fr_eng_upper,translate_fr_eng+uppercase,True
j a u n e,Y E L L O W,jaune,YELLOW,translate_fr_eng_upper,translate_fr_eng+uppercase,True
n o i r,B L A C K,noir,BLACK,translate_fr_eng_upper,translate_fr_eng+uppercase,True
b l a n c,W H I T E,blanc,WHITE,translate_fr_eng_upper,translate_fr_eng+uppercase,True
v i o l e t,P U R P L E,violet,PURPLE,translate_fr_eng_upper,translate_fr_eng+uppercase,True
r o s e,P I N K,rose,PINK,translate_fr_eng_upper,translate_fr_eng+uppercase,True
g r i s,G R A Y,gris,GRAY,translate_fr_eng_upper,translate_fr_eng+uppercase,True
m a r r o n,B R O W N,marron,BROWN,translate_fr_eng_upper,translate_fr_eng+uppercase,True
g r a n d,B I G,grand,BIG,translate_fr_eng_upper,translate_fr_eng+uppercase,True
p e t i t,S M A L L,petit,SMALL,translate_fr_eng_upper,translate_fr_eng+uppercase,True
c h a u d,H O T,chaud,HOT,translate_fr_eng_upper,translate_fr_eng+uppercase,True
f r o i d,C O L D,froid,COLD,translate_fr_eng_upper,translate_fr_eng+uppercase,True
n o u v e a u,N E W,nouveau,NEW,translate_fr_eng_upper,translate_fr_eng+uppercase,True
v i e u x,O L D,vieux,OLD,translate_fr_eng_upper,translate_fr_eng+uppercase,True
b o n,G O O D,bon,GOOD,translate_fr_eng_upper,translate_fr_eng+uppercase,True
m a u v a i s,B A D,mauvais,BAD,translate_fr_eng_upper,translate_fr_eng+uppercase,True
h e u r e u x,H A P P Y,heureux,HAPPY,translate_fr_eng_upper,translate_fr_eng+uppercase,True
t r i s t e,S A D,triste,SAD,translate_fr_eng_upper,translate_fr_eng+uppercase,True
r a p i d e,F A S T,rapide,FAST,translate_fr_eng_upper,translate_fr_eng+uppercase,True
l e n t,S L O W,lent,SLOW,translate_fr_eng_upper,translate_fr_eng+uppercase,True
f o r t,S T R O N G,fort,STRONG,translate_fr_eng_upper,translate_fr_eng+uppercase,True
f a i b l e,W E A K,faible,WEAK,translate_fr_eng_upper,translate_fr_eng+uppercase,True
b e a u,B E A U T I F U L,beau,BEAUTIFUL,translate_fr_eng_upper,translate_fr_eng+uppercase,True
l a i d,U G L Y,laid,UGLY,translate_fr_eng_upper,translate_fr_eng+uppercase,True
j e u n e,Y O U N G,jeune,YOUNG,translate_fr_eng_upper,translate_fr_eng+uppercase,True
r i c h e,R I C H,riche,RICH,translate_fr_eng_upper,translate_fr_eng+uppercase,True
p a u v r e,P O O R,pauvre,POOR,translate_fr_eng_upper,translate_fr_eng+uppercase,True
p r o p r e,C L E A N,propre,CLEAN,translate_fr_eng_upper,translate_fr_eng+uppercase,True
s a l e,D I R T Y,sale,DIRTY,translate_fr_eng_upper,translate_fr_eng+uppercase,True
f a c i l e,E A S Y,facile,EASY,translate_fr_eng_upper,translate_fr_eng+uppercase,True
d i f f i c i l e,D I F F I C U L T,difficile,DIFFICULT,translate_fr_eng_upper,translate_fr_eng+uppercase,True
l o n g,L O N G,long,LONG,translate_fr_eng_upper,translate_fr_eng+uppercase,True
c o u r t,S H O R T,court,SHORT,translate_fr_eng_upper,translate_fr_eng+uppercase,True
h a u t,U P,haut,UP,translate_fr_eng_upper,translate_fr_eng+uppercase,True
b a s,D O W N,bas,DOWN,translate_fr_eng_upper,translate_fr_eng+uppercase,True
l a r g e,W I D E,large,WIDE,translate_fr_eng_upper,translate_fr_eng+uppercase,True
é t r o i t,N A R R O W,étroit,NARROW,translate_fr_eng_upper,translate_fr_eng+uppercase,True
l o u r d,H E A V Y,lourd,HEAVY,translate_fr_eng_upper,translate_fr_eng+uppercase,True
l é g e r,L I G H T,léger,LIGHT,translate_fr_eng_upper,translate_fr_eng+uppercase,True
p l e i n,F U L L,plein,FULL,translate_fr_eng_upper,translate_fr_eng+uppercase,True
v i d e,E M P T Y,vide,EMPTY,translate_fr_eng_upper,translate_fr_eng+uppercase,True
d r o i t,R I G H T,droit,RIGHT,translate_fr_eng_upper,translate_fr_eng+uppercase,True
g a u c h e,L E F T,gauche,LEFT,translate_fr_eng_upper,translate_fr_eng+uppercase,True
d e d a n s,I N S I D E,dedans,INSIDE,translate_fr_eng_upper,translate_fr_eng+uppercase,True
d e h o r s,O U T S I D E,dehors,OUTSIDE,translate_fr_eng_upper,translate_fr_eng+uppercase,True
d e v a n t,F R O N T,devant,FRONT,translate_fr_eng_upper,translate_fr_eng+uppercase,True
d e r r i è r e,B A C K,derrière,BACK,translate_fr_eng_upper,translate_fr_eng+uppercase,True
p r è s,N E A R,près,NEAR,translate_fr_eng_upper,translate_fr_eng+uppercase,True
l o i n,F A R,loin,FAR,translate_fr_eng_upper,translate_fr_eng+uppercase,True
p r e m i e r,F I R S T,premier,FIRST,translate_fr_eng_upper,translate_fr_eng+uppercase,True
d e r n i e r,L A S T,dernier,LAST,translate_fr_eng_upper,translate_fr_eng+uppercase,True
o u v e r t,O P E N,ouvert,OPEN,translate_fr_eng_upper,translate_fr_eng+uppercase,True
f e r m é,C L O S E D,fermé,CLOSED,translate_fr_eng_upper,translate_fr_eng+uppercase,True
u n,O N E,un,ONE,translate_fr_eng_upper,translate_fr_eng+uppercase,True
d e u x,T W O,deux,TWO,translate_fr_eng_upper,translate_fr_eng+uppercase,True
t r o i s,T H R E E,trois,THREE,translate_fr_eng_upper,translate_fr_eng+uppercase,True
q u a t r e,F O U R,quatre,FOUR,translate_fr_eng_upper,translate_fr_eng+uppercase,True
c i n q,F I V E,cinq,FIVE,translate_fr_eng_upper,translate_fr_eng+uppercase,True
s i x,S I X,six,SIX,translate_fr_eng_upper,translate_fr_eng+uppercase,True
s e p t,S E V E N,sept,SEVEN,translate_fr_eng_upper,translate_fr_eng+uppercase,True
h u i t,E I G H T,huit,EIGHT,translate_fr_eng_upper,translate_fr_eng+uppercase,True
n e u f,N I N E,neuf,NINE,translate_fr_eng_upper,translate_fr_eng+uppercase,True
d i x,T E N,dix,TEN,translate_fr_eng_upper,translate_fr_eng+uppercase,True
c e n t,H U N D R E D,cent,HUNDRED,translate_fr_eng_upper,translate_fr_eng+uppercase,True
m i l l e,T H O U S A N D,mille,THOUSAND,translate_fr_eng_upper,translate_fr_eng+uppercase,True
f r è r e,B R O T H E R,frère,BROTHER,translate_fr_eng_upper,translate_fr_eng+uppercase,True
s œ u r,S I S T E R,sœur,SISTER,translate_fr_eng_upper,translate_fr_eng+uppercase,True
p è r e,F A T H E R,père,FATHER,translate_fr_eng_upper,translate_fr_eng+uppercase,True
m è r e,M O T H E R,mère,MOTHER,translate_fr_eng_upper,translate_fr_eng+uppercase,True
f i l s,S O N,fils,SON,translate_fr_eng_upper,translate_fr_eng+uppercase,True
f i l l e,G I R L,fille,GIRL,translate_fr_eng_upper,translate_fr_eng+uppercase,True
m a r i,H U S B A N D,mari,HUSBAND,translate_fr_eng_upper,translate_fr_eng+uppercase,True
f e m m e,W O M A N,femme,WOMAN,translate_fr_eng_upper,translate_fr_eng+uppercase,True
g r a n d - p è r e,G R A N D F A T H E R,grand-père,GRANDFATHER,translate_fr_eng_upper,translate_fr_eng+uppercase,True
g r a n d - m è r e,G R A N D M O T H E R,grand-mère,GRANDMOTHER,translate_fr_eng_upper,translate_fr_eng+uppercase,True
o n c l e,U N C L E,oncle,UNCLE,translate_fr_eng_upper,translate_fr_eng+uppercase,True
t a n t e,A U N T,tante,AUNT,translate_fr_eng_upper,translate_fr_eng+uppercase,True
c o u s i n,C O U S I N,cousin,COUSIN,translate_fr_eng_upper,translate_fr_eng+uppercase,True
r o i,K I N G,roi,KING,translate_fr_eng_upper,translate_fr_eng+uppercase,True
r e i n e,Q U E E N,reine,QUEEN,translate_fr_eng_upper,translate_fr_eng+uppercase,True
p r i n c e,P R I N C E,prince,PRINCE,translate_fr_eng_upper,translate_fr_eng+uppercase,True
p r i n c e s s e,P R I N C E S S,princesse,PRINCESS,translate_fr_eng_upper,translate_fr_eng+uppercase,True
h o m m e,M A N,homme,MAN,translate_fr_eng_upper,translate_fr_eng+uppercase,True
g a r ç o n,B O Y,garçon,BOY,translate_fr_eng_upper,translate_fr_eng+uppercase,True
b é b é,B A B Y,bébé,BABY,translate_fr_eng_upper,translate_fr_eng+uppercase,True
m é d e c i n,D O C T O R,médecin,DOCTOR,translate_fr_eng_upper,translate_fr_eng+uppercase,True
i n f i r m i è r e,N U R S E,infirmière,NURSE,translate_fr_eng_upper,translate_fr_eng+uppercase,True
a v o c a t,L A W Y E R,avocat,LAWYER,translate_fr_eng_upper,translate_fr_eng+uppercase,True
p o l i c e,P O L I C E,police,POLICE,translate_fr_eng_upper,translate_fr_eng+uppercase,True
s o l d a t,S O L D I E R,soldat,SOLDIER,translate_fr_eng_upper,translate_fr_eng+uppercase,True
f e r m i e r,F A R M E R,fermier,FARMER,translate_fr_eng_upper,translate_fr_eng+uppercase,True
o u v r i e r,W O R K E R,ouvrier,WORKER,translate_fr_eng_upper,translate_fr_eng+uppercase,True
a r t i s t e,A R T I S T,artiste,ARTIST,translate_fr_eng_upper,translate_fr_eng+uppercase,True
m u s i c i e n,M U S I C I A N,musicien,MUSICIAN,translate_fr_eng_upper,translate_fr_eng+uppercase,True
B O N J O U R,h e l l o,BONJOUR,hello,translate_fr_eng_lower,translate_fr_eng+lowercase,True
A U   R E V O I R,g o o d b y e,AU REVOIR,goodbye,translate_fr_eng_lower,translate_fr_eng+lowercase,True
M E R C I,t h a n k   y o u,MERCI,thank you,translate_fr_eng_lower,translate_fr_eng+lowercase,True
S ' I L   V O U S   P L A Î T,p l e a s e,S'IL VOUS PLAÎT,please,translate_fr_eng_lower,translate_fr_eng+lowercase,True
O U I,y e s,OUI,yes,translate_fr_eng_lower,translate_fr_eng+lowercase,True
N O N,n o,NON,no,translate_fr_eng_lower,translate_fr_eng+lowercase,True
E A U,w a t e r,EAU,water,translate_fr_eng_lower,translate_fr_eng+lowercase,True
M A I S O N,h o u s e,MAISON,house,translate_fr_eng_lower,translate_fr_eng+lowercase,True
C H A T,c a t,CHAT,cat,translate_fr_eng_lower,translate_fr_eng+lowercase,True
C H I E N,d o g,CHIEN,dog,translate_fr_eng_lower,translate_fr_eng+lowercase,True
B O N S O I R,g o o d   e v e n i n g,BONSOIR,good evening,translate_fr_eng_lower,translate_fr_eng+lowercase,True
B O N N E   N U I T,g o o d   n i g h t,BONNE NUIT,good night,translate_fr_eng_lower,translate_fr_eng+lowercase,True
C O M M E N T   A L L E Z - V O U S,h o w   a r e   y o u,COMMENT ALLEZ-VOUS,how are you,translate_fr_eng_lower,translate_fr_eng+lowercase,True
J E   T ' A I M E,i   l o v e   y o u,JE T'AIME,i love you,translate_fr_eng_lower,translate_fr_eng+lowercase,True
A M I,f r i e n d,AMI,friend,translate_fr_eng_lower,translate_fr_eng+lowercase,True
F A M I L L E,f a m i l y,FAMILLE,family,translate_fr_eng_lower,translate_fr_eng+lowercase,True
N O U R R I T U R E,f o o d,NOURRITURE,food,translate_fr_eng_lower,translate_fr_eng+lowercase,True
L I V R E,b o o k,LIVRE,book,translate_fr_eng_lower,translate_fr_eng+lowercase,True
V O I T U R E,c a r,VOITURE,car,translate_fr_eng_lower,translate_fr_eng+lowercase,True
A R B R E,t r e e,ARBRE,tree,translate_fr_eng_lower,translate_fr_eng+lowercase,True
F L E U R,f l o w e r,FLEUR,flower,translate_fr_eng_lower,translate_fr_eng+lowercase,True
S O L E I L,s u n,SOLEIL,sun,translate_fr_eng_lower,translate_fr_eng+lowercase,True
L U N E,m o o n,LUNE,moon,translate_fr_eng_lower,translate_fr_eng+lowercase,True
É T O I L E,s t a r,ÉTOILE,star,translate_fr_eng_lower,translate_fr_eng+lowercase,True
P A I N,b r e a d,PAIN,bread,translate_fr_eng_lower,translate_fr_eng+lowercase,True
F R O M A G E,c h e e s e,FROMAGE,cheese,translate_fr_eng_lower,translate_fr_eng+lowercase,True
V I N,w i n e,VIN,wine,translate_fr_eng_lower,translate_fr_eng+lowercase,True
C A F É,c o f f e e,CAFÉ,coffee,translate_fr_eng_lower,translate_fr_eng+lowercase,True
T H É,t e a,THÉ,tea,translate_fr_eng_lower,translate_fr_eng+lowercase,True
L A I T,m i l k,LAIT,milk,translate_fr_eng_lower,translate_fr_eng+lowercase,True
S U C R E,s u g a r,SUCRE,sugar,translate_fr_eng_lower,translate_fr_eng+lowercase,True
S E L,s a l t,SEL,salt,translate_fr_eng_lower,translate_fr_eng+lowercase,True
P O I V R E,p e p p e r,POIVRE,pepper,translate_fr_eng_lower,translate_fr_eng+lowercase,True
C H A I S E,c h a i r,CHAISE,chair,translate_fr_eng_lower,translate_fr_eng+lowercase,True
P O R T E,d o o r,PORTE,door,translate_fr_eng_lower,translate_fr_eng+lowercase,True
F E N Ê T R E,w i n d o w,FENÊTRE,window,translate_fr_eng_lower,translate_fr_eng+lowercase,True
R U E,s t r e e t,RUE,street,translate_fr_eng_lower,translate_fr_eng+lowercase,True
V I L L E,c i t y,VILLE,city,translate_fr_eng_lower,translate_fr_eng+lowercase,True
P A Y S,c o u n t r y,PAYS,country,translate_fr_eng_lower,translate_fr_eng+lowercase,True
M O N D E,w o r l d,MONDE,world,translate_fr_eng_lower,translate_fr_eng+lowercase,True
T E M P S,t i m e,TEMPS,time,translate_fr_eng_lower,translate_fr_eng+lowercase,True
J O U R,d a y,JOUR,day,translate_fr_eng_lower,translate_fr_eng+lowercase,True
N U I T,n i g h t,NUIT,night,translate_fr_eng_lower,translate_fr_eng+lowercase,True
S E M A I N E,w e e k,SEMAINE,week,translate_fr_eng_lower,translate_fr_eng+lowercase,True
M O I S,m o n t h,MOIS,month,translate_fr_eng_lower,translate_fr_eng+lowercase,True
A N,y e a r,AN,year,translate_fr_eng_lower,translate_fr_eng+lowercase,True
A U J O U R D ' H U I,t o d a y,AUJOURD'HUI,today,translate_fr_eng_lower,translate_fr_eng+lowercase,True
D E M A I N,t o m o r r o w,DEMAIN,tomorrow,translate_fr_eng_lower,translate_fr_eng+lowercase,True
H I E R,y e s t e r d a y,HIER,yesterday,translate_fr_eng_lower,translate_fr_eng+lowercase,True
E N F A N T,c h i l d,ENFANT,child,translate_fr_eng_lower,translate_fr_eng+lowercase,True
É C O L E,s c h o o l,ÉCOLE,school,translate_fr_eng_lower,translate_fr_eng+lowercase,True
É T U D I A N T,s t u d e n t,ÉTUDIANT,student,translate_fr_eng_lower,translate_fr_eng+lowercase,True
P R O F E S S E U R,t e a c h e r,PROFESSEUR,teacher,translate_fr_eng_lower,translate_fr_eng+lowercase,True
P O M M E,a p p l e,POMME,apple,translate_fr_eng_lower,translate_fr_eng+lowercase,True
P O I S S O N,f i s h,POISSON,fish,translate_fr_eng_lower,translate_fr_eng+lowercase,True
O I S E A U,b i r d,OISEAU,bird,translate_fr_eng_lower,translate_fr_eng+lowercase,True
C H E V A L,h o r s e,CHEVAL,horse,translate_fr_eng_lower,translate_fr_eng+lowercase,True
L E T T R E,l e t t e r,LETTRE,letter,translate_fr_eng_lower,translate_fr_eng+lowercase,True
M O T,w o r d,MOT,word,translate_fr_eng_lower,translate_fr_eng+lowercase,True
P H R A S E,s e n t e n c e,PHRASE,sentence,translate_fr_eng_lower,translate_fr_eng+lowercase,True
M U S I Q U E,m u s i c,MUSIQUE,music,translate_fr_eng_lower,translate_fr_eng+lowercase,True
C H A N S O N,s o n g,CHANSON,song,translate_fr_eng_lower,translate_fr_eng+lowercase,True
D A N S E,d a n c e,DANSE,dance,translate_fr_eng_lower,translate_fr_eng+lowercase,True
J E U,g a m e,JEU,game,translate_fr_eng_lower,translate_fr_eng+lowercase,True
B A L L E,b a l l,BALLE,ball,translate_fr_eng_lower,translate_fr_eng+lowercase,True
M A I N,h a n d,MAIN,hand,translate_fr_eng_lower,translate_fr_eng+lowercase,True
P I E D,f o o t,PIED,foot,translate_fr_eng_lower,translate_fr_eng+lowercase,True
T Ê T E,h e a d,TÊTE,head,translate_fr_eng_lower,translate_fr_eng+lowercase,True
Œ I L,e y e,ŒIL,eye,translate_fr_eng_lower,translate_fr_eng+lowercase,True
O R E I L L E,e a r,OREILLE,ear,translate_fr_eng_lower,translate_fr_eng+lowercase,True
N E Z,n o s e,NEZ,nose,translate_fr_eng_lower,translate_fr_eng+lowercase,True
B O U C H E,m o u t h,BOUCHE,mouth,translate_fr_eng_lower,translate_fr_eng+lowercase,True
C Œ U R,h e a r t,CŒUR,heart,translate_fr_eng_lower,translate_fr_eng+lowercase,True
C E R V E A U,b r a i n,CERVEAU,brain,translate_fr_eng_lower,translate_fr_eng+lowercase,True
C O R P S,b o d y,CORPS,body,translate_fr_eng_lower,translate_fr_eng+lowercase,True
R O U G E,r e d,ROUGE,red,translate_fr_eng_lower,translate_fr_eng+lowercase,True
B L E U,b l u e,BLEU,blue,translate_fr_eng_lower,translate_fr_eng+lowercase,True
V E R T,g r e e n,VERT,green,translate_fr_eng_lower,translate_fr_eng+lowercase,True
J A U N E,y e l l o w,JAUNE,yellow,translate_fr_eng_lower,translate_fr_eng+lowercase,True
N O I R,b l a c k,NOIR,black,translate_fr_eng_lower,translate_fr_eng+lowercase,True
B L A N C,w h i t e,BLANC,white,translate_fr_eng_lower,translate_fr_eng+lowercase,True
V I O L E T,p u r p l e,VIOLET,purple,translate_fr_eng_lower,translate_fr_eng+lowercase,True
R O S E,p i n k,ROSE,pink,translate_fr_eng_lower,translate_fr_eng+lowercase,True
G R I S,g r a y,GRIS,gray,translate_fr_eng_lower,translate_fr_eng+lowercase,True
M A R R O N,b r o w n,MARRON,brown,translate_fr_eng_lower,translate_fr_eng+lowercase,True
G R A N D,b i g,GRAND,big,translate_fr_eng_lower,translate_fr_eng+lowercase,True
P E T I T,s m a l l,PETIT,small,translate_fr_eng_lower,translate_fr_eng+lowercase,True
C H A U D,h o t,CHAUD,hot,translate_fr_eng_lower,translate_fr_eng+lowercase,True
F R O I D,c o l d,FROID,cold,translate_fr_eng_lower,translate_fr_eng+lowercase,True
N O U V E A U,n e w,NOUVEAU,new,translate_fr_eng_lower,translate_fr_eng+lowercase,True
V I E U X,o l d,VIEUX,old,translate_fr_eng_lower,translate_fr_eng+lowercase,True
B O N,g o o d,BON,good,translate_fr_eng_lower,translate_fr_eng+lowercase,True
M A U V A I S,b a d,MAUVAIS,bad,translate_fr_eng_lower,translate_fr_eng+lowercase,True
H E U R E U X,h a p p y,HEUREUX,happy,translate_fr_eng_lower,translate_fr_eng+lowercase,True
T R I S T E,s a d,TRISTE,sad,translate_fr_eng_lower,translate_fr_eng+lowercase,True
R A P I D E,f a s t,RAPIDE,fast,translate_fr_eng_lower,translate_fr_eng+lowercase,True
L E N T,s l o w,LENT,slow,translate_fr_eng_lower,translate_fr_eng+lowercase,True
F O R T,s t r o n g,FORT,strong,translate_fr_eng_lower,translate_fr_eng+lowercase,True
F A I B L E,w e a k,FAIBLE,weak,translate_fr_eng_lower,translate_fr_eng+lowercase,True
B E A U,b e a u t i f u l,BEAU,beautiful,translate_fr_eng_lower,translate_fr_eng+lowercase,True
L A I D,u g l y,LAID,ugly,translate_fr_eng_lower,translate_fr_eng+lowercase,True
J E U N E,y o u n g,JEUNE,young,translate_fr_eng_lower,translate_fr_eng+lowercase,True
R I C H E,r i c h,RICHE,rich,translate_fr_eng_lower,translate_fr_eng+lowercase,True
P A U V R E,p o o r,PAUVRE,poor,translate_fr_eng_lower,translate_fr_eng+lowercase,True
P R O P R E,c l e a n,PROPRE,clean,translate_fr_eng_lower,translate_fr_eng+lowercase,True
S A L E,d i r t y,SALE,dirty,translate_fr_eng_lower,translate_fr_eng+lowercase,True
F A C I L E,e a s y,FACILE,easy,translate_fr_eng_lower,translate_fr_eng+lowercase,True
D I F F I C I L E,d i f f i c u l t,DIFFICILE,difficult,translate_fr_eng_lower,translate_fr_eng+lowercase,True
L O N G,l o n g,LONG,long,translate_fr_eng_lower,translate_fr_eng+lowercase,True
C O U R T,s h o r t,COURT,short,translate_fr_eng_lower,translate_fr_eng+lowercase,True
H A U T,u p,HAUT,up,translate_fr_eng_lower,translate_fr_eng+lowercase,True
B A S,d o w n,BAS,down,translate_fr_eng_lower,translate_fr_eng+lowercase,True
L A R G E,w i d e,LARGE,wide,translate_fr_eng_lower,translate_fr_eng+lowercase,True
É T R O I T,n a r r o w,ÉTROIT,narrow,translate_fr_eng_lower,translate_fr_eng+lowercase,True
L O U R D,h e a v y,LOURD,heavy,translate_fr_eng_lower,translate_fr_eng+lowercase,True
L É G E R,l i g h t,LÉGER,light,translate_fr_eng_lower,translate_fr_eng+lowercase,True
P L E I N,f u l l,PLEIN,full,translate_fr_eng_lower,translate_fr_eng+lowercase,True
V I D E,e m p t y,VIDE,empty,translate_fr_eng_lower,translate_fr_eng+lowercase,True
D R O I T,r i g h t,DROIT,right,translate_fr_eng_lower,translate_fr_eng+lowercase,True
G A U C H E,l e f t,GAUCHE,left,translate_fr_eng_lower,translate_fr_eng+lowercase,True
D E D A N S,i n s i d e,DEDANS,inside,translate_fr_eng_lower,translate_fr_eng+lowercase,True
D E H O R S,o u t s i d e,DEHORS,outside,translate_fr_eng_lower,translate_fr_eng+lowercase,True
D E V A N T,f r o n t,DEVANT,front,translate_fr_eng_lower,translate_fr_eng+lowercase,True
D E R R I È R E,b a c k,DERRIÈRE,back,translate_fr_eng_lower,translate_fr_eng+lowercase,True
P R È S,n e a r,PRÈS,near,translate_fr_eng_lower,translate_fr_eng+lowercase,True
L O I N,f a r,LOIN,far,translate_fr_eng_lower,translate_fr_eng+lowercase,True
P R E M I E R,f i r s t,PREMIER,first,translate_fr_eng_lower,translate_fr_eng+lowercase,True
D E R N I E R,l a s t,DERNIER,last,translate_fr_eng_lower,translate_fr_eng+lowercase,True
O U V E R T,o p e n,OUVERT,open,translate_fr_eng_lower,translate_fr_eng+lowercase,True
F E R M É,c l o s e d,FERMÉ,closed,translate_fr_eng_lower,translate_fr_eng+lowercase,True
U N,o n e,UN,one,translate_fr_eng_lower,translate_fr_eng+lowercase,True
D E U X,t w o,DEUX,two,translate_fr_eng_lower,translate_fr_eng+lowercase,True
T R O I S,t h r e e,TROIS,three,translate_fr_eng_lower,translate_fr_eng+lowercase,True
Q U A T R E,f o u r,QUATRE,four,translate_fr_eng_lower,translate_fr_eng+lowercase,True
C I N Q,f i v e,CINQ,five,translate_fr_eng_lower,translate_fr_eng+lowercase,True
S I X,s i x,SIX,six,translate_fr_eng_lower,translate_fr_eng+lowercase,True
S E P T,s e v e n,SEPT,seven,translate_fr_eng_lower,translate_fr_eng+lowercase,True
H U I T,e i g h t,HUIT,eight,translate_fr_eng_lower,translate_fr_eng+lowercase,True
N E U F,n i n e,NEUF,nine,translate_fr_eng_lower,translate_fr_eng+lowercase,True
D I X,t e n,DIX,ten,translate_fr_eng_lower,translate_fr_eng+lowercase,True
C E N T,h u n d r e d,CENT,hundred,translate_fr_eng_lower,translate_fr_eng+lowercase,True
M I L L E,t h o u s a n d,MILLE,thousand,translate_fr_eng_lower,translate_fr_eng+lowercase,True
F R È R E,b r o t h e r,FRÈRE,brother,translate_fr_eng_lower,translate_fr_eng+lowercase,True
S Œ U R,s i s t e r,SŒUR,sister,translate_fr_eng_lower,translate_fr_eng+lowercase,True
P È R E,f a t h e r,PÈRE,father,translate_fr_eng_lower,translate_fr_eng+lowercase,True
M È R E,m o t h e r,MÈRE,mother,translate_fr_eng_lower,translate_fr_eng+lowercase,True
F I L S,s o n,FILS,son,translate_fr_eng_lower,translate_fr_eng+lowercase,True
F I L L E,g i r l,FILLE,girl,translate_fr_eng_lower,translate_fr_eng+lowercase,True
M A R I,h u s b a n d,MARI,husband,translate_fr_eng_lower,translate_fr_eng+lowercase,True
F E M M E,w o m a n,FEMME,woman,translate_fr_eng_lower,translate_fr_eng+lowercase,True
G R A N D - P È R E,g r a n d f a t h e r,GRAND-PÈRE,grandfather,translate_fr_eng_lower,translate_fr_eng+lowercase,True
G R A N D - M È R E,g r a n d m o t h e r,GRAND-MÈRE,grandmother,translate_fr_eng_lower,translate_fr_eng+lowercase,True
O N C L E,u n c l e,ONCLE,uncle,translate_fr_eng_lower,translate_fr_eng+lowercase,True
T A N T E,a u n t,TANTE,aunt,translate_fr_eng_lower,translate_fr_eng+lowercase,True
C O U S I N,c o u s i n,COUSIN,cousin,translate_fr_eng_lower,translate_fr_eng+lowercase,True
R O I,k i n g,ROI,king,translate_fr_eng_lower,translate_fr_eng+lowercase,True
R E I N E,q u e e n,REINE,queen,translate_fr_eng_lower,translate_fr_eng+lowercase,True
P R I N C E,p r i n c e,PRINCE,prince,translate_fr_eng_lower,translate_fr_eng+lowercase,True
P R I N C E S S E,p r i n c e s s,PRINCESSE,princess,translate_fr_eng_lower,translate_fr_eng+lowercase,True
H O M M E,m a n,HOMME,man,translate_fr_eng_lower,translate_fr_eng+lowercase,True
G A R Ç O N,b o y,GARÇON,boy,translate_fr_eng_lower,translate_fr_eng+lowercase,True
B É B É,b a b y,BÉBÉ,baby,translate_fr_eng_lower,translate_fr_eng+lowercase,True
M É D E C I N,d o c t o r,MÉDECIN,doctor,translate_fr_eng_lower,translate_fr_eng+lowercase,True
I N F I R M I È R E,n u r s e,INFIRMIÈRE,nurse,translate_fr_eng_lower,translate_fr_eng+lowercase,True
A V O C A T,l a w y e r,AVOCAT,lawyer,translate_fr_eng_lower,translate_fr_eng+lowercase,True
P O L I C E,p o l i c e,POLICE,police,translate_fr_eng_lower,translate_fr_eng+lowercase,True
S O L D A T,s o l d i e r,SOLDAT,soldier,translate_fr_eng_lower,translate_fr_eng+lowercase,True
F E R M I E R,f a r m e r,FERMIER,farmer,translate_fr_eng_lower,translate_fr_eng+lowercase,True
O U V R I E R,w o r k e r,OUVRIER,worker,translate_fr_eng_lower,translate_fr_eng+lowercase,True
A R T I S T E,a r t i s t,ARTISTE,artist,translate_fr_eng_lower,translate_fr_eng+lowercase,True
M U S I C I E N,m u s i c i a n,MUSICIEN,musician,translate_fr_eng_lower,translate_fr_eng+lowercase,True
b o n j o u r,o l l e h,bonjour,olleh,translate_fr_eng_reverse,translate_fr_eng+reverse,True
a u   r e v o i r,e y b d o o g,au revoir,eybdoog,translate_fr_eng_reverse,translate_fr_eng+reverse,True
m e r c i,u o y   k n a h t,merci,uoy knaht,translate_fr_eng_reverse,translate_fr_eng+reverse,True
s ' i l   v o u s   p l a î t,e s a e l p,s'il vous plaît,esaelp,translate_fr_eng_reverse,translate_fr_eng+reverse,True
o u i,s e y,oui,sey,translate_fr_eng_reverse,translate_fr_eng+reverse,True
n o n,o n,non,on,translate_fr_eng_reverse,translate_fr_eng+reverse,True
e a u,r e t a w,eau,retaw,translate_fr_eng_reverse,translate_fr_eng+reverse,True
m a i s o n,e s u o h,maison,esuoh,translate_fr_eng_reverse,translate_fr_eng+reverse,True
c h a t,t a c,chat,tac,translate_fr_eng_reverse,translate_fr_eng+reverse,True
c h i e n,g o d,chien,god,translate_fr_eng_reverse,translate_fr_eng+reverse,True
b o n s o i r,g n i n e v e   d o o g,bonsoir,gnineve doog,translate_fr_eng_reverse,translate_fr_eng+reverse,True
b o n n e   n u i t,t h g i n   d o o g,bonne nuit,thgin doog,translate_fr_eng_reverse,translate_fr_eng+reverse,True
c o m m e n t   a l l e z - v o u s,u o y   e r a   w o h,comment allez-vous,uoy era woh,translate_fr_eng_reverse,translate_fr_eng+reverse,True
j e   t ' a i m e,u o y   e v o l   I,je t'aime,uoy evol I,translate_fr_eng_reverse,translate_fr_eng+reverse,True
a m i,d n e i r f,ami,dneirf,translate_fr_eng_reverse,translate_fr_eng+reverse,True
f a m i l l e,y l i m a f,famille,ylimaf,translate_fr_eng_reverse,translate_fr_eng+reverse,True
n o u r r i t u r e,d o o f,nourriture,doof,translate_fr_eng_reverse,translate_fr_eng+reverse,True
l i v r e,k o o b,livre,koob,translate_fr_eng_reverse,translate_fr_eng+reverse,True
v o i t u r e,r a c,voiture,rac,translate_fr_eng_reverse,translate_fr_eng+reverse,True
a r b r e,e e r t,arbre,eert,translate_fr_eng_reverse,translate_fr_eng+reverse,True
f l e u r,r e w o l f,fleur,rewolf,translate_fr_eng_reverse,translate_fr_eng+reverse,True
s o l e i l,n u s,soleil,nus,translate_fr_eng_reverse,translate_fr_eng+reverse,True
l u n e,n o o m,lune,noom,translate_fr_eng_reverse,translate_fr_eng+reverse,True
é t o i l e,r a t s,étoile,rats,translate_fr_eng_reverse,translate_fr_eng+reverse,True
p a i n,d a e r b,pain,daerb,translate_fr_eng_reverse,translate_fr_eng+reverse,True
f r o m a g e,e s e e h c,fromage,eseehc,translate_fr_eng_reverse,translate_fr_eng+reverse,True
v i n,e n i w,vin,eniw,translate_fr_eng_reverse,translate_fr_eng+reverse,True
c a f é,e e f f o c,café,eeffoc,translate_fr_eng_reverse,translate_fr_eng+reverse,True
t h é,a e t,thé,aet,translate_fr_eng_reverse,translate_fr_eng+reverse,True
l a i t,k l i m,lait,klim,translate_fr_eng_reverse,translate_fr_eng+reverse,True
s u c r e,r a g u s,sucre,ragus,translate_fr_eng_reverse,translate_fr_eng+reverse,True
s e l,t l a s,sel,tlas,translate_fr_eng_reverse,translate_fr_eng+reverse,True
p o i v r e,r e p p e p,poivre,reppep,translate_fr_eng_reverse,translate_fr_eng+reverse,True
c h a i s e,r i a h c,chaise,riahc,translate_fr_eng_reverse,translate_fr_eng+reverse,True
p o r t e,r o o d,porte,rood,translate_fr_eng_reverse,translate_fr_eng+reverse,True
f e n ê t r e,w o d n i w,fenêtre,wodniw,translate_fr_eng_reverse,translate_fr_eng+reverse,True
r u e,t e e r t s,rue,teerts,translate_fr_eng_reverse,translate_fr_eng+reverse,True
v i l l e,y t i c,ville,ytic,translate_fr_eng_reverse,translate_fr_eng+reverse,True
p a y s,y r t n u o c,pays,yrtnuoc,translate_fr_eng_reverse,translate_fr_eng+reverse,True
m o n d e,d l r o w,monde,dlrow,translate_fr_eng_reverse,translate_fr_eng+reverse,True
t e m p s,e m i t,temps,emit,translate_fr_eng_reverse,translate_fr_eng+reverse,True
j o u r,y a d,jour,yad,translate_fr_eng_reverse,translate_fr_eng+reverse,True
n u i t,t h g i n,nuit,thgin,translate_fr_eng_reverse,translate_fr_eng+reverse,True
s e m a i n e,k e e w,semaine,keew,translate_fr_eng_reverse,translate_fr_eng+reverse,True
m o i s,h t n o m,mois,htnom,translate_fr_eng_reverse,translate_fr_eng+reverse,True
a n,r a e y,an,raey,translate_fr_eng_reverse,translate_fr_eng+reverse,True
a u j o u r d ' h u i,y a d o t,aujourd'hui,yadot,translate_fr_eng_reverse,translate_fr_eng+reverse,True
d e m a i n,w o r r o m o t,demain,worromot,translate_fr_eng_reverse,translate_fr_eng+reverse,True
h i e r,y a d r e t s e y,hier,yadretsey,translate_fr_eng_reverse,translate_fr_eng+reverse,True
e n f a n t,d l i h c,enfant,dlihc,translate_fr_eng_reverse,translate_fr_eng+reverse,True
é c o l e,l o o h c s,école,loohcs,translate_fr_eng_reverse,translate_fr_eng+reverse,True
é t u d i a n t,t n e d u t s,étudiant,tneduts,translate_fr_eng_reverse,translate_fr_eng+reverse,True
p r o f e s s e u r,r e h c a e t,professeur,rehcaet,translate_fr_eng_reverse,translate_fr_eng+reverse,True
p o m m e,e l p p a,pomme,elppa,translate_fr_eng_reverse,translate_fr_eng+reverse,True
p o i s s o n,h s i f,poisson,hsif,translate_fr_eng_reverse,translate_fr_eng+reverse,True
o i s e a u,d r i b,oiseau,drib,translate_fr_eng_reverse,translate_fr_eng+reverse,True
c h e v a l,e s r o h,cheval,esroh,translate_fr_eng_reverse,translate_fr_eng+reverse,True
l e t t r e,r e t t e l,lettre,rettel,translate_fr_eng_reverse,translate_fr_eng+reverse,True
m o t,d r o w,mot,drow,translate_fr_eng_reverse,translate_fr_eng+reverse,True
p h r a s e,e c n e t n e s,phrase,ecnetnes,translate_fr_eng_reverse,translate_fr_eng+reverse,True
m u s i q u e,c i s u m,musique,cisum,translate_fr_eng_reverse,translate_fr_eng+reverse,True
c h a n s o n,g n o s,chanson,gnos,translate_fr_eng_reverse,translate_fr_eng+reverse,True
d a n s e,e c n a d,danse,ecnad,translate_fr_eng_reverse,translate_fr_eng+reverse,True
j e u,e m a g,jeu,emag,translate_fr_eng_reverse,translate_fr_eng+reverse,True
b a l l e,l l a b,balle,llab,translate_fr_eng_reverse,translate_fr_eng+reverse,True
m a i n,d n a h,main,dnah,translate_fr_eng_reverse,translate_fr_eng+reverse,True
p i e d,t o o f,pied,toof,translate_fr_eng_reverse,translate_fr_eng+reverse,True
t ê t e,d a e h,tête,daeh,translate_fr_eng_reverse,translate_fr_eng+reverse,True
œ i l,e y e,œil,eye,translate_fr_eng_reverse,translate_fr_eng+reverse,True
o r e i l l e,r a e,oreille,rae,translate_fr_eng_reverse,translate_fr_eng+reverse,True
n e z,e s o n,nez,eson,translate_fr_eng_reverse,translate_fr_eng+reverse,True
b o u c h e,h t u o m,bouche,htuom,translate_fr_eng_reverse,translate_fr_eng+reverse,True
c œ u r,t r a e h,cœur,traeh,translate_fr_eng_reverse,translate_fr_eng+reverse,True
c e r v e a u,n i a r b,cerveau,niarb,translate_fr_eng_reverse,translate_fr_eng+reverse,True
c o r p s,y d o b,corps,ydob,translate_fr_eng_reverse,translate_fr_eng+reverse,True
r o u g e,d e r,rouge,der,translate_fr_eng_reverse,translate_fr_eng+reverse,True
b l e u,e u l b,bleu,eulb,translate_fr_eng_reverse,translate_fr_eng+reverse,True
v e r t,n e e r g,vert,neerg,translate_fr_eng_reverse,translate_fr_eng+reverse,True
j a u n e,w o l l e y,jaune,wolley,translate_fr_eng_reverse,translate_fr_eng+reverse,True
n o i r,k c a l b,noir,kcalb,translate_fr_eng_reverse,translate_fr_eng+reverse,True
b l a n c,e t i h w,blanc,etihw,translate_fr_eng_reverse,translate_fr_eng+reverse,True
v i o l e t,e l p r u p,violet,elprup,translate_fr_eng_reverse,translate_fr_eng+reverse,True
r o s e,k n i p,rose,knip,translate_fr_eng_reverse,translate_fr_eng+reverse,True
g r i s,y a r g,gris,yarg,translate_fr_eng_reverse,translate_fr_eng+reverse,True
m a r r o n,n w o r b,marron,nworb,translate_fr_eng_reverse,translate_fr_eng+reverse,True
g r a n d,g i b,grand,gib,translate_fr_eng_reverse,translate_fr_eng+reverse,True
p e t i t,l l a m s,petit,llams,translate_fr_eng_reverse,translate_fr_eng+reverse,True
c h a u d,t o h,chaud,toh,translate_fr_eng_reverse,translate_fr_eng+reverse,True
f r o i d,d l o c,froid,dloc,translate_fr_eng_reverse,translate_fr_eng+reverse,True
n o u v e a u,w e n,nouveau,wen,translate_fr_eng_reverse,translate_fr_eng+reverse,True
v i e u x,d l o,vieux,dlo,translate_fr_eng_reverse,translate_fr_eng+reverse,True
b o n,d o o g,bon,doog,translate_fr_eng_reverse,translate_fr_eng+reverse,True
m a u v a i s,d a b,mauvais,dab,translate_fr_eng_reverse,translate_fr_eng+reverse,True
h e u r e u x,y p p a h,heureux,yppah,translate_fr_eng_reverse,translate_fr_eng+reverse,True
t r i s t e,d a s,triste,das,translate_fr_eng_reverse,translate_fr_eng+reverse,True
r a p i d e,t s a f,rapide,tsaf,translate_fr_eng_reverse,translate_fr_eng+reverse,True
l e n t,w o l s,lent,wols,translate_fr_eng_reverse,translate_fr_eng+reverse,True
f o r t,g n o r t s,fort,gnorts,translate_fr_eng_reverse,translate_fr_eng+reverse,True
f a i b l e,k a e w,faible,kaew,translate_fr_eng_reverse,translate_fr_eng+reverse,True
b e a u,l u f i t u a e b,beau,lufituaeb,translate_fr_eng_reverse,translate_fr_eng+reverse,True
l a i d,y l g u,laid,ylgu,translate_fr_eng_reverse,translate_fr_eng+reverse,True
j e u n e,g n u o y,jeune,gnuoy,translate_fr_eng_reverse,translate_fr_eng+reverse,True
r i c h e,h c i r,riche,hcir,translate_fr_eng_reverse,translate_fr_eng+reverse,True
p a u v r e,r o o p,pauvre,roop,translate_fr_eng_reverse,translate_fr_eng+reverse,True
p r o p r e,n a e l c,propre,naelc,translate_fr_eng_reverse,translate_fr_eng+reverse,True
s a l e,y t r i d,sale,ytrid,translate_fr_eng_reverse,translate_fr_eng+reverse,True
f a c i l e,y s a e,facile,ysae,translate_fr_eng_reverse,translate_fr_eng+reverse,True
d i f f i c i l e,t l u c i f f i d,difficile,tluciffid,translate_fr_eng_reverse,translate_fr_eng+reverse,True
l o n g,g n o l,long,gnol,translate_fr_eng_reverse,translate_fr_eng+reverse,True
c o u r t,t r o h s,court,trohs,translate_fr_eng_reverse,translate_fr_eng+reverse,True
h a u t,p u,haut,pu,translate_fr_eng_reverse,translate_fr_eng+reverse,True
b a s,n w o d,bas,nwod,translate_fr_eng_reverse,translate_fr_eng+reverse,True
l a r g e,e d i w,large,ediw,translate_fr_eng_reverse,translate_fr_eng+reverse,True
é t r o i t,w o r r a n,étroit,worran,translate_fr_eng_reverse,translate_fr_eng+reverse,True
l o u r d,y v a e h,lourd,yvaeh,translate_fr_eng_reverse,translate_fr_eng+reverse,True
l é g e r,t h g i l,léger,thgil,translate_fr_eng_reverse,translate_fr_eng+reverse,True
p l e i n,l l u f,plein,lluf,translate_fr_eng_reverse,translate_fr_eng+reverse,True
v i d e,y t p m e,vide,ytpme,translate_fr_eng_reverse,translate_fr_eng+reverse,True
d r o i t,t h g i r,droit,thgir,translate_fr_eng_reverse,translate_fr_eng+reverse,True
g a u c h e,t f e l,gauche,tfel,translate_fr_eng_reverse,translate_fr_eng+reverse,True
d e d a n s,e d i s n i,dedans,edisni,translate_fr_eng_reverse,translate_fr_eng+reverse,True
d e h o r s,e d i s t u o,dehors,edistuo,translate_fr_eng_reverse,translate_fr_eng+reverse,True
d e v a n t,t n o r f,devant,tnorf,translate_fr_eng_reverse,translate_fr_eng+reverse,True
d e r r i è r e,k c a b,derrière,kcab,translate_fr_eng_reverse,translate_fr_eng+reverse,True
p r è s,r a e n,près,raen,translate_fr_eng_reverse,translate_fr_eng+reverse,True
l o i n,r a f,loin,raf,translate_fr_eng_reverse,translate_fr_eng+reverse,True
p r e m i e r,t s r i f,premier,tsrif,translate_fr_eng_reverse,translate_fr_eng+reverse,True
d e r n i e r,t s a l,dernier,tsal,translate_fr_eng_reverse,translate_fr_eng+reverse,True
o u v e r t,n e p o,ouvert,nepo,translate_fr_eng_reverse,translate_fr_eng+reverse,True
f e r m é,d e s o l c,fermé,desolc,translate_fr_eng_reverse,translate_fr_eng+reverse,True
u n,e n o,un,eno,translate_fr_eng_reverse,translate_fr_eng+reverse,True
d e u x,o w t,deux,owt,translate_fr_eng_reverse,translate_fr_eng+reverse,True
t r o i s,e e r h t,trois,eerht,translate_fr_eng_reverse,translate_fr_eng+reverse,True
q u a t r e,r u o f,quatre,ruof,translate_fr_eng_reverse,translate_fr_eng+reverse,True
c i n q,e v i f,cinq,evif,translate_fr_eng_reverse,translate_fr_eng+reverse,True
s i x,x i s,six,xis,translate_fr_eng_reverse,translate_fr_eng+reverse,True
s e p t,n e v e s,sept,neves,translate_fr_eng_reverse,translate_fr_eng+reverse,True
h u i t,t h g i e,huit,thgie,translate_fr_eng_reverse,translate_fr_eng+reverse,True
n e u f,e n i n,neuf,enin,translate_fr_eng_reverse,translate_fr_eng+reverse,True
d i x,n e t,dix,net,translate_fr_eng_reverse,translate_fr_eng+reverse,True
c e n t,d e r d n u h,cent,derdnuh,translate_fr_eng_reverse,translate_fr_eng+reverse,True
m i l l e,d n a s u o h t,mille,dnasuoht,translate_fr_eng_reverse,translate_fr_eng+reverse,True
f r è r e,r e h t o r b,frère,rehtorb,translate_fr_eng_reverse,translate_fr_eng+reverse,True
s œ u r,r e t s i s,sœur,retsis,translate_fr_eng_reverse,translate_fr_eng+reverse,True
p è r e,r e h t a f,père,rehtaf,translate_fr_eng_reverse,translate_fr_eng+reverse,True
m è r e,r e h t o m,mère,rehtom,translate_fr_eng_reverse,translate_fr_eng+reverse,True
f i l s,n o s,fils,nos,translate_fr_eng_reverse,translate_fr_eng+reverse,True
f i l l e,l r i g,fille,lrig,translate_fr_eng_reverse,translate_fr_eng+reverse,True
m a r i,d n a b s u h,mari,dnabsuh,translate_fr_eng_reverse,translate_fr_eng+reverse,True
f e m m e,n a m o w,femme,namow,translate_fr_eng_reverse,translate_fr_eng+reverse,True
g r a n d - p è r e,r e h t a f d n a r g,grand-père,rehtafdnarg,translate_fr_eng_reverse,translate_fr_eng+reverse,True
g r a n d - m è r e,r e h t o m d n a r g,grand-mère,rehtomdnarg,translate_fr_eng_reverse,translate_fr_eng+reverse,True
o n c l e,e l c n u,oncle,elcnu,translate_fr_eng_reverse,translate_fr_eng+reverse,True
t a n t e,t n u a,tante,tnua,translate_fr_eng_reverse,translate_fr_eng+reverse,True
c o u s i n,n i s u o c,cousin,nisuoc,translate_fr_eng_reverse,translate_fr_eng+reverse,True
r o i,g n i k,roi,gnik,translate_fr_eng_reverse,translate_fr_eng+reverse,True
r e i n e,n e e u q,reine,neeuq,translate_fr_eng_reverse,translate_fr_eng+reverse,True
p r i n c e,e c n i r p,prince,ecnirp,translate_fr_eng_reverse,translate_fr_eng+reverse,True
p r i n c e s s e,s s e c n i r p,princesse,ssecnirp,translate_fr_eng_reverse,translate_fr_eng+reverse,True
h o m m e,n a m,homme,nam,translate_fr_eng_reverse,translate_fr_eng+reverse,True
g a r ç o n,y o b,garçon,yob,translate_fr_eng_reverse,translate_fr_eng+reverse,True
b é b é,y b a b,bébé,ybab,translate_fr_eng_reverse,translate_fr_eng+reverse,True
m é d e c i n,r o t c o d,médecin,rotcod,translate_fr_eng_reverse,translate_fr_eng+reverse,True
i n f i r m i è r e,e s r u n,infirmière,esrun,translate_fr_eng_reverse,translate_fr_eng+reverse,True
a v o c a t,r e y w a l,avocat,reywal,translate_fr_eng_reverse,translate_fr_eng+reverse,True
p o l i c e,e c i l o p,police,ecilop,translate_fr_eng_reverse,translate_fr_eng+reverse,True
s o l d a t,r e i d l o s,soldat,reidlos,translate_fr_eng_reverse,translate_fr_eng+reverse,True
f e r m i e r,r e m r a f,fermier,remraf,translate_fr_eng_reverse,translate_fr_eng+reverse,True
o u v r i e r,r e k r o w,ouvrier,rekrow,translate_fr_eng_reverse,translate_fr_eng+reverse,True
a r t i s t e,t s i t r a,artiste,tsitra,translate_fr_eng_reverse,translate_fr_eng+reverse,True
m u s i c i e n,n a i c i s u m,musicien,naicisum,translate_fr_eng_reverse,translate_fr_eng+reverse,True
b o n j o u r,h,bonjour,h,translate_fr_eng_first,translate_fr_eng+first_letter,True
a u   r e v o i r,g,au revoir,g,translate_fr_eng_first,translate_fr_eng+first_letter,True
m e r c i,t,merci,t,translate_fr_eng_first,translate_fr_eng+first_letter,True
s ' i l   v o u s   p l a î t,p,s'il vous plaît,p,translate_fr_eng_first,translate_fr_eng+first_letter,True
o u i,y,oui,y,translate_fr_eng_first,translate_fr_eng+first_letter,True
n o n,n,non,n,translate_fr_eng_first,translate_fr_eng+first_letter,True
e a u,w,eau,w,translate_fr_eng_first,translate_fr_eng+first_letter,True
m a i s o n,h,maison,h,translate_fr_eng_first,translate_fr_eng+first_letter,True
c h a t,c,chat,c,translate_fr_eng_first,translate_fr_eng+first_letter,True
c h i e n,d,chien,d,translate_fr_eng_first,translate_fr_eng+first_letter,True
b o n s o i r,g,bonsoir,g,translate_fr_eng_first,translate_fr_eng+first_letter,True
b o n n e   n u i t,g,bonne nuit,g,translate_fr_eng_first,translate_fr_eng+first_letter,True
c o m m e n t   a l l e z - v o u s,h,comment allez-vous,h,translate_fr_eng_first,translate_fr_eng+first_letter,True
j e   t ' a i m e,I,je t'aime,I,translate_fr_eng_first,translate_fr_eng+first_letter,True
a m i,f,ami,f,translate_fr_eng_first,translate_fr_eng+first_letter,True
f a m i l l e,f,famille,f,translate_fr_eng_first,translate_fr_eng+first_letter,True
n o u r r i t u r e,f,nourriture,f,translate_fr_eng_first,translate_fr_eng+first_letter,True
l i v r e,b,livre,b,translate_fr_eng_first,translate_fr_eng+first_letter,True
v o i t u r e,c,voiture,c,translate_fr_eng_first,translate_fr_eng+first_letter,True
a r b r e,t,arbre,t,translate_fr_eng_first,translate_fr_eng+first_letter,True
f l e u r,f,fleur,f,translate_fr_eng_first,translate_fr_eng+first_letter,True
s o l e i l,s,soleil,s,translate_fr_eng_first,translate_fr_eng+first_letter,True
l u n e,m,lune,m,translate_fr_eng_first,translate_fr_eng+first_letter,True
é t o i l e,s,étoile,s,translate_fr_eng_first,translate_fr_eng+first_letter,True
p a i n,b,pain,b,translate_fr_eng_first,translate_fr_eng+first_letter,True
f r o m a g e,c,fromage,c,translate_fr_eng_first,translate_fr_eng+first_letter,True
v i n,w,vin,w,translate_fr_eng_first,translate_fr_eng+first_letter,True
c a f é,c,café,c,translate_fr_eng_first,translate_fr_eng+first_letter,True
t h é,t,thé,t,translate_fr_eng_first,translate_fr_eng+first_letter,True
l a i t,m,lait,m,translate_fr_eng_first,translate_fr_eng+first_letter,True
s u c r e,s,sucre,s,translate_fr_eng_first,translate_fr_eng+first_letter,True
s e l,s,sel,s,translate_fr_eng_first,translate_fr_eng+first_letter,True
p o i v r e,p,poivre,p,translate_fr_eng_first,translate_fr_eng+first_letter,True
c h a i s e,c,chaise,c,translate_fr_eng_first,translate_fr_eng+first_letter,True
p o r t e,d,porte,d,translate_fr_eng_first,translate_fr_eng+first_letter,True
f e n ê t r e,w,fenêtre,w,translate_fr_eng_first,translate_fr_eng+first_letter,True
r u e,s,rue,s,translate_fr_eng_first,translate_fr_eng+first_letter,True
v i l l e,c,ville,c,translate_fr_eng_first,translate_fr_eng+first_letter,True
p a y s,c,pays,c,translate_fr_eng_first,translate_fr_eng+first_letter,True
m o n d e,w,monde,w,translate_fr_eng_first,translate_fr_eng+first_letter,True
t e m p s,t,temps,t,translate_fr_eng_first,translate_fr_eng+first_letter,True
j o u r,d,jour,d,translate_fr_eng_first,translate_fr_eng+first_letter,True
n u i t,n,nuit,n,translate_fr_eng_first,translate_fr_eng+first_letter,True
s e m a i n e,w,semaine,w,translate_fr_eng_first,translate_fr_eng+first_letter,True
m o i s,m,mois,m,translate_fr_eng_first,translate_fr_eng+first_letter,True
a n,y,an,y,translate_fr_eng_first,translate_fr_eng+first_letter,True
a u j o u r d ' h u i,t,aujourd'hui,t,translate_fr_eng_first,translate_fr_eng+first_letter,True
d e m a i n,t,demain,t,translate_fr_eng_first,translate_fr_eng+first_letter,True
h i e r,y,hier,y,translate_fr_eng_first,translate_fr_eng+first_letter,True
e n f a n t,c,enfant,c,translate_fr_eng_first,translate_fr_eng+first_letter,True
é c o l e,s,école,s,translate_fr_eng_first,translate_fr_eng+first_letter,True
é t u d i a n t,s,étudiant,s,translate_fr_eng_first,translate_fr_eng+first_letter,True
p r o f e s s e u r,t,professeur,t,translate_fr_eng_first,translate_fr_eng+first_letter,True
p o m m e,a,pomme,a,translate_fr_eng_first,translate_fr_eng+first_letter,True
p o i s s o n,f,poisson,f,translate_fr_eng_first,translate_fr_eng+first_letter,True
o i s e a u,b,oiseau,b,translate_fr_eng_first,translate_fr_eng+first_letter,True
c h e v a l,h,cheval,h,translate_fr_eng_first,translate_fr_eng+first_letter,True
l e t t r e,l,lettre,l,translate_fr_eng_first,translate_fr_eng+first_letter,True
m o t,w,mot,w,translate_fr_eng_first,translate_fr_eng+first_letter,True
p h r a s e,s,phrase,s,translate_fr_eng_first,translate_fr_eng+first_letter,True
m u s i q u e,m,musique,m,translate_fr_eng_first,translate_fr_eng+first_letter,True
c h a n s o n,s,chanson,s,translate_fr_eng_first,translate_fr_eng+first_letter,True
d a n s e,d,danse,d,translate_fr_eng_first,translate_fr_eng+first_letter,True
j e u,g,jeu,g,translate_fr_eng_first,translate_fr_eng+first_letter,True
b a l l e,b,balle,b,translate_fr_eng_first,translate_fr_eng+first_letter,True
m a i n,h,main,h,translate_fr_eng_first,translate_fr_eng+first_letter,True
p i e d,f,pied,f,translate_fr_eng_first,translate_fr_eng+first_letter,True
t ê t e,h,tête,h,translate_fr_eng_first,translate_fr_eng+first_letter,True
œ i l,e,œil,e,translate_fr_eng_first,translate_fr_eng+first_letter,True
o r e i l l e,e,oreille,e,translate_fr_eng_first,translate_fr_eng+first_letter,True
n e z,n,nez,n,translate_fr_eng_first,translate_fr_eng+first_letter,True
b o u c h e,m,bouche,m,translate_fr_eng_first,translate_fr_eng+first_letter,True
c œ u r,h,cœur,h,translate_fr_eng_first,translate_fr_eng+first_letter,True
c e r v e a u,b,cerveau,b,translate_fr_eng_first,translate_fr_eng+first_letter,True
c o r p s,b,corps,b,translate_fr_eng_first,translate_fr_eng+first_letter,True
r o u g e,r,rouge,r,translate_fr_eng_first,translate_fr_eng+first_letter,True
b l e u,b,bleu,b,translate_fr_eng_first,translate_fr_eng+first_letter,True
v e r t,g,vert,g,translate_fr_eng_first,translate_fr_eng+first_letter,True
j a u n e,y,jaune,y,translate_fr_eng_first,translate_fr_eng+first_letter,True
n o i r,b,noir,b,translate_fr_eng_first,translate_fr_eng+first_letter,True
b l a n c,w,blanc,w,translate_fr_eng_first,translate_fr_eng+first_letter,True
v i o l e t,p,violet,p,translate_fr_eng_first,translate_fr_eng+first_letter,True
r o s e,p,rose,p,translate_fr_eng_first,translate_fr_eng+first_letter,True
g r i s,g,gris,g,translate_fr_eng_first,translate_fr_eng+first_letter,True
m a r r o n,b,marron,b,translate_fr_eng_first,translate_fr_eng+first_letter,True
g r a n d,b,grand,b,translate_fr_eng_first,translate_fr_eng+first_letter,True
p e t i t,s,petit,s,translate_fr_eng_first,translate_fr_eng+first_letter,True
c h a u d,h,chaud,h,translate_fr_eng_first,translate_fr_eng+first_letter,True
f r o i d,c,froid,c,translate_fr_eng_first,translate_fr_eng+first_letter,True
n o u v e a u,n,nouveau,n,translate_fr_eng_first,translate_fr_eng+first_letter,True
v i e u x,o,vieux,o,translate_fr_eng_first,translate_fr_eng+first_letter,True
b o n,g,bon,g,translate_fr_eng_first,translate_fr_eng+first_letter,True
m a u v a i s,b,mauvais,b,translate_fr_eng_first,translate_fr_eng+first_letter,True
h e u r e u x,h,heureux,h,translate_fr_eng_first,translate_fr_eng+first_letter,True
t r i s t e,s,triste,s,translate_fr_eng_first,translate_fr_eng+first_letter,True
r a p i d e,f,rapide,f,translate_fr_eng_first,translate_fr_eng+first_letter,True
l e n t,s,lent,s,translate_fr_eng_first,translate_fr_eng+first_letter,True
f o r t,s,fort,s,translate_fr_eng_first,translate_fr_eng+first_letter,True
f a i b l e,w,faible,w,translate_fr_eng_first,translate_fr_eng+first_letter,True
b e a u,b,beau,b,translate_fr_eng_first,translate_fr_eng+first_letter,True
l a i d,u,laid,u,translate_fr_eng_first,translate_fr_eng+first_letter,True
j e u n e,y,jeune,y,translate_fr_eng_first,translate_fr_eng+first_letter,True
r i c h e,r,riche,r,translate_fr_eng_first,translate_fr_eng+first_letter,True
p a u v r e,p,pauvre,p,translate_fr_eng_first,translate_fr_eng+first_letter,True
p r o p r e,c,propre,c,translate_fr_eng_first,translate_fr_eng+first_letter,True
s a l e,d,sale,d,translate_fr_eng_first,translate_fr_eng+first_letter,True
f a c i l e,e,facile,e,translate_fr_eng_first,translate_fr_eng+first_letter,True
d i f f i c i l e,d,difficile,d,translate_fr_eng_first,translate_fr_eng+first_letter,True
l o n g,l,long,l,translate_fr_eng_first,translate_fr_eng+first_letter,True
c o u r t,s,court,s,translate_fr_eng_first,translate_fr_eng+first_letter,True
h a u t,u,haut,u,translate_fr_eng_first,translate_fr_eng+first_letter,True
b a s,d,bas,d,translate_fr_eng_first,translate_fr_eng+first_letter,True
l a r g e,w,large,w,translate_fr_eng_first,translate_fr_eng+first_letter,True
é t r o i t,n,étroit,n,translate_fr_eng_first,translate_fr_eng+first_letter,True
l o u r d,h,lourd,h,translate_fr_eng_first,translate_fr_eng+first_letter,True
l é g e r,l,léger,l,translate_fr_eng_first,translate_fr_eng+first_letter,True
p l e i n,f,plein,f,translate_fr_eng_first,translate_fr_eng+first_letter,True
v i d e,e,vide,e,translate_fr_eng_first,translate_fr_eng+first_letter,True
d r o i t,r,droit,r,translate_fr_eng_first,translate_fr_eng+first_letter,True
g a u c h e,l,gauche,l,translate_fr_eng_first,translate_fr_eng+first_letter,True
d e d a n s,i,dedans,i,translate_fr_eng_first,translate_fr_eng+first_letter,True
d e h o r s,o,dehors,o,translate_fr_eng_first,translate_fr_eng+first_letter,True
d e v a n t,f,devant,f,translate_fr_eng_first,translate_fr_eng+first_letter,True
d e r r i è r e,b,derrière,b,translate_fr_eng_first,translate_fr_eng+first_letter,True
p r è s,n,près,n,translate_fr_eng_first,translate_fr_eng+first_letter,True
l o i n,f,loin,f,translate_fr_eng_first,translate_fr_eng+first_letter,True
p r e m i e r,f,premier,f,translate_fr_eng_first,translate_fr_eng+first_letter,True
d e r n i e r,l,dernier,l,translate_fr_eng_first,translate_fr_eng+first_letter,True
o u v e r t,o,ouvert,o,translate_fr_eng_first,translate_fr_eng+first_letter,True
f e r m é,c,fermé,c,translate_fr_eng_first,translate_fr_eng+first_letter,True
u n,o,un,o,translate_fr_eng_first,translate_fr_eng+first_letter,True
d e u x,t,deux,t,translate_fr_eng_first,translate_fr_eng+first_letter,True
t r o i s,t,trois,t,translate_fr_eng_first,translate_fr_eng+first_letter,True
q u a t r e,f,quatre,f,translate_fr_eng_first,translate_fr_eng+first_letter,True
c i n q,f,cinq,f,translate_fr_eng_first,translate_fr_eng+first_letter,True
s i x,s,six,s,translate_fr_eng_first,translate_fr_eng+first_letter,True
s e p t,s,sept,s,translate_fr_eng_first,translate_fr_eng+first_letter,True
h u i t,e,huit,e,translate_fr_eng_first,translate_fr_eng+first_letter,True
n e u f,n,neuf,n,translate_fr_eng_first,translate_fr_eng+first_letter,True
d i x,t,dix,t,translate_fr_eng_first,translate_fr_eng+first_letter,True
c e n t,h,cent,h,translate_fr_eng_first,translate_fr_eng+first_letter,True
m i l l e,t,mille,t,translate_fr_eng_first,translate_fr_eng+first_letter,True
f r è r e,b,frère,b,translate_fr_eng_first,translate_fr_eng+first_letter,True
s œ u r,s,sœur,s,translate_fr_eng_first,translate_fr_eng+first_letter,True
p è r e,f,père,f,translate_fr_eng_first,translate_fr_eng+first_letter,True
m è r e,m,mère,m,translate_fr_eng_first,translate_fr_eng+first_letter,True
f i l s,s,fils,s,translate_fr_eng_first,translate_fr_eng+first_letter,True
f i l l e,g,fille,g,translate_fr_eng_first,translate_fr_eng+first_letter,True
m a r i,h,mari,h,translate_fr_eng_first,translate_fr_eng+first_letter,True
f e m m e,w,femme,w,translate_fr_eng_first,translate_fr_eng+first_letter,True
g r a n d - p è r e,g,grand-père,g,translate_fr_eng_first,translate_fr_eng+first_letter,True
g r a n d - m è r e,g,grand-mère,g,translate_fr_eng_first,translate_fr_eng+first_letter,True
o n c l e,u,oncle,u,translate_fr_eng_first,translate_fr_eng+first_letter,True
t a n t e,a,tante,a,translate_fr_eng_first,translate_fr_eng+first_letter,True
c o u s i n,c,cousin,c,translate_fr_eng_first,translate_fr_eng+first_letter,True
r o i,k,roi,k,translate_fr_eng_first,translate_fr_eng+first_letter,True
r e i n e,q,reine,q,translate_fr_eng_first,translate_fr_eng+first_letter,True
p r i n c e,p,prince,p,translate_fr_eng_first,translate_fr_eng+first_letter,True
p r i n c e s s e,p,princesse,p,translate_fr_eng_first,translate_fr_eng+first_letter,True
h o m m e,m,homme,m,translate_fr_eng_first,translate_fr_eng+first_letter,True
g a r ç o n,b,garçon,b,translate_fr_eng_first,translate_fr_eng+first_letter,True
b é b é,b,bébé,b,translate_fr_eng_first,translate_fr_eng+first_letter,True
m é d e c i n,d,médecin,d,translate_fr_eng_first,translate_fr_eng+first_letter,True
i n f i r m i è r e,n,infirmière,n,translate_fr_eng_first,translate_fr_eng+first_letter,True
a v o c a t,l,avocat,l,translate_fr_eng_first,translate_fr_eng+first_letter,True
p o l i c e,p,police,p,translate_fr_eng_first,translate_fr_eng+first_letter,True
s o l d a t,s,soldat,s,translate_fr_eng_first,translate_fr_eng+first_letter,True
f e r m i e r,f,fermier,f,translate_fr_eng_first,translate_fr_eng+first_letter,True
o u v r i e r,w,ouvrier,w,translate_fr_eng_first,translate_fr_eng+first_letter,True
a r t i s t e,a,artiste,a,translate_fr_eng_first,translate_fr_eng+first_letter,True
m u s i c i e n,m,musicien,m,translate_fr_eng_first,translate_fr_eng+first_letter,True
b o n j o u r,o,bonjour,o,translate_fr_eng_last,translate_fr_eng+last_letter,True
a u   r e v o i r,e,au revoir,e,translate_fr_eng_last,translate_fr_eng+last_letter,True
m e r c i,u,merci,u,translate_fr_eng_last,translate_fr_eng+last_letter,True
s ' i l   v o u s   p l a î t,e,s'il vous plaît,e,translate_fr_eng_last,translate_fr_eng+last_letter,True
o u i,s,oui,s,translate_fr_eng_last,translate_fr_eng+last_letter,True
n o n,o,non,o,translate_fr_eng_last,translate_fr_eng+last_letter,True
e a u,r,eau,r,translate_fr_eng_last,translate_fr_eng+last_letter,True
m a i s o n,e,maison,e,translate_fr_eng_last,translate_fr_eng+last_letter,True
c h a t,t,chat,t,translate_fr_eng_last,translate_fr_eng+last_letter,True
c h i e n,g,chien,g,translate_fr_eng_last,translate_fr_eng+last_letter,True
b o n s o i r,g,bonsoir,g,translate_fr_eng_last,translate_fr_eng+last_letter,True
b o n n e   n u i t,t,bonne nuit,t,translate_fr_eng_last,translate_fr_eng+last_letter,True
c o m m e n t   a l l e z - v o u s,u,comment allez-vous,u,translate_fr_eng_last,translate_fr_eng+last_letter,True
j e   t ' a i m e,u,je t'aime,u,translate_fr_eng_last,translate_fr_eng+last_letter,True
a m i,d,ami,d,translate_fr_eng_last,translate_fr_eng+last_letter,True
f a m i l l e,y,famille,y,translate_fr_eng_last,translate_fr_eng+last_letter,True
n o u r r i t u r e,d,nourriture,d,translate_fr_eng_last,translate_fr_eng+last_letter,True
l i v r e,k,livre,k,translate_fr_eng_last,translate_fr_eng+last_letter,True
v o i t u r e,r,voiture,r,translate_fr_eng_last,translate_fr_eng+last_letter,True
a r b r e,e,arbre,e,translate_fr_eng_last,translate_fr_eng+last_letter,True
f l e u r,r,fleur,r,translate_fr_eng_last,translate_fr_eng+last_letter,True
s o l e i l,n,soleil,n,translate_fr_eng_last,translate_fr_eng+last_letter,True
l u n e,n,lune,n,translate_fr_eng_last,translate_fr_eng+last_letter,True
é t o i l e,r,étoile,r,translate_fr_eng_last,translate_fr_eng+last_letter,True
p a i n,d,pain,d,translate_fr_eng_last,translate_fr_eng+last_letter,True
f r o m a g e,e,fromage,e,translate_fr_eng_last,translate_fr_eng+last_letter,True
v i n,e,vin,e,translate_fr_eng_last,translate_fr_eng+last_letter,True
c a f é,e,café,e,translate_fr_eng_last,translate_fr_eng+last_letter,True
t h é,a,thé,a,translate_fr_eng_last,translate_fr_eng+last_letter,True
l a i t,k,lait,k,translate_fr_eng_last,translate_fr_eng+last_letter,True
s u c r e,r,sucre,r,translate_fr_eng_last,translate_fr_eng+last_letter,True
s e l,t,sel,t,translate_fr_eng_last,translate_fr_eng+last_letter,True
p o i v r e,r,poivre,r,translate_fr_eng_last,translate_fr_eng+last_letter,True
c h a i s e,r,chaise,r,translate_fr_eng_last,translate_fr_eng+last_letter,True
p o r t e,r,porte,r,translate_fr_eng_last,translate_fr_eng+last_letter,True
f e n ê t r e,w,fenêtre,w,translate_fr_eng_last,translate_fr_eng+last_letter,True
r u e,t,rue,t,translate_fr_eng_last,translate_fr_eng+last_letter,True
v i l l e,y,ville,y,translate_fr_eng_last,translate_fr_eng+last_letter,True
p a y s,y,pays,y,translate_fr_eng_last,translate_fr_eng+last_letter,True
m o n d e,d,monde,d,translate_fr_eng_last,translate_fr_eng+last_letter,True
t e m p s,e,temps,e,translate_fr_eng_last,translate_fr_eng+last_letter,True
j o u r,y,jour,y,translate_fr_eng_last,translate_fr_eng+last_letter,True
n u i t,t,nuit,t,translate_fr_eng_last,translate_fr_eng+last_letter,True
s e m a i n e,k,semaine,k,translate_fr_eng_last,translate_fr_eng+last_letter,True
m o i s,h,mois,h,translate_fr_eng_last,translate_fr_eng+last_letter,True
a n,r,an,r,translate_fr_eng_last,translate_fr_eng+last_letter,True
a u j o u r d ' h u i,y,aujourd'hui,y,translate_fr_eng_last,translate_fr_eng+last_letter,True
d e m a i n,w,demain,w,translate_fr_eng_last,translate_fr_eng+last_letter,True
h i e r,y,hier,y,translate_fr_eng_last,translate_fr_eng+last_letter,True
e n f a n t,d,enfant,d,translate_fr_eng_last,translate_fr_eng+last_letter,True
é c o l e,l,école,l,translate_fr_eng_last,translate_fr_eng+last_letter,True
é t u d i a n t,t,étudiant,t,translate_fr_eng_last,translate_fr_eng+last_letter,True
p r o f e s s e u r,r,professeur,r,translate_fr_eng_last,translate_fr_eng+last_letter,True
p o m m e,e,pomme,e,translate_fr_eng_last,translate_fr_eng+last_letter,True
p o i s s o n,h,poisson,h,translate_fr_eng_last,translate_fr_eng+last_letter,True
o i s e a u,d,oiseau,d,translate_fr_eng_last,translate_fr_eng+last_letter,True
c h e v a l,e,cheval,e,translate_fr_eng_last,translate_fr_eng+last_letter,True
l e t t r e,r,lettre,r,translate_fr_eng_last,translate_fr_eng+last_letter,True
m o t,d,mot,d,translate_fr_eng_last,translate_fr_eng+last_letter,True
p h r a s e,e,phrase,e,translate_fr_eng_last,translate_fr_eng+last_letter,True
m u s i q u e,c,musique,c,translate_fr_eng_last,translate_fr_eng+last_letter,True
c h a n s o n,g,chanson,g,translate_fr_eng_last,translate_fr_eng+last_letter,True
d a n s e,e,danse,e,translate_fr_eng_last,translate_fr_eng+last_letter,True
j e u,e,jeu,e,translate_fr_eng_last,translate_fr_eng+last_letter,True
b a l l e,l,balle,l,translate_fr_eng_last,translate_fr_eng+last_letter,True
m a i n,d,main,d,translate_fr_eng_last,translate_fr_eng+last_letter,True
p i e d,t,pied,t,translate_fr_eng_last,translate_fr_eng+last_letter,True
t ê t e,d,tête,d,translate_fr_eng_last,translate_fr_eng+last_letter,True
œ i l,e,œil,e,translate_fr_eng_last,translate_fr_eng+last_letter,True
o r e i l l e,r,oreille,r,translate_fr_eng_last,translate_fr_eng+last_letter,True
n e z,e,nez,e,translate_fr_eng_last,translate_fr_eng+last_letter,True
b o u c h e,h,bouche,h,translate_fr_eng_last,translate_fr_eng+last_letter,True
c œ u r,t,cœur,t,translate_fr_eng_last,translate_fr_eng+last_letter,True
c e r v e a u,n,cerveau,n,translate_fr_eng_last,translate_fr_eng+last_letter,True
c o r p s,y,corps,y,translate_fr_eng_last,translate_fr_eng+last_letter,True
r o u g e,d,rouge,d,translate_fr_eng_last,translate_fr_eng+last_letter,True
b l e u,e,bleu,e,translate_fr_eng_last,translate_fr_eng+last_letter,True
v e r t,n,vert,n,translate_fr_eng_last,translate_fr_eng+last_letter,True
j a u n e,w,jaune,w,translate_fr_eng_last,translate_fr_eng+last_letter,True
n o i r,k,noir,k,translate_fr_eng_last,translate_fr_eng+last_letter,True
b l a n c,e,blanc,e,translate_fr_eng_last,translate_fr_eng+last_letter,True
v i o l e t,e,violet,e,translate_fr_eng_last,translate_fr_eng+last_letter,True
r o s e,k,rose,k,translate_fr_eng_last,translate_fr_eng+last_letter,True
g r i s,y,gris,y,translate_fr_eng_last,translate_fr_eng+last_letter,True
m a r r o n,n,marron,n,translate_fr_eng_last,translate_fr_eng+last_letter,True
g r a n d,g,grand,g,translate_fr_eng_last,translate_fr_eng+last_letter,True
p e t i t,l,petit,l,translate_fr_eng_last,translate_fr_eng+last_letter,True
c h a u d,t,chaud,t,translate_fr_eng_last,translate_fr_eng+last_letter,True
f r o i d,d,froid,d,translate_fr_eng_last,translate_fr_eng+last_letter,True
n o u v e a u,w,nouveau,w,translate_fr_eng_last,translate_fr_eng+last_letter,True
v i e u x,d,vieux,d,translate_fr_eng_last,translate_fr_eng+last_letter,True
b o n,d,bon,d,translate_fr_eng_last,translate_fr_eng+last_letter,True
m a u v a i s,d,mauvais,d,translate_fr_eng_last,translate_fr_eng+last_letter,True
h e u r e u x,y,heureux,y,translate_fr_eng_last,translate_fr_eng+last_letter,True
t r i s t e,d,triste,d,translate_fr_eng_last,translate_fr_eng+last_letter,True
r a p i d e,t,rapide,t,translate_fr_eng_last,translate_fr_eng+last_letter,True
l e n t,w,lent,w,translate_fr_eng_last,translate_fr_eng+last_letter,True
f o r t,g,fort,g,translate_fr_eng_last,translate_fr_eng+last_letter,True
f a i b l e,k,faible,k,translate_fr_eng_last,translate_fr_eng+last_letter,True
b e a u,l,beau,l,translate_fr_eng_last,translate_fr_eng+last_letter,True
l a i d,y,laid,y,translate_fr_eng_last,translate_fr_eng+last_letter,True
j e u n e,g,jeune,g,translate_fr_eng_last,translate_fr_eng+last_letter,True
r i c h e,h,riche,h,translate_fr_eng_last,translate_fr_eng+last_letter,True
p a u v r e,r,pauvre,r,translate_fr_eng_last,translate_fr_eng+last_letter,True
p r o p r e,n,propre,n,translate_fr_eng_last,translate_fr_eng+last_letter,True
s a l e,y,sale,y,translate_fr_eng_last,translate_fr_eng+last_letter,True
f a c i l e,y,facile,y,translate_fr_eng_last,translate_fr_eng+last_letter,True
d i f f i c i l e,t,difficile,t,translate_fr_eng_last,translate_fr_eng+last_letter,True
l o n g,g,long,g,translate_fr_eng_last,translate_fr_eng+last_letter,True
c o u r t,t,court,t,translate_fr_eng_last,translate_fr_eng+last_letter,True
h a u t,p,haut,p,translate_fr_eng_last,translate_fr_eng+last_letter,True
b a s,n,bas,n,translate_fr_eng_last,translate_fr_eng+last_letter,True
l a r g e,e,large,e,translate_fr_eng_last,translate_fr_eng+last_letter,True
é t r o i t,w,étroit,w,translate_fr_eng_last,translate_fr_eng+last_letter,True
l o u r d,y,lourd,y,translate_fr_eng_last,translate_fr_eng+last_letter,True
l é g e r,t,léger,t,translate_fr_eng_last,translate_fr_eng+last_letter,True
p l e i n,l,plein,l,translate_fr_eng_last,translate_fr_eng+last_letter,True
v i d e,y,vide,y,translate_fr_eng_last,translate_fr_eng+last_letter,True
d r o i t,t,droit,t,translate_fr_eng_last,translate_fr_eng+last_letter,True
g a u c h e,t,gauche,t,translate_fr_eng_last,translate_fr_eng+last_letter,True
d e d a n s,e,dedans,e,translate_fr_eng_last,translate_fr_eng+last_letter,True
d e h o r s,e,dehors,e,translate_fr_eng_last,translate_fr_eng+last_letter,True
d e v a n t,t,devant,t,translate_fr_eng_last,translate_fr_eng+last_letter,True
d e r r i è r e,k,derrière,k,translate_fr_eng_last,translate_fr_eng+last_letter,True
p r è s,r,près,r,translate_fr_eng_last,translate_fr_eng+last_letter,True
l o i n,r,loin,r,translate_fr_eng_last,translate_fr_eng+last_letter,True
p r e m i e r,t,premier,t,translate_fr_eng_last,translate_fr_eng+last_letter,True
d e r n i e r,t,dernier,t,translate_fr_eng_last,translate_fr_eng+last_letter,True
o u v e r t,n,ouvert,n,translate_fr_eng_last,translate_fr_eng+last_letter,True
f e r m é,d,fermé,d,translate_fr_eng_last,translate_fr_eng+last_letter,True
u n,e,un,e,translate_fr_eng_last,translate_fr_eng+last_letter,True
d e u x,o,deux,o,translate_fr_eng_last,translate_fr_eng+last_letter,True
t r o i s,e,trois,e,translate_fr_eng_last,translate_fr_eng+last_letter,True
q u a t r e,r,quatre,r,translate_fr_eng_last,translate_fr_eng+last_letter,True
c i n q,e,cinq,e,translate_fr_eng_last,translate_fr_eng+last_letter,True
s i x,x,six,x,translate_fr_eng_last,translate_fr_eng+last_letter,True
s e p t,n,sept,n,translate_fr_eng_last,translate_fr_eng+last_letter,True
h u i t,t,huit,t,translate_fr_eng_last,translate_fr_eng+last_letter,True
n e u f,e,neuf,e,translate_fr_eng_last,translate_fr_eng+last_letter,True
d i x,n,dix,n,translate_fr_eng_last,translate_fr_eng+last_letter,True
c e n t,d,cent,d,translate_fr_eng_last,translate_fr_eng+last_letter,True
m i l l e,d,mille,d,translate_fr_eng_last,translate_fr_eng+last_letter,True
f r è r e,r,frère,r,translate_fr_eng_last,translate_fr_eng+last_letter,True
s œ u r,r,sœur,r,translate_fr_eng_last,translate_fr_eng+last_letter,True
p è r e,r,père,r,translate_fr_eng_last,translate_fr_eng+last_letter,True
m è r e,r,mère,r,translate_fr_eng_last,translate_fr_eng+last_letter,True
f i l s,n,fils,n,translate_fr_eng_last,translate_fr_eng+last_letter,True
f i l l e,l,fille,l,translate_fr_eng_last,translate_fr_eng+last_letter,True
m a r i,d,mari,d,translate_fr_eng_last,translate_fr_eng+last_letter,True
f e m m e,n,femme,n,translate_fr_eng_last,translate_fr_eng+last_letter,True
g r a n d - p è r e,r,grand-père,r,translate_fr_eng_last,translate_fr_eng+last_letter,True
g r a n d - m è r e,r,grand-mère,r,translate_fr_eng_last,translate_fr_eng+last_letter,True
o n c l e,e,oncle,e,translate_fr_eng_last,translate_fr_eng+last_letter,True
t a n t e,t,tante,t,translate_fr_eng_last,translate_fr_eng+last_letter,True
c o u s i n,n,cousin,n,translate_fr_eng_last,translate_fr_eng+last_letter,True
r o i,g,roi,g,translate_fr_eng_last,translate_fr_eng+last_letter,True
r e i n e,n,reine,n,translate_fr_eng_last,translate_fr_eng+last_letter,True
p r i n c e,e,prince,e,translate_fr_eng_last,translate_fr_eng+last_letter,True
p r i n c e s s e,s,princesse,s,translate_fr_eng_last,translate_fr_eng+last_letter,True
h o m m e,n,homme,n,translate_fr_eng_last,translate_fr_eng+last_letter,True
g a r ç o n,y,garçon,y,translate_fr_eng_last,translate_fr_eng+last_letter,True
b é b é,y,bébé,y,translate_fr_eng_last,translate_fr_eng+last_letter,True
m é d e c i n,r,médecin,r,translate_fr_eng_last,translate_fr_eng+last_letter,True
i n f i r m i è r e,e,infirmière,e,translate_fr_eng_last,translate_fr_eng+last_letter,True
a v o c a t,r,avocat,r,translate_fr_eng_last,translate_fr_eng+last_letter,True
p o l i c e,e,police,e,translate_fr_eng_last,translate_fr_eng+last_letter,True
s o l d a t,r,soldat,r,translate_fr_eng_last,translate_fr_eng+last_letter,True
f e r m i e r,r,fermier,r,translate_fr_eng_last,translate_fr_eng+last_letter,True
o u v r i e r,r,ouvrier,r,translate_fr_eng_last,translate_fr_eng+last_letter,True
a r t i s t e,t,artiste,t,translate_fr_eng_last,translate_fr_eng+last_letter,True
m u s i c i e n,n,musicien,n,translate_fr_eng_last,translate_fr_eng+last_letter,True
h o l a,H E L L O,hola,HELLO,translate_sp_eng_upper,translate_sp_eng+uppercase,True
a d i ó s,G O O D B Y E,adiós,GOODBYE,translate_sp_eng_upper,translate_sp_eng+uppercase,True
g r a c i a s,T H A N K   Y O U,gracias,THANK YOU,translate_sp_eng_upper,translate_sp_eng+uppercase,True
p o r   f a v o r,P L E A S E,por favor,PLEASE,translate_sp_eng_upper,translate_sp_eng+uppercase,True
s í,Y E S,sí,YES,translate_sp_eng_upper,translate_sp_eng+uppercase,True
a g u a,W A T E R,agua,WATER,translate_sp_eng_upper,translate_sp_eng+uppercase,True
c a s a,H O U S E,casa,HOUSE,translate_sp_eng_upper,translate_sp_eng+uppercase,True
g a t o,C A T,gato,CAT,translate_sp_eng_upper,translate_sp_eng+uppercase,True
p e r r o,D O G,perro,DOG,translate_sp_eng_upper,translate_sp_eng+uppercase,True
b u e n o s   d í a s,G O O D   M O R N I N G,buenos días,GOOD MORNING,translate_sp_eng_upper,translate_sp_eng+uppercase,True
b u e n a s   t a r d e s,G O O D   E V E N I N G,buenas tardes,GOOD EVENING,translate_sp_eng_upper,translate_sp_eng+uppercase,True
b u e n a s   n o c h e s,G O O D   N I G H T,buenas noches,GOOD NIGHT,translate_sp_eng_upper,translate_sp_eng+uppercase,True
c ó m o   e s t á s,H O W   A R E   Y O U,cómo estás,HOW ARE YOU,translate_sp_eng_upper,translate_sp_eng+uppercase,True
t e   q u i e r o,I   L O V E   Y O U,te quiero,I LOVE YOU,translate_sp_eng_upper,translate_sp_eng+uppercase,True
a m i g o,F R I E N D,amigo,FRIEND,translate_sp_eng_upper,translate_sp_eng+uppercase,True
f a m i l i a,F A M I L Y,familia,FAMILY,translate_sp_eng_upper,translate_sp_eng+uppercase,True
c o m i d a,F O O D,comida,FOOD,translate_sp_eng_upper,translate_sp_eng+uppercase,True
l i b r o,B O O K,libro,BOOK,translate_sp_eng_upper,translate_sp_eng+uppercase,True
c o c h e,C A R,coche,CAR,translate_sp_eng_upper,translate_sp_eng+uppercase,True
á r b o l,T R E E,árbol,TREE,translate_sp_eng_upper,translate_sp_eng+uppercase,True
f l o r,F L O W E R,flor,FLOWER,translate_sp_eng_upper,translate_sp_eng+uppercase,True
s o l,S U N,sol,SUN,translate_sp_eng_upper,translate_sp_eng+uppercase,True
l u n a,M O O N,luna,MOON,translate_sp_eng_upper,translate_sp_eng+uppercase,True
e s t r e l l a,S T A R,estrella,STAR,translate_sp_eng_upper,translate_sp_eng+uppercase,True
p a n,B R E A D,pan,BREAD,translate_sp_eng_upper,translate_sp_eng+uppercase,True
q u e s o,C H E E S E,queso,CHEESE,translate_sp_eng_upper,translate_sp_eng+uppercase,True
v i n o,W I N E,vino,WINE,translate_sp_eng_upper,translate_sp_eng+uppercase,True
t é,T E A,té,TEA,translate_sp_eng_upper,translate_sp_eng+uppercase,True
l e c h e,M I L K,leche,MILK,translate_sp_eng_upper,translate_sp_eng+uppercase,True
a z ú c a r,S U G A R,azúcar,SUGAR,translate_sp_eng_upper,translate_sp_eng+uppercase,True
s a l,S A L T,sal,SALT,translate_sp_eng_upper,translate_sp_eng+uppercase,True
p i m i e n t a,P E P P E R,pimienta,PEPPER,translate_sp_eng_upper,translate_sp_eng+uppercase,True
m e s a,T A B L E,mesa,TABLE,translate_sp_eng_upper,translate_sp_eng+uppercase,True
s i l l a,C H A I R,silla,CHAIR,translate_sp_eng_upper,translate_sp_eng+uppercase,True
p u e r t a,D O O R,puerta,DOOR,translate_sp_eng_upper,translate_sp_eng+uppercase,True
v e n t a n a,W I N D O W,ventana,WINDOW,translate_sp_eng_upper,translate_sp_eng+uppercase,True
c a l l e,S T R E E T,calle,STREET,translate_sp_eng_upper,translate_sp_eng+uppercase,True
c i u d a d,C I T Y,ciudad,CITY,translate_sp_eng_upper,translate_sp_eng+uppercase,True
p a í s,C O U N T R Y,país,COUNTRY,translate_sp_eng_upper,translate_sp_eng+uppercase,True
m u n d o,W O R L D,mundo,WORLD,translate_sp_eng_upper,translate_sp_eng+uppercase,True
t i e m p o,T I M E,tiempo,TIME,translate_sp_eng_upper,translate_sp_eng+uppercase,True
d í a,D A Y,día,DAY,translate_sp_eng_upper,translate_sp_eng+uppercase,True
n o c h e,N I G H T,noche,NIGHT,translate_sp_eng_upper,translate_sp_eng+uppercase,True
s e m a n a,W E E K,semana,WEEK,translate_sp_eng_upper,translate_sp_eng+uppercase,True
m e s,M O N T H,mes,MONTH,translate_sp_eng_upper,translate_sp_eng+uppercase,True
a ñ o,Y E A R,año,YEAR,translate_sp_eng_upper,translate_sp_eng+uppercase,True
h o y,T O D A Y,hoy,TODAY,translate_sp_eng_upper,translate_sp_eng+uppercase,True
m a ñ a n a,T O M O R R O W,mañana,TOMORROW,translate_sp_eng_upper,translate_sp_eng+uppercase,True
a y e r,Y E S T E R D A Y,ayer,YESTERDAY,translate_sp_eng_upper,translate_sp_eng+uppercase,True
n i ñ o,C H I L D,niño,CHILD,translate_sp_eng_upper,translate_sp_eng+uppercase,True
e s c u e l a,S C H O O L,escuela,SCHOOL,translate_sp_eng_upper,translate_sp_eng+uppercase,True
e s t u d i a n t e,S T U D E N T,estudiante,STUDENT,translate_sp_eng_upper,translate_sp_eng+uppercase,True
p r o f e s o r,T E A C H E R,profesor,TEACHER,translate_sp_eng_upper,translate_sp_eng+uppercase,True
m a n z a n a,A P P L E,manzana,APPLE,translate_sp_eng_upper,translate_sp_eng+uppercase,True
n a r a n j a,O R A N G E,naranja,ORANGE,translate_sp_eng_upper,translate_sp_eng+uppercase,True
p e z,F I S H,pez,FISH,translate_sp_eng_upper,translate_sp_eng+uppercase,True
p á j a r o,B I R D,pájaro,BIRD,translate_sp_eng_upper,translate_sp_eng+uppercase,True
c a b a l l o,H O R S E,caballo,HORSE,translate_sp_eng_upper,translate_sp_eng+uppercase,True
c a r t a,L E T T E R,carta,LETTER,translate_sp_eng_upper,translate_sp_eng+uppercase,True
p a l a b r a,W O R D,palabra,WORD,translate_sp_eng_upper,translate_sp_eng+uppercase,True
f r a s e,S E N T E N C E,frase,SENTENCE,translate_sp_eng_upper,translate_sp_eng+uppercase,True
p á g i n a,P A G E,página,PAGE,translate_sp_eng_upper,translate_sp_eng+uppercase,True
m ú s i c a,M U S I C,música,MUSIC,translate_sp_eng_upper,translate_sp_eng+uppercase,True
c a n c i ó n,S O N G,canción,SONG,translate_sp_eng_upper,translate_sp_eng+uppercase,True
b a i l e,D A N C E,baile,DANCE,translate_sp_eng_upper,translate_sp_eng+uppercase,True
j u e g o,G A M E,juego,GAME,translate_sp_eng_upper,translate_sp_eng+uppercase,True
d e p o r t e,S P O R T,deporte,SPORT,translate_sp_eng_upper,translate_sp_eng+uppercase,True
p e l o t a,B A L L,pelota,BALL,translate_sp_eng_upper,translate_sp_eng+uppercase,True
m a n o,H A N D,mano,HAND,translate_sp_eng_upper,translate_sp_eng+uppercase,True
p i e,F O O T,pie,FOOT,translate_sp_eng_upper,translate_sp_eng+uppercase,True
c a b e z a,H E A D,cabeza,HEAD,translate_sp_eng_upper,translate_sp_eng+uppercase,True
o j o,E Y E,ojo,EYE,translate_sp_eng_upper,translate_sp_eng+uppercase,True
o r e j a,E A R,oreja,EAR,translate_sp_eng_upper,translate_sp_eng+uppercase,True
n a r i z,N O S E,nariz,NOSE,translate_sp_eng_upper,translate_sp_eng+uppercase,True
b o c a,M O U T H,boca,MOUTH,translate_sp_eng_upper,translate_sp_eng+uppercase,True
c o r a z ó n,H E A R T,corazón,HEART,translate_sp_eng_upper,translate_sp_eng+uppercase,True
c e r e b r o,B R A I N,cerebro,BRAIN,translate_sp_eng_upper,translate_sp_eng+uppercase,True
c u e r p o,B O D Y,cuerpo,BODY,translate_sp_eng_upper,translate_sp_eng+uppercase,True
r o j o,R E D,rojo,RED,translate_sp_eng_upper,translate_sp_eng+uppercase,True
a z u l,B L U E,azul,BLUE,translate_sp_eng_upper,translate_sp_eng+uppercase,True
v e r d e,G R E E N,verde,GREEN,translate_sp_eng_upper,translate_sp_eng+uppercase,True
a m a r i l l o,Y E L L O W,amarillo,YELLOW,translate_sp_eng_upper,translate_sp_eng+uppercase,True
n e g r o,B L A C K,negro,BLACK,translate_sp_eng_upper,translate_sp_eng+uppercase,True
b l a n c o,W H I T E,blanco,WHITE,translate_sp_eng_upper,translate_sp_eng+uppercase,True
m o r a d o,P U R P L E,morado,PURPLE,translate_sp_eng_upper,translate_sp_eng+uppercase,True
r o s a,P I N K,rosa,PINK,translate_sp_eng_upper,translate_sp_eng+uppercase,True
g r i s,G R A Y,gris,GRAY,translate_sp_eng_upper,translate_sp_eng+uppercase,True
m a r r ó n,B R O W N,marrón,BROWN,translate_sp_eng_upper,translate_sp_eng+uppercase,True
g r a n d e,B I G,grande,BIG,translate_sp_eng_upper,translate_sp_eng+uppercase,True
p e q u e ñ o,S M A L L,pequeño,SMALL,translate_sp_eng_upper,translate_sp_eng+uppercase,True
c a l i e n t e,H O T,caliente,HOT,translate_sp_eng_upper,translate_sp_eng+uppercase,True
f r í o,C O L D,frío,COLD,translate_sp_eng_upper,translate_sp_eng+uppercase,True
n u e v o,N E W,nuevo,NEW,translate_sp_eng_upper,translate_sp_eng+uppercase,True
v i e j o,O L D,viejo,OLD,translate_sp_eng_upper,translate_sp_eng+uppercase,True
b u e n o,G O O D,bueno,GOOD,translate_sp_eng_upper,translate_sp_eng+uppercase,True
m a l o,B A D,malo,BAD,translate_sp_eng_upper,translate_sp_eng+uppercase,True
f e l i z,H A P P Y,feliz,HAPPY,translate_sp_eng_upper,translate_sp_eng+uppercase,True
t r i s t e,S A D,triste,SAD,translate_sp_eng_upper,translate_sp_eng+uppercase,True
r á p i d o,F A S T,rápido,FAST,translate_sp_eng_upper,translate_sp_eng+uppercase,True
l e n t o,S L O W,lento,SLOW,translate_sp_eng_upper,translate_sp_eng+uppercase,True
f u e r t e,S T R O N G,fuerte,STRONG,translate_sp_eng_upper,translate_sp_eng+uppercase,True
d é b i l,W E A K,débil,WEAK,translate_sp_eng_upper,translate_sp_eng+uppercase,True
h e r m o s o,B E A U T I F U L,hermoso,BEAUTIFUL,translate_sp_eng_upper,translate_sp_eng+uppercase,True
f e o,U G L Y,feo,UGLY,translate_sp_eng_upper,translate_sp_eng+uppercase,True
j o v e n,Y O U N G,joven,YOUNG,translate_sp_eng_upper,translate_sp_eng+uppercase,True
r i c o,R I C H,rico,RICH,translate_sp_eng_upper,translate_sp_eng+uppercase,True
p o b r e,P O O R,pobre,POOR,translate_sp_eng_upper,translate_sp_eng+uppercase,True
l i m p i o,C L E A N,limpio,CLEAN,translate_sp_eng_upper,translate_sp_eng+uppercase,True
s u c i o,D I R T Y,sucio,DIRTY,translate_sp_eng_upper,translate_sp_eng+uppercase,True
f á c i l,E A S Y,fácil,EASY,translate_sp_eng_upper,translate_sp_eng+uppercase,True
d i f í c i l,D I F F I C U L T,difícil,DIFFICULT,translate_sp_eng_upper,translate_sp_eng+uppercase,True
l a r g o,L O N G,largo,LONG,translate_sp_eng_upper,translate_sp_eng+uppercase,True
c o r t o,S H O R T,corto,SHORT,translate_sp_eng_upper,translate_sp_eng+uppercase,True
a l t o,H I G H,alto,HIGH,translate_sp_eng_upper,translate_sp_eng+uppercase,True
b a j o,L O W,bajo,LOW,translate_sp_eng_upper,translate_sp_eng+uppercase,True
a n c h o,W I D E,ancho,WIDE,translate_sp_eng_upper,translate_sp_eng+uppercase,True
e s t r e c h o,N A R R O W,estrecho,NARROW,translate_sp_eng_upper,translate_sp_eng+uppercase,True
p e s a d o,H E A V Y,pesado,HEAVY,translate_sp_eng_upper,translate_sp_eng+uppercase,True
l i g e r o,L I G H T,ligero,LIGHT,translate_sp_eng_upper,translate_sp_eng+uppercase,True
l l e n o,F U L L,lleno,FULL,translate_sp_eng_upper,translate_sp_eng+uppercase,True
v a c í o,E M P T Y,vacío,EMPTY,translate_sp_eng_upper,translate_sp_eng+uppercase,True
d e r e c h o,R I G H T,derecho,RIGHT,translate_sp_eng_upper,translate_sp_eng+uppercase,True
i z q u i e r d o,L E F T,izquierdo,LEFT,translate_sp_eng_upper,translate_sp_eng+uppercase,True
a r r i b a,U P,arriba,UP,translate_sp_eng_upper,translate_sp_eng+uppercase,True
a b a j o,D O W N,abajo,DOWN,translate_sp_eng_upper,translate_sp_eng+uppercase,True
d e n t r o,I N S I D E,dentro,INSIDE,translate_sp_eng_upper,translate_sp_eng+uppercase,True
f u e r a,O U T S I D E,fuera,OUTSIDE,translate_sp_eng_upper,translate_sp_eng+uppercase,True
f r e n t e,F R O N T,frente,FRONT,translate_sp_eng_upper,translate_sp_eng+uppercase,True
a t r á s,B A C K,atrás,BACK,translate_sp_eng_upper,translate_sp_eng+uppercase,True
c e r c a,N E A R,cerca,NEAR,translate_sp_eng_upper,translate_sp_eng+uppercase,True
l e j o s,F A R,lejos,FAR,translate_sp_eng_upper,translate_sp_eng+uppercase,True
p r i m e r o,F I R S T,primero,FIRST,translate_sp_eng_upper,translate_sp_eng+uppercase,True
ú l t i m o,L A S T,último,LAST,translate_sp_eng_upper,translate_sp_eng+uppercase,True
a b i e r t o,O P E N,abierto,OPEN,translate_sp_eng_upper,translate_sp_eng+uppercase,True
c e r r a d o,C L O S E D,cerrado,CLOSED,translate_sp_eng_upper,translate_sp_eng+uppercase,True
u n o,O N E,uno,ONE,translate_sp_eng_upper,translate_sp_eng+uppercase,True
d o s,T W O,dos,TWO,translate_sp_eng_upper,translate_sp_eng+uppercase,True
t r e s,T H R E E,tres,THREE,translate_sp_eng_upper,translate_sp_eng+uppercase,True
c u a t r o,F O U R,cuatro,FOUR,translate_sp_eng_upper,translate_sp_eng+uppercase,True
c i n c o,F I V E,cinco,FIVE,translate_sp_eng_upper,translate_sp_eng+uppercase,True
s e i s,S I X,seis,SIX,translate_sp_eng_upper,translate_sp_eng+uppercase,True
s i e t e,S E V E N,siete,SEVEN,translate_sp_eng_upper,translate_sp_eng+uppercase,True
o c h o,E I G H T,ocho,EIGHT,translate_sp_eng_upper,translate_sp_eng+uppercase,True
n u e v e,N I N E,nueve,NINE,translate_sp_eng_upper,translate_sp_eng+uppercase,True
d i e z,T E N,diez,TEN,translate_sp_eng_upper,translate_sp_eng+uppercase,True
c i e n,H U N D R E D,cien,HUNDRED,translate_sp_eng_upper,translate_sp_eng+uppercase,True
m i l,T H O U S A N D,mil,THOUSAND,translate_sp_eng_upper,translate_sp_eng+uppercase,True
h e r m a n o,B R O T H E R,hermano,BROTHER,translate_sp_eng_upper,translate_sp_eng+uppercase,True
h e r m a n a,S I S T E R,hermana,SISTER,translate_sp_eng_upper,translate_sp_eng+uppercase,True
p a d r e,F A T H E R,padre,FATHER,translate_sp_eng_upper,translate_sp_eng+uppercase,True
m a d r e,M O T H E R,madre,MOTHER,translate_sp_eng_upper,translate_sp_eng+uppercase,True
h i j o,S O N,hijo,SON,translate_sp_eng_upper,translate_sp_eng+uppercase,True
h i j a,D A U G H T E R,hija,DAUGHTER,translate_sp_eng_upper,translate_sp_eng+uppercase,True
e s p o s o,H U S B A N D,esposo,HUSBAND,translate_sp_eng_upper,translate_sp_eng+uppercase,True
e s p o s a,W I F E,esposa,WIFE,translate_sp_eng_upper,translate_sp_eng+uppercase,True
a b u e l o,G R A N D F A T H E R,abuelo,GRANDFATHER,translate_sp_eng_upper,translate_sp_eng+uppercase,True
a b u e l a,G R A N D M O T H E R,abuela,GRANDMOTHER,translate_sp_eng_upper,translate_sp_eng+uppercase,True
t í o,U N C L E,tío,UNCLE,translate_sp_eng_upper,translate_sp_eng+uppercase,True
t í a,A U N T,tía,AUNT,translate_sp_eng_upper,translate_sp_eng+uppercase,True
p r i m o,C O U S I N,primo,COUSIN,translate_sp_eng_upper,translate_sp_eng+uppercase,True
r e y,K I N G,rey,KING,translate_sp_eng_upper,translate_sp_eng+uppercase,True
r e i n a,Q U E E N,reina,QUEEN,translate_sp_eng_upper,translate_sp_eng+uppercase,True
p r í n c i p e,P R I N C E,príncipe,PRINCE,translate_sp_eng_upper,translate_sp_eng+uppercase,True
p r i n c e s a,P R I N C E S S,princesa,PRINCESS,translate_sp_eng_upper,translate_sp_eng+uppercase,True
h o m b r e,M A N,hombre,MAN,translate_sp_eng_upper,translate_sp_eng+uppercase,True
m u j e r,W O M A N,mujer,WOMAN,translate_sp_eng_upper,translate_sp_eng+uppercase,True
n i ñ a,G I R L,niña,GIRL,translate_sp_eng_upper,translate_sp_eng+uppercase,True
b e b é,B A B Y,bebé,BABY,translate_sp_eng_upper,translate_sp_eng+uppercase,True
m é d i c o,D O C T O R,médico,DOCTOR,translate_sp_eng_upper,translate_sp_eng+uppercase,True
e n f e r m e r a,N U R S E,enfermera,NURSE,translate_sp_eng_upper,translate_sp_eng+uppercase,True
a b o g a d o,L A W Y E R,abogado,LAWYER,translate_sp_eng_upper,translate_sp_eng+uppercase,True
p o l i c í a,P O L I C E,policía,POLICE,translate_sp_eng_upper,translate_sp_eng+uppercase,True
s o l d a d o,S O L D I E R,soldado,SOLDIER,translate_sp_eng_upper,translate_sp_eng+uppercase,True
g r a n j e r o,F A R M E R,granjero,FARMER,translate_sp_eng_upper,translate_sp_eng+uppercase,True
t r a b a j a d o r,W O R K E R,trabajador,WORKER,translate_sp_eng_upper,translate_sp_eng+uppercase,True
a r t i s t a,A R T I S T,artista,ARTIST,translate_sp_eng_upper,translate_sp_eng+uppercase,True
m ú s i c o,M U S I C I A N,músico,MUSICIAN,translate_sp_eng_upper,translate_sp_eng+uppercase,True
c a n t a n t e,S I N G E R,cantante,SINGER,translate_sp_eng_upper,translate_sp_eng+uppercase,True
H O L A,h e l l o,HOLA,hello,translate_sp_eng_lower,translate_sp_eng+lowercase,True
A D I Ó S,g o o d b y e,ADIÓS,goodbye,translate_sp_eng_lower,translate_sp_eng+lowercase,True
G R A C I A S,t h a n k   y o u,GRACIAS,thank you,translate_sp_eng_lower,translate_sp_eng+lowercase,True
P O R   F A V O R,p l e a s e,POR FAVOR,please,translate_sp_eng_lower,translate_sp_eng+lowercase,True
S Í,y e s,SÍ,yes,translate_sp_eng_lower,translate_sp_eng+lowercase,True
A G U A,w a t e r,AGUA,water,translate_sp_eng_lower,translate_sp_eng+lowercase,True
C A S A,h o u s e,CASA,house,translate_sp_eng_lower,translate_sp_eng+lowercase,True
G A T O,c a t,GATO,cat,translate_sp_eng_lower,translate_sp_eng+lowercase,True
P E R R O,d o g,PERRO,dog,translate_sp_eng_lower,translate_sp_eng+lowercase,True
B U E N O S   D Í A S,g o o d   m o r n i n g,BUENOS DÍAS,good morning,translate_sp_eng_lower,translate_sp_eng+lowercase,True
B U E N A S   T A R D E S,g o o d   e v e n i n g,BUENAS TARDES,good evening,translate_sp_eng_lower,translate_sp_eng+lowercase,True
B U E N A S   N O C H E S,g o o d   n i g h t,BUENAS NOCHES,good night,translate_sp_eng_lower,translate_sp_eng+lowercase,True
C Ó M O   E S T Á S,h o w   a r e   y o u,CÓMO ESTÁS,how are you,translate_sp_eng_lower,translate_sp_eng+lowercase,True
T E   Q U I E R O,i   l o v e   y o u,TE QUIERO,i love you,translate_sp_eng_lower,translate_sp_eng+lowercase,True
A M I G O,f r i e n d,AMIGO,friend,translate_sp_eng_lower,translate_sp_eng+lowercase,True
F A M I L I A,f a m i l y,FAMILIA,family,translate_sp_eng_lower,translate_sp_eng+lowercase,True
C O M I D A,f o o d,COMIDA,food,translate_sp_eng_lower,translate_sp_eng+lowercase,True
L I B R O,b o o k,LIBRO,book,translate_sp_eng_lower,translate_sp_eng+lowercase,True
C O C H E,c a r,COCHE,car,translate_sp_eng_lower,translate_sp_eng+lowercase,True
Á R B O L,t r e e,ÁRBOL,tree,translate_sp_eng_lower,translate_sp_eng+lowercase,True
F L O R,f l o w e r,FLOR,flower,translate_sp_eng_lower,translate_sp_eng+lowercase,True
S O L,s u n,SOL,sun,translate_sp_eng_lower,translate_sp_eng+lowercase,True
L U N A,m o o n,LUNA,moon,translate_sp_eng_lower,translate_sp_eng+lowercase,True
E S T R E L L A,s t a r,ESTRELLA,star,translate_sp_eng_lower,translate_sp_eng+lowercase,True
P A N,b r e a d,PAN,bread,translate_sp_eng_lower,translate_sp_eng+lowercase,True
Q U E S O,c h e e s e,QUESO,cheese,translate_sp_eng_lower,translate_sp_eng+lowercase,True
V I N O,w i n e,VINO,wine,translate_sp_eng_lower,translate_sp_eng+lowercase,True
T É,t e a,TÉ,tea,translate_sp_eng_lower,translate_sp_eng+lowercase,True
L E C H E,m i l k,LECHE,milk,translate_sp_eng_lower,translate_sp_eng+lowercase,True
A Z Ú C A R,s u g a r,AZÚCAR,sugar,translate_sp_eng_lower,translate_sp_eng+lowercase,True
S A L,s a l t,SAL,salt,translate_sp_eng_lower,translate_sp_eng+lowercase,True
P I M I E N T A,p e p p e r,PIMIENTA,pepper,translate_sp_eng_lower,translate_sp_eng+lowercase,True
M E S A,t a b l e,MESA,table,translate_sp_eng_lower,translate_sp_eng+lowercase,True
S I L L A,c h a i r,SILLA,chair,translate_sp_eng_lower,translate_sp_eng+lowercase,True
P U E R T A,d o o r,PUERTA,door,translate_sp_eng_lower,translate_sp_eng+lowercase,True
V E N T A N A,w i n d o w,VENTANA,window,translate_sp_eng_lower,translate_sp_eng+lowercase,True
C A L L E,s t r e e t,CALLE,street,translate_sp_eng_lower,translate_sp_eng+lowercase,True
C I U D A D,c i t y,CIUDAD,city,translate_sp_eng_lower,translate_sp_eng+lowercase,True
P A Í S,c o u n t r y,PAÍS,country,translate_sp_eng_lower,translate_sp_eng+lowercase,True
M U N D O,w o r l d,MUNDO,world,translate_sp_eng_lower,translate_sp_eng+lowercase,True
T I E M P O,t i m e,TIEMPO,time,translate_sp_eng_lower,translate_sp_eng+lowercase,True
D Í A,d a y,DÍA,day,translate_sp_eng_lower,translate_sp_eng+lowercase,True
N O C H E,n i g h t,NOCHE,night,translate_sp_eng_lower,translate_sp_eng+lowercase,True
S E M A N A,w e e k,SEMANA,week,translate_sp_eng_lower,translate_sp_eng+lowercase,True
M E S,m o n t h,MES,month,translate_sp_eng_lower,translate_sp_eng+lowercase,True
A Ñ O,y e a r,AÑO,year,translate_sp_eng_lower,translate_sp_eng+lowercase,True
H O Y,t o d a y,HOY,today,translate_sp_eng_lower,translate_sp_eng+lowercase,True
M A Ñ A N A,t o m o r r o w,MAÑANA,tomorrow,translate_sp_eng_lower,translate_sp_eng+lowercase,True
A Y E R,y e s t e r d a y,AYER,yesterday,translate_sp_eng_lower,translate_sp_eng+lowercase,True
N I Ñ O,c h i l d,NIÑO,child,translate_sp_eng_lower,translate_sp_eng+lowercase,True
E S C U E L A,s c h o o l,ESCUELA,school,translate_sp_eng_lower,translate_sp_eng+lowercase,True
E S T U D I A N T E,s t u d e n t,ESTUDIANTE,student,translate_sp_eng_lower,translate_sp_eng+lowercase,True
P R O F E S O R,t e a c h e r,PROFESOR,teacher,translate_sp_eng_lower,translate_sp_eng+lowercase,True
M A N Z A N A,a p p l e,MANZANA,apple,translate_sp_eng_lower,translate_sp_eng+lowercase,True
N A R A N J A,o r a n g e,NARANJA,orange,translate_sp_eng_lower,translate_sp_eng+lowercase,True
P E Z,f i s h,PEZ,fish,translate_sp_eng_lower,translate_sp_eng+lowercase,True
P Á J A R O,b i r d,PÁJARO,bird,translate_sp_eng_lower,translate_sp_eng+lowercase,True
C A B A L L O,h o r s e,CABALLO,horse,translate_sp_eng_lower,translate_sp_eng+lowercase,True
C A R T A,l e t t e r,CARTA,letter,translate_sp_eng_lower,translate_sp_eng+lowercase,True
P A L A B R A,w o r d,PALABRA,word,translate_sp_eng_lower,translate_sp_eng+lowercase,True
F R A S E,s e n t e n c e,FRASE,sentence,translate_sp_eng_lower,translate_sp_eng+lowercase,True
P Á G I N A,p a g e,PÁGINA,page,translate_sp_eng_lower,translate_sp_eng+lowercase,True
M Ú S I C A,m u s i c,MÚSICA,music,translate_sp_eng_lower,translate_sp_eng+lowercase,True
C A N C I Ó N,s o n g,CANCIÓN,song,translate_sp_eng_lower,translate_sp_eng+lowercase,True
B A I L E,d a n c e,BAILE,dance,translate_sp_eng_lower,translate_sp_eng+lowercase,True
J U E G O,g a m e,JUEGO,game,translate_sp_eng_lower,translate_sp_eng+lowercase,True
D E P O R T E,s p o r t,DEPORTE,sport,translate_sp_eng_lower,translate_sp_eng+lowercase,True
P E L O T A,b a l l,PELOTA,ball,translate_sp_eng_lower,translate_sp_eng+lowercase,True
M A N O,h a n d,MANO,hand,translate_sp_eng_lower,translate_sp_eng+lowercase,True
P I E,f o o t,PIE,foot,translate_sp_eng_lower,translate_sp_eng+lowercase,True
C A B E Z A,h e a d,CABEZA,head,translate_sp_eng_lower,translate_sp_eng+lowercase,True
O J O,e y e,OJO,eye,translate_sp_eng_lower,translate_sp_eng+lowercase,True
O R E J A,e a r,OREJA,ear,translate_sp_eng_lower,translate_sp_eng+lowercase,True
N A R I Z,n o s e,NARIZ,nose,translate_sp_eng_lower,translate_sp_eng+lowercase,True
B O C A,m o u t h,BOCA,mouth,translate_sp_eng_lower,translate_sp_eng+lowercase,True
C O R A Z Ó N,h e a r t,CORAZÓN,heart,translate_sp_eng_lower,translate_sp_eng+lowercase,True
C E R E B R O,b r a i n,CEREBRO,brain,translate_sp_eng_lower,translate_sp_eng+lowercase,True
C U E R P O,b o d y,CUERPO,body,translate_sp_eng_lower,translate_sp_eng+lowercase,True
R O J O,r e d,ROJO,red,translate_sp_eng_lower,translate_sp_eng+lowercase,True
A Z U L,b l u e,AZUL,blue,translate_sp_eng_lower,translate_sp_eng+lowercase,True
V E R D E,g r e e n,VERDE,green,translate_sp_eng_lower,translate_sp_eng+lowercase,True
A M A R I L L O,y e l l o w,AMARILLO,yellow,translate_sp_eng_lower,translate_sp_eng+lowercase,True
N E G R O,b l a c k,NEGRO,black,translate_sp_eng_lower,translate_sp_eng+lowercase,True
B L A N C O,w h i t e,BLANCO,white,translate_sp_eng_lower,translate_sp_eng+lowercase,True
M O R A D O,p u r p l e,MORADO,purple,translate_sp_eng_lower,translate_sp_eng+lowercase,True
R O S A,p i n k,ROSA,pink,translate_sp_eng_lower,translate_sp_eng+lowercase,True
G R I S,g r a y,GRIS,gray,translate_sp_eng_lower,translate_sp_eng+lowercase,True
M A R R Ó N,b r o w n,MARRÓN,brown,translate_sp_eng_lower,translate_sp_eng+lowercase,True
G R A N D E,b i g,GRANDE,big,translate_sp_eng_lower,translate_sp_eng+lowercase,True
P E Q U E Ñ O,s m a l l,PEQUEÑO,small,translate_sp_eng_lower,translate_sp_eng+lowercase,True
C A L I E N T E,h o t,CALIENTE,hot,translate_sp_eng_lower,translate_sp_eng+lowercase,True
F R Í O,c o l d,FRÍO,cold,translate_sp_eng_lower,translate_sp_eng+lowercase,True
N U E V O,n e w,NUEVO,new,translate_sp_eng_lower,translate_sp_eng+lowercase,True
V I E J O,o l d,VIEJO,old,translate_sp_eng_lower,translate_sp_eng+lowercase,True
B U E N O,g o o d,BUENO,good,translate_sp_eng_lower,translate_sp_eng+lowercase,True
M A L O,b a d,MALO,bad,translate_sp_eng_lower,translate_sp_eng+lowercase,True
F E L I Z,h a p p y,FELIZ,happy,translate_sp_eng_lower,translate_sp_eng+lowercase,True
T R I S T E,s a d,TRISTE,sad,translate_sp_eng_lower,translate_sp_eng+lowercase,True
R Á P I D O,f a s t,RÁPIDO,fast,translate_sp_eng_lower,translate_sp_eng+lowercase,True
L E N T O,s l o w,LENTO,slow,translate_sp_eng_lower,translate_sp_eng+lowercase,True
F U E R T E,s t r o n g,FUERTE,strong,translate_sp_eng_lower,translate_sp_eng+lowercase,True
D É B I L,w e a k,DÉBIL,weak,translate_sp_eng_lower,translate_sp_eng+lowercase,True
H E R M O S O,b e a u t i f u l,HERMOSO,beautiful,translate_sp_eng_lower,translate_sp_eng+lowercase,True
F E O,u g l y,FEO,ugly,translate_sp_eng_lower,translate_sp_eng+lowercase,True
J O V E N,y o u n g,JOVEN,young,translate_sp_eng_lower,translate_sp_eng+lowercase,True
R I C O,r i c h,RICO,rich,translate_sp_eng_lower,translate_sp_eng+lowercase,True
P O B R E,p o o r,POBRE,poor,translate_sp_eng_lower,translate_sp_eng+lowercase,True
L I M P I O,c l e a n,LIMPIO,clean,translate_sp_eng_lower,translate_sp_eng+lowercase,True
S U C I O,d i r t y,SUCIO,dirty,translate_sp_eng_lower,translate_sp_eng+lowercase,True
F Á C I L,e a s y,FÁCIL,easy,translate_sp_eng_lower,translate_sp_eng+lowercase,True
D I F Í C I L,d i f f i c u l t,DIFÍCIL,difficult,translate_sp_eng_lower,translate_sp_eng+lowercase,True
L A R G O,l o n g,LARGO,long,translate_sp_eng_lower,translate_sp_eng+lowercase,True
C O R T O,s h o r t,CORTO,short,translate_sp_eng_lower,translate_sp_eng+lowercase,True
A L T O,h i g h,ALTO,high,translate_sp_eng_lower,translate_sp_eng+lowercase,True
B A J O,l o w,BAJO,low,translate_sp_eng_lower,translate_sp_eng+lowercase,True
A N C H O,w i d e,ANCHO,wide,translate_sp_eng_lower,translate_sp_eng+lowercase,True
E S T R E C H O,n a r r o w,ESTRECHO,narrow,translate_sp_eng_lower,translate_sp_eng+lowercase,True
P E S A D O,h e a v y,PESADO,heavy,translate_sp_eng_lower,translate_sp_eng+lowercase,True
L I G E R O,l i g h t,LIGERO,light,translate_sp_eng_lower,translate_sp_eng+lowercase,True
L L E N O,f u l l,LLENO,full,translate_sp_eng_lower,translate_sp_eng+lowercase,True
V A C Í O,e m p t y,VACÍO,empty,translate_sp_eng_lower,translate_sp_eng+lowercase,True
D E R E C H O,r i g h t,DERECHO,right,translate_sp_eng_lower,translate_sp_eng+lowercase,True
I Z Q U I E R D O,l e f t,IZQUIERDO,left,translate_sp_eng_lower,translate_sp_eng+lowercase,True
A R R I B A,u p,ARRIBA,up,translate_sp_eng_lower,translate_sp_eng+lowercase,True
A B A J O,d o w n,ABAJO,down,translate_sp_eng_lower,translate_sp_eng+lowercase,True
D E N T R O,i n s i d e,DENTRO,inside,translate_sp_eng_lower,translate_sp_eng+lowercase,True
F U E R A,o u t s i d e,FUERA,outside,translate_sp_eng_lower,translate_sp_eng+lowercase,True
F R E N T E,f r o n t,FRENTE,front,translate_sp_eng_lower,translate_sp_eng+lowercase,True
A T R Á S,b a c k,ATRÁS,back,translate_sp_eng_lower,translate_sp_eng+lowercase,True
C E R C A,n e a r,CERCA,near,translate_sp_eng_lower,translate_sp_eng+lowercase,True
L E J O S,f a r,LEJOS,far,translate_sp_eng_lower,translate_sp_eng+lowercase,True
P R I M E R O,f i r s t,PRIMERO,first,translate_sp_eng_lower,translate_sp_eng+lowercase,True
Ú L T I M O,l a s t,ÚLTIMO,last,translate_sp_eng_lower,translate_sp_eng+lowercase,True
A B I E R T O,o p e n,ABIERTO,open,translate_sp_eng_lower,translate_sp_eng+lowercase,True
C E R R A D O,c l o s e d,CERRADO,closed,translate_sp_eng_lower,translate_sp_eng+lowercase,True
U N O,o n e,UNO,one,translate_sp_eng_lower,translate_sp_eng+lowercase,True
D O S,t w o,DOS,two,translate_sp_eng_lower,translate_sp_eng+lowercase,True
T R E S,t h r e e,TRES,three,translate_sp_eng_lower,translate_sp_eng+lowercase,True
C U A T R O,f o u r,CUATRO,four,translate_sp_eng_lower,translate_sp_eng+lowercase,True
C I N C O,f i v e,CINCO,five,translate_sp_eng_lower,translate_sp_eng+lowercase,True
S E I S,s i x,SEIS,six,translate_sp_eng_lower,translate_sp_eng+lowercase,True
S I E T E,s e v e n,SIETE,seven,translate_sp_eng_lower,translate_sp_eng+lowercase,True
O C H O,e i g h t,OCHO,eight,translate_sp_eng_lower,translate_sp_eng+lowercase,True
N U E V E,n i n e,NUEVE,nine,translate_sp_eng_lower,translate_sp_eng+lowercase,True
D I E Z,t e n,DIEZ,ten,translate_sp_eng_lower,translate_sp_eng+lowercase,True
C I E N,h u n d r e d,CIEN,hundred,translate_sp_eng_lower,translate_sp_eng+lowercase,True
M I L,t h o u s a n d,MIL,thousand,translate_sp_eng_lower,translate_sp_eng+lowercase,True
H E R M A N O,b r o t h e r,HERMANO,brother,translate_sp_eng_lower,translate_sp_eng+lowercase,True
H E R M A N A,s i s t e r,HERMANA,sister,translate_sp_eng_lower,translate_sp_eng+lowercase,True
P A D R E,f a t h e r,PADRE,father,translate_sp_eng_lower,translate_sp_eng+lowercase,True
M A D R E,m o t h e r,MADRE,mother,translate_sp_eng_lower,translate_sp_eng+lowercase,True
H I J O,s o n,HIJO,son,translate_sp_eng_lower,translate_sp_eng+lowercase,True
H I J A,d a u g h t e r,HIJA,daughter,translate_sp_eng_lower,translate_sp_eng+lowercase,True
E S P O S O,h u s b a n d,ESPOSO,husband,translate_sp_eng_lower,translate_sp_eng+lowercase,True
E S P O S A,w i f e,ESPOSA,wife,translate_sp_eng_lower,translate_sp_eng+lowercase,True
A B U E L O,g r a n d f a t h e r,ABUELO,grandfather,translate_sp_eng_lower,translate_sp_eng+lowercase,True
A B U E L A,g r a n d m o t h e r,ABUELA,grandmother,translate_sp_eng_lower,translate_sp_eng+lowercase,True
T Í O,u n c l e,TÍO,uncle,translate_sp_eng_lower,translate_sp_eng+lowercase,True
T Í A,a u n t,TÍA,aunt,translate_sp_eng_lower,translate_sp_eng+lowercase,True
P R I M O,c o u s i n,PRIMO,cousin,translate_sp_eng_lower,translate_sp_eng+lowercase,True
R E Y,k i n g,REY,king,translate_sp_eng_lower,translate_sp_eng+lowercase,True
R E I N A,q u e e n,REINA,queen,translate_sp_eng_lower,translate_sp_eng+lowercase,True
P R Í N C I P E,p r i n c e,PRÍNCIPE,prince,translate_sp_eng_lower,translate_sp_eng+lowercase,True
P R I N C E S A,p r i n c e s s,PRINCESA,princess,translate_sp_eng_lower,translate_sp_eng+lowercase,True
H O M B R E,m a n,HOMBRE,man,translate_sp_eng_lower,translate_sp_eng+lowercase,True
M U J E R,w o m a n,MUJER,woman,translate_sp_eng_lower,translate_sp_eng+lowercase,True
N I Ñ A,g i r l,NIÑA,girl,translate_sp_eng_lower,translate_sp_eng+lowercase,True
B E B É,b a b y,BEBÉ,baby,translate_sp_eng_lower,translate_sp_eng+lowercase,True
M É D I C O,d o c t o r,MÉDICO,doctor,translate_sp_eng_lower,translate_sp_eng+lowercase,True
E N F E R M E R A,n u r s e,ENFERMERA,nurse,translate_sp_eng_lower,translate_sp_eng+lowercase,True
A B O G A D O,l a w y e r,ABOGADO,lawyer,translate_sp_eng_lower,translate_sp_eng+lowercase,True
P O L I C Í A,p o l i c e,POLICÍA,police,translate_sp_eng_lower,translate_sp_eng+lowercase,True
S O L D A D O,s o l d i e r,SOLDADO,soldier,translate_sp_eng_lower,translate_sp_eng+lowercase,True
G R A N J E R O,f a r m e r,GRANJERO,farmer,translate_sp_eng_lower,translate_sp_eng+lowercase,True
T R A B A J A D O R,w o r k e r,TRABAJADOR,worker,translate_sp_eng_lower,translate_sp_eng+lowercase,True
A R T I S T A,a r t i s t,ARTISTA,artist,translate_sp_eng_lower,translate_sp_eng+lowercase,True
M Ú S I C O,m u s i c i a n,MÚSICO,musician,translate_sp_eng_lower,translate_sp_eng+lowercase,True
C A N T A N T E,s i n g e r,CANTANTE,singer,translate_sp_eng_lower,translate_sp_eng+lowercase,True
h o l a,o l l e h,hola,olleh,translate_sp_eng_reverse,translate_sp_eng+reverse,True
a d i ó s,e y b d o o g,adiós,eybdoog,translate_sp_eng_reverse,translate_sp_eng+reverse,True
g r a c i a s,u o y   k n a h t,gracias,uoy knaht,translate_sp_eng_reverse,translate_sp_eng+reverse,True
p o r   f a v o r,e s a e l p,por favor,esaelp,translate_sp_eng_reverse,translate_sp_eng+reverse,True
s í,s e y,sí,sey,translate_sp_eng_reverse,translate_sp_eng+reverse,True
a g u a,r e t a w,agua,retaw,translate_sp_eng_reverse,translate_sp_eng+reverse,True
c a s a,e s u o h,casa,esuoh,translate_sp_eng_reverse,translate_sp_eng+reverse,True
g a t o,t a c,gato,tac,translate_sp_eng_reverse,translate_sp_eng+reverse,True
p e r r o,g o d,perro,god,translate_sp_eng_reverse,translate_sp_eng+reverse,True
b u e n o s   d í a s,g n i n r o m   d o o g,buenos días,gninrom doog,translate_sp_eng_reverse,translate_sp_eng+reverse,True
b u e n a s   t a r d e s,g n i n e v e   d o o g,buenas tardes,gnineve doog,translate_sp_eng_reverse,translate_sp_eng+reverse,True
b u e n a s   n o c h e s,t h g i n   d o o g,buenas noches,thgin doog,translate_sp_eng_reverse,translate_sp_eng+reverse,True
c ó m o   e s t á s,u o y   e r a   w o h,cómo estás,uoy era woh,translate_sp_eng_reverse,translate_sp_eng+reverse,True
t e   q u i e r o,u o y   e v o l   I,te quiero,uoy evol I,translate_sp_eng_reverse,translate_sp_eng+reverse,True
a m i g o,d n e i r f,amigo,dneirf,translate_sp_eng_reverse,translate_sp_eng+reverse,True
f a m i l i a,y l i m a f,familia,ylimaf,translate_sp_eng_reverse,translate_sp_eng+reverse,True
c o m i d a,d o o f,comida,doof,translate_sp_eng_reverse,translate_sp_eng+reverse,True
l i b r o,k o o b,libro,koob,translate_sp_eng_reverse,translate_sp_eng+reverse,True
c o c h e,r a c,coche,rac,translate_sp_eng_reverse,translate_sp_eng+reverse,True
á r b o l,e e r t,árbol,eert,translate_sp_eng_reverse,translate_sp_eng+reverse,True
f l o r,r e w o l f,flor,rewolf,translate_sp_eng_reverse,translate_sp_eng+reverse,True
s o l,n u s,sol,nus,translate_sp_eng_reverse,translate_sp_eng+reverse,True
l u n a,n o o m,luna,noom,translate_sp_eng_reverse,translate_sp_eng+reverse,True
e s t r e l l a,r a t s,estrella,rats,translate_sp_eng_reverse,translate_sp_eng+reverse,True
p a n,d a e r b,pan,daerb,translate_sp_eng_reverse,translate_sp_eng+reverse,True
q u e s o,e s e e h c,queso,eseehc,translate_sp_eng_reverse,translate_sp_eng+reverse,True
v i n o,e n i w,vino,eniw,translate_sp_eng_reverse,translate_sp_eng+reverse,True
t é,a e t,té,aet,translate_sp_eng_reverse,translate_sp_eng+reverse,True
l e c h e,k l i m,leche,klim,translate_sp_eng_reverse,translate_sp_eng+reverse,True
a z ú c a r,r a g u s,azúcar,ragus,translate_sp_eng_reverse,translate_sp_eng+reverse,True
s a l,t l a s,sal,tlas,translate_sp_eng_reverse,translate_sp_eng+reverse,True
p i m i e n t a,r e p p e p,pimienta,reppep,translate_sp_eng_reverse,translate_sp_eng+reverse,True
m e s a,e l b a t,mesa,elbat,translate_sp_eng_reverse,translate_sp_eng+reverse,True
s i l l a,r i a h c,silla,riahc,translate_sp_eng_reverse,translate_sp_eng+reverse,True
p u e r t a,r o o d,puerta,rood,translate_sp_eng_reverse,translate_sp_eng+reverse,True
v e n t a n a,w o d n i w,ventana,wodniw,translate_sp_eng_reverse,translate_sp_eng+reverse,True
c a l l e,t e e r t s,calle,teerts,translate_sp_eng_reverse,translate_sp_eng+reverse,True
c i u d a d,y t i c,ciudad,ytic,translate_sp_eng_reverse,translate_sp_eng+reverse,True
p a í s,y r t n u o c,país,yrtnuoc,translate_sp_eng_reverse,translate_sp_eng+reverse,True
m u n d o,d l r o w,mundo,dlrow,translate_sp_eng_reverse,translate_sp_eng+reverse,True
t i e m p o,e m i t,tiempo,emit,translate_sp_eng_reverse,translate_sp_eng+reverse,True
d í a,y a d,día,yad,translate_sp_eng_reverse,translate_sp_eng+reverse,True
n o c h e,t h g i n,noche,thgin,translate_sp_eng_reverse,translate_sp_eng+reverse,True
s e m a n a,k e e w,semana,keew,translate_sp_eng_reverse,translate_sp_eng+reverse,True
m e s,h t n o m,mes,htnom,translate_sp_eng_reverse,translate_sp_eng+reverse,True
a ñ o,r a e y,año,raey,translate_sp_eng_reverse,translate_sp_eng+reverse,True
h o y,y a d o t,hoy,yadot,translate_sp_eng_reverse,translate_sp_eng+reverse,True
m a ñ a n a,w o r r o m o t,mañana,worromot,translate_sp_eng_reverse,translate_sp_eng+reverse,True
a y e r,y a d r e t s e y,ayer,yadretsey,translate_sp_eng_reverse,translate_sp_eng+reverse,True
n i ñ o,d l i h c,niño,dlihc,translate_sp_eng_reverse,translate_sp_eng+reverse,True
e s c u e l a,l o o h c s,escuela,loohcs,translate_sp_eng_reverse,translate_sp_eng+reverse,True
e s t u d i a n t e,t n e d u t s,estudiante,tneduts,translate_sp_eng_reverse,translate_sp_eng+reverse,True
p r o f e s o r,r e h c a e t,profesor,rehcaet,translate_sp_eng_reverse,translate_sp_eng+reverse,True
m a n z a n a,e l p p a,manzana,elppa,translate_sp_eng_reverse,translate_sp_eng+reverse,True
n a r a n j a,e g n a r o,naranja,egnaro,translate_sp_eng_reverse,translate_sp_eng+reverse,True
p e z,h s i f,pez,hsif,translate_sp_eng_reverse,translate_sp_eng+reverse,True
p á j a r o,d r i b,pájaro,drib,translate_sp_eng_reverse,translate_sp_eng+reverse,True
c a b a l l o,e s r o h,caballo,esroh,translate_sp_eng_reverse,translate_sp_eng+reverse,True
c a r t a,r e t t e l,carta,rettel,translate_sp_eng_reverse,translate_sp_eng+reverse,True
p a l a b r a,d r o w,palabra,drow,translate_sp_eng_reverse,translate_sp_eng+reverse,True
f r a s e,e c n e t n e s,frase,ecnetnes,translate_sp_eng_reverse,translate_sp_eng+reverse,True
p á g i n a,e g a p,página,egap,translate_sp_eng_reverse,translate_sp_eng+reverse,True
m ú s i c a,c i s u m,música,cisum,translate_sp_eng_reverse,translate_sp_eng+reverse,True
c a n c i ó n,g n o s,canción,gnos,translate_sp_eng_reverse,translate_sp_eng+reverse,True
b a i l e,e c n a d,baile,ecnad,translate_sp_eng_reverse,translate_sp_eng+reverse,True
j u e g o,e m a g,juego,emag,translate_sp_eng_reverse,translate_sp_eng+reverse,True
d e p o r t e,t r o p s,deporte,trops,translate_sp_eng_reverse,translate_sp_eng+reverse,True
p e l o t a,l l a b,pelota,llab,translate_sp_eng_reverse,translate_sp_eng+reverse,True
m a n o,d n a h,mano,dnah,translate_sp_eng_reverse,translate_sp_eng+reverse,True
p i e,t o o f,pie,toof,translate_sp_eng_reverse,translate_sp_eng+reverse,True
c a b e z a,d a e h,cabeza,daeh,translate_sp_eng_reverse,translate_sp_eng+reverse,True
o j o,e y e,ojo,eye,translate_sp_eng_reverse,translate_sp_eng+reverse,True
o r e j a,r a e,oreja,rae,translate_sp_eng_reverse,translate_sp_eng+reverse,True
n a r i z,e s o n,nariz,eson,translate_sp_eng_reverse,translate_sp_eng+reverse,True
b o c a,h t u o m,boca,htuom,translate_sp_eng_reverse,translate_sp_eng+reverse,True
c o r a z ó n,t r a e h,corazón,traeh,translate_sp_eng_reverse,translate_sp_eng+reverse,True
c e r e b r o,n i a r b,cerebro,niarb,translate_sp_eng_reverse,translate_sp_eng+reverse,True
c u e r p o,y d o b,cuerpo,ydob,translate_sp_eng_reverse,translate_sp_eng+reverse,True
r o j o,d e r,rojo,der,translate_sp_eng_reverse,translate_sp_eng+reverse,True
a z u l,e u l b,azul,eulb,translate_sp_eng_reverse,translate_sp_eng+reverse,True
v e r d e,n e e r g,verde,neerg,translate_sp_eng_reverse,translate_sp_eng+reverse,True
a m a r i l l o,w o l l e y,amarillo,wolley,translate_sp_eng_reverse,translate_sp_eng+reverse,True
n e g r o,k c a l b,negro,kcalb,translate_sp_eng_reverse,translate_sp_eng+reverse,True
b l a n c o,e t i h w,blanco,etihw,translate_sp_eng_reverse,translate_sp_eng+reverse,True
m o r a d o,e l p r u p,morado,elprup,translate_sp_eng_reverse,translate_sp_eng+reverse,True
r o s a,k n i p,rosa,knip,translate_sp_eng_reverse,translate_sp_eng+reverse,True
g r i s,y a r g,gris,yarg,translate_sp_eng_reverse,translate_sp_eng+reverse,True
m a r r ó n,n w o r b,marrón,nworb,translate_sp_eng_reverse,translate_sp_eng+reverse,True
g r a n d e,g i b,grande,gib,translate_sp_eng_reverse,translate_sp_eng+reverse,True
p e q u e ñ o,l l a m s,pequeño,llams,translate_sp_eng_reverse,translate_sp_eng+reverse,True
c a l i e n t e,t o h,caliente,toh,translate_sp_eng_reverse,translate_sp_eng+reverse,True
f r í o,d l o c,frío,dloc,translate_sp_eng_reverse,translate_sp_eng+reverse,True
n u e v o,w e n,nuevo,wen,translate_sp_eng_reverse,translate_sp_eng+reverse,True
v i e j o,d l o,viejo,dlo,translate_sp_eng_reverse,translate_sp_eng+reverse,True
b u e n o,d o o g,bueno,doog,translate_sp_eng_reverse,translate_sp_eng+reverse,True
m a l o,d a b,malo,dab,translate_sp_eng_reverse,translate_sp_eng+reverse,True
f e l i z,y p p a h,feliz,yppah,translate_sp_eng_reverse,translate_sp_eng+reverse,True
t r i s t e,d a s,triste,das,translate_sp_eng_reverse,translate_sp_eng+reverse,True
r á p i d o,t s a f,rápido,tsaf,translate_sp_eng_reverse,translate_sp_eng+reverse,True
l e n t o,w o l s,lento,wols,translate_sp_eng_reverse,translate_sp_eng+reverse,True
f u e r t e,g n o r t s,fuerte,gnorts,translate_sp_eng_reverse,translate_sp_eng+reverse,True
d é b i l,k a e w,débil,kaew,translate_sp_eng_reverse,translate_sp_eng+reverse,True
h e r m o s o,l u f i t u a e b,hermoso,lufituaeb,translate_sp_eng_reverse,translate_sp_eng+reverse,True
f e o,y l g u,feo,ylgu,translate_sp_eng_reverse,translate_sp_eng+reverse,True
j o v e n,g n u o y,joven,gnuoy,translate_sp_eng_reverse,translate_sp_eng+reverse,True
r i c o,h c i r,rico,hcir,translate_sp_eng_reverse,translate_sp_eng+reverse,True
p o b r e,r o o p,pobre,roop,translate_sp_eng_reverse,translate_sp_eng+reverse,True
l i m p i o,n a e l c,limpio,naelc,translate_sp_eng_reverse,translate_sp_eng+reverse,True
s u c i o,y t r i d,sucio,ytrid,translate_sp_eng_reverse,translate_sp_eng+reverse,True
f á c i l,y s a e,fácil,ysae,translate_sp_eng_reverse,translate_sp_eng+reverse,True
d i f í c i l,t l u c i f f i d,difícil,tluciffid,translate_sp_eng_reverse,translate_sp_eng+reverse,True
l a r g o,g n o l,largo,gnol,translate_sp_eng_reverse,translate_sp_eng+reverse,True
c o r t o,t r o h s,corto,trohs,translate_sp_eng_reverse,translate_sp_eng+reverse,True
a l t o,h g i h,alto,hgih,translate_sp_eng_reverse,translate_sp_eng+reverse,True
b a j o,w o l,bajo,wol,translate_sp_eng_reverse,translate_sp_eng+reverse,True
a n c h o,e d i w,ancho,ediw,translate_sp_eng_reverse,translate_sp_eng+reverse,True
e s t r e c h o,w o r r a n,estrecho,worran,translate_sp_eng_reverse,translate_sp_eng+reverse,True
p e s a d o,y v a e h,pesado,yvaeh,translate_sp_eng_reverse,translate_sp_eng+reverse,True
l i g e r o,t h g i l,ligero,thgil,translate_sp_eng_reverse,translate_sp_eng+reverse,True
l l e n o,l l u f,lleno,lluf,translate_sp_eng_reverse,translate_sp_eng+reverse,True
v a c í o,y t p m e,vacío,ytpme,translate_sp_eng_reverse,translate_sp_eng+reverse,True
d e r e c h o,t h g i r,derecho,thgir,translate_sp_eng_reverse,translate_sp_eng+reverse,True
i z q u i e r d o,t f e l,izquierdo,tfel,translate_sp_eng_reverse,translate_sp_eng+reverse,True
a r r i b a,p u,arriba,pu,translate_sp_eng_reverse,translate_sp_eng+reverse,True
a b a j o,n w o d,abajo,nwod,translate_sp_eng_reverse,translate_sp_eng+reverse,True
d e n t r o,e d i s n i,dentro,edisni,translate_sp_eng_reverse,translate_sp_eng+reverse,True
f u e r a,e d i s t u o,fuera,edistuo,translate_sp_eng_reverse,translate_sp_eng+reverse,True
f r e n t e,t n o r f,frente,tnorf,translate_sp_eng_reverse,translate_sp_eng+reverse,True
a t r á s,k c a b,atrás,kcab,translate_sp_eng_reverse,translate_sp_eng+reverse,True
c e r c a,r a e n,cerca,raen,translate_sp_eng_reverse,translate_sp_eng+reverse,True
l e j o s,r a f,lejos,raf,translate_sp_eng_reverse,translate_sp_eng+reverse,True
p r i m e r o,t s r i f,primero,tsrif,translate_sp_eng_reverse,translate_sp_eng+reverse,True
ú l t i m o,t s a l,último,tsal,translate_sp_eng_reverse,translate_sp_eng+reverse,True
a b i e r t o,n e p o,abierto,nepo,translate_sp_eng_reverse,translate_sp_eng+reverse,True
c e r r a d o,d e s o l c,cerrado,desolc,translate_sp_eng_reverse,translate_sp_eng+reverse,True
u n o,e n o,uno,eno,translate_sp_eng_reverse,translate_sp_eng+reverse,True
d o s,o w t,dos,owt,translate_sp_eng_reverse,translate_sp_eng+reverse,True
t r e s,e e r h t,tres,eerht,translate_sp_eng_reverse,translate_sp_eng+reverse,True
c u a t r o,r u o f,cuatro,ruof,translate_sp_eng_reverse,translate_sp_eng+reverse,True
c i n c o,e v i f,cinco,evif,translate_sp_eng_reverse,translate_sp_eng+reverse,True
s e i s,x i s,seis,xis,translate_sp_eng_reverse,translate_sp_eng+reverse,True
s i e t e,n e v e s,siete,neves,translate_sp_eng_reverse,translate_sp_eng+reverse,True
o c h o,t h g i e,ocho,thgie,translate_sp_eng_reverse,translate_sp_eng+reverse,True
n u e v e,e n i n,nueve,enin,translate_sp_eng_reverse,translate_sp_eng+reverse,True
d i e z,n e t,diez,net,translate_sp_eng_reverse,translate_sp_eng+reverse,True
c i e n,d e r d n u h,cien,derdnuh,translate_sp_eng_reverse,translate_sp_eng+reverse,True
m i l,d n a s u o h t,mil,dnasuoht,translate_sp_eng_reverse,translate_sp_eng+reverse,True
h e r m a n o,r e h t o r b,hermano,rehtorb,translate_sp_eng_reverse,translate_sp_eng+reverse,True
h e r m a n a,r e t s i s,hermana,retsis,translate_sp_eng_reverse,translate_sp_eng+reverse,True
p a d r e,r e h t a f,padre,rehtaf,translate_sp_eng_reverse,translate_sp_eng+reverse,True
m a d r e,r e h t o m,madre,rehtom,translate_sp_eng_reverse,translate_sp_eng+reverse,True
h i j o,n o s,hijo,nos,translate_sp_eng_reverse,translate_sp_eng+reverse,True
h i j a,r e t h g u a d,hija,rethguad,translate_sp_eng_reverse,translate_sp_eng+reverse,True
e s p o s o,d n a b s u h,esposo,dnabsuh,translate_sp_eng_reverse,translate_sp_eng+reverse,True
e s p o s a,e f i w,esposa,efiw,translate_sp_eng_reverse,translate_sp_eng+reverse,True
a b u e l o,r e h t a f d n a r g,abuelo,rehtafdnarg,translate_sp_eng_reverse,translate_sp_eng+reverse,True
a b u e l a,r e h t o m d n a r g,abuela,rehtomdnarg,translate_sp_eng_reverse,translate_sp_eng+reverse,True
t í o,e l c n u,tío,elcnu,translate_sp_eng_reverse,translate_sp_eng+reverse,True
t í a,t n u a,tía,tnua,translate_sp_eng_reverse,translate_sp_eng+reverse,True
p r i m o,n i s u o c,primo,nisuoc,translate_sp_eng_reverse,translate_sp_eng+reverse,True
r e y,g n i k,rey,gnik,translate_sp_eng_reverse,translate_sp_eng+reverse,True
r e i n a,n e e u q,reina,neeuq,translate_sp_eng_reverse,translate_sp_eng+reverse,True
p r í n c i p e,e c n i r p,príncipe,ecnirp,translate_sp_eng_reverse,translate_sp_eng+reverse,True
p r i n c e s a,s s e c n i r p,princesa,ssecnirp,translate_sp_eng_reverse,translate_sp_eng+reverse,True
h o m b r e,n a m,hombre,nam,translate_sp_eng_reverse,translate_sp_eng+reverse,True
m u j e r,n a m o w,mujer,namow,translate_sp_eng_reverse,translate_sp_eng+reverse,True
n i ñ a,l r i g,niña,lrig,translate_sp_eng_reverse,translate_sp_eng+reverse,True
b e b é,y b a b,bebé,ybab,translate_sp_eng_reverse,translate_sp_eng+reverse,True
m é d i c o,r o t c o d,médico,rotcod,translate_sp_eng_reverse,translate_sp_eng+reverse,True
e n f e r m e r a,e s r u n,enfermera,esrun,translate_sp_eng_reverse,translate_sp_eng+reverse,True
a b o g a d o,r e y w a l,abogado,reywal,translate_sp_eng_reverse,translate_sp_eng+reverse,True
p o l i c í a,e c i l o p,policía,ecilop,translate_sp_eng_reverse,translate_sp_eng+reverse,True
s o l d a d o,r e i d l o s,soldado,reidlos,translate_sp_eng_reverse,translate_sp_eng+reverse,True
g r a n j e r o,r e m r a f,granjero,remraf,translate_sp_eng_reverse,translate_sp_eng+reverse,True
t r a b a j a d o r,r e k r o w,trabajador,rekrow,translate_sp_eng_reverse,translate_sp_eng+reverse,True
a r t i s t a,t s i t r a,artista,tsitra,translate_sp_eng_reverse,translate_sp_eng+reverse,True
m ú s i c o,n a i c i s u m,músico,naicisum,translate_sp_eng_reverse,translate_sp_eng+reverse,True
c a n t a n t e,r e g n i s,cantante,regnis,translate_sp_eng_reverse,translate_sp_eng+reverse,True
h o l a,h,hola,h,translate_sp_eng_first,translate_sp_eng+first_letter,True
a d i ó s,g,adiós,g,translate_sp_eng_first,translate_sp_eng+first_letter,True
g r a c i a s,t,gracias,t,translate_sp_eng_first,translate_sp_eng+first_letter,True
p o r   f a v o r,p,por favor,p,translate_sp_eng_first,translate_sp_eng+first_letter,True
s í,y,sí,y,translate_sp_eng_first,translate_sp_eng+first_letter,True
a g u a,w,agua,w,translate_sp_eng_first,translate_sp_eng+first_letter,True
c a s a,h,casa,h,translate_sp_eng_first,translate_sp_eng+first_letter,True
g a t o,c,gato,c,translate_sp_eng_first,translate_sp_eng+first_letter,True
p e r r o,d,perro,d,translate_sp_eng_first,translate_sp_eng+first_letter,True
b u e n o s   d í a s,g,buenos días,g,translate_sp_eng_first,translate_sp_eng+first_letter,True
b u e n a s   t a r d e s,g,buenas tardes,g,translate_sp_eng_first,translate_sp_eng+first_letter,True
b u e n a s   n o c h e s,g,buenas noches,g,translate_sp_eng_first,translate_sp_eng+first_letter,True
c ó m o   e s t á s,h,cómo estás,h,translate_sp_eng_first,translate_sp_eng+first_letter,True
t e   q u i e r o,I,te quiero,I,translate_sp_eng_first,translate_sp_eng+first_letter,True
a m i g o,f,amigo,f,translate_sp_eng_first,translate_sp_eng+first_letter,True
f a m i l i a,f,familia,f,translate_sp_eng_first,translate_sp_eng+first_letter,True
c o m i d a,f,comida,f,translate_sp_eng_first,translate_sp_eng+first_letter,True
l i b r o,b,libro,b,translate_sp_eng_first,translate_sp_eng+first_letter,True
c o c h e,c,coche,c,translate_sp_eng_first,translate_sp_eng+first_letter,True
á r b o l,t,árbol,t,translate_sp_eng_first,translate_sp_eng+first_letter,True
f l o r,f,flor,f,translate_sp_eng_first,translate_sp_eng+first_letter,True
s o l,s,sol,s,translate_sp_eng_first,translate_sp_eng+first_letter,True
l u n a,m,luna,m,translate_sp_eng_first,translate_sp_eng+first_letter,True
e s t r e l l a,s,estrella,s,translate_sp_eng_first,translate_sp_eng+first_letter,True
p a n,b,pan,b,translate_sp_eng_first,translate_sp_eng+first_letter,True
q u e s o,c,queso,c,translate_sp_eng_first,translate_sp_eng+first_letter,True
v i n o,w,vino,w,translate_sp_eng_first,translate_sp_eng+first_letter,True
t é,t,té,t,translate_sp_eng_first,translate_sp_eng+first_letter,True
l e c h e,m,leche,m,translate_sp_eng_first,translate_sp_eng+first_letter,True
a z ú c a r,s,azúcar,s,translate_sp_eng_first,translate_sp_eng+first_letter,True
s a l,s,sal,s,translate_sp_eng_first,translate_sp_eng+first_letter,True
p i m i e n t a,p,pimienta,p,translate_sp_eng_first,translate_sp_eng+first_letter,True
m e s a,t,mesa,t,translate_sp_eng_first,translate_sp_eng+first_letter,True
s i l l a,c,silla,c,translate_sp_eng_first,translate_sp_eng+first_letter,True
p u e r t a,d,puerta,d,translate_sp_eng_first,translate_sp_eng+first_letter,True
v e n t a n a,w,ventana,w,translate_sp_eng_first,translate_sp_eng+first_letter,True
c a l l e,s,calle,s,translate_sp_eng_first,translate_sp_eng+first_letter,True
c i u d a d,c,ciudad,c,translate_sp_eng_first,translate_sp_eng+first_letter,True
p a í s,c,país,c,translate_sp_eng_first,translate_sp_eng+first_letter,True
m u n d o,w,mundo,w,translate_sp_eng_first,translate_sp_eng+first_letter,True
t i e m p o,t,tiempo,t,translate_sp_eng_first,translate_sp_eng+first_letter,True
d í a,d,día,d,translate_sp_eng_first,translate_sp_eng+first_letter,True
n o c h e,n,noche,n,translate_sp_eng_first,translate_sp_eng+first_letter,True
s e m a n a,w,semana,w,translate_sp_eng_first,translate_sp_eng+first_letter,True
m e s,m,mes,m,translate_sp_eng_first,translate_sp_eng+first_letter,True
a ñ o,y,año,y,translate_sp_eng_first,translate_sp_eng+first_letter,True
h o y,t,hoy,t,translate_sp_eng_first,translate_sp_eng+first_letter,True
m a ñ a n a,t,mañana,t,translate_sp_eng_first,translate_sp_eng+first_letter,True
a y e r,y,ayer,y,translate_sp_eng_first,translate_sp_eng+first_letter,True
n i ñ o,c,niño,c,translate_sp_eng_first,translate_sp_eng+first_letter,True
e s c u e l a,s,escuela,s,translate_sp_eng_first,translate_sp_eng+first_letter,True
e s t u d i a n t e,s,estudiante,s,translate_sp_eng_first,translate_sp_eng+first_letter,True
p r o f e s o r,t,profesor,t,translate_sp_eng_first,translate_sp_eng+first_letter,True
m a n z a n a,a,manzana,a,translate_sp_eng_first,translate_sp_eng+first_letter,True
n a r a n j a,o,naranja,o,translate_sp_eng_first,translate_sp_eng+first_letter,True
p e z,f,pez,f,translate_sp_eng_first,translate_sp_eng+first_letter,True
p á j a r o,b,pájaro,b,translate_sp_eng_first,translate_sp_eng+first_letter,True
c a b a l l o,h,caballo,h,translate_sp_eng_first,translate_sp_eng+first_letter,True
c a r t a,l,carta,l,translate_sp_eng_first,translate_sp_eng+first_letter,True
p a l a b r a,w,palabra,w,translate_sp_eng_first,translate_sp_eng+first_letter,True
f r a s e,s,frase,s,translate_sp_eng_first,translate_sp_eng+first_letter,True
p á g i n a,p,página,p,translate_sp_eng_first,translate_sp_eng+first_letter,True
m ú s i c a,m,música,m,translate_sp_eng_first,translate_sp_eng+first_letter,True
c a n c i ó n,s,canción,s,translate_sp_eng_first,translate_sp_eng+first_letter,True
b a i l e,d,baile,d,translate_sp_eng_first,translate_sp_eng+first_letter,True
j u e g o,g,juego,g,translate_sp_eng_first,translate_sp_eng+first_letter,True
d e p o r t e,s,deporte,s,translate_sp_eng_first,translate_sp_eng+first_letter,True
p e l o t a,b,pelota,b,translate_sp_eng_first,translate_sp_eng+first_letter,True
m a n o,h,mano,h,translate_sp_eng_first,translate_sp_eng+first_letter,True
p i e,f,pie,f,translate_sp_eng_first,translate_sp_eng+first_letter,True
c a b e z a,h,cabeza,h,translate_sp_eng_first,translate_sp_eng+first_letter,True
o j o,e,ojo,e,translate_sp_eng_first,translate_sp_eng+first_letter,True
o r e j a,e,oreja,e,translate_sp_eng_first,translate_sp_eng+first_letter,True
n a r i z,n,nariz,n,translate_sp_eng_first,translate_sp_eng+first_letter,True
b o c a,m,boca,m,translate_sp_eng_first,translate_sp_eng+first_letter,True
c o r a z ó n,h,corazón,h,translate_sp_eng_first,translate_sp_eng+first_letter,True
c e r e b r o,b,cerebro,b,translate_sp_eng_first,translate_sp_eng+first_letter,True
c u e r p o,b,cuerpo,b,translate_sp_eng_first,translate_sp_eng+first_letter,True
r o j o,r,rojo,r,translate_sp_eng_first,translate_sp_eng+first_letter,True
a z u l,b,azul,b,translate_sp_eng_first,translate_sp_eng+first_letter,True
v e r d e,g,verde,g,translate_sp_eng_first,translate_sp_eng+first_letter,True
a m a r i l l o,y,amarillo,y,translate_sp_eng_first,translate_sp_eng+first_letter,True
n e g r o,b,negro,b,translate_sp_eng_first,translate_sp_eng+first_letter,True
b l a n c o,w,blanco,w,translate_sp_eng_first,translate_sp_eng+first_letter,True
m o r a d o,p,morado,p,translate_sp_eng_first,translate_sp_eng+first_letter,True
r o s a,p,rosa,p,translate_sp_eng_first,translate_sp_eng+first_letter,True
g r i s,g,gris,g,translate_sp_eng_first,translate_sp_eng+first_letter,True
m a r r ó n,b,marrón,b,translate_sp_eng_first,translate_sp_eng+first_letter,True
g r a n d e,b,grande,b,translate_sp_eng_first,translate_sp_eng+first_letter,True
p e q u e ñ o,s,pequeño,s,translate_sp_eng_first,translate_sp_eng+first_letter,True
c a l i e n t e,h,caliente,h,translate_sp_eng_first,translate_sp_eng+first_letter,True
f r í o,c,frío,c,translate_sp_eng_first,translate_sp_eng+first_letter,True
n u e v o,n,nuevo,n,translate_sp_eng_first,translate_sp_eng+first_letter,True
v i e j o,o,viejo,o,translate_sp_eng_first,translate_sp_eng+first_letter,True
b u e n o,g,bueno,g,translate_sp_eng_first,translate_sp_eng+first_letter,True
m a l o,b,malo,b,translate_sp_eng_first,translate_sp_eng+first_letter,True
f e l i z,h,feliz,h,translate_sp_eng_first,translate_sp_eng+first_letter,True
t r i s t e,s,triste,s,translate_sp_eng_first,translate_sp_eng+first_letter,True
r á p i d o,f,rápido,f,translate_sp_eng_first,translate_sp_eng+first_letter,True
l e n t o,s,lento,s,translate_sp_eng_first,translate_sp_eng+first_letter,True
f u e r t e,s,fuerte,s,translate_sp_eng_first,translate_sp_eng+first_letter,True
d é b i l,w,débil,w,translate_sp_eng_first,translate_sp_eng+first_letter,True
h e r m o s o,b,hermoso,b,translate_sp_eng_first,translate_sp_eng+first_letter,True
f e o,u,feo,u,translate_sp_eng_first,translate_sp_eng+first_letter,True
j o v e n,y,joven,y,translate_sp_eng_first,translate_sp_eng+first_letter,True
r i c o,r,rico,r,translate_sp_eng_first,translate_sp_eng+first_letter,True
p o b r e,p,pobre,p,translate_sp_eng_first,translate_sp_eng+first_letter,True
l i m p i o,c,limpio,c,translate_sp_eng_first,translate_sp_eng+first_letter,True
s u c i o,d,sucio,d,translate_sp_eng_first,translate_sp_eng+first_letter,True
f á c i l,e,fácil,e,translate_sp_eng_first,translate_sp_eng+first_letter,True
d i f í c i l,d,difícil,d,translate_sp_eng_first,translate_sp_eng+first_letter,True
l a r g o,l,largo,l,translate_sp_eng_first,translate_sp_eng+first_letter,True
c o r t o,s,corto,s,translate_sp_eng_first,translate_sp_eng+first_letter,True
a l t o,h,alto,h,translate_sp_eng_first,translate_sp_eng+first_letter,True
b a j o,l,bajo,l,translate_sp_eng_first,translate_sp_eng+first_letter,True
a n c h o,w,ancho,w,translate_sp_eng_first,translate_sp_eng+first_letter,True
e s t r e c h o,n,estrecho,n,translate_sp_eng_first,translate_sp_eng+first_letter,True
p e s a d o,h,pesado,h,translate_sp_eng_first,translate_sp_eng+first_letter,True
l i g e r o,l,ligero,l,translate_sp_eng_first,translate_sp_eng+first_letter,True
l l e n o,f,lleno,f,translate_sp_eng_first,translate_sp_eng+first_letter,True
v a c í o,e,vacío,e,translate_sp_eng_first,translate_sp_eng+first_letter,True
d e r e c h o,r,derecho,r,translate_sp_eng_first,translate_sp_eng+first_letter,True
i z q u i e r d o,l,izquierdo,l,translate_sp_eng_first,translate_sp_eng+first_letter,True
a r r i b a,u,arriba,u,translate_sp_eng_first,translate_sp_eng+first_letter,True
a b a j o,d,abajo,d,translate_sp_eng_first,translate_sp_eng+first_letter,True
d e n t r o,i,dentro,i,translate_sp_eng_first,translate_sp_eng+first_letter,True
f u e r a,o,fuera,o,translate_sp_eng_first,translate_sp_eng+first_letter,True
f r e n t e,f,frente,f,translate_sp_eng_first,translate_sp_eng+first_letter,True
a t r á s,b,atrás,b,translate_sp_eng_first,translate_sp_eng+first_letter,True
c e r c a,n,cerca,n,translate_sp_eng_first,translate_sp_eng+first_letter,True
l e j o s,f,lejos,f,translate_sp_eng_first,translate_sp_eng+first_letter,True
p r i m e r o,f,primero,f,translate_sp_eng_first,translate_sp_eng+first_letter,True
ú l t i m o,l,último,l,translate_sp_eng_first,translate_sp_eng+first_letter,True
a b i e r t o,o,abierto,o,translate_sp_eng_first,translate_sp_eng+first_letter,True
c e r r a d o,c,cerrado,c,translate_sp_eng_first,translate_sp_eng+first_letter,True
u n o,o,uno,o,translate_sp_eng_first,translate_sp_eng+first_letter,True
d o s,t,dos,t,translate_sp_eng_first,translate_sp_eng+first_letter,True
t r e s,t,tres,t,translate_sp_eng_first,translate_sp_eng+first_letter,True
c u a t r o,f,cuatro,f,translate_sp_eng_first,translate_sp_eng+first_letter,True
c i n c o,f,cinco,f,translate_sp_eng_first,translate_sp_eng+first_letter,True
s e i s,s,seis,s,translate_sp_eng_first,translate_sp_eng+first_letter,True
s i e t e,s,siete,s,translate_sp_eng_first,translate_sp_eng+first_letter,True
o c h o,e,ocho,e,translate_sp_eng_first,translate_sp_eng+first_letter,True
n u e v e,n,nueve,n,translate_sp_eng_first,translate_sp_eng+first_letter,True
d i e z,t,diez,t,translate_sp_eng_first,translate_sp_eng+first_letter,True
c i e n,h,cien,h,translate_sp_eng_first,translate_sp_eng+first_letter,True
m i l,t,mil,t,translate_sp_eng_first,translate_sp_eng+first_letter,True
h e r m a n o,b,hermano,b,translate_sp_eng_first,translate_sp_eng+first_letter,True
h e r m a n a,s,hermana,s,translate_sp_eng_first,translate_sp_eng+first_letter,True
p a d r e,f,padre,f,translate_sp_eng_first,translate_sp_eng+first_letter,True
m a d r e,m,madre,m,translate_sp_eng_first,translate_sp_eng+first_letter,True
h i j o,s,hijo,s,translate_sp_eng_first,translate_sp_eng+first_letter,True
h i j a,d,hija,d,translate_sp_eng_first,translate_sp_eng+first_letter,True
e s p o s o,h,esposo,h,translate_sp_eng_first,translate_sp_eng+first_letter,True
e s p o s a,w,esposa,w,translate_sp_eng_first,translate_sp_eng+first_letter,True
a b u e l o,g,abuelo,g,translate_sp_eng_first,translate_sp_eng+first_letter,True
a b u e l a,g,abuela,g,translate_sp_eng_first,translate_sp_eng+first_letter,True
t í o,u,tío,u,translate_sp_eng_first,translate_sp_eng+first_letter,True
t í a,a,tía,a,translate_sp_eng_first,translate_sp_eng+first_letter,True
p r i m o,c,primo,c,translate_sp_eng_first,translate_sp_eng+first_letter,True
r e y,k,rey,k,translate_sp_eng_first,translate_sp_eng+first_letter,True
r e i n a,q,reina,q,translate_sp_eng_first,translate_sp_eng+first_letter,True
p r í n c i p e,p,príncipe,p,translate_sp_eng_first,translate_sp_eng+first_letter,True
p r i n c e s a,p,princesa,p,translate_sp_eng_first,translate_sp_eng+first_letter,True
h o m b r e,m,hombre,m,translate_sp_eng_first,translate_sp_eng+first_letter,True
m u j e r,w,mujer,w,translate_sp_eng_first,translate_sp_eng+first_letter,True
n i ñ a,g,niña,g,translate_sp_eng_first,translate_sp_eng+first_letter,True
b e b é,b,bebé,b,translate_sp_eng_first,translate_sp_eng+first_letter,True
m é d i c o,d,médico,d,translate_sp_eng_first,translate_sp_eng+first_letter,True
e n f e r m e r a,n,enfermera,n,translate_sp_eng_first,translate_sp_eng+first_letter,True
a b o g a d o,l,abogado,l,translate_sp_eng_first,translate_sp_eng+first_letter,True
p o l i c í a,p,policía,p,translate_sp_eng_first,translate_sp_eng+first_letter,True
s o l d a d o,s,soldado,s,translate_sp_eng_first,translate_sp_eng+first_letter,True
g r a n j e r o,f,granjero,f,translate_sp_eng_first,translate_sp_eng+first_letter,True
t r a b a j a d o r,w,trabajador,w,translate_sp_eng_first,translate_sp_eng+first_letter,True
a r t i s t a,a,artista,a,translate_sp_eng_first,translate_sp_eng+first_letter,True
m ú s i c o,m,músico,m,translate_sp_eng_first,translate_sp_eng+first_letter,True
c a n t a n t e,s,cantante,s,translate_sp_eng_first,translate_sp_eng+first_letter,True
h o l a,o,hola,o,translate_sp_eng_last,translate_sp_eng+last_letter,True
a d i ó s,e,adiós,e,translate_sp_eng_last,translate_sp_eng+last_letter,True
g r a c i a s,u,gracias,u,translate_sp_eng_last,translate_sp_eng+last_letter,True
p o r   f a v o r,e,por favor,e,translate_sp_eng_last,translate_sp_eng+last_letter,True
s í,s,sí,s,translate_sp_eng_last,translate_sp_eng+last_letter,True
a g u a,r,agua,r,translate_sp_eng_last,translate_sp_eng+last_letter,True
c a s a,e,casa,e,translate_sp_eng_last,translate_sp_eng+last_letter,True
g a t o,t,gato,t,translate_sp_eng_last,translate_sp_eng+last_letter,True
p e r r o,g,perro,g,translate_sp_eng_last,translate_sp_eng+last_letter,True
b u e n o s   d í a s,g,buenos días,g,translate_sp_eng_last,translate_sp_eng+last_letter,True
b u e n a s   t a r d e s,g,buenas tardes,g,translate_sp_eng_last,translate_sp_eng+last_letter,True
b u e n a s   n o c h e s,t,buenas noches,t,translate_sp_eng_last,translate_sp_eng+last_letter,True
c ó m o   e s t á s,u,cómo estás,u,translate_sp_eng_last,translate_sp_eng+last_letter,True
t e   q u i e r o,u,te quiero,u,translate_sp_eng_last,translate_sp_eng+last_letter,True
a m i g o,d,amigo,d,translate_sp_eng_last,translate_sp_eng+last_letter,True
f a m i l i a,y,familia,y,translate_sp_eng_last,translate_sp_eng+last_letter,True
c o m i d a,d,comida,d,translate_sp_eng_last,translate_sp_eng+last_letter,True
l i b r o,k,libro,k,translate_sp_eng_last,translate_sp_eng+last_letter,True
c o c h e,r,coche,r,translate_sp_eng_last,translate_sp_eng+last_letter,True
á r b o l,e,árbol,e,translate_sp_eng_last,translate_sp_eng+last_letter,True
f l o r,r,flor,r,translate_sp_eng_last,translate_sp_eng+last_letter,True
s o l,n,sol,n,translate_sp_eng_last,translate_sp_eng+last_letter,True
l u n a,n,luna,n,translate_sp_eng_last,translate_sp_eng+last_letter,True
e s t r e l l a,r,estrella,r,translate_sp_eng_last,translate_sp_eng+last_letter,True
p a n,d,pan,d,translate_sp_eng_last,translate_sp_eng+last_letter,True
q u e s o,e,queso,e,translate_sp_eng_last,translate_sp_eng+last_letter,True
v i n o,e,vino,e,translate_sp_eng_last,translate_sp_eng+last_letter,True
t é,a,té,a,translate_sp_eng_last,translate_sp_eng+last_letter,True
l e c h e,k,leche,k,translate_sp_eng_last,translate_sp_eng+last_letter,True
a z ú c a r,r,azúcar,r,translate_sp_eng_last,translate_sp_eng+last_letter,True
s a l,t,sal,t,translate_sp_eng_last,translate_sp_eng+last_letter,True
p i m i e n t a,r,pimienta,r,translate_sp_eng_last,translate_sp_eng+last_letter,True
m e s a,e,mesa,e,translate_sp_eng_last,translate_sp_eng+last_letter,True
s i l l a,r,silla,r,translate_sp_eng_last,translate_sp_eng+last_letter,True
p u e r t a,r,puerta,r,translate_sp_eng_last,translate_sp_eng+last_letter,True
v e n t a n a,w,ventana,w,translate_sp_eng_last,translate_sp_eng+last_letter,True
c a l l e,t,calle,t,translate_sp_eng_last,translate_sp_eng+last_letter,True
c i u d a d,y,ciudad,y,translate_sp_eng_last,translate_sp_eng+last_letter,True
p a í s,y,país,y,translate_sp_eng_last,translate_sp_eng+last_letter,True
m u n d o,d,mundo,d,translate_sp_eng_last,translate_sp_eng+last_letter,True
t i e m p o,e,tiempo,e,translate_sp_eng_last,translate_sp_eng+last_letter,True
d í a,y,día,y,translate_sp_eng_last,translate_sp_eng+last_letter,True
n o c h e,t,noche,t,translate_sp_eng_last,translate_sp_eng+last_letter,True
s e m a n a,k,semana,k,translate_sp_eng_last,translate_sp_eng+last_letter,True
m e s,h,mes,h,translate_sp_eng_last,translate_sp_eng+last_letter,True
a ñ o,r,año,r,translate_sp_eng_last,translate_sp_eng+last_letter,True
h o y,y,hoy,y,translate_sp_eng_last,translate_sp_eng+last_letter,True
m a ñ a n a,w,mañana,w,translate_sp_eng_last,translate_sp_eng+last_letter,True
a y e r,y,ayer,y,translate_sp_eng_last,translate_sp_eng+last_letter,True
n i ñ o,d,niño,d,translate_sp_eng_last,translate_sp_eng+last_letter,True
e s c u e l a,l,escuela,l,translate_sp_eng_last,translate_sp_eng+last_letter,True
e s t u d i a n t e,t,estudiante,t,translate_sp_eng_last,translate_sp_eng+last_letter,True
p r o f e s o r,r,profesor,r,translate_sp_eng_last,translate_sp_eng+last_letter,True
m a n z a n a,e,manzana,e,translate_sp_eng_last,translate_sp_eng+last_letter,True
n a r a n j a,e,naranja,e,translate_sp_eng_last,translate_sp_eng+last_letter,True
p e z,h,pez,h,translate_sp_eng_last,translate_sp_eng+last_letter,True
p á j a r o,d,pájaro,d,translate_sp_eng_last,translate_sp_eng+last_letter,True
c a b a l l o,e,caballo,e,translate_sp_eng_last,translate_sp_eng+last_letter,True
c a r t a,r,carta,r,translate_sp_eng_last,translate_sp_eng+last_letter,True
p a l a b r a,d,palabra,d,translate_sp_eng_last,translate_sp_eng+last_letter,True
f r a s e,e,frase,e,translate_sp_eng_last,translate_sp_eng+last_letter,True
p á g i n a,e,página,e,translate_sp_eng_last,translate_sp_eng+last_letter,True
m ú s i c a,c,música,c,translate_sp_eng_last,translate_sp_eng+last_letter,True
c a n c i ó n,g,canción,g,translate_sp_eng_last,translate_sp_eng+last_letter,True
b a i l e,e,baile,e,translate_sp_eng_last,translate_sp_eng+last_letter,True
j u e g o,e,juego,e,translate_sp_eng_last,translate_sp_eng+last_letter,True
d e p o r t e,t,deporte,t,translate_sp_eng_last,translate_sp_eng+last_letter,True
p e l o t a,l,pelota,l,translate_sp_eng_last,translate_sp_eng+last_letter,True
m a n o,d,mano,d,translate_sp_eng_last,translate_sp_eng+last_letter,True
p i e,t,pie,t,translate_sp_eng_last,translate_sp_eng+last_letter,True
c a b e z a,d,cabeza,d,translate_sp_eng_last,translate_sp_eng+last_letter,True
o j o,e,ojo,e,translate_sp_eng_last,translate_sp_eng+last_letter,True
o r e j a,r,oreja,r,translate_sp_eng_last,translate_sp_eng+last_letter,True
n a r i z,e,nariz,e,translate_sp_eng_last,translate_sp_eng+last_letter,True
b o c a,h,boca,h,translate_sp_eng_last,translate_sp_eng+last_letter,True
c o r a z ó n,t,corazón,t,translate_sp_eng_last,translate_sp_eng+last_letter,True
c e r e b r o,n,cerebro,n,translate_sp_eng_last,translate_sp_eng+last_letter,True
c u e r p o,y,cuerpo,y,translate_sp_eng_last,translate_sp_eng+last_letter,True
r o j o,d,rojo,d,translate_sp_eng_last,translate_sp_eng+last_letter,True
a z u l,e,azul,e,translate_sp_eng_last,translate_sp_eng+last_letter,True
v e r d e,n,verde,n,translate_sp_eng_last,translate_sp_eng+last_letter,True
a m a r i l l o,w,amarillo,w,translate_sp_eng_last,translate_sp_eng+last_letter,True
n e g r o,k,negro,k,translate_sp_eng_last,translate_sp_eng+last_letter,True
b l a n c o,e,blanco,e,translate_sp_eng_last,translate_sp_eng+last_letter,True
m o r a d o,e,morado,e,translate_sp_eng_last,translate_sp_eng+last_letter,True
r o s a,k,rosa,k,translate_sp_eng_last,translate_sp_eng+last_letter,True
g r i s,y,gris,y,translate_sp_eng_last,translate_sp_eng+last_letter,True
m a r r ó n,n,marrón,n,translate_sp_eng_last,translate_sp_eng+last_letter,True
g r a n d e,g,grande,g,translate_sp_eng_last,translate_sp_eng+last_letter,True
p e q u e ñ o,l,pequeño,l,translate_sp_eng_last,translate_sp_eng+last_letter,True
c a l i e n t e,t,caliente,t,translate_sp_eng_last,translate_sp_eng+last_letter,True
f r í o,d,frío,d,translate_sp_eng_last,translate_sp_eng+last_letter,True
n u e v o,w,nuevo,w,translate_sp_eng_last,translate_sp_eng+last_letter,True
v i e j o,d,viejo,d,translate_sp_eng_last,translate_sp_eng+last_letter,True
b u e n o,d,bueno,d,translate_sp_eng_last,translate_sp_eng+last_letter,True
m a l o,d,malo,d,translate_sp_eng_last,translate_sp_eng+last_letter,True
f e l i z,y,feliz,y,translate_sp_eng_last,translate_sp_eng+last_letter,True
t r i s t e,d,triste,d,translate_sp_eng_last,translate_sp_eng+last_letter,True
r á p i d o,t,rápido,t,translate_sp_eng_last,translate_sp_eng+last_letter,True
l e n t o,w,lento,w,translate_sp_eng_last,translate_sp_eng+last_letter,True
f u e r t e,g,fuerte,g,translate_sp_eng_last,translate_sp_eng+last_letter,True
d é b i l,k,débil,k,translate_sp_eng_last,translate_sp_eng+last_letter,True
h e r m o s o,l,hermoso,l,translate_sp_eng_last,translate_sp_eng+last_letter,True
f e o,y,feo,y,translate_sp_eng_last,translate_sp_eng+last_letter,True
j o v e n,g,joven,g,translate_sp_eng_last,translate_sp_eng+last_letter,True
r i c o,h,rico,h,translate_sp_eng_last,translate_sp_eng+last_letter,True
p o b r e,r,pobre,r,translate_sp_eng_last,translate_sp_eng+last_letter,True
l i m p i o,n,limpio,n,translate_sp_eng_last,translate_sp_eng+last_letter,True
s u c i o,y,sucio,y,translate_sp_eng_last,translate_sp_eng+last_letter,True
f á c i l,y,fácil,y,translate_sp_eng_last,translate_sp_eng+last_letter,True
d i f í c i l,t,difícil,t,translate_sp_eng_last,translate_sp_eng+last_letter,True
l a r g o,g,largo,g,translate_sp_eng_last,translate_sp_eng+last_letter,True
c o r t o,t,corto,t,translate_sp_eng_last,translate_sp_eng+last_letter,True
a l t o,h,alto,h,translate_sp_eng_last,translate_sp_eng+last_letter,True
b a j o,w,bajo,w,translate_sp_eng_last,translate_sp_eng+last_letter,True
a n c h o,e,ancho,e,translate_sp_eng_last,translate_sp_eng+last_letter,True
e s t r e c h o,w,estrecho,w,translate_sp_eng_last,translate_sp_eng+last_letter,True
p e s a d o,y,pesado,y,translate_sp_eng_last,translate_sp_eng+last_letter,True
l i g e r o,t,ligero,t,translate_sp_eng_last,translate_sp_eng+last_letter,True
l l e n o,l,lleno,l,translate_sp_eng_last,translate_sp_eng+last_letter,True
v a c í o,y,vacío,y,translate_sp_eng_last,translate_sp_eng+last_letter,True
d e r e c h o,t,derecho,t,translate_sp_eng_last,translate_sp_eng+last_letter,True
i z q u i e r d o,t,izquierdo,t,translate_sp_eng_last,translate_sp_eng+last_letter,True
a r r i b a,p,arriba,p,translate_sp_eng_last,translate_sp_eng+last_letter,True
a b a j o,n,abajo,n,translate_sp_eng_last,translate_sp_eng+last_letter,True
d e n t r o,e,dentro,e,translate_sp_eng_last,translate_sp_eng+last_letter,True
f u e r a,e,fuera,e,translate_sp_eng_last,translate_sp_eng+last_letter,True
f r e n t e,t,frente,t,translate_sp_eng_last,translate_sp_eng+last_letter,True
a t r á s,k,atrás,k,translate_sp_eng_last,translate_sp_eng+last_letter,True
c e r c a,r,cerca,r,translate_sp_eng_last,translate_sp_eng+last_letter,True
l e j o s,r,lejos,r,translate_sp_eng_last,translate_sp_eng+last_letter,True
p r i m e r o,t,primero,t,translate_sp_eng_last,translate_sp_eng+last_letter,True
ú l t i m o,t,último,t,translate_sp_eng_last,translate_sp_eng+last_letter,True
a b i e r t o,n,abierto,n,translate_sp_eng_last,translate_sp_eng+last_letter,True
c e r r a d o,d,cerrado,d,translate_sp_eng_last,translate_sp_eng+last_letter,True
u n o,e,uno,e,translate_sp_eng_last,translate_sp_eng+last_letter,True
d o s,o,dos,o,translate_sp_eng_last,translate_sp_eng+last_letter,True
t r e s,e,tres,e,translate_sp_eng_last,translate_sp_eng+last_letter,True
c u a t r o,r,cuatro,r,translate_sp_eng_last,translate_sp_eng+last_letter,True
c i n c o,e,cinco,e,translate_sp_eng_last,translate_sp_eng+last_letter,True
s e i s,x,seis,x,translate_sp_eng_last,translate_sp_eng+last_letter,True
s i e t e,n,siete,n,translate_sp_eng_last,translate_sp_eng+last_letter,True
o c h o,t,ocho,t,translate_sp_eng_last,translate_sp_eng+last_letter,True
n u e v e,e,nueve,e,translate_sp_eng_last,translate_sp_eng+last_letter,True
d i e z,n,diez,n,translate_sp_eng_last,translate_sp_eng+last_letter,True
c i e n,d,cien,d,translate_sp_eng_last,translate_sp_eng+last_letter,True
m i l,d,mil,d,translate_sp_eng_last,translate_sp_eng+last_letter,True
h e r m a n o,r,hermano,r,translate_sp_eng_last,translate_sp_eng+last_letter,True
h e r m a n a,r,hermana,r,translate_sp_eng_last,translate_sp_eng+last_letter,True
p a d r e,r,padre,r,translate_sp_eng_last,translate_sp_eng+last_letter,True
m a d r e,r,madre,r,translate_sp_eng_last,translate_sp_eng+last_letter,True
h i j o,n,hijo,n,translate_sp_eng_last,translate_sp_eng+last_letter,True
h i j a,r,hija,r,translate_sp_eng_last,translate_sp_eng+last_letter,True
e s p o s o,d,esposo,d,translate_sp_eng_last,translate_sp_eng+last_letter,True
e s p o s a,e,esposa,e,translate_sp_eng_last,translate_sp_eng+last_letter,True
a b u e l o,r,abuelo,r,translate_sp_eng_last,translate_sp_eng+last_letter,True
a b u e l a,r,abuela,r,translate_sp_eng_last,translate_sp_eng+last_letter,True
t í o,e,tío,e,translate_sp_eng_last,translate_sp_eng+last_letter,True
t í a,t,tía,t,translate_sp_eng_last,translate_sp_eng+last_letter,True
p r i m o,n,primo,n,translate_sp_eng_last,translate_sp_eng+last_letter,True
r e y,g,rey,g,translate_sp_eng_last,translate_sp_eng+last_letter,True
r e i n a,n,reina,n,translate_sp_eng_last,translate_sp_eng+last_letter,True
p r í n c i p e,e,príncipe,e,translate_sp_eng_last,translate_sp_eng+last_letter,True
p r i n c e s a,s,princesa,s,translate_sp_eng_last,translate_sp_eng+last_letter,True
h o m b r e,n,hombre,n,translate_sp_eng_last,translate_sp_eng+last_letter,True
m u j e r,n,mujer,n,translate_sp_eng_last,translate_sp_eng+last_letter,True
n i ñ a,l,niña,l,translate_sp_eng_last,translate_sp_eng+last_letter,True
b e b é,y,bebé,y,translate_sp_eng_last,translate_sp_eng+last_letter,True
m é d i c o,r,médico,r,translate_sp_eng_last,translate_sp_eng+last_letter,True
e n f e r m e r a,e,enfermera,e,translate_sp_eng_last,translate_sp_eng+last_letter,True
a b o g a d o,r,abogado,r,translate_sp_eng_last,translate_sp_eng+last_letter,True
p o l i c í a,e,policía,e,translate_sp_eng_last,translate_sp_eng+last_letter,True
s o l d a d o,r,soldado,r,translate_sp_eng_last,translate_sp_eng+last_letter,True
g r a n j e r o,r,granjero,r,translate_sp_eng_last,translate_sp_eng+last_letter,True
t r a b a j a d o r,r,trabajador,r,translate_sp_eng_last,translate_sp_eng+last_letter,True
a r t i s t a,t,artista,t,translate_sp_eng_last,translate_sp_eng+last_letter,True
m ú s i c o,n,músico,n,translate_sp_eng_last,translate_sp_eng+last_letter,True
c a n t a n t e,r,cantante,r,translate_sp_eng_last,translate_sp_eng+last_letter,True
r u n,R U N N I N G,run,RUNNING,gerund_upper,present_to_gerund+uppercase,True
s w i m,S W I M M I N G,swim,SWIMMING,gerund_upper,present_to_gerund+uppercase,True
w a l k,W A L K I N G,walk,WALKING,gerund_upper,present_to_gerund+uppercase,True
j u m p,J U M P I N G,jump,JUMPING,gerund_upper,present_to_gerund+uppercase,True
d a n c e,D A N C I N G,dance,DANCING,gerund_upper,present_to_gerund+uppercase,True
s i n g,S I N G I N G,sing,SINGING,gerund_upper,present_to_gerund+uppercase,True
r e a d,R E A D I N G,read,READING,gerund_upper,present_to_gerund+uppercase,True
w r i t e,W R I T I N G,write,WRITING,gerund_upper,present_to_gerund+uppercase,True
s l e e p,S L E E P I N G,sleep,SLEEPING,gerund_upper,present_to_gerund+uppercase,True
e a t,E A T I N G,eat,EATING,gerund_upper,present_to_gerund+uppercase,True
d r i n k,D R I N K I N G,drink,DRINKING,gerund_upper,present_to_gerund+uppercase,True
t a l k,T A L K I N G,talk,TALKING,gerund_upper,present_to_gerund+uppercase,True
l i s t e n,L I S T E N I N G,listen,LISTENING,gerund_upper,present_to_gerund+uppercase,True
t h i n k,T H I N K I N G,think,THINKING,gerund_upper,present_to_gerund+uppercase,True
w o r k,W O R K I N G,work,WORKING,gerund_upper,present_to_gerund+uppercase,True
p l a y,P L A Y I N G,play,PLAYING,gerund_upper,present_to_gerund+uppercase,True
s t u d y,S T U D Y I N G,study,STUDYING,gerund_upper,present_to_gerund+uppercase,True
l e a r n,L E A R N I N G,learn,LEARNING,gerund_upper,present_to_gerund+uppercase,True
t e a c h,T E A C H I N G,teach,TEACHING,gerund_upper,present_to_gerund+uppercase,True
b u i l d,B U I L D I N G,build,BUILDING,gerund_upper,present_to_gerund+uppercase,True
c r e a t e,C R E A T I N G,create,CREATING,gerund_upper,present_to_gerund+uppercase,True
p a i n t,P A I N T I N G,paint,PAINTING,gerund_upper,present_to_gerund+uppercase,True
d r a w,D R A W I N G,draw,DRAWING,gerund_upper,present_to_gerund+uppercase,True
c o o k,C O O K I N G,cook,COOKING,gerund_upper,present_to_gerund+uppercase,True
b a k e,B A K I N G,bake,BAKING,gerund_upper,present_to_gerund+uppercase,True
c l e a n,C L E A N I N G,clean,CLEANING,gerund_upper,present_to_gerund+uppercase,True
w a s h,W A S H I N G,wash,WASHING,gerund_upper,present_to_gerund+uppercase,True
d r i v e,D R I V I N G,drive,DRIVING,gerund_upper,present_to_gerund+uppercase,True
f l y,F L Y I N G,fly,FLYING,gerund_upper,present_to_gerund+uppercase,True
s a i l,S A I L I N G,sail,SAILING,gerund_upper,present_to_gerund+uppercase,True
c l i m b,C L I M B I N G,climb,CLIMBING,gerund_upper,present_to_gerund+uppercase,True
h i k e,H I K I N G,hike,HIKING,gerund_upper,present_to_gerund+uppercase,True
b i k e,B I K I N G,bike,BIKING,gerund_upper,present_to_gerund+uppercase,True
s k i,S K I I N G,ski,SKIING,gerund_upper,present_to_gerund+uppercase,True
s k a t e,S K A T I N G,skate,SKATING,gerund_upper,present_to_gerund+uppercase,True
f i s h,F I S H I N G,fish,FISHING,gerund_upper,present_to_gerund+uppercase,True
h u n t,H U N T I N G,hunt,HUNTING,gerund_upper,present_to_gerund+uppercase,True
c a m p,C A M P I N G,camp,CAMPING,gerund_upper,present_to_gerund+uppercase,True
t r a v e l,T R A V E L I N G,travel,TRAVELING,gerund_upper,present_to_gerund+uppercase,True
e x p l o r e,E X P L O R I N G,explore,EXPLORING,gerund_upper,present_to_gerund+uppercase,True
l a u g h,L A U G H I N G,laugh,LAUGHING,gerund_upper,present_to_gerund+uppercase,True
s m i l e,S M I L I N G,smile,SMILING,gerund_upper,present_to_gerund+uppercase,True
c r y,C R Y I N G,cry,CRYING,gerund_upper,present_to_gerund+uppercase,True
s h o u t,S H O U T I N G,shout,SHOUTING,gerund_upper,present_to_gerund+uppercase,True
w h i s p e r,W H I S P E R I N G,whisper,WHISPERING,gerund_upper,present_to_gerund+uppercase,True
l o v e,L O V I N G,love,LOVING,gerund_upper,present_to_gerund+uppercase,True
h a t e,H A T I N G,hate,HATING,gerund_upper,present_to_gerund+uppercase,True
h e l p,H E L P I N G,help,HELPING,gerund_upper,present_to_gerund+uppercase,True
s h a r e,S H A R I N G,share,SHARING,gerund_upper,present_to_gerund+uppercase,True
c a r e,C A R I N G,care,CARING,gerund_upper,present_to_gerund+uppercase,True
m e e t,M E E T I N G,meet,MEETING,gerund_upper,present_to_gerund+uppercase,True
s e e,S E E I N G,see,SEEING,gerund_upper,present_to_gerund+uppercase,True
h e a r,H E A R I N G,hear,HEARING,gerund_upper,present_to_gerund+uppercase,True
f e e l,F E E L I N G,feel,FEELING,gerund_upper,present_to_gerund+uppercase,True
s m e l l,S M E L L I N G,smell,SMELLING,gerund_upper,present_to_gerund+uppercase,True
t a s t e,T A S T I N G,taste,TASTING,gerund_upper,present_to_gerund+uppercase,True
t o u c h,T O U C H I N G,touch,TOUCHING,gerund_upper,present_to_gerund+uppercase,True
h o l d,H O L D I N G,hold,HOLDING,gerund_upper,present_to_gerund+uppercase,True
c a r r y,C A R R Y I N G,carry,CARRYING,gerund_upper,present_to_gerund+uppercase,True
t h r o w,T H R O W I N G,throw,THROWING,gerund_upper,present_to_gerund+uppercase,True
c a t c h,C A T C H I N G,catch,CATCHING,gerund_upper,present_to_gerund+uppercase,True
p u s h,P U S H I N G,push,PUSHING,gerund_upper,present_to_gerund+uppercase,True
p u l l,P U L L I N G,pull,PULLING,gerund_upper,present_to_gerund+uppercase,True
o p e n,O P E N I N G,open,OPENING,gerund_upper,present_to_gerund+uppercase,True
c l o s e,C L O S I N G,close,CLOSING,gerund_upper,present_to_gerund+uppercase,True
s t a r t,S T A R T I N G,start,STARTING,gerund_upper,present_to_gerund+uppercase,True
s t o p,S T O P P I N G,stop,STOPPING,gerund_upper,present_to_gerund+uppercase,True
b e g i n,B E G I N N I N G,begin,BEGINNING,gerund_upper,present_to_gerund+uppercase,True
e n d,E N D I N G,end,ENDING,gerund_upper,present_to_gerund+uppercase,True
f i n i s h,F I N I S H I N G,finish,FINISHING,gerund_upper,present_to_gerund+uppercase,True
s t a n d,S T A N D I N G,stand,STANDING,gerund_upper,present_to_gerund+uppercase,True
s i t,S I T T I N G,sit,SITTING,gerund_upper,present_to_gerund+uppercase,True
l i e,L Y I N G,lie,LYING,gerund_upper,present_to_gerund+uppercase,True
k n e e l,K N E E L I N G,kneel,KNEELING,gerund_upper,present_to_gerund+uppercase,True
b e n d,B E N D I N G,bend,BENDING,gerund_upper,present_to_gerund+uppercase,True
s t r e t c h,S T R E T C H I N G,stretch,STRETCHING,gerund_upper,present_to_gerund+uppercase,True
r e l a x,R E L A X I N G,relax,RELAXING,gerund_upper,present_to_gerund+uppercase,True
r e s t,R E S T I N G,rest,RESTING,gerund_upper,present_to_gerund+uppercase,True
w a i t,W A I T I N G,wait,WAITING,gerund_upper,present_to_gerund+uppercase,True
m o v e,M O V I N G,move,MOVING,gerund_upper,present_to_gerund+uppercase,True
l i v e,L I V I N G,live,LIVING,gerund_upper,present_to_gerund+uppercase,True
g i v e,G I V I N G,give,GIVING,gerund_upper,present_to_gerund+uppercase,True
t a k e,T A K I N G,take,TAKING,gerund_upper,present_to_gerund+uppercase,True
m a k e,M A K I N G,make,MAKING,gerund_upper,present_to_gerund+uppercase,True
c o m e,C O M I N G,come,COMING,gerund_upper,present_to_gerund+uppercase,True
l e a v e,L E A V I N G,leave,LEAVING,gerund_upper,present_to_gerund+uppercase,True
a r r i v e,A R R I V I N G,arrive,ARRIVING,gerund_upper,present_to_gerund+uppercase,True
b e l i e v e,B E L I E V I N G,believe,BELIEVING,gerund_upper,present_to_gerund+uppercase,True
a c h i e v e,A C H I E V I N G,achieve,ACHIEVING,gerund_upper,present_to_gerund+uppercase,True
r e c e i v e,R E C E I V I N G,receive,RECEIVING,gerund_upper,present_to_gerund+uppercase,True
d e c i d e,D E C I D I N G,decide,DECIDING,gerund_upper,present_to_gerund+uppercase,True
h o p e,H O P I N G,hope,HOPING,gerund_upper,present_to_gerund+uppercase,True
c h a n g e,C H A N G I N G,change,CHANGING,gerund_upper,present_to_gerund+uppercase,True
m a n a g e,M A N A G I N G,manage,MANAGING,gerund_upper,present_to_gerund+uppercase,True
i m p r o v e,I M P R O V I N G,improve,IMPROVING,gerund_upper,present_to_gerund+uppercase,True
p r a c t i c e,P R A C T I C I N G,practice,PRACTICING,gerund_upper,present_to_gerund+uppercase,True
n o t i c e,N O T I C I N G,notice,NOTICING,gerund_upper,present_to_gerund+uppercase,True
r e a l i z e,R E A L I Z I N G,realize,REALIZING,gerund_upper,present_to_gerund+uppercase,True
o r g a n i z e,O R G A N I Z I N G,organize,ORGANIZING,gerund_upper,present_to_gerund+uppercase,True
r e c o g n i z e,R E C O G N I Z I N G,recognize,RECOGNIZING,gerund_upper,present_to_gerund+uppercase,True
a p o l o g i z e,A P O L O G I Z I N G,apologize,APOLOGIZING,gerund_upper,present_to_gerund+uppercase,True
c r i t i c i z e,C R I T I C I Z I N G,criticize,CRITICIZING,gerund_upper,present_to_gerund+uppercase,True
a d v e r t i s e,A D V E R T I S I N G,advertise,ADVERTISING,gerund_upper,present_to_gerund+uppercase,True
e x e r c i s e,E X E R C I S I N G,exercise,EXERCISING,gerund_upper,present_to_gerund+uppercase,True
s u r p r i s e,S U R P R I S I N G,surprise,SURPRISING,gerund_upper,present_to_gerund+uppercase,True
p r o m i s e,P R O M I S I N G,promise,PROMISING,gerund_upper,present_to_gerund+uppercase,True
i m a g i n e,I M A G I N I N G,imagine,IMAGINING,gerund_upper,present_to_gerund+uppercase,True
e x a m i n e,E X A M I N I N G,examine,EXAMINING,gerund_upper,present_to_gerund+uppercase,True
d e t e r m i n e,D E T E R M I N I N G,determine,DETERMINING,gerund_upper,present_to_gerund+uppercase,True
c o n t i n u e,C O N T I N U I N G,continue,CONTINUING,gerund_upper,present_to_gerund+uppercase,True
a r g u e,A R G U I N G,argue,ARGUING,gerund_upper,present_to_gerund+uppercase,True
i s s u e,I S S U I N G,issue,ISSUING,gerund_upper,present_to_gerund+uppercase,True
r e s c u e,R E S C U I N G,rescue,RESCUING,gerund_upper,present_to_gerund+uppercase,True
p u r s u e,P U R S U I N G,pursue,PURSUING,gerund_upper,present_to_gerund+uppercase,True
v a l u e,V A L U I N G,value,VALUING,gerund_upper,present_to_gerund+uppercase,True
i n v i t e,I N V I T I N G,invite,INVITING,gerund_upper,present_to_gerund+uppercase,True
e x c i t e,E X C I T I N G,excite,EXCITING,gerund_upper,present_to_gerund+uppercase,True
u n i t e,U N I T I N G,unite,UNITING,gerund_upper,present_to_gerund+uppercase,True
c o m p e t e,C O M P E T I N G,compete,COMPETING,gerund_upper,present_to_gerund+uppercase,True
c o m p l e t e,C O M P L E T I N G,complete,COMPLETING,gerund_upper,present_to_gerund+uppercase,True
d e l e t e,D E L E T I N G,delete,DELETING,gerund_upper,present_to_gerund+uppercase,True
g r e e t,G R E E T I N G,greet,GREETING,gerund_upper,present_to_gerund+uppercase,True
r e p e a t,R E P E A T I N G,repeat,REPEATING,gerund_upper,present_to_gerund+uppercase,True
d e f e a t,D E F E A T I N G,defeat,DEFEATING,gerund_upper,present_to_gerund+uppercase,True
t r e a t,T R E A T I N G,treat,TREATING,gerund_upper,present_to_gerund+uppercase,True
r e l a t e,R E L A T I N G,relate,RELATING,gerund_upper,present_to_gerund+uppercase,True
c e l e b r a t e,C E L E B R A T I N G,celebrate,CELEBRATING,gerund_upper,present_to_gerund+uppercase,True
d e m o n s t r a t e,D E M O N S T R A T I N G,demonstrate,DEMONSTRATING,gerund_upper,present_to_gerund+uppercase,True
h e s i t a t e,H E S I T A T I N G,hesitate,HESITATING,gerund_upper,present_to_gerund+uppercase,True
a p p r e c i a t e,A P P R E C I A T I N G,appreciate,APPRECIATING,gerund_upper,present_to_gerund+uppercase,True
c o m m u n i c a t e,C O M M U N I C A T I N G,communicate,COMMUNICATING,gerund_upper,present_to_gerund+uppercase,True
e d u c a t e,E D U C A T I N G,educate,EDUCATING,gerund_upper,present_to_gerund+uppercase,True
i n v e s t i g a t e,I N V E S T I G A T I N G,investigate,INVESTIGATING,gerund_upper,present_to_gerund+uppercase,True
c o n c e n t r a t e,C O N C E N T R A T I N G,concentrate,CONCENTRATING,gerund_upper,present_to_gerund+uppercase,True
c o o p e r a t e,C O O P E R A T I N G,cooperate,COOPERATING,gerund_upper,present_to_gerund+uppercase,True
d e c o r a t e,D E C O R A T I N G,decorate,DECORATING,gerund_upper,present_to_gerund+uppercase,True
o p e r a t e,O P E R A T I N G,operate,OPERATING,gerund_upper,present_to_gerund+uppercase,True
s e p a r a t e,S E P A R A T I N G,separate,SEPARATING,gerund_upper,present_to_gerund+uppercase,True
p a r t i c i p a t e,P A R T I C I P A T I N G,participate,PARTICIPATING,gerund_upper,present_to_gerund+uppercase,True
n a v i g a t e,N A V I G A T I N G,navigate,NAVIGATING,gerund_upper,present_to_gerund+uppercase,True
m o t i v a t e,M O T I V A T I N G,motivate,MOTIVATING,gerund_upper,present_to_gerund+uppercase,True
a c t i v a t e,A C T I V A T I N G,activate,ACTIVATING,gerund_upper,present_to_gerund+uppercase,True
i l l u s t r a t e,I L L U S T R A T I N G,illustrate,ILLUSTRATING,gerund_upper,present_to_gerund+uppercase,True
c a l c u l a t e,C A L C U L A T I N G,calculate,CALCULATING,gerund_upper,present_to_gerund+uppercase,True
t r a n s l a t e,T R A N S L A T I N G,translate,TRANSLATING,gerund_upper,present_to_gerund+uppercase,True
a c c e l e r a t e,A C C E L E R A T I N G,accelerate,ACCELERATING,gerund_upper,present_to_gerund+uppercase,True
d o m i n a t e,D O M I N A T I N G,dominate,DOMINATING,gerund_upper,present_to_gerund+uppercase,True
e l i m i n a t e,E L I M I N A T I N G,eliminate,ELIMINATING,gerund_upper,present_to_gerund+uppercase,True
f a s c i n a t e,F A S C I N A T I N G,fascinate,FASCINATING,gerund_upper,present_to_gerund+uppercase,True
g e n e r a t e,G E N E R A T I N G,generate,GENERATING,gerund_upper,present_to_gerund+uppercase,True
i m i t a t e,I M I T A T I N G,imitate,IMITATING,gerund_upper,present_to_gerund+uppercase,True
i r r i t a t e,I R R I T A T I N G,irritate,IRRITATING,gerund_upper,present_to_gerund+uppercase,True
m e d i t a t e,M E D I T A T I N G,meditate,MEDITATING,gerund_upper,present_to_gerund+uppercase,True
n e g o t i a t e,N E G O T I A T I N G,negotiate,NEGOTIATING,gerund_upper,present_to_gerund+uppercase,True
p e n e t r a t e,P E N E T R A T I N G,penetrate,PENETRATING,gerund_upper,present_to_gerund+uppercase,True
r a d i a t e,R A D I A T I N G,radiate,RADIATING,gerund_upper,present_to_gerund+uppercase,True
r o t a t e,R O T A T I N G,rotate,ROTATING,gerund_upper,present_to_gerund+uppercase,True
s t i m u l a t e,S T I M U L A T I N G,stimulate,STIMULATING,gerund_upper,present_to_gerund+uppercase,True
t o l e r a t e,T O L E R A T I N G,tolerate,TOLERATING,gerund_upper,present_to_gerund+uppercase,True
v a l i d a t e,V A L I D A T I N G,validate,VALIDATING,gerund_upper,present_to_gerund+uppercase,True
v i b r a t e,V I B R A T I N G,vibrate,VIBRATING,gerund_upper,present_to_gerund+uppercase,True
a n t i c i p a t e,A N T I C I P A T I N G,anticipate,ANTICIPATING,gerund_upper,present_to_gerund+uppercase,True
c o n t e m p l a t e,C O N T E M P L A T I N G,contemplate,CONTEMPLATING,gerund_upper,present_to_gerund+uppercase,True
c o o r d i n a t e,C O O R D I N A T I N G,coordinate,COORDINATING,gerund_upper,present_to_gerund+uppercase,True
c u l t i v a t e,C U L T I V A T I N G,cultivate,CULTIVATING,gerund_upper,present_to_gerund+uppercase,True
d e d i c a t e,D E D I C A T I N G,dedicate,DEDICATING,gerund_upper,present_to_gerund+uppercase,True
d e s i g n a t e,D E S I G N A T I N G,designate,DESIGNATING,gerund_upper,present_to_gerund+uppercase,True
d e v i a t e,D E V I A T I N G,deviate,DEVIATING,gerund_upper,present_to_gerund+uppercase,True
e s c a l a t e,E S C A L A T I N G,escalate,ESCALATING,gerund_upper,present_to_gerund+uppercase,True
e v a l u a t e,E V A L U A T I N G,evaluate,EVALUATING,gerund_upper,present_to_gerund+uppercase,True
e v a p o r a t e,E V A P O R A T I N G,evaporate,EVAPORATING,gerund_upper,present_to_gerund+uppercase,True
e x a g g e r a t e,E X A G G E R A T I N G,exaggerate,EXAGGERATING,gerund_upper,present_to_gerund+uppercase,True
h i b e r n a t e,H I B E R N A T I N G,hibernate,HIBERNATING,gerund_upper,present_to_gerund+uppercase,True
i n c o r p o r a t e,I N C O R P O R A T I N G,incorporate,INCORPORATING,gerund_upper,present_to_gerund+uppercase,True
i n n o v a t e,I N N O V A T I N G,innovate,INNOVATING,gerund_upper,present_to_gerund+uppercase,True
i n t e g r a t e,I N T E G R A T I N G,integrate,INTEGRATING,gerund_upper,present_to_gerund+uppercase,True
i n i t i a t e,I N I T I A T I N G,initiate,INITIATING,gerund_upper,present_to_gerund+uppercase,True
t e r m i n a t e,T E R M I N A T I N G,terminate,TERMINATING,gerund_upper,present_to_gerund+uppercase,True
R U N,r u n n i n g,RUN,running,gerund_lower,present_to_gerund+lowercase,True
S W I M,s w i m m i n g,SWIM,swimming,gerund_lower,present_to_gerund+lowercase,True
W A L K,w a l k i n g,WALK,walking,gerund_lower,present_to_gerund+lowercase,True
J U M P,j u m p i n g,JUMP,jumping,gerund_lower,present_to_gerund+lowercase,True
D A N C E,d a n c i n g,DANCE,dancing,gerund_lower,present_to_gerund+lowercase,True
S I N G,s i n g i n g,SING,singing,gerund_lower,present_to_gerund+lowercase,True
R E A D,r e a d i n g,READ,reading,gerund_lower,present_to_gerund+lowercase,True
W R I T E,w r i t i n g,WRITE,writing,gerund_lower,present_to_gerund+lowercase,True
S L E E P,s l e e p i n g,SLEEP,sleeping,gerund_lower,present_to_gerund+lowercase,True
E A T,e a t i n g,EAT,eating,gerund_lower,present_to_gerund+lowercase,True
D R I N K,d r i n k i n g,DRINK,drinking,gerund_lower,present_to_gerund+lowercase,True
T A L K,t a l k i n g,TALK,talking,gerund_lower,present_to_gerund+lowercase,True
L I S T E N,l i s t e n i n g,LISTEN,listening,gerund_lower,present_to_gerund+lowercase,True
T H I N K,t h i n k i n g,THINK,thinking,gerund_lower,present_to_gerund+lowercase,True
W O R K,w o r k i n g,WORK,working,gerund_lower,present_to_gerund+lowercase,True
P L A Y,p l a y i n g,PLAY,playing,gerund_lower,present_to_gerund+lowercase,True
S T U D Y,s t u d y i n g,STUDY,studying,gerund_lower,present_to_gerund+lowercase,True
L E A R N,l e a r n i n g,LEARN,learning,gerund_lower,present_to_gerund+lowercase,True
T E A C H,t e a c h i n g,TEACH,teaching,gerund_lower,present_to_gerund+lowercase,True
B U I L D,b u i l d i n g,BUILD,building,gerund_lower,present_to_gerund+lowercase,True
C R E A T E,c r e a t i n g,CREATE,creating,gerund_lower,present_to_gerund+lowercase,True
P A I N T,p a i n t i n g,PAINT,painting,gerund_lower,present_to_gerund+lowercase,True
D R A W,d r a w i n g,DRAW,drawing,gerund_lower,present_to_gerund+lowercase,True
C O O K,c o o k i n g,COOK,cooking,gerund_lower,present_to_gerund+lowercase,True
B A K E,b a k i n g,BAKE,baking,gerund_lower,present_to_gerund+lowercase,True
C L E A N,c l e a n i n g,CLEAN,cleaning,gerund_lower,present_to_gerund+lowercase,True
W A S H,w a s h i n g,WASH,washing,gerund_lower,present_to_gerund+lowercase,True
D R I V E,d r i v i n g,DRIVE,driving,gerund_lower,present_to_gerund+lowercase,True
F L Y,f l y i n g,FLY,flying,gerund_lower,present_to_gerund+lowercase,True
S A I L,s a i l i n g,SAIL,sailing,gerund_lower,present_to_gerund+lowercase,True
C L I M B,c l i m b i n g,CLIMB,climbing,gerund_lower,present_to_gerund+lowercase,True
H I K E,h i k i n g,HIKE,hiking,gerund_lower,present_to_gerund+lowercase,True
B I K E,b i k i n g,BIKE,biking,gerund_lower,present_to_gerund+lowercase,True
S K I,s k i i n g,SKI,skiing,gerund_lower,present_to_gerund+lowercase,True
S K A T E,s k a t i n g,SKATE,skating,gerund_lower,present_to_gerund+lowercase,True
F I S H,f i s h i n g,FISH,fishing,gerund_lower,present_to_gerund+lowercase,True
H U N T,h u n t i n g,HUNT,hunting,gerund_lower,present_to_gerund+lowercase,True
C A M P,c a m p i n g,CAMP,camping,gerund_lower,present_to_gerund+lowercase,True
T R A V E L,t r a v e l i n g,TRAVEL,traveling,gerund_lower,present_to_gerund+lowercase,True
E X P L O R E,e x p l o r i n g,EXPLORE,exploring,gerund_lower,present_to_gerund+lowercase,True
L A U G H,l a u g h i n g,LAUGH,laughing,gerund_lower,present_to_gerund+lowercase,True
S M I L E,s m i l i n g,SMILE,smiling,gerund_lower,present_to_gerund+lowercase,True
C R Y,c r y i n g,CRY,crying,gerund_lower,present_to_gerund+lowercase,True
S H O U T,s h o u t i n g,SHOUT,shouting,gerund_lower,present_to_gerund+lowercase,True
W H I S P E R,w h i s p e r i n g,WHISPER,whispering,gerund_lower,present_to_gerund+lowercase,True
L O V E,l o v i n g,LOVE,loving,gerund_lower,present_to_gerund+lowercase,True
H A T E,h a t i n g,HATE,hating,gerund_lower,present_to_gerund+lowercase,True
H E L P,h e l p i n g,HELP,helping,gerund_lower,present_to_gerund+lowercase,True
S H A R E,s h a r i n g,SHARE,sharing,gerund_lower,present_to_gerund+lowercase,True
C A R E,c a r i n g,CARE,caring,gerund_lower,present_to_gerund+lowercase,True
M E E T,m e e t i n g,MEET,meeting,gerund_lower,present_to_gerund+lowercase,True
S E E,s e e i n g,SEE,seeing,gerund_lower,present_to_gerund+lowercase,True
H E A R,h e a r i n g,HEAR,hearing,gerund_lower,present_to_gerund+lowercase,True
F E E L,f e e l i n g,FEEL,feeling,gerund_lower,present_to_gerund+lowercase,True
S M E L L,s m e l l i n g,SMELL,smelling,gerund_lower,present_to_gerund+lowercase,True
T A S T E,t a s t i n g,TASTE,tasting,gerund_lower,present_to_gerund+lowercase,True
T O U C H,t o u c h i n g,TOUCH,touching,gerund_lower,present_to_gerund+lowercase,True
H O L D,h o l d i n g,HOLD,holding,gerund_lower,present_to_gerund+lowercase,True
C A R R Y,c a r r y i n g,CARRY,carrying,gerund_lower,present_to_gerund+lowercase,True
T H R O W,t h r o w i n g,THROW,throwing,gerund_lower,present_to_gerund+lowercase,True
C A T C H,c a t c h i n g,CATCH,catching,gerund_lower,present_to_gerund+lowercase,True
P U S H,p u s h i n g,PUSH,pushing,gerund_lower,present_to_gerund+lowercase,True
P U L L,p u l l i n g,PULL,pulling,gerund_lower,present_to_gerund+lowercase,True
O P E N,o p e n i n g,OPEN,opening,gerund_lower,present_to_gerund+lowercase,True
C L O S E,c l o s i n g,CLOSE,closing,gerund_lower,present_to_gerund+lowercase,True
S T A R T,s t a r t i n g,START,starting,gerund_lower,present_to_gerund+lowercase,True
S T O P,s t o p p i n g,STOP,stopping,gerund_lower,present_to_gerund+lowercase,True
B E G I N,b e g i n n i n g,BEGIN,beginning,gerund_lower,present_to_gerund+lowercase,True
E N D,e n d i n g,END,ending,gerund_lower,present_to_gerund+lowercase,True
F I N I S H,f i n i s h i n g,FINISH,finishing,gerund_lower,present_to_gerund+lowercase,True
S T A N D,s t a n d i n g,STAND,standing,gerund_lower,present_to_gerund+lowercase,True
S I T,s i t t i n g,SIT,sitting,gerund_lower,present_to_gerund+lowercase,True
L I E,l y i n g,LIE,lying,gerund_lower,present_to_gerund+lowercase,True
K N E E L,k n e e l i n g,KNEEL,kneeling,gerund_lower,present_to_gerund+lowercase,True
B E N D,b e n d i n g,BEND,bending,gerund_lower,present_to_gerund+lowercase,True
S T R E T C H,s t r e t c h i n g,STRETCH,stretching,gerund_lower,present_to_gerund+lowercase,True
R E L A X,r e l a x i n g,RELAX,relaxing,gerund_lower,present_to_gerund+lowercase,True
R E S T,r e s t i n g,REST,resting,gerund_lower,present_to_gerund+lowercase,True
W A I T,w a i t i n g,WAIT,waiting,gerund_lower,present_to_gerund+lowercase,True
M O V E,m o v i n g,MOVE,moving,gerund_lower,present_to_gerund+lowercase,True
L I V E,l i v i n g,LIVE,living,gerund_lower,present_to_gerund+lowercase,True
G I V E,g i v i n g,GIVE,giving,gerund_lower,present_to_gerund+lowercase,True
T A K E,t a k i n g,TAKE,taking,gerund_lower,present_to_gerund+lowercase,True
M A K E,m a k i n g,MAKE,making,gerund_lower,present_to_gerund+lowercase,True
C O M E,c o m i n g,COME,coming,gerund_lower,present_to_gerund+lowercase,True
L E A V E,l e a v i n g,LEAVE,leaving,gerund_lower,present_to_gerund+lowercase,True
A R R I V E,a r r i v i n g,ARRIVE,arriving,gerund_lower,present_to_gerund+lowercase,True
B E L I E V E,b e l i e v i n g,BELIEVE,believing,gerund_lower,present_to_gerund+lowercase,True
A C H I E V E,a c h i e v i n g,ACHIEVE,achieving,gerund_lower,present_to_gerund+lowercase,True
R E C E I V E,r e c e i v i n g,RECEIVE,receiving,gerund_lower,present_to_gerund+lowercase,True
D E C I D E,d e c i d i n g,DECIDE,deciding,gerund_lower,present_to_gerund+lowercase,True
H O P E,h o p i n g,HOPE,hoping,gerund_lower,present_to_gerund+lowercase,True
C H A N G E,c h a n g i n g,CHANGE,changing,gerund_lower,present_to_gerund+lowercase,True
M A N A G E,m a n a g i n g,MANAGE,managing,gerund_lower,present_to_gerund+lowercase,True
I M P R O V E,i m p r o v i n g,IMPROVE,improving,gerund_lower,present_to_gerund+lowercase,True
P R A C T I C E,p r a c t i c i n g,PRACTICE,practicing,gerund_lower,present_to_gerund+lowercase,True
N O T I C E,n o t i c i n g,NOTICE,noticing,gerund_lower,present_to_gerund+lowercase,True
R E A L I Z E,r e a l i z i n g,REALIZE,realizing,gerund_lower,present_to_gerund+lowercase,True
O R G A N I Z E,o r g a n i z i n g,ORGANIZE,organizing,gerund_lower,present_to_gerund+lowercase,True
R E C O G N I Z E,r e c o g n i z i n g,RECOGNIZE,recognizing,gerund_lower,present_to_gerund+lowercase,True
A P O L O G I Z E,a p o l o g i z i n g,APOLOGIZE,apologizing,gerund_lower,present_to_gerund+lowercase,True
C R I T I C I Z E,c r i t i c i z i n g,CRITICIZE,criticizing,gerund_lower,present_to_gerund+lowercase,True
A D V E R T I S E,a d v e r t i s i n g,ADVERTISE,advertising,gerund_lower,present_to_gerund+lowercase,True
E X E R C I S E,e x e r c i s i n g,EXERCISE,exercising,gerund_lower,present_to_gerund+lowercase,True
S U R P R I S E,s u r p r i s i n g,SURPRISE,surprising,gerund_lower,present_to_gerund+lowercase,True
P R O M I S E,p r o m i s i n g,PROMISE,promising,gerund_lower,present_to_gerund+lowercase,True
I M A G I N E,i m a g i n i n g,IMAGINE,imagining,gerund_lower,present_to_gerund+lowercase,True
E X A M I N E,e x a m i n i n g,EXAMINE,examining,gerund_lower,present_to_gerund+lowercase,True
D E T E R M I N E,d e t e r m i n i n g,DETERMINE,determining,gerund_lower,present_to_gerund+lowercase,True
C O N T I N U E,c o n t i n u i n g,CONTINUE,continuing,gerund_lower,present_to_gerund+lowercase,True
A R G U E,a r g u i n g,ARGUE,arguing,gerund_lower,present_to_gerund+lowercase,True
I S S U E,i s s u i n g,ISSUE,issuing,gerund_lower,present_to_gerund+lowercase,True
R E S C U E,r e s c u i n g,RESCUE,rescuing,gerund_lower,present_to_gerund+lowercase,True
P U R S U E,p u r s u i n g,PURSUE,pursuing,gerund_lower,present_to_gerund+lowercase,True
V A L U E,v a l u i n g,VALUE,valuing,gerund_lower,present_to_gerund+lowercase,True
I N V I T E,i n v i t i n g,INVITE,inviting,gerund_lower,present_to_gerund+lowercase,True
E X C I T E,e x c i t i n g,EXCITE,exciting,gerund_lower,present_to_gerund+lowercase,True
U N I T E,u n i t i n g,UNITE,uniting,gerund_lower,present_to_gerund+lowercase,True
C O M P E T E,c o m p e t i n g,COMPETE,competing,gerund_lower,present_to_gerund+lowercase,True
C O M P L E T E,c o m p l e t i n g,COMPLETE,completing,gerund_lower,present_to_gerund+lowercase,True
D E L E T E,d e l e t i n g,DELETE,deleting,gerund_lower,present_to_gerund+lowercase,True
G R E E T,g r e e t i n g,GREET,greeting,gerund_lower,present_to_gerund+lowercase,True
R E P E A T,r e p e a t i n g,REPEAT,repeating,gerund_lower,present_to_gerund+lowercase,True
D E F E A T,d e f e a t i n g,DEFEAT,defeating,gerund_lower,present_to_gerund+lowercase,True
T R E A T,t r e a t i n g,TREAT,treating,gerund_lower,present_to_gerund+lowercase,True
R E L A T E,r e l a t i n g,RELATE,relating,gerund_lower,present_to_gerund+lowercase,True
C E L E B R A T E,c e l e b r a t i n g,CELEBRATE,celebrating,gerund_lower,present_to_gerund+lowercase,True
D E M O N S T R A T E,d e m o n s t r a t i n g,DEMONSTRATE,demonstrating,gerund_lower,present_to_gerund+lowercase,True
H E S I T A T E,h e s i t a t i n g,HESITATE,hesitating,gerund_lower,present_to_gerund+lowercase,True
A P P R E C I A T E,a p p r e c i a t i n g,APPRECIATE,appreciating,gerund_lower,present_to_gerund+lowercase,True
C O M M U N I C A T E,c o m m u n i c a t i n g,COMMUNICATE,communicating,gerund_lower,present_to_gerund+lowercase,True
E D U C A T E,e d u c a t i n g,EDUCATE,educating,gerund_lower,present_to_gerund+lowercase,True
I N V E S T I G A T E,i n v e s t i g a t i n g,INVESTIGATE,investigating,gerund_lower,present_to_gerund+lowercase,True
C O N C E N T R A T E,c o n c e n t r a t i n g,CONCENTRATE,concentrating,gerund_lower,present_to_gerund+lowercase,True
C O O P E R A T E,c o o p e r a t i n g,COOPERATE,cooperating,gerund_lower,present_to_gerund+lowercase,True
D E C O R A T E,d e c o r a t i n g,DECORATE,decorating,gerund_lower,present_to_gerund+lowercase,True
O P E R A T E,o p e r a t i n g,OPERATE,operating,gerund_lower,present_to_gerund+lowercase,True
S E P A R A T E,s e p a r a t i n g,SEPARATE,separating,gerund_lower,present_to_gerund+lowercase,True
P A R T I C I P A T E,p a r t i c i p a t i n g,PARTICIPATE,participating,gerund_lower,present_to_gerund+lowercase,True
N A V I G A T E,n a v i g a t i n g,NAVIGATE,navigating,gerund_lower,present_to_gerund+lowercase,True
M O T I V A T E,m o t i v a t i n g,MOTIVATE,motivating,gerund_lower,present_to_gerund+lowercase,True
A C T I V A T E,a c t i v a t i n g,ACTIVATE,activating,gerund_lower,present_to_gerund+lowercase,True
I L L U S T R A T E,i l l u s t r a t i n g,ILLUSTRATE,illustrating,gerund_lower,present_to_gerund+lowercase,True
C A L C U L A T E,c a l c u l a t i n g,CALCULATE,calculating,gerund_lower,present_to_gerund+lowercase,True
T R A N S L A T E,t r a n s l a t i n g,TRANSLATE,translating,gerund_lower,present_to_gerund+lowercase,True
A C C E L E R A T E,a c c e l e r a t i n g,ACCELERATE,accelerating,gerund_lower,present_to_gerund+lowercase,True
D O M I N A T E,d o m i n a t i n g,DOMINATE,dominating,gerund_lower,present_to_gerund+lowercase,True
E L I M I N A T E,e l i m i n a t i n g,ELIMINATE,eliminating,gerund_lower,present_to_gerund+lowercase,True
F A S C I N A T E,f a s c i n a t i n g,FASCINATE,fascinating,gerund_lower,present_to_gerund+lowercase,True
G E N E R A T E,g e n e r a t i n g,GENERATE,generating,gerund_lower,present_to_gerund+lowercase,True
I M I T A T E,i m i t a t i n g,IMITATE,imitating,gerund_lower,present_to_gerund+lowercase,True
I R R I T A T E,i r r i t a t i n g,IRRITATE,irritating,gerund_lower,present_to_gerund+lowercase,True
M E D I T A T E,m e d i t a t i n g,MEDITATE,meditating,gerund_lower,present_to_gerund+lowercase,True
N E G O T I A T E,n e g o t i a t i n g,NEGOTIATE,negotiating,gerund_lower,present_to_gerund+lowercase,True
P E N E T R A T E,p e n e t r a t i n g,PENETRATE,penetrating,gerund_lower,present_to_gerund+lowercase,True
R A D I A T E,r a d i a t i n g,RADIATE,radiating,gerund_lower,present_to_gerund+lowercase,True
R O T A T E,r o t a t i n g,ROTATE,rotating,gerund_lower,present_to_gerund+lowercase,True
S T I M U L A T E,s t i m u l a t i n g,STIMULATE,stimulating,gerund_lower,present_to_gerund+lowercase,True
T O L E R A T E,t o l e r a t i n g,TOLERATE,tolerating,gerund_lower,present_to_gerund+lowercase,True
V A L I D A T E,v a l i d a t i n g,VALIDATE,validating,gerund_lower,present_to_gerund+lowercase,True
V I B R A T E,v i b r a t i n g,VIBRATE,vibrating,gerund_lower,present_to_gerund+lowercase,True
A N T I C I P A T E,a n t i c i p a t i n g,ANTICIPATE,anticipating,gerund_lower,present_to_gerund+lowercase,True
C O N T E M P L A T E,c o n t e m p l a t i n g,CONTEMPLATE,contemplating,gerund_lower,present_to_gerund+lowercase,True
C O O R D I N A T E,c o o r d i n a t i n g,COORDINATE,coordinating,gerund_lower,present_to_gerund+lowercase,True
C U L T I V A T E,c u l t i v a t i n g,CULTIVATE,cultivating,gerund_lower,present_to_gerund+lowercase,True
D E D I C A T E,d e d i c a t i n g,DEDICATE,dedicating,gerund_lower,present_to_gerund+lowercase,True
D E S I G N A T E,d e s i g n a t i n g,DESIGNATE,designating,gerund_lower,present_to_gerund+lowercase,True
D E V I A T E,d e v i a t i n g,DEVIATE,deviating,gerund_lower,present_to_gerund+lowercase,True
E S C A L A T E,e s c a l a t i n g,ESCALATE,escalating,gerund_lower,present_to_gerund+lowercase,True
E V A L U A T E,e v a l u a t i n g,EVALUATE,evaluating,gerund_lower,present_to_gerund+lowercase,True
E V A P O R A T E,e v a p o r a t i n g,EVAPORATE,evaporating,gerund_lower,present_to_gerund+lowercase,True
E X A G G E R A T E,e x a g g e r a t i n g,EXAGGERATE,exaggerating,gerund_lower,present_to_gerund+lowercase,True
H I B E R N A T E,h i b e r n a t i n g,HIBERNATE,hibernating,gerund_lower,present_to_gerund+lowercase,True
I N C O R P O R A T E,i n c o r p o r a t i n g,INCORPORATE,incorporating,gerund_lower,present_to_gerund+lowercase,True
I N N O V A T E,i n n o v a t i n g,INNOVATE,innovating,gerund_lower,present_to_gerund+lowercase,True
I N T E G R A T E,i n t e g r a t i n g,INTEGRATE,integrating,gerund_lower,present_to_gerund+lowercase,True
I N I T I A T E,i n i t i a t i n g,INITIATE,initiating,gerund_lower,present_to_gerund+lowercase,True
T E R M I N A T E,t e r m i n a t i n g,TERMINATE,terminating,gerund_lower,present_to_gerund+lowercase,True
r u n,g n i n n u r,run,gninnur,gerund_reverse,present_to_gerund+reverse,True
s w i m,g n i m m i w s,swim,gnimmiws,gerund_reverse,present_to_gerund+reverse,True
w a l k,g n i k l a w,walk,gniklaw,gerund_reverse,present_to_gerund+reverse,True
j u m p,g n i p m u j,jump,gnipmuj,gerund_reverse,present_to_gerund+reverse,True
d a n c e,g n i c n a d,dance,gnicnad,gerund_reverse,present_to_gerund+reverse,True
s i n g,g n i g n i s,sing,gnignis,gerund_reverse,present_to_gerund+reverse,True
r e a d,g n i d a e r,read,gnidaer,gerund_reverse,present_to_gerund+reverse,True
w r i t e,g n i t i r w,write,gnitirw,gerund_reverse,present_to_gerund+reverse,True
s l e e p,g n i p e e l s,sleep,gnipeels,gerund_reverse,present_to_gerund+reverse,True
e a t,g n i t a e,eat,gnitae,gerund_reverse,present_to_gerund+reverse,True
d r i n k,g n i k n i r d,drink,gniknird,gerund_reverse,present_to_gerund+reverse,True
t a l k,g n i k l a t,talk,gniklat,gerund_reverse,present_to_gerund+reverse,True
l i s t e n,g n i n e t s i l,listen,gninetsil,gerund_reverse,present_to_gerund+reverse,True
t h i n k,g n i k n i h t,think,gnikniht,gerund_reverse,present_to_gerund+reverse,True
w o r k,g n i k r o w,work,gnikrow,gerund_reverse,present_to_gerund+reverse,True
p l a y,g n i y a l p,play,gniyalp,gerund_reverse,present_to_gerund+reverse,True
s t u d y,g n i y d u t s,study,gniyduts,gerund_reverse,present_to_gerund+reverse,True
l e a r n,g n i n r a e l,learn,gninrael,gerund_reverse,present_to_gerund+reverse,True
t e a c h,g n i h c a e t,teach,gnihcaet,gerund_reverse,present_to_gerund+reverse,True
b u i l d,g n i d l i u b,build,gnidliub,gerund_reverse,present_to_gerund+reverse,True
c r e a t e,g n i t a e r c,create,gnitaerc,gerund_reverse,present_to_gerund+reverse,True
p a i n t,g n i t n i a p,paint,gnitniap,gerund_reverse,present_to_gerund+reverse,True
d r a w,g n i w a r d,draw,gniward,gerund_reverse,present_to_gerund+reverse,True
c o o k,g n i k o o c,cook,gnikooc,gerund_reverse,present_to_gerund+reverse,True
b a k e,g n i k a b,bake,gnikab,gerund_reverse,present_to_gerund+reverse,True
c l e a n,g n i n a e l c,clean,gninaelc,gerund_reverse,present_to_gerund+reverse,True
w a s h,g n i h s a w,wash,gnihsaw,gerund_reverse,present_to_gerund+reverse,True
d r i v e,g n i v i r d,drive,gnivird,gerund_reverse,present_to_gerund+reverse,True
f l y,g n i y l f,fly,gniylf,gerund_reverse,present_to_gerund+reverse,True
s a i l,g n i l i a s,sail,gnilias,gerund_reverse,present_to_gerund+reverse,True
c l i m b,g n i b m i l c,climb,gnibmilc,gerund_reverse,present_to_gerund+reverse,True
h i k e,g n i k i h,hike,gnikih,gerund_reverse,present_to_gerund+reverse,True
b i k e,g n i k i b,bike,gnikib,gerund_reverse,present_to_gerund+reverse,True
s k i,g n i i k s,ski,gniiks,gerund_reverse,present_to_gerund+reverse,True
s k a t e,g n i t a k s,skate,gnitaks,gerund_reverse,present_to_gerund+reverse,True
f i s h,g n i h s i f,fish,gnihsif,gerund_reverse,present_to_gerund+reverse,True
h u n t,g n i t n u h,hunt,gnitnuh,gerund_reverse,present_to_gerund+reverse,True
c a m p,g n i p m a c,camp,gnipmac,gerund_reverse,present_to_gerund+reverse,True
t r a v e l,g n i l e v a r t,travel,gnilevart,gerund_reverse,present_to_gerund+reverse,True
e x p l o r e,g n i r o l p x e,explore,gnirolpxe,gerund_reverse,present_to_gerund+reverse,True
l a u g h,g n i h g u a l,laugh,gnihgual,gerund_reverse,present_to_gerund+reverse,True
s m i l e,g n i l i m s,smile,gnilims,gerund_reverse,present_to_gerund+reverse,True
c r y,g n i y r c,cry,gniyrc,gerund_reverse,present_to_gerund+reverse,True
s h o u t,g n i t u o h s,shout,gnituohs,gerund_reverse,present_to_gerund+reverse,True
w h i s p e r,g n i r e p s i h w,whisper,gnirepsihw,gerund_reverse,present_to_gerund+reverse,True
l o v e,g n i v o l,love,gnivol,gerund_reverse,present_to_gerund+reverse,True
h a t e,g n i t a h,hate,gnitah,gerund_reverse,present_to_gerund+reverse,True
h e l p,g n i p l e h,help,gnipleh,gerund_reverse,present_to_gerund+reverse,True
s h a r e,g n i r a h s,share,gnirahs,gerund_reverse,present_to_gerund+reverse,True
c a r e,g n i r a c,care,gnirac,gerund_reverse,present_to_gerund+reverse,True
m e e t,g n i t e e m,meet,gniteem,gerund_reverse,present_to_gerund+reverse,True
s e e,g n i e e s,see,gniees,gerund_reverse,present_to_gerund+reverse,True
h e a r,g n i r a e h,hear,gniraeh,gerund_reverse,present_to_gerund+reverse,True
f e e l,g n i l e e f,feel,gnileef,gerund_reverse,present_to_gerund+reverse,True
s m e l l,g n i l l e m s,smell,gnillems,gerund_reverse,present_to_gerund+reverse,True
t a s t e,g n i t s a t,taste,gnitsat,gerund_reverse,present_to_gerund+reverse,True
t o u c h,g n i h c u o t,touch,gnihcuot,gerund_reverse,present_to_gerund+reverse,True
h o l d,g n i d l o h,hold,gnidloh,gerund_reverse,present_to_gerund+reverse,True
c a r r y,g n i y r r a c,carry,gniyrrac,gerund_reverse,present_to_gerund+reverse,True
t h r o w,g n i w o r h t,throw,gniworht,gerund_reverse,present_to_gerund+reverse,True
c a t c h,g n i h c t a c,catch,gnihctac,gerund_reverse,present_to_gerund+reverse,True
p u s h,g n i h s u p,push,gnihsup,gerund_reverse,present_to_gerund+reverse,True
p u l l,g n i l l u p,pull,gnillup,gerund_reverse,present_to_gerund+reverse,True
o p e n,g n i n e p o,open,gninepo,gerund_reverse,present_to_gerund+reverse,True
c l o s e,g n i s o l c,close,gnisolc,gerund_reverse,present_to_gerund+reverse,True
s t a r t,g n i t r a t s,start,gnitrats,gerund_reverse,present_to_gerund+reverse,True
s t o p,g n i p p o t s,stop,gnippots,gerund_reverse,present_to_gerund+reverse,True
b e g i n,g n i n n i g e b,begin,gninnigeb,gerund_reverse,present_to_gerund+reverse,True
e n d,g n i d n e,end,gnidne,gerund_reverse,present_to_gerund+reverse,True
f i n i s h,g n i h s i n i f,finish,gnihsinif,gerund_reverse,present_to_gerund+reverse,True
s t a n d,g n i d n a t s,stand,gnidnats,gerund_reverse,present_to_gerund+reverse,True
s i t,g n i t t i s,sit,gnittis,gerund_reverse,present_to_gerund+reverse,True
l i e,g n i y l,lie,gniyl,gerund_reverse,present_to_gerund+reverse,True
k n e e l,g n i l e e n k,kneel,gnileenk,gerund_reverse,present_to_gerund+reverse,True
b e n d,g n i d n e b,bend,gnidneb,gerund_reverse,present_to_gerund+reverse,True
s t r e t c h,g n i h c t e r t s,stretch,gnihcterts,gerund_reverse,present_to_gerund+reverse,True
r e l a x,g n i x a l e r,relax,gnixaler,gerund_reverse,present_to_gerund+reverse,True
r e s t,g n i t s e r,rest,gnitser,gerund_reverse,present_to_gerund+reverse,True
w a i t,g n i t i a w,wait,gnitiaw,gerund_reverse,present_to_gerund+reverse,True
m o v e,g n i v o m,move,gnivom,gerund_reverse,present_to_gerund+reverse,True
l i v e,g n i v i l,live,gnivil,gerund_reverse,present_to_gerund+reverse,True
g i v e,g n i v i g,give,gnivig,gerund_reverse,present_to_gerund+reverse,True
t a k e,g n i k a t,take,gnikat,gerund_reverse,present_to_gerund+reverse,True
m a k e,g n i k a m,make,gnikam,gerund_reverse,present_to_gerund+reverse,True
c o m e,g n i m o c,come,gnimoc,gerund_reverse,present_to_gerund+reverse,True
l e a v e,g n i v a e l,leave,gnivael,gerund_reverse,present_to_gerund+reverse,True
a r r i v e,g n i v i r r a,arrive,gnivirra,gerund_reverse,present_to_gerund+reverse,True
b e l i e v e,g n i v e i l e b,believe,gniveileb,gerund_reverse,present_to_gerund+reverse,True
a c h i e v e,g n i v e i h c a,achieve,gniveihca,gerund_reverse,present_to_gerund+reverse,True
r e c e i v e,g n i v i e c e r,receive,gniviecer,gerund_reverse,present_to_gerund+reverse,True
d e c i d e,g n i d i c e d,decide,gnidiced,gerund_reverse,present_to_gerund+reverse,True
h o p e,g n i p o h,hope,gnipoh,gerund_reverse,present_to_gerund+reverse,True
c h a n g e,g n i g n a h c,change,gnignahc,gerund_reverse,present_to_gerund+reverse,True
m a n a g e,g n i g a n a m,manage,gniganam,gerund_reverse,present_to_gerund+reverse,True
i m p r o v e,g n i v o r p m i,improve,gnivorpmi,gerund_reverse,present_to_gerund+reverse,True
p r a c t i c e,g n i c i t c a r p,practice,gnicitcarp,gerund_reverse,present_to_gerund+reverse,True
n o t i c e,g n i c i t o n,notice,gniciton,gerund_reverse,present_to_gerund+reverse,True
r e a l i z e,g n i z i l a e r,realize,gnizilaer,gerund_reverse,present_to_gerund+reverse,True
o r g a n i z e,g n i z i n a g r o,organize,gnizinagro,gerund_reverse,present_to_gerund+reverse,True
r e c o g n i z e,g n i z i n g o c e r,recognize,gnizingocer,gerund_reverse,present_to_gerund+reverse,True
a p o l o g i z e,g n i z i g o l o p a,apologize,gnizigolopa,gerund_reverse,present_to_gerund+reverse,True
c r i t i c i z e,g n i z i c i t i r c,criticize,gnizicitirc,gerund_reverse,present_to_gerund+reverse,True
a d v e r t i s e,g n i s i t r e v d a,advertise,gnisitrevda,gerund_reverse,present_to_gerund+reverse,True
e x e r c i s e,g n i s i c r e x e,exercise,gnisicrexe,gerund_reverse,present_to_gerund+reverse,True
s u r p r i s e,g n i s i r p r u s,surprise,gnisirprus,gerund_reverse,present_to_gerund+reverse,True
p r o m i s e,g n i s i m o r p,promise,gnisimorp,gerund_reverse,present_to_gerund+reverse,True
i m a g i n e,g n i n i g a m i,imagine,gninigami,gerund_reverse,present_to_gerund+reverse,True
e x a m i n e,g n i n i m a x e,examine,gninimaxe,gerund_reverse,present_to_gerund+reverse,True
d e t e r m i n e,g n i n i m r e t e d,determine,gninimreted,gerund_reverse,present_to_gerund+reverse,True
c o n t i n u e,g n i u n i t n o c,continue,gniunitnoc,gerund_reverse,present_to_gerund+reverse,True
a r g u e,g n i u g r a,argue,gniugra,gerund_reverse,present_to_gerund+reverse,True
i s s u e,g n i u s s i,issue,gniussi,gerund_reverse,present_to_gerund+reverse,True
r e s c u e,g n i u c s e r,rescue,gniucser,gerund_reverse,present_to_gerund+reverse,True
p u r s u e,g n i u s r u p,pursue,gniusrup,gerund_reverse,present_to_gerund+reverse,True
v a l u e,g n i u l a v,value,gniulav,gerund_reverse,present_to_gerund+reverse,True
i n v i t e,g n i t i v n i,invite,gnitivni,gerund_reverse,present_to_gerund+reverse,True
e x c i t e,g n i t i c x e,excite,gniticxe,gerund_reverse,present_to_gerund+reverse,True
u n i t e,g n i t i n u,unite,gnitinu,gerund_reverse,present_to_gerund+reverse,True
c o m p e t e,g n i t e p m o c,compete,gnitepmoc,gerund_reverse,present_to_gerund+reverse,True
c o m p l e t e,g n i t e l p m o c,complete,gnitelpmoc,gerund_reverse,present_to_gerund+reverse,True
d e l e t e,g n i t e l e d,delete,gniteled,gerund_reverse,present_to_gerund+reverse,True
g r e e t,g n i t e e r g,greet,gniteerg,gerund_reverse,present_to_gerund+reverse,True
r e p e a t,g n i t a e p e r,repeat,gnitaeper,gerund_reverse,present_to_gerund+reverse,True
d e f e a t,g n i t a e f e d,defeat,gnitaefed,gerund_reverse,present_to_gerund+reverse,True
t r e a t,g n i t a e r t,treat,gnitaert,gerund_reverse,present_to_gerund+reverse,True
r e l a t e,g n i t a l e r,relate,gnitaler,gerund_reverse,present_to_gerund+reverse,True
c e l e b r a t e,g n i t a r b e l e c,celebrate,gnitarbelec,gerund_reverse,present_to_gerund+reverse,True
d e m o n s t r a t e,g n i t a r t s n o m e d,demonstrate,gnitartsnomed,gerund_reverse,present_to_gerund+reverse,True
h e s i t a t e,g n i t a t i s e h,hesitate,gnitatiseh,gerund_reverse,present_to_gerund+reverse,True
a p p r e c i a t e,g n i t a i c e r p p a,appreciate,gnitaicerppa,gerund_reverse,present_to_gerund+reverse,True
c o m m u n i c a t e,g n i t a c i n u m m o c,communicate,gnitacinummoc,gerund_reverse,present_to_gerund+reverse,True
e d u c a t e,g n i t a c u d e,educate,gnitacude,gerund_reverse,present_to_gerund+reverse,True
i n v e s t i g a t e,g n i t a g i t s e v n i,investigate,gnitagitsevni,gerund_reverse,present_to_gerund+reverse,True
c o n c e n t r a t e,g n i t a r t n e c n o c,concentrate,gnitartnecnoc,gerund_reverse,present_to_gerund+reverse,True
c o o p e r a t e,g n i t a r e p o o c,cooperate,gnitarepooc,gerund_reverse,present_to_gerund+reverse,True
d e c o r a t e,g n i t a r o c e d,decorate,gnitaroced,gerund_reverse,present_to_gerund+reverse,True
o p e r a t e,g n i t a r e p o,operate,gnitarepo,gerund_reverse,present_to_gerund+reverse,True
s e p a r a t e,g n i t a r a p e s,separate,gnitarapes,gerund_reverse,present_to_gerund+reverse,True
p a r t i c i p a t e,g n i t a p i c i t r a p,participate,gnitapicitrap,gerund_reverse,present_to_gerund+reverse,True
n a v i g a t e,g n i t a g i v a n,navigate,gnitagivan,gerund_reverse,present_to_gerund+reverse,True
m o t i v a t e,g n i t a v i t o m,motivate,gnitavitom,gerund_reverse,present_to_gerund+reverse,True
a c t i v a t e,g n i t a v i t c a,activate,gnitavitca,gerund_reverse,present_to_gerund+reverse,True
i l l u s t r a t e,g n i t a r t s u l l i,illustrate,gnitartsulli,gerund_reverse,present_to_gerund+reverse,True
c a l c u l a t e,g n i t a l u c l a c,calculate,gnitaluclac,gerund_reverse,present_to_gerund+reverse,True
t r a n s l a t e,g n i t a l s n a r t,translate,gnitalsnart,gerund_reverse,present_to_gerund+reverse,True
a c c e l e r a t e,g n i t a r e l e c c a,accelerate,gnitarelecca,gerund_reverse,present_to_gerund+reverse,True
d o m i n a t e,g n i t a n i m o d,dominate,gnitanimod,gerund_reverse,present_to_gerund+reverse,True
e l i m i n a t e,g n i t a n i m i l e,eliminate,gnitanimile,gerund_reverse,present_to_gerund+reverse,True
f a s c i n a t e,g n i t a n i c s a f,fascinate,gnitanicsaf,gerund_reverse,present_to_gerund+reverse,True
g e n e r a t e,g n i t a r e n e g,generate,gnitareneg,gerund_reverse,present_to_gerund+reverse,True
i m i t a t e,g n i t a t i m i,imitate,gnitatimi,gerund_reverse,present_to_gerund+reverse,True
i r r i t a t e,g n i t a t i r r i,irritate,gnitatirri,gerund_reverse,present_to_gerund+reverse,True
m e d i t a t e,g n i t a t i d e m,meditate,gnitatidem,gerund_reverse,present_to_gerund+reverse,True
n e g o t i a t e,g n i t a i t o g e n,negotiate,gnitaitogen,gerund_reverse,present_to_gerund+reverse,True
p e n e t r a t e,g n i t a r t e n e p,penetrate,gnitartenep,gerund_reverse,present_to_gerund+reverse,True
r a d i a t e,g n i t a i d a r,radiate,gnitaidar,gerund_reverse,present_to_gerund+reverse,True
r o t a t e,g n i t a t o r,rotate,gnitator,gerund_reverse,present_to_gerund+reverse,True
s t i m u l a t e,g n i t a l u m i t s,stimulate,gnitalumits,gerund_reverse,present_to_gerund+reverse,True
t o l e r a t e,g n i t a r e l o t,tolerate,gnitarelot,gerund_reverse,present_to_gerund+reverse,True
v a l i d a t e,g n i t a d i l a v,validate,gnitadilav,gerund_reverse,present_to_gerund+reverse,True
v i b r a t e,g n i t a r b i v,vibrate,gnitarbiv,gerund_reverse,present_to_gerund+reverse,True
a n t i c i p a t e,g n i t a p i c i t n a,anticipate,gnitapicitna,gerund_reverse,present_to_gerund+reverse,True
c o n t e m p l a t e,g n i t a l p m e t n o c,contemplate,gnitalpmetnoc,gerund_reverse,present_to_gerund+reverse,True
c o o r d i n a t e,g n i t a n i d r o o c,coordinate,gnitanidrooc,gerund_reverse,present_to_gerund+reverse,True
c u l t i v a t e,g n i t a v i t l u c,cultivate,gnitavitluc,gerund_reverse,present_to_gerund+reverse,True
d e d i c a t e,g n i t a c i d e d,dedicate,gnitacided,gerund_reverse,present_to_gerund+reverse,True
d e s i g n a t e,g n i t a n g i s e d,designate,gnitangised,gerund_reverse,present_to_gerund+reverse,True
d e v i a t e,g n i t a i v e d,deviate,gnitaived,gerund_reverse,present_to_gerund+reverse,True
e s c a l a t e,g n i t a l a c s e,escalate,gnitalacse,gerund_reverse,present_to_gerund+reverse,True
e v a l u a t e,g n i t a u l a v e,evaluate,gnitaulave,gerund_reverse,present_to_gerund+reverse,True
e v a p o r a t e,g n i t a r o p a v e,evaporate,gnitaropave,gerund_reverse,present_to_gerund+reverse,True
e x a g g e r a t e,g n i t a r e g g a x e,exaggerate,gnitareggaxe,gerund_reverse,present_to_gerund+reverse,True
h i b e r n a t e,g n i t a n r e b i h,hibernate,gnitanrebih,gerund_reverse,present_to_gerund+reverse,True
i n c o r p o r a t e,g n i t a r o p r o c n i,incorporate,gnitaroprocni,gerund_reverse,present_to_gerund+reverse,True
i n n o v a t e,g n i t a v o n n i,innovate,gnitavonni,gerund_reverse,present_to_gerund+reverse,True
i n t e g r a t e,g n i t a r g e t n i,integrate,gnitargetni,gerund_reverse,present_to_gerund+reverse,True
i n i t i a t e,g n i t a i t i n i,initiate,gnitaitini,gerund_reverse,present_to_gerund+reverse,True
t e r m i n a t e,g n i t a n i m r e t,terminate,gnitanimret,gerund_reverse,present_to_gerund+reverse,True
r u n,r,run,r,gerund_first,present_to_gerund+first_letter,True
s w i m,s,swim,s,gerund_first,present_to_gerund+first_letter,True
w a l k,w,walk,w,gerund_first,present_to_gerund+first_letter,True
j u m p,j,jump,j,gerund_first,present_to_gerund+first_letter,True
d a n c e,d,dance,d,gerund_first,present_to_gerund+first_letter,True
s i n g,s,sing,s,gerund_first,present_to_gerund+first_letter,True
r e a d,r,read,r,gerund_first,present_to_gerund+first_letter,True
w r i t e,w,write,w,gerund_first,present_to_gerund+first_letter,True
s l e e p,s,sleep,s,gerund_first,present_to_gerund+first_letter,True
e a t,e,eat,e,gerund_first,present_to_gerund+first_letter,True
d r i n k,d,drink,d,gerund_first,present_to_gerund+first_letter,True
t a l k,t,talk,t,gerund_first,present_to_gerund+first_letter,True
l i s t e n,l,listen,l,gerund_first,present_to_gerund+first_letter,True
t h i n k,t,think,t,gerund_first,present_to_gerund+first_letter,True
w o r k,w,work,w,gerund_first,present_to_gerund+first_letter,True
p l a y,p,play,p,gerund_first,present_to_gerund+first_letter,True
s t u d y,s,study,s,gerund_first,present_to_gerund+first_letter,True
l e a r n,l,learn,l,gerund_first,present_to_gerund+first_letter,True
t e a c h,t,teach,t,gerund_first,present_to_gerund+first_letter,True
b u i l d,b,build,b,gerund_first,present_to_gerund+first_letter,True
c r e a t e,c,create,c,gerund_first,present_to_gerund+first_letter,True
p a i n t,p,paint,p,gerund_first,present_to_gerund+first_letter,True
d r a w,d,draw,d,gerund_first,present_to_gerund+first_letter,True
c o o k,c,cook,c,gerund_first,present_to_gerund+first_letter,True
b a k e,b,bake,b,gerund_first,present_to_gerund+first_letter,True
c l e a n,c,clean,c,gerund_first,present_to_gerund+first_letter,True
w a s h,w,wash,w,gerund_first,present_to_gerund+first_letter,True
d r i v e,d,drive,d,gerund_first,present_to_gerund+first_letter,True
f l y,f,fly,f,gerund_first,present_to_gerund+first_letter,True
s a i l,s,sail,s,gerund_first,present_to_gerund+first_letter,True
c l i m b,c,climb,c,gerund_first,present_to_gerund+first_letter,True
h i k e,h,hike,h,gerund_first,present_to_gerund+first_letter,True
b i k e,b,bike,b,gerund_first,present_to_gerund+first_letter,True
s k i,s,ski,s,gerund_first,present_to_gerund+first_letter,True
s k a t e,s,skate,s,gerund_first,present_to_gerund+first_letter,True
f i s h,f,fish,f,gerund_first,present_to_gerund+first_letter,True
h u n t,h,hunt,h,gerund_first,present_to_gerund+first_letter,True
c a m p,c,camp,c,gerund_first,present_to_gerund+first_letter,True
t r a v e l,t,travel,t,gerund_first,present_to_gerund+first_letter,True
e x p l o r e,e,explore,e,gerund_first,present_to_gerund+first_letter,True
l a u g h,l,laugh,l,gerund_first,present_to_gerund+first_letter,True
s m i l e,s,smile,s,gerund_first,present_to_gerund+first_letter,True
c r y,c,cry,c,gerund_first,present_to_gerund+first_letter,True
s h o u t,s,shout,s,gerund_first,present_to_gerund+first_letter,True
w h i s p e r,w,whisper,w,gerund_first,present_to_gerund+first_letter,True
l o v e,l,love,l,gerund_first,present_to_gerund+first_letter,True
h a t e,h,hate,h,gerund_first,present_to_gerund+first_letter,True
h e l p,h,help,h,gerund_first,present_to_gerund+first_letter,True
s h a r e,s,share,s,gerund_first,present_to_gerund+first_letter,True
c a r e,c,care,c,gerund_first,present_to_gerund+first_letter,True
m e e t,m,meet,m,gerund_first,present_to_gerund+first_letter,True
s e e,s,see,s,gerund_first,present_to_gerund+first_letter,True
h e a r,h,hear,h,gerund_first,present_to_gerund+first_letter,True
f e e l,f,feel,f,gerund_first,present_to_gerund+first_letter,True
s m e l l,s,smell,s,gerund_first,present_to_gerund+first_letter,True
t a s t e,t,taste,t,gerund_first,present_to_gerund+first_letter,True
t o u c h,t,touch,t,gerund_first,present_to_gerund+first_letter,True
h o l d,h,hold,h,gerund_first,present_to_gerund+first_letter,True
c a r r y,c,carry,c,gerund_first,present_to_gerund+first_letter,True
t h r o w,t,throw,t,gerund_first,present_to_gerund+first_letter,True
c a t c h,c,catch,c,gerund_first,present_to_gerund+first_letter,True
p u s h,p,push,p,gerund_first,present_to_gerund+first_letter,True
p u l l,p,pull,p,gerund_first,present_to_gerund+first_letter,True
o p e n,o,open,o,gerund_first,present_to_gerund+first_letter,True
c l o s e,c,close,c,gerund_first,present_to_gerund+first_letter,True
s t a r t,s,start,s,gerund_first,present_to_gerund+first_letter,True
s t o p,s,stop,s,gerund_first,present_to_gerund+first_letter,True
b e g i n,b,begin,b,gerund_first,present_to_gerund+first_letter,True
e n d,e,end,e,gerund_first,present_to_gerund+first_letter,True
f i n i s h,f,finish,f,gerund_first,present_to_gerund+first_letter,True
s t a n d,s,stand,s,gerund_first,present_to_gerund+first_letter,True
s i t,s,sit,s,gerund_first,present_to_gerund+first_letter,True
l i e,l,lie,l,gerund_first,present_to_gerund+first_letter,True
k n e e l,k,kneel,k,gerund_first,present_to_gerund+first_letter,True
b e n d,b,bend,b,gerund_first,present_to_gerund+first_letter,True
s t r e t c h,s,stretch,s,gerund_first,present_to_gerund+first_letter,True
r e l a x,r,relax,r,gerund_first,present_to_gerund+first_letter,True
r e s t,r,rest,r,gerund_first,present_to_gerund+first_letter,True
w a i t,w,wait,w,gerund_first,present_to_gerund+first_letter,True
m o v e,m,move,m,gerund_first,present_to_gerund+first_letter,True
l i v e,l,live,l,gerund_first,present_to_gerund+first_letter,True
g i v e,g,give,g,gerund_first,present_to_gerund+first_letter,True
t a k e,t,take,t,gerund_first,present_to_gerund+first_letter,True
m a k e,m,make,m,gerund_first,present_to_gerund+first_letter,True
c o m e,c,come,c,gerund_first,present_to_gerund+first_letter,True
l e a v e,l,leave,l,gerund_first,present_to_gerund+first_letter,True
a r r i v e,a,arrive,a,gerund_first,present_to_gerund+first_letter,True
b e l i e v e,b,believe,b,gerund_first,present_to_gerund+first_letter,True
a c h i e v e,a,achieve,a,gerund_first,present_to_gerund+first_letter,True
r e c e i v e,r,receive,r,gerund_first,present_to_gerund+first_letter,True
d e c i d e,d,decide,d,gerund_first,present_to_gerund+first_letter,True
h o p e,h,hope,h,gerund_first,present_to_gerund+first_letter,True
c h a n g e,c,change,c,gerund_first,present_to_gerund+first_letter,True
m a n a g e,m,manage,m,gerund_first,present_to_gerund+first_letter,True
i m p r o v e,i,improve,i,gerund_first,present_to_gerund+first_letter,True
p r a c t i c e,p,practice,p,gerund_first,present_to_gerund+first_letter,True
n o t i c e,n,notice,n,gerund_first,present_to_gerund+first_letter,True
r e a l i z e,r,realize,r,gerund_first,present_to_gerund+first_letter,True
o r g a n i z e,o,organize,o,gerund_first,present_to_gerund+first_letter,True
r e c o g n i z e,r,recognize,r,gerund_first,present_to_gerund+first_letter,True
a p o l o g i z e,a,apologize,a,gerund_first,present_to_gerund+first_letter,True
c r i t i c i z e,c,criticize,c,gerund_first,present_to_gerund+first_letter,True
a d v e r t i s e,a,advertise,a,gerund_first,present_to_gerund+first_letter,True
e x e r c i s e,e,exercise,e,gerund_first,present_to_gerund+first_letter,True
s u r p r i s e,s,surprise,s,gerund_first,present_to_gerund+first_letter,True
p r o m i s e,p,promise,p,gerund_first,present_to_gerund+first_letter,True
i m a g i n e,i,imagine,i,gerund_first,present_to_gerund+first_letter,True
e x a m i n e,e,examine,e,gerund_first,present_to_gerund+first_letter,True
d e t e r m i n e,d,determine,d,gerund_first,present_to_gerund+first_letter,True
c o n t i n u e,c,continue,c,gerund_first,present_to_gerund+first_letter,True
a r g u e,a,argue,a,gerund_first,present_to_gerund+first_letter,True
i s s u e,i,issue,i,gerund_first,present_to_gerund+first_letter,True
r e s c u e,r,rescue,r,gerund_first,present_to_gerund+first_letter,True
p u r s u e,p,pursue,p,gerund_first,present_to_gerund+first_letter,True
v a l u e,v,value,v,gerund_first,present_to_gerund+first_letter,True
i n v i t e,i,invite,i,gerund_first,present_to_gerund+first_letter,True
e x c i t e,e,excite,e,gerund_first,present_to_gerund+first_letter,True
u n i t e,u,unite,u,gerund_first,present_to_gerund+first_letter,True
c o m p e t e,c,compete,c,gerund_first,present_to_gerund+first_letter,True
c o m p l e t e,c,complete,c,gerund_first,present_to_gerund+first_letter,True
d e l e t e,d,delete,d,gerund_first,present_to_gerund+first_letter,True
g r e e t,g,greet,g,gerund_first,present_to_gerund+first_letter,True
r e p e a t,r,repeat,r,gerund_first,present_to_gerund+first_letter,True
d e f e a t,d,defeat,d,gerund_first,present_to_gerund+first_letter,True
t r e a t,t,treat,t,gerund_first,present_to_gerund+first_letter,True
r e l a t e,r,relate,r,gerund_first,present_to_gerund+first_letter,True
c e l e b r a t e,c,celebrate,c,gerund_first,present_to_gerund+first_letter,True
d e m o n s t r a t e,d,demonstrate,d,gerund_first,present_to_gerund+first_letter,True
h e s i t a t e,h,hesitate,h,gerund_first,present_to_gerund+first_letter,True
a p p r e c i a t e,a,appreciate,a,gerund_first,present_to_gerund+first_letter,True
c o m m u n i c a t e,c,communicate,c,gerund_first,present_to_gerund+first_letter,True
e d u c a t e,e,educate,e,gerund_first,present_to_gerund+first_letter,True
i n v e s t i g a t e,i,investigate,i,gerund_first,present_to_gerund+first_letter,True
c o n c e n t r a t e,c,concentrate,c,gerund_first,present_to_gerund+first_letter,True
c o o p e r a t e,c,cooperate,c,gerund_first,present_to_gerund+first_letter,True
d e c o r a t e,d,decorate,d,gerund_first,present_to_gerund+first_letter,True
o p e r a t e,o,operate,o,gerund_first,present_to_gerund+first_letter,True
s e p a r a t e,s,separate,s,gerund_first,present_to_gerund+first_letter,True
p a r t i c i p a t e,p,participate,p,gerund_first,present_to_gerund+first_letter,True
n a v i g a t e,n,navigate,n,gerund_first,present_to_gerund+first_letter,True
m o t i v a t e,m,motivate,m,gerund_first,present_to_gerund+first_letter,True
a c t i v a t e,a,activate,a,gerund_first,present_to_gerund+first_letter,True
i l l u s t r a t e,i,illustrate,i,gerund_first,present_to_gerund+first_letter,True
c a l c u l a t e,c,calculate,c,gerund_first,present_to_gerund+first_letter,True
t r a n s l a t e,t,translate,t,gerund_first,present_to_gerund+first_letter,True
a c c e l e r a t e,a,accelerate,a,gerund_first,present_to_gerund+first_letter,True
d o m i n a t e,d,dominate,d,gerund_first,present_to_gerund+first_letter,True
e l i m i n a t e,e,eliminate,e,gerund_first,present_to_gerund+first_letter,True
f a s c i n a t e,f,fascinate,f,gerund_first,present_to_gerund+first_letter,True
g e n e r a t e,g,generate,g,gerund_first,present_to_gerund+first_letter,True
i m i t a t e,i,imitate,i,gerund_first,present_to_gerund+first_letter,True
i r r i t a t e,i,irritate,i,gerund_first,present_to_gerund+first_letter,True
m e d i t a t e,m,meditate,m,gerund_first,present_to_gerund+first_letter,True
n e g o t i a t e,n,negotiate,n,gerund_first,present_to_gerund+first_letter,True
p e n e t r a t e,p,penetrate,p,gerund_first,present_to_gerund+first_letter,True
r a d i a t e,r,radiate,r,gerund_first,present_to_gerund+first_letter,True
r o t a t e,r,rotate,r,gerund_first,present_to_gerund+first_letter,True
s t i m u l a t e,s,stimulate,s,gerund_first,present_to_gerund+first_letter,True
t o l e r a t e,t,tolerate,t,gerund_first,present_to_gerund+first_letter,True
v a l i d a t e,v,validate,v,gerund_first,present_to_gerund+first_letter,True
v i b r a t e,v,vibrate,v,gerund_first,present_to_gerund+first_letter,True
a n t i c i p a t e,a,anticipate,a,gerund_first,present_to_gerund+first_letter,True
c o n t e m p l a t e,c,contemplate,c,gerund_first,present_to_gerund+first_letter,True
c o o r d i n a t e,c,coordinate,c,gerund_first,present_to_gerund+first_letter,True
c u l t i v a t e,c,cultivate,c,gerund_first,present_to_gerund+first_letter,True
d e d i c a t e,d,dedicate,d,gerund_first,present_to_gerund+first_letter,True
d e s i g n a t e,d,designate,d,gerund_first,present_to_gerund+first_letter,True
d e v i a t e,d,deviate,d,gerund_first,present_to_gerund+first_letter,True
e s c a l a t e,e,escalate,e,gerund_first,present_to_gerund+first_letter,True
e v a l u a t e,e,evaluate,e,gerund_first,present_to_gerund+first_letter,True
e v a p o r a t e,e,evaporate,e,gerund_first,present_to_gerund+first_letter,True
e x a g g e r a t e,e,exaggerate,e,gerund_first,present_to_gerund+first_letter,True
h i b e r n a t e,h,hibernate,h,gerund_first,present_to_gerund+first_letter,True
i n c o r p o r a t e,i,incorporate,i,gerund_first,present_to_gerund+first_letter,True
i n n o v a t e,i,innovate,i,gerund_first,present_to_gerund+first_letter,True
i n t e g r a t e,i,integrate,i,gerund_first,present_to_gerund+first_letter,True
i n i t i a t e,i,initiate,i,gerund_first,present_to_gerund+first_letter,True
t e r m i n a t e,t,terminate,t,gerund_first,present_to_gerund+first_letter,True
c h i l d,C H I L D R E N,child,CHILDREN,plural_upper,singular_to_plural+uppercase,True
m o u s e,M I C E,mouse,MICE,plural_upper,singular_to_plural+uppercase,True
f o o t,F E E T,foot,FEET,plural_upper,singular_to_plural+uppercase,True
t o o t h,T E E T H,tooth,TEETH,plural_upper,singular_to_plural+uppercase,True
w o m a n,W O M E N,woman,WOMEN,plural_upper,singular_to_plural+uppercase,True
m a n,M E N,man,MEN,plural_upper,singular_to_plural+uppercase,True
p e r s o n,P E O P L E,person,PEOPLE,plural_upper,singular_to_plural+uppercase,True
b i r d,B I R D S,bird,BIRDS,plural_upper,singular_to_plural+uppercase,True
s h e e p,S H E E P,sheep,SHEEP,plural_upper,singular_to_plural+uppercase,True
d e e r,D E E R,deer,DEER,plural_upper,singular_to_plural+uppercase,True
g o o s e,G E E S E,goose,GEESE,plural_upper,singular_to_plural+uppercase,True
o x,O X E N,ox,OXEN,plural_upper,singular_to_plural+uppercase,True
c o m p u t e r,C O M P U T E R S,computer,COMPUTERS,plural_upper,singular_to_plural+uppercase,True
p h o n e,P H O N E S,phone,PHONES,plural_upper,singular_to_plural+uppercase,True
p e n,P E N S,pen,PENS,plural_upper,singular_to_plural+uppercase,True
p e n c i l,P E N C I L S,pencil,PENCILS,plural_upper,singular_to_plural+uppercase,True
p a p e r,P A P E R S,paper,PAPERS,plural_upper,singular_to_plural+uppercase,True
c u p,C U P S,cup,CUPS,plural_upper,singular_to_plural+uppercase,True
g l a s s,G L A S S E S,glass,GLASSES,plural_upper,singular_to_plural+uppercase,True
p l a t e,P L A T E S,plate,PLATES,plural_upper,singular_to_plural+uppercase,True
k n i f e,K N I V E S,knife,KNIVES,plural_upper,singular_to_plural+uppercase,True
f o r k,F O R K S,fork,FORKS,plural_upper,singular_to_plural+uppercase,True
s p o o n,S P O O N S,spoon,SPOONS,plural_upper,singular_to_plural+uppercase,True
a p p l e,A P P L E S,apple,APPLES,plural_upper,singular_to_plural+uppercase,True
o r a n g e,O R A N G E S,orange,ORANGES,plural_upper,singular_to_plural+uppercase,True
b a n a n a,B A N A N A S,banana,BANANAS,plural_upper,singular_to_plural+uppercase,True
p o t a t o,P O T A T O E S,potato,POTATOES,plural_upper,singular_to_plural+uppercase,True
t o m a t o,T O M A T O E S,tomato,TOMATOES,plural_upper,singular_to_plural+uppercase,True
b o x,B O X E S,box,BOXES,plural_upper,singular_to_plural+uppercase,True
b r u s h,B R U S H E S,brush,BRUSHES,plural_upper,singular_to_plural+uppercase,True
w a t c h,W A T C H E S,watch,WATCHES,plural_upper,singular_to_plural+uppercase,True
b e a c h,B E A C H E S,beach,BEACHES,plural_upper,singular_to_plural+uppercase,True
c l a s s,C L A S S E S,class,CLASSES,plural_upper,singular_to_plural+uppercase,True
b u s,B U S E S,bus,BUSES,plural_upper,singular_to_plural+uppercase,True
k i s s,K I S S E S,kiss,KISSES,plural_upper,singular_to_plural+uppercase,True
d i s h,D I S H E S,dish,DISHES,plural_upper,singular_to_plural+uppercase,True
f o x,F O X E S,fox,FOXES,plural_upper,singular_to_plural+uppercase,True
c h u r c h,C H U R C H E S,church,CHURCHES,plural_upper,singular_to_plural+uppercase,True
b a b y,B A B I E S,baby,BABIES,plural_upper,singular_to_plural+uppercase,True
l a d y,L A D I E S,lady,LADIES,plural_upper,singular_to_plural+uppercase,True
s t o r y,S T O R I E S,story,STORIES,plural_upper,singular_to_plural+uppercase,True
p a r t y,P A R T I E S,party,PARTIES,plural_upper,singular_to_plural+uppercase,True
l i b r a r y,L I B R A R I E S,library,LIBRARIES,plural_upper,singular_to_plural+uppercase,True
b e r r y,B E R R I E S,berry,BERRIES,plural_upper,singular_to_plural+uppercase,True
b u t t e r f l y,B U T T E R F L I E S,butterfly,BUTTERFLIES,plural_upper,singular_to_plural+uppercase,True
l e a f,L E A V E S,leaf,LEAVES,plural_upper,singular_to_plural+uppercase,True
w o l f,W O L V E S,wolf,WOLVES,plural_upper,singular_to_plural+uppercase,True
l i f e,L I V E S,life,LIVES,plural_upper,singular_to_plural+uppercase,True
w i f e,W I V E S,wife,WIVES,plural_upper,singular_to_plural+uppercase,True
h a l f,H A L V E S,half,HALVES,plural_upper,singular_to_plural+uppercase,True
l o a f,L O A V E S,loaf,LOAVES,plural_upper,singular_to_plural+uppercase,True
s h e l f,S H E L V E S,shelf,SHELVES,plural_upper,singular_to_plural+uppercase,True
t h i e f,T H I E V E S,thief,THIEVES,plural_upper,singular_to_plural+uppercase,True
s c a r f,S C A R V E S,scarf,SCARVES,plural_upper,singular_to_plural+uppercase,True
c a l f,C A L V E S,calf,CALVES,plural_upper,singular_to_plural+uppercase,True
h e r o,H E R O E S,hero,HEROES,plural_upper,singular_to_plural+uppercase,True
e c h o,E C H O E S,echo,ECHOES,plural_upper,singular_to_plural+uppercase,True
c a r g o,C A R G O E S,cargo,CARGOES,plural_upper,singular_to_plural+uppercase,True
m o s q u i t o,M O S Q U I T O E S,mosquito,MOSQUITOES,plural_upper,singular_to_plural+uppercase,True
v o l c a n o,V O L C A N O E S,volcano,VOLCANOES,plural_upper,singular_to_plural+uppercase,True
p i a n o,P I A N O S,piano,PIANOS,plural_upper,singular_to_plural+uppercase,True
p h o t o,P H O T O S,photo,PHOTOS,plural_upper,singular_to_plural+uppercase,True
v i d e o,V I D E O S,video,VIDEOS,plural_upper,singular_to_plural+uppercase,True
r a d i o,R A D I O S,radio,RADIOS,plural_upper,singular_to_plural+uppercase,True
s t u d i o,S T U D I O S,studio,STUDIOS,plural_upper,singular_to_plural+uppercase,True
t r e e,T R E E S,tree,TREES,plural_upper,singular_to_plural+uppercase,True
k e y,K E Y S,key,KEYS,plural_upper,singular_to_plural+uppercase,True
b o y,B O Y S,boy,BOYS,plural_upper,singular_to_plural+uppercase,True
t o y,T O Y S,toy,TOYS,plural_upper,singular_to_plural+uppercase,True
d a y,D A Y S,day,DAYS,plural_upper,singular_to_plural+uppercase,True
w a y,W A Y S,way,WAYS,plural_upper,singular_to_plural+uppercase,True
e y e,E Y E S,eye,EYES,plural_upper,singular_to_plural+uppercase,True
g u y,G U Y S,guy,GUYS,plural_upper,singular_to_plural+uppercase,True
r a y,R A Y S,ray,RAYS,plural_upper,singular_to_plural+uppercase,True
b a y,B A Y S,bay,BAYS,plural_upper,singular_to_plural+uppercase,True
a r m,A R M S,arm,ARMS,plural_upper,singular_to_plural+uppercase,True
l e g,L E G S,leg,LEGS,plural_upper,singular_to_plural+uppercase,True
e a r,E A R S,ear,EARS,plural_upper,singular_to_plural+uppercase,True
h a n d,H A N D S,hand,HANDS,plural_upper,singular_to_plural+uppercase,True
f i n g e r,F I N G E R S,finger,FINGERS,plural_upper,singular_to_plural+uppercase,True
t o e,T O E S,toe,TOES,plural_upper,singular_to_plural+uppercase,True
n o s e,N O S E S,nose,NOSES,plural_upper,singular_to_plural+uppercase,True
b o n e,B O N E S,bone,BONES,plural_upper,singular_to_plural+uppercase,True
m u s c l e,M U S C L E S,muscle,MUSCLES,plural_upper,singular_to_plural+uppercase,True
n e r v e,N E R V E S,nerve,NERVES,plural_upper,singular_to_plural+uppercase,True
v e i n,V E I N S,vein,VEINS,plural_upper,singular_to_plural+uppercase,True
a r t e r y,A R T E R I E S,artery,ARTERIES,plural_upper,singular_to_plural+uppercase,True
l u n g,L U N G S,lung,LUNGS,plural_upper,singular_to_plural+uppercase,True
k i d n e y,K I D N E Y S,kidney,KIDNEYS,plural_upper,singular_to_plural+uppercase,True
l i v e r,L I V E R S,liver,LIVERS,plural_upper,singular_to_plural+uppercase,True
b r a i n,B R A I N S,brain,BRAINS,plural_upper,singular_to_plural+uppercase,True
h e a r t,H E A R T S,heart,HEARTS,plural_upper,singular_to_plural+uppercase,True
s t o m a c h,S T O M A C H S,stomach,STOMACHS,plural_upper,singular_to_plural+uppercase,True
t e a c h e r,T E A C H E R S,teacher,TEACHERS,plural_upper,singular_to_plural+uppercase,True
s t u d e n t,S T U D E N T S,student,STUDENTS,plural_upper,singular_to_plural+uppercase,True
d o c t o r,D O C T O R S,doctor,DOCTORS,plural_upper,singular_to_plural+uppercase,True
n u r s e,N U R S E S,nurse,NURSES,plural_upper,singular_to_plural+uppercase,True
f a r m e r,F A R M E R S,farmer,FARMERS,plural_upper,singular_to_plural+uppercase,True
w o r k e r,W O R K E R S,worker,WORKERS,plural_upper,singular_to_plural+uppercase,True
d r i v e r,D R I V E R S,driver,DRIVERS,plural_upper,singular_to_plural+uppercase,True
p i l o t,P I L O T S,pilot,PILOTS,plural_upper,singular_to_plural+uppercase,True
s i n g e r,S I N G E R S,singer,SINGERS,plural_upper,singular_to_plural+uppercase,True
d a n c e r,D A N C E R S,dancer,DANCERS,plural_upper,singular_to_plural+uppercase,True
w r i t e r,W R I T E R S,writer,WRITERS,plural_upper,singular_to_plural+uppercase,True
p a i n t e r,P A I N T E R S,painter,PAINTERS,plural_upper,singular_to_plural+uppercase,True
p l a y e r,P L A Y E R S,player,PLAYERS,plural_upper,singular_to_plural+uppercase,True
s w i m m e r,S W I M M E R S,swimmer,SWIMMERS,plural_upper,singular_to_plural+uppercase,True
r u n n e r,R U N N E R S,runner,RUNNERS,plural_upper,singular_to_plural+uppercase,True
b u i l d e r,B U I L D E R S,builder,BUILDERS,plural_upper,singular_to_plural+uppercase,True
s o l d i e r,S O L D I E R S,soldier,SOLDIERS,plural_upper,singular_to_plural+uppercase,True
s a i l o r,S A I L O R S,sailor,SAILORS,plural_upper,singular_to_plural+uppercase,True
o f f i c e r,O F F I C E R S,officer,OFFICERS,plural_upper,singular_to_plural+uppercase,True
l a w y e r,L A W Y E R S,lawyer,LAWYERS,plural_upper,singular_to_plural+uppercase,True
e n g i n e e r,E N G I N E E R S,engineer,ENGINEERS,plural_upper,singular_to_plural+uppercase,True
s c i e n t i s t,S C I E N T I S T S,scientist,SCIENTISTS,plural_upper,singular_to_plural+uppercase,True
m u s i c i a n,M U S I C I A N S,musician,MUSICIANS,plural_upper,singular_to_plural+uppercase,True
a r t i s t,A R T I S T S,artist,ARTISTS,plural_upper,singular_to_plural+uppercase,True
a c t o r,A C T O R S,actor,ACTORS,plural_upper,singular_to_plural+uppercase,True
a c t r e s s,A C T R E S S E S,actress,ACTRESSES,plural_upper,singular_to_plural+uppercase,True
c h e f,C H E F S,chef,CHEFS,plural_upper,singular_to_plural+uppercase,True
b a k e r,B A K E R S,baker,BAKERS,plural_upper,singular_to_plural+uppercase,True
b u t c h e r,B U T C H E R S,butcher,BUTCHERS,plural_upper,singular_to_plural+uppercase,True
t a i l o r,T A I L O R S,tailor,TAILORS,plural_upper,singular_to_plural+uppercase,True
c l e r k,C L E R K S,clerk,CLERKS,plural_upper,singular_to_plural+uppercase,True
m a n a g e r,M A N A G E R S,manager,MANAGERS,plural_upper,singular_to_plural+uppercase,True
d i r e c t o r,D I R E C T O R S,director,DIRECTORS,plural_upper,singular_to_plural+uppercase,True
p r e s i d e n t,P R E S I D E N T S,president,PRESIDENTS,plural_upper,singular_to_plural+uppercase,True
k i n g,K I N G S,king,KINGS,plural_upper,singular_to_plural+uppercase,True
q u e e n,Q U E E N S,queen,QUEENS,plural_upper,singular_to_plural+uppercase,True
p r i n c e,P R I N C E S,prince,PRINCES,plural_upper,singular_to_plural+uppercase,True
p r i n c e s s,P R I N C E S S E S,princess,PRINCESSES,plural_upper,singular_to_plural+uppercase,True
e m p e r o r,E M P E R O R S,emperor,EMPERORS,plural_upper,singular_to_plural+uppercase,True
e m p r e s s,E M P R E S S E S,empress,EMPRESSES,plural_upper,singular_to_plural+uppercase,True
d u k e,D U K E S,duke,DUKES,plural_upper,singular_to_plural+uppercase,True
d u c h e s s,D U C H E S S E S,duchess,DUCHESSES,plural_upper,singular_to_plural+uppercase,True
l o r d,L O R D S,lord,LORDS,plural_upper,singular_to_plural+uppercase,True
k n i g h t,K N I G H T S,knight,KNIGHTS,plural_upper,singular_to_plural+uppercase,True
h e r o i n e,H E R O I N E S,heroine,HEROINES,plural_upper,singular_to_plural+uppercase,True
v i l l a i n,V I L L A I N S,villain,VILLAINS,plural_upper,singular_to_plural+uppercase,True
s e l f,S E L V E S,self,SELVES,plural_upper,singular_to_plural+uppercase,True
e l f,E L V E S,elf,ELVES,plural_upper,singular_to_plural+uppercase,True
w h a r f,W H A R V E S,wharf,WHARVES,plural_upper,singular_to_plural+uppercase,True
b e l i e f,B E L I E F S,belief,BELIEFS,plural_upper,singular_to_plural+uppercase,True
c h i e f,C H I E F S,chief,CHIEFS,plural_upper,singular_to_plural+uppercase,True
c l i f f,C L I F F S,cliff,CLIFFS,plural_upper,singular_to_plural+uppercase,True
p r o o f,P R O O F S,proof,PROOFS,plural_upper,singular_to_plural+uppercase,True
r o o f,R O O F S,roof,ROOFS,plural_upper,singular_to_plural+uppercase,True
s a f e,S A F E S,safe,SAFES,plural_upper,singular_to_plural+uppercase,True
g r i e f,G R I E F S,grief,GRIEFS,plural_upper,singular_to_plural+uppercase,True
r e e f,R E E F S,reef,REEFS,plural_upper,singular_to_plural+uppercase,True
g u l f,G U L F S,gulf,GULFS,plural_upper,singular_to_plural+uppercase,True
d w a r f,D W A R V E S,dwarf,DWARVES,plural_upper,singular_to_plural+uppercase,True
h o o f,H O O V E S,hoof,HOOVES,plural_upper,singular_to_plural+uppercase,True
d a t u m,D A T A,datum,DATA,plural_upper,singular_to_plural+uppercase,True
m e d i u m,M E D I A,medium,MEDIA,plural_upper,singular_to_plural+uppercase,True
c u r r i c u l u m,C U R R I C U L A,curriculum,CURRICULA,plural_upper,singular_to_plural+uppercase,True
p h e n o m e n o n,P H E N O M E N A,phenomenon,PHENOMENA,plural_upper,singular_to_plural+uppercase,True
c r i t e r i o n,C R I T E R I A,criterion,CRITERIA,plural_upper,singular_to_plural+uppercase,True
a n a l y s i s,A N A L Y S E S,analysis,ANALYSES,plural_upper,singular_to_plural+uppercase,True
b a s i s,B A S E S,basis,BASES,plural_upper,singular_to_plural+uppercase,True
c r i s i s,C R I S E S,crisis,CRISES,plural_upper,singular_to_plural+uppercase,True
t h e s i s,T H E S E S,thesis,THESES,plural_upper,singular_to_plural+uppercase,True
o a s i s,O A S E S,oasis,OASES,plural_upper,singular_to_plural+uppercase,True
a x i s,A X E S,axis,AXES,plural_upper,singular_to_plural+uppercase,True
p a r e n t h e s i s,P A R E N T H E S E S,parenthesis,PARENTHESES,plural_upper,singular_to_plural+uppercase,True
C H I L D,c h i l d r e n,CHILD,children,plural_lower,singular_to_plural+lowercase,True
M O U S E,m i c e,MOUSE,mice,plural_lower,singular_to_plural+lowercase,True
F O O T,f e e t,FOOT,feet,plural_lower,singular_to_plural+lowercase,True
T O O T H,t e e t h,TOOTH,teeth,plural_lower,singular_to_plural+lowercase,True
W O M A N,w o m e n,WOMAN,women,plural_lower,singular_to_plural+lowercase,True
M A N,m e n,MAN,men,plural_lower,singular_to_plural+lowercase,True
P E R S O N,p e o p l e,PERSON,people,plural_lower,singular_to_plural+lowercase,True
B I R D,b i r d s,BIRD,birds,plural_lower,singular_to_plural+lowercase,True
S H E E P,s h e e p,SHEEP,sheep,plural_lower,singular_to_plural+lowercase,True
D E E R,d e e r,DEER,deer,plural_lower,singular_to_plural+lowercase,True
G O O S E,g e e s e,GOOSE,geese,plural_lower,singular_to_plural+lowercase,True
O X,o x e n,OX,oxen,plural_lower,singular_to_plural+lowercase,True
C O M P U T E R,c o m p u t e r s,COMPUTER,computers,plural_lower,singular_to_plural+lowercase,True
P H O N E,p h o n e s,PHONE,phones,plural_lower,singular_to_plural+lowercase,True
P E N,p e n s,PEN,pens,plural_lower,singular_to_plural+lowercase,True
P E N C I L,p e n c i l s,PENCIL,pencils,plural_lower,singular_to_plural+lowercase,True
P A P E R,p a p e r s,PAPER,papers,plural_lower,singular_to_plural+lowercase,True
C U P,c u p s,CUP,cups,plural_lower,singular_to_plural+lowercase,True
G L A S S,g l a s s e s,GLASS,glasses,plural_lower,singular_to_plural+lowercase,True
P L A T E,p l a t e s,PLATE,plates,plural_lower,singular_to_plural+lowercase,True
K N I F E,k n i v e s,KNIFE,knives,plural_lower,singular_to_plural+lowercase,True
F O R K,f o r k s,FORK,forks,plural_lower,singular_to_plural+lowercase,True
S P O O N,s p o o n s,SPOON,spoons,plural_lower,singular_to_plural+lowercase,True
A P P L E,a p p l e s,APPLE,apples,plural_lower,singular_to_plural+lowercase,True
O R A N G E,o r a n g e s,ORANGE,oranges,plural_lower,singular_to_plural+lowercase,True
B A N A N A,b a n a n a s,BANANA,bananas,plural_lower,singular_to_plural+lowercase,True
P O T A T O,p o t a t o e s,POTATO,potatoes,plural_lower,singular_to_plural+lowercase,True
T O M A T O,t o m a t o e s,TOMATO,tomatoes,plural_lower,singular_to_plural+lowercase,True
B O X,b o x e s,BOX,boxes,plural_lower,singular_to_plural+lowercase,True
B R U S H,b r u s h e s,BRUSH,brushes,plural_lower,singular_to_plural+lowercase,True
W A T C H,w a t c h e s,WATCH,watches,plural_lower,singular_to_plural+lowercase,True
B E A C H,b e a c h e s,BEACH,beaches,plural_lower,singular_to_plural+lowercase,True
C L A S S,c l a s s e s,CLASS,classes,plural_lower,singular_to_plural+lowercase,True
B U S,b u s e s,BUS,buses,plural_lower,singular_to_plural+lowercase,True
K I S S,k i s s e s,KISS,kisses,plural_lower,singular_to_plural+lowercase,True
D I S H,d i s h e s,DISH,dishes,plural_lower,singular_to_plural+lowercase,True
F O X,f o x e s,FOX,foxes,plural_lower,singular_to_plural+lowercase,True
C H U R C H,c h u r c h e s,CHURCH,churches,plural_lower,singular_to_plural+lowercase,True
B A B Y,b a b i e s,BABY,babies,plural_lower,singular_to_plural+lowercase,True
L A D Y,l a d i e s,LADY,ladies,plural_lower,singular_to_plural+lowercase,True
S T O R Y,s t o r i e s,STORY,stories,plural_lower,singular_to_plural+lowercase,True
P A R T Y,p a r t i e s,PARTY,parties,plural_lower,singular_to_plural+lowercase,True
L I B R A R Y,l i b r a r i e s,LIBRARY,libraries,plural_lower,singular_to_plural+lowercase,True
B E R R Y,b e r r i e s,BERRY,berries,plural_lower,singular_to_plural+lowercase,True
B U T T E R F L Y,b u t t e r f l i e s,BUTTERFLY,butterflies,plural_lower,singular_to_plural+lowercase,True
L E A F,l e a v e s,LEAF,leaves,plural_lower,singular_to_plural+lowercase,True
W O L F,w o l v e s,WOLF,wolves,plural_lower,singular_to_plural+lowercase,True
L I F E,l i v e s,LIFE,lives,plural_lower,singular_to_plural+lowercase,True
W I F E,w i v e s,WIFE,wives,plural_lower,singular_to_plural+lowercase,True
H A L F,h a l v e s,HALF,halves,plural_lower,singular_to_plural+lowercase,True
L O A F,l o a v e s,LOAF,loaves,plural_lower,singular_to_plural+lowercase,True
S H E L F,s h e l v e s,SHELF,shelves,plural_lower,singular_to_plural+lowercase,True
T H I E F,t h i e v e s,THIEF,thieves,plural_lower,singular_to_plural+lowercase,True
S C A R F,s c a r v e s,SCARF,scarves,plural_lower,singular_to_plural+lowercase,True
C A L F,c a l v e s,CALF,calves,plural_lower,singular_to_plural+lowercase,True
H E R O,h e r o e s,HERO,heroes,plural_lower,singular_to_plural+lowercase,True
E C H O,e c h o e s,ECHO,echoes,plural_lower,singular_to_plural+lowercase,True
C A R G O,c a r g o e s,CARGO,cargoes,plural_lower,singular_to_plural+lowercase,True
M O S Q U I T O,m o s q u i t o e s,MOSQUITO,mosquitoes,plural_lower,singular_to_plural+lowercase,True
V O L C A N O,v o l c a n o e s,VOLCANO,volcanoes,plural_lower,singular_to_plural+lowercase,True
P I A N O,p i a n o s,PIANO,pianos,plural_lower,singular_to_plural+lowercase,True
P H O T O,p h o t o s,PHOTO,photos,plural_lower,singular_to_plural+lowercase,True
V I D E O,v i d e o s,VIDEO,videos,plural_lower,singular_to_plural+lowercase,True
R A D I O,r a d i o s,RADIO,radios,plural_lower,singular_to_plural+lowercase,True
S T U D I O,s t u d i o s,STUDIO,studios,plural_lower,singular_to_plural+lowercase,True
T R E E,t r e e s,TREE,trees,plural_lower,singular_to_plural+lowercase,True
K E Y,k e y s,KEY,keys,plural_lower,singular_to_plural+lowercase,True
B O Y,b o y s,BOY,boys,plural_lower,singular_to_plural+lowercase,True
T O Y,t o y s,TOY,toys,plural_lower,singular_to_plural+lowercase,True
D A Y,d a y s,DAY,days,plural_lower,singular_to_plural+lowercase,True
W A Y,w a y s,WAY,ways,plural_lower,singular_to_plural+lowercase,True
E Y E,e y e s,EYE,eyes,plural_lower,singular_to_plural+lowercase,True
G U Y,g u y s,GUY,guys,plural_lower,singular_to_plural+lowercase,True
R A Y,r a y s,RAY,rays,plural_lower,singular_to_plural+lowercase,True
B A Y,b a y s,BAY,bays,plural_lower,singular_to_plural+lowercase,True
A R M,a r m s,ARM,arms,plural_lower,singular_to_plural+lowercase,True
L E G,l e g s,LEG,legs,plural_lower,singular_to_plural+lowercase,True
E A R,e a r s,EAR,ears,plural_lower,singular_to_plural+lowercase,True
H A N D,h a n d s,HAND,hands,plural_lower,singular_to_plural+lowercase,True
F I N G E R,f i n g e r s,FINGER,fingers,plural_lower,singular_to_plural+lowercase,True
T O E,t o e s,TOE,toes,plural_lower,singular_to_plural+lowercase,True
N O S E,n o s e s,NOSE,noses,plural_lower,singular_to_plural+lowercase,True
B O N E,b o n e s,BONE,bones,plural_lower,singular_to_plural+lowercase,True
M U S C L E,m u s c l e s,MUSCLE,muscles,plural_lower,singular_to_plural+lowercase,True
N E R V E,n e r v e s,NERVE,nerves,plural_lower,singular_to_plural+lowercase,True
V E I N,v e i n s,VEIN,veins,plural_lower,singular_to_plural+lowercase,True
A R T E R Y,a r t e r i e s,ARTERY,arteries,plural_lower,singular_to_plural+lowercase,True
L U N G,l u n g s,LUNG,lungs,plural_lower,singular_to_plural+lowercase,True
K I D N E Y,k i d n e y s,KIDNEY,kidneys,plural_lower,singular_to_plural+lowercase,True
L I V E R,l i v e r s,LIVER,livers,plural_lower,singular_to_plural+lowercase,True
B R A I N,b r a i n s,BRAIN,brains,plural_lower,singular_to_plural+lowercase,True
H E A R T,h e a r t s,HEART,hearts,plural_lower,singular_to_plural+lowercase,True
S T O M A C H,s t o m a c h s,STOMACH,stomachs,plural_lower,singular_to_plural+lowercase,True
T E A C H E R,t e a c h e r s,TEACHER,teachers,plural_lower,singular_to_plural+lowercase,True
S T U D E N T,s t u d e n t s,STUDENT,students,plural_lower,singular_to_plural+lowercase,True
D O C T O R,d o c t o r s,DOCTOR,doctors,plural_lower,singular_to_plural+lowercase,True
N U R S E,n u r s e s,NURSE,nurses,plural_lower,singular_to_plural+lowercase,True
F A R M E R,f a r m e r s,FARMER,farmers,plural_lower,singular_to_plural+lowercase,True
W O R K E R,w o r k e r s,WORKER,workers,plural_lower,singular_to_plural+lowercase,True
D R I V E R,d r i v e r s,DRIVER,drivers,plural_lower,singular_to_plural+lowercase,True
P I L O T,p i l o t s,PILOT,pilots,plural_lower,singular_to_plural+lowercase,True
S I N G E R,s i n g e r s,SINGER,singers,plural_lower,singular_to_plural+lowercase,True
D A N C E R,d a n c e r s,DANCER,dancers,plural_lower,singular_to_plural+lowercase,True
W R I T E R,w r i t e r s,WRITER,writers,plural_lower,singular_to_plural+lowercase,True
P A I N T E R,p a i n t e r s,PAINTER,painters,plural_lower,singular_to_plural+lowercase,True
P L A Y E R,p l a y e r s,PLAYER,players,plural_lower,singular_to_plural+lowercase,True
S W I M M E R,s w i m m e r s,SWIMMER,swimmers,plural_lower,singular_to_plural+lowercase,True
R U N N E R,r u n n e r s,RUNNER,runners,plural_lower,singular_to_plural+lowercase,True
B U I L D E R,b u i l d e r s,BUILDER,builders,plural_lower,singular_to_plural+lowercase,True
S O L D I E R,s o l d i e r s,SOLDIER,soldiers,plural_lower,singular_to_plural+lowercase,True
S A I L O R,s a i l o r s,SAILOR,sailors,plural_lower,singular_to_plural+lowercase,True
O F F I C E R,o f f i c e r s,OFFICER,officers,plural_lower,singular_to_plural+lowercase,True
L A W Y E R,l a w y e r s,LAWYER,lawyers,plural_lower,singular_to_plural+lowercase,True
E N G I N E E R,e n g i n e e r s,ENGINEER,engineers,plural_lower,singular_to_plural+lowercase,True
S C I E N T I S T,s c i e n t i s t s,SCIENTIST,scientists,plural_lower,singular_to_plural+lowercase,True
M U S I C I A N,m u s i c i a n s,MUSICIAN,musicians,plural_lower,singular_to_plural+lowercase,True
A R T I S T,a r t i s t s,ARTIST,artists,plural_lower,singular_to_plural+lowercase,True
A C T O R,a c t o r s,ACTOR,actors,plural_lower,singular_to_plural+lowercase,True
A C T R E S S,a c t r e s s e s,ACTRESS,actresses,plural_lower,singular_to_plural+lowercase,True
C H E F,c h e f s,CHEF,chefs,plural_lower,singular_to_plural+lowercase,True
B A K E R,b a k e r s,BAKER,bakers,plural_lower,singular_to_plural+lowercase,True
B U T C H E R,b u t c h e r s,BUTCHER,butchers,plural_lower,singular_to_plural+lowercase,True
T A I L O R,t a i l o r s,TAILOR,tailors,plural_lower,singular_to_plural+lowercase,True
C L E R K,c l e r k s,CLERK,clerks,plural_lower,singular_to_plural+lowercase,True
M A N A G E R,m a n a g e r s,MANAGER,managers,plural_lower,singular_to_plural+lowercase,True
D I R E C T O R,d i r e c t o r s,DIRECTOR,directors,plural_lower,singular_to_plural+lowercase,True
P R E S I D E N T,p r e s i d e n t s,PRESIDENT,presidents,plural_lower,singular_to_plural+lowercase,True
K I N G,k i n g s,KING,kings,plural_lower,singular_to_plural+lowercase,True
Q U E E N,q u e e n s,QUEEN,queens,plural_lower,singular_to_plural+lowercase,True
P R I N C E,p r i n c e s,PRINCE,princes,plural_lower,singular_to_plural+lowercase,True
P R I N C E S S,p r i n c e s s e s,PRINCESS,princesses,plural_lower,singular_to_plural+lowercase,True
E M P E R O R,e m p e r o r s,EMPEROR,emperors,plural_lower,singular_to_plural+lowercase,True
E M P R E S S,e m p r e s s e s,EMPRESS,empresses,plural_lower,singular_to_plural+lowercase,True
D U K E,d u k e s,DUKE,dukes,plural_lower,singular_to_plural+lowercase,True
D U C H E S S,d u c h e s s e s,DUCHESS,duchesses,plural_lower,singular_to_plural+lowercase,True
L O R D,l o r d s,LORD,lords,plural_lower,singular_to_plural+lowercase,True
K N I G H T,k n i g h t s,KNIGHT,knights,plural_lower,singular_to_plural+lowercase,True
H E R O I N E,h e r o i n e s,HEROINE,heroines,plural_lower,singular_to_plural+lowercase,True
V I L L A I N,v i l l a i n s,VILLAIN,villains,plural_lower,singular_to_plural+lowercase,True
S E L F,s e l v e s,SELF,selves,plural_lower,singular_to_plural+lowercase,True
E L F,e l v e s,ELF,elves,plural_lower,singular_to_plural+lowercase,True
W H A R F,w h a r v e s,WHARF,wharves,plural_lower,singular_to_plural+lowercase,True
B E L I E F,b e l i e f s,BELIEF,beliefs,plural_lower,singular_to_plural+lowercase,True
C H I E F,c h i e f s,CHIEF,chiefs,plural_lower,singular_to_plural+lowercase,True
C L I F F,c l i f f s,CLIFF,cliffs,plural_lower,singular_to_plural+lowercase,True
P R O O F,p r o o f s,PROOF,proofs,plural_lower,singular_to_plural+lowercase,True
R O O F,r o o f s,ROOF,roofs,plural_lower,singular_to_plural+lowercase,True
S A F E,s a f e s,SAFE,safes,plural_lower,singular_to_plural+lowercase,True
G R I E F,g r i e f s,GRIEF,griefs,plural_lower,singular_to_plural+lowercase,True
R E E F,r e e f s,REEF,reefs,plural_lower,singular_to_plural+lowercase,True
G U L F,g u l f s,GULF,gulfs,plural_lower,singular_to_plural+lowercase,True
D W A R F,d w a r v e s,DWARF,dwarves,plural_lower,singular_to_plural+lowercase,True
H O O F,h o o v e s,HOOF,hooves,plural_lower,singular_to_plural+lowercase,True
D A T U M,d a t a,DATUM,data,plural_lower,singular_to_plural+lowercase,True
M E D I U M,m e d i a,MEDIUM,media,plural_lower,singular_to_plural+lowercase,True
C U R R I C U L U M,c u r r i c u l a,CURRICULUM,curricula,plural_lower,singular_to_plural+lowercase,True
P H E N O M E N O N,p h e n o m e n a,PHENOMENON,phenomena,plural_lower,singular_to_plural+lowercase,True
C R I T E R I O N,c r i t e r i a,CRITERION,criteria,plural_lower,singular_to_plural+lowercase,True
A N A L Y S I S,a n a l y s e s,ANALYSIS,analyses,plural_lower,singular_to_plural+lowercase,True
B A S I S,b a s e s,BASIS,bases,plural_lower,singular_to_plural+lowercase,True
C R I S I S,c r i s e s,CRISIS,crises,plural_lower,singular_to_plural+lowercase,True
T H E S I S,t h e s e s,THESIS,theses,plural_lower,singular_to_plural+lowercase,True
O A S I S,o a s e s,OASIS,oases,plural_lower,singular_to_plural+lowercase,True
A X I S,a x e s,AXIS,axes,plural_lower,singular_to_plural+lowercase,True
P A R E N T H E S I S,p a r e n t h e s e s,PARENTHESIS,parentheses,plural_lower,singular_to_plural+lowercase,True
c h i l d,n e r d l i h c,child,nerdlihc,plural_reverse,singular_to_plural+reverse,True
m o u s e,e c i m,mouse,ecim,plural_reverse,singular_to_plural+reverse,True
f o o t,t e e f,foot,teef,plural_reverse,singular_to_plural+reverse,True
t o o t h,h t e e t,tooth,hteet,plural_reverse,singular_to_plural+reverse,True
w o m a n,n e m o w,woman,nemow,plural_reverse,singular_to_plural+reverse,True
m a n,n e m,man,nem,plural_reverse,singular_to_plural+reverse,True
p e r s o n,e l p o e p,person,elpoep,plural_reverse,singular_to_plural+reverse,True
b i r d,s d r i b,bird,sdrib,plural_reverse,singular_to_plural+reverse,True
s h e e p,p e e h s,sheep,peehs,plural_reverse,singular_to_plural+reverse,True
d e e r,r e e d,deer,reed,plural_reverse,singular_to_plural+reverse,True
g o o s e,e s e e g,goose,eseeg,plural_reverse,singular_to_plural+reverse,True
o x,n e x o,ox,nexo,plural_reverse,singular_to_plural+reverse,True
c o m p u t e r,s r e t u p m o c,computer,sretupmoc,plural_reverse,singular_to_plural+reverse,True
p h o n e,s e n o h p,phone,senohp,plural_reverse,singular_to_plural+reverse,True
p e n,s n e p,pen,snep,plural_reverse,singular_to_plural+reverse,True
p e n c i l,s l i c n e p,pencil,slicnep,plural_reverse,singular_to_plural+reverse,True
p a p e r,s r e p a p,paper,srepap,plural_reverse,singular_to_plural+reverse,True
c u p,s p u c,cup,spuc,plural_reverse,singular_to_plural+reverse,True
g l a s s,s e s s a l g,glass,sessalg,plural_reverse,singular_to_plural+reverse,True
p l a t e,s e t a l p,plate,setalp,plural_reverse,singular_to_plural+reverse,True
k n i f e,s e v i n k,knife,sevink,plural_reverse,singular_to_plural+reverse,True
f o r k,s k r o f,fork,skrof,plural_reverse,singular_to_plural+reverse,True
s p o o n,s n o o p s,spoon,snoops,plural_reverse,singular_to_plural+reverse,True
a p p l e,s e l p p a,apple,selppa,plural_reverse,singular_to_plural+reverse,True
o r a n g e,s e g n a r o,orange,segnaro,plural_reverse,singular_to_plural+reverse,True
b a n a n a,s a n a n a b,banana,sananab,plural_reverse,singular_to_plural+reverse,True
p o t a t o,s e o t a t o p,potato,seotatop,plural_reverse,singular_to_plural+reverse,True
t o m a t o,s e o t a m o t,tomato,seotamot,plural_reverse,singular_to_plural+reverse,True
b o x,s e x o b,box,sexob,plural_reverse,singular_to_plural+reverse,True
b r u s h,s e h s u r b,brush,sehsurb,plural_reverse,singular_to_plural+reverse,True
w a t c h,s e h c t a w,watch,sehctaw,plural_reverse,singular_to_plural+reverse,True
b e a c h,s e h c a e b,beach,sehcaeb,plural_reverse,singular_to_plural+reverse,True
c l a s s,s e s s a l c,class,sessalc,plural_reverse,singular_to_plural+reverse,True
b u s,s e s u b,bus,sesub,plural_reverse,singular_to_plural+reverse,True
k i s s,s e s s i k,kiss,sessik,plural_reverse,singular_to_plural+reverse,True
d i s h,s e h s i d,dish,sehsid,plural_reverse,singular_to_plural+reverse,True
f o x,s e x o f,fox,sexof,plural_reverse,singular_to_plural+reverse,True
c h u r c h,s e h c r u h c,church,sehcruhc,plural_reverse,singular_to_plural+reverse,True
b a b y,s e i b a b,baby,seibab,plural_reverse,singular_to_plural+reverse,True
l a d y,s e i d a l,lady,seidal,plural_reverse,singular_to_plural+reverse,True
s t o r y,s e i r o t s,story,seirots,plural_reverse,singular_to_plural+reverse,True
p a r t y,s e i t r a p,party,seitrap,plural_reverse,singular_to_plural+reverse,True
l i b r a r y,s e i r a r b i l,library,seirarbil,plural_reverse,singular_to_plural+reverse,True
b e r r y,s e i r r e b,berry,seirreb,plural_reverse,singular_to_plural+reverse,True
b u t t e r f l y,s e i l f r e t t u b,butterfly,seilfrettub,plural_reverse,singular_to_plural+reverse,True
l e a f,s e v a e l,leaf,sevael,plural_reverse,singular_to_plural+reverse,True
w o l f,s e v l o w,wolf,sevlow,plural_reverse,singular_to_plural+reverse,True
l i f e,s e v i l,life,sevil,plural_reverse,singular_to_plural+reverse,True
w i f e,s e v i w,wife,seviw,plural_reverse,singular_to_plural+reverse,True
h a l f,s e v l a h,half,sevlah,plural_reverse,singular_to_plural+reverse,True
l o a f,s e v a o l,loaf,sevaol,plural_reverse,singular_to_plural+reverse,True
s h e l f,s e v l e h s,shelf,sevlehs,plural_reverse,singular_to_plural+reverse,True
t h i e f,s e v e i h t,thief,seveiht,plural_reverse,singular_to_plural+reverse,True
s c a r f,s e v r a c s,scarf,sevracs,plural_reverse,singular_to_plural+reverse,True
c a l f,s e v l a c,calf,sevlac,plural_reverse,singular_to_plural+reverse,True
h e r o,s e o r e h,hero,seoreh,plural_reverse,singular_to_plural+reverse,True
e c h o,s e o h c e,echo,seohce,plural_reverse,singular_to_plural+reverse,True
c a r g o,s e o g r a c,cargo,seograc,plural_reverse,singular_to_plural+reverse,True
m o s q u i t o,s e o t i u q s o m,mosquito,seotiuqsom,plural_reverse,singular_to_plural+reverse,True
v o l c a n o,s e o n a c l o v,volcano,seonaclov,plural_reverse,singular_to_plural+reverse,True
p i a n o,s o n a i p,piano,sonaip,plural_reverse,singular_to_plural+reverse,True
p h o t o,s o t o h p,photo,sotohp,plural_reverse,singular_to_plural+reverse,True
v i d e o,s o e d i v,video,soediv,plural_reverse,singular_to_plural+reverse,True
r a d i o,s o i d a r,radio,soidar,plural_reverse,singular_to_plural+reverse,True
s t u d i o,s o i d u t s,studio,soiduts,plural_reverse,singular_to_plural+reverse,True
t r e e,s e e r t,tree,seert,plural_reverse,singular_to_plural+reverse,True
k e y,s y e k,key,syek,plural_reverse,singular_to_plural+reverse,True
b o y,s y o b,boy,syob,plural_reverse,singular_to_plural+reverse,True
t o y,s y o t,toy,syot,plural_reverse,singular_to_plural+reverse,True
d a y,s y a d,day,syad,plural_reverse,singular_to_plural+reverse,True
w a y,s y a w,way,syaw,plural_reverse,singular_to_plural+reverse,True
e y e,s e y e,eye,seye,plural_reverse,singular_to_plural+reverse,True
g u y,s y u g,guy,syug,plural_reverse,singular_to_plural+reverse,True
r a y,s y a r,ray,syar,plural_reverse,singular_to_plural+reverse,True
b a y,s y a b,bay,syab,plural_reverse,singular_to_plural+reverse,True
a r m,s m r a,arm,smra,plural_reverse,singular_to_plural+reverse,True
l e g,s g e l,leg,sgel,plural_reverse,singular_to_plural+reverse,True
e a r,s r a e,ear,srae,plural_reverse,singular_to_plural+reverse,True
h a n d,s d n a h,hand,sdnah,plural_reverse,singular_to_plural+reverse,True
f i n g e r,s r e g n i f,finger,sregnif,plural_reverse,singular_to_plural+reverse,True
t o e,s e o t,toe,seot,plural_reverse,singular_to_plural+reverse,True
n o s e,s e s o n,nose,seson,plural_reverse,singular_to_plural+reverse,True
b o n e,s e n o b,bone,senob,plural_reverse,singular_to_plural+reverse,True
m u s c l e,s e l c s u m,muscle,selcsum,plural_reverse,singular_to_plural+reverse,True
n e r v e,s e v r e n,nerve,sevren,plural_reverse,singular_to_plural+reverse,True
v e i n,s n i e v,vein,sniev,plural_reverse,singular_to_plural+reverse,True
a r t e r y,s e i r e t r a,artery,seiretra,plural_reverse,singular_to_plural+reverse,True
l u n g,s g n u l,lung,sgnul,plural_reverse,singular_to_plural+reverse,True
k i d n e y,s y e n d i k,kidney,syendik,plural_reverse,singular_to_plural+reverse,True
l i v e r,s r e v i l,liver,srevil,plural_reverse,singular_to_plural+reverse,True
b r a i n,s n i a r b,brain,sniarb,plural_reverse,singular_to_plural+reverse,True
h e a r t,s t r a e h,heart,straeh,plural_reverse,singular_to_plural+reverse,True
s t o m a c h,s h c a m o t s,stomach,shcamots,plural_reverse,singular_to_plural+reverse,True
t e a c h e r,s r e h c a e t,teacher,srehcaet,plural_reverse,singular_to_plural+reverse,True
s t u d e n t,s t n e d u t s,student,stneduts,plural_reverse,singular_to_plural+reverse,True
d o c t o r,s r o t c o d,doctor,srotcod,plural_reverse,singular_to_plural+reverse,True
n u r s e,s e s r u n,nurse,sesrun,plural_reverse,singular_to_plural+reverse,True
f a r m e r,s r e m r a f,farmer,sremraf,plural_reverse,singular_to_plural+reverse,True
w o r k e r,s r e k r o w,worker,srekrow,plural_reverse,singular_to_plural+reverse,True
d r i v e r,s r e v i r d,driver,srevird,plural_reverse,singular_to_plural+reverse,True
p i l o t,s t o l i p,pilot,stolip,plural_reverse,singular_to_plural+reverse,True
s i n g e r,s r e g n i s,singer,sregnis,plural_reverse,singular_to_plural+reverse,True
d a n c e r,s r e c n a d,dancer,srecnad,plural_reverse,singular_to_plural+reverse,True
w r i t e r,s r e t i r w,writer,sretirw,plural_reverse,singular_to_plural+reverse,True
p a i n t e r,s r e t n i a p,painter,sretniap,plural_reverse,singular_to_plural+reverse,True
p l a y e r,s r e y a l p,player,sreyalp,plural_reverse,singular_to_plural+reverse,True
s w i m m e r,s r e m m i w s,swimmer,sremmiws,plural_reverse,singular_to_plural+reverse,True
r u n n e r,s r e n n u r,runner,srennur,plural_reverse,singular_to_plural+reverse,True
b u i l d e r,s r e d l i u b,builder,sredliub,plural_reverse,singular_to_plural+reverse,True
s o l d i e r,s r e i d l o s,soldier,sreidlos,plural_reverse,singular_to_plural+reverse,True
s a i l o r,s r o l i a s,sailor,srolias,plural_reverse,singular_to_plural+reverse,True
o f f i c e r,s r e c i f f o,officer,sreciffo,plural_reverse,singular_to_plural+reverse,True
l a w y e r,s r e y w a l,lawyer,sreywal,plural_reverse,singular_to_plural+reverse,True
e n g i n e e r,s r e e n i g n e,engineer,sreenigne,plural_reverse,singular_to_plural+reverse,True
s c i e n t i s t,s t s i t n e i c s,scientist,stsitneics,plural_reverse,singular_to_plural+reverse,True
m u s i c i a n,s n a i c i s u m,musician,snaicisum,plural_reverse,singular_to_plural+reverse,True
a r t i s t,s t s i t r a,artist,stsitra,plural_reverse,singular_to_plural+reverse,True
a c t o r,s r o t c a,actor,srotca,plural_reverse,singular_to_plural+reverse,True
a c t r e s s,s e s s e r t c a,actress,sessertca,plural_reverse,singular_to_plural+reverse,True
c h e f,s f e h c,chef,sfehc,plural_reverse,singular_to_plural+reverse,True
b a k e r,s r e k a b,baker,srekab,plural_reverse,singular_to_plural+reverse,True
b u t c h e r,s r e h c t u b,butcher,srehctub,plural_reverse,singular_to_plural+reverse,True
t a i l o r,s r o l i a t,tailor,sroliat,plural_reverse,singular_to_plural+reverse,True
c l e r k,s k r e l c,clerk,skrelc,plural_reverse,singular_to_plural+reverse,True
m a n a g e r,s r e g a n a m,manager,sreganam,plural_reverse,singular_to_plural+reverse,True
d i r e c t o r,s r o t c e r i d,director,srotcerid,plural_reverse,singular_to_plural+reverse,True
p r e s i d e n t,s t n e d i s e r p,president,stnediserp,plural_reverse,singular_to_plural+reverse,True
k i n g,s g n i k,king,sgnik,plural_reverse,singular_to_plural+reverse,True
q u e e n,s n e e u q,queen,sneeuq,plural_reverse,singular_to_plural+reverse,True
p r i n c e,s e c n i r p,prince,secnirp,plural_reverse,singular_to_plural+reverse,True
p r i n c e s s,s e s s e c n i r p,princess,sessecnirp,plural_reverse,singular_to_plural+reverse,True
e m p e r o r,s r o r e p m e,emperor,srorepme,plural_reverse,singular_to_plural+reverse,True
e m p r e s s,s e s s e r p m e,empress,sesserpme,plural_reverse,singular_to_plural+reverse,True
d u k e,s e k u d,duke,sekud,plural_reverse,singular_to_plural+reverse,True
d u c h e s s,s e s s e h c u d,duchess,sessehcud,plural_reverse,singular_to_plural+reverse,True
l o r d,s d r o l,lord,sdrol,plural_reverse,singular_to_plural+reverse,True
k n i g h t,s t h g i n k,knight,sthgink,plural_reverse,singular_to_plural+reverse,True
h e r o i n e,s e n i o r e h,heroine,senioreh,plural_reverse,singular_to_plural+reverse,True
v i l l a i n,s n i a l l i v,villain,snialliv,plural_reverse,singular_to_plural+reverse,True
s e l f,s e v l e s,self,sevles,plural_reverse,singular_to_plural+reverse,True
e l f,s e v l e,elf,sevle,plural_reverse,singular_to_plural+reverse,True
w h a r f,s e v r a h w,wharf,sevrahw,plural_reverse,singular_to_plural+reverse,True
b e l i e f,s f e i l e b,belief,sfeileb,plural_reverse,singular_to_plural+reverse,True
c h i e f,s f e i h c,chief,sfeihc,plural_reverse,singular_to_plural+reverse,True
c l i f f,s f f i l c,cliff,sffilc,plural_reverse,singular_to_plural+reverse,True
p r o o f,s f o o r p,proof,sfoorp,plural_reverse,singular_to_plural+reverse,True
r o o f,s f o o r,roof,sfoor,plural_reverse,singular_to_plural+reverse,True
s a f e,s e f a s,safe,sefas,plural_reverse,singular_to_plural+reverse,True
g r i e f,s f e i r g,grief,sfeirg,plural_reverse,singular_to_plural+reverse,True
r e e f,s f e e r,reef,sfeer,plural_reverse,singular_to_plural+reverse,True
g u l f,s f l u g,gulf,sflug,plural_reverse,singular_to_plural+reverse,True
d w a r f,s e v r a w d,dwarf,sevrawd,plural_reverse,singular_to_plural+reverse,True
h o o f,s e v o o h,hoof,sevooh,plural_reverse,singular_to_plural+reverse,True
d a t u m,a t a d,datum,atad,plural_reverse,singular_to_plural+reverse,True
m e d i u m,a i d e m,medium,aidem,plural_reverse,singular_to_plural+reverse,True
c u r r i c u l u m,a l u c i r r u c,curriculum,alucirruc,plural_reverse,singular_to_plural+reverse,True
p h e n o m e n o n,a n e m o n e h p,phenomenon,anemonehp,plural_reverse,singular_to_plural+reverse,True
c r i t e r i o n,a i r e t i r c,criterion,airetirc,plural_reverse,singular_to_plural+reverse,True
a n a l y s i s,s e s y l a n a,analysis,sesylana,plural_reverse,singular_to_plural+reverse,True
b a s i s,s e s a b,basis,sesab,plural_reverse,singular_to_plural+reverse,True
c r i s i s,s e s i r c,crisis,sesirc,plural_reverse,singular_to_plural+reverse,True
t h e s i s,s e s e h t,thesis,seseht,plural_reverse,singular_to_plural+reverse,True
o a s i s,s e s a o,oasis,sesao,plural_reverse,singular_to_plural+reverse,True
a x i s,s e x a,axis,sexa,plural_reverse,singular_to_plural+reverse,True
p a r e n t h e s i s,s e s e h t n e r a p,parenthesis,sesehtnerap,plural_reverse,singular_to_plural+reverse,True
c h i l d,c,child,c,plural_first,singular_to_plural+first_letter,True
m o u s e,m,mouse,m,plural_first,singular_to_plural+first_letter,True
f o o t,f,foot,f,plural_first,singular_to_plural+first_letter,True
t o o t h,t,tooth,t,plural_first,singular_to_plural+first_letter,True
w o m a n,w,woman,w,plural_first,singular_to_plural+first_letter,True
m a n,m,man,m,plural_first,singular_to_plural+first_letter,True
p e r s o n,p,person,p,plural_first,singular_to_plural+first_letter,True
b i r d,b,bird,b,plural_first,singular_to_plural+first_letter,True
s h e e p,s,sheep,s,plural_first,singular_to_plural+first_letter,True
d e e r,d,deer,d,plural_first,singular_to_plural+first_letter,True
g o o s e,g,goose,g,plural_first,singular_to_plural+first_letter,True
o x,o,ox,o,plural_first,singular_to_plural+first_letter,True
c o m p u t e r,c,computer,c,plural_first,singular_to_plural+first_letter,True
p h o n e,p,phone,p,plural_first,singular_to_plural+first_letter,True
p e n,p,pen,p,plural_first,singular_to_plural+first_letter,True
p e n c i l,p,pencil,p,plural_first,singular_to_plural+first_letter,True
p a p e r,p,paper,p,plural_first,singular_to_plural+first_letter,True
c u p,c,cup,c,plural_first,singular_to_plural+first_letter,True
g l a s s,g,glass,g,plural_first,singular_to_plural+first_letter,True
p l a t e,p,plate,p,plural_first,singular_to_plural+first_letter,True
k n i f e,k,knife,k,plural_first,singular_to_plural+first_letter,True
f o r k,f,fork,f,plural_first,singular_to_plural+first_letter,True
s p o o n,s,spoon,s,plural_first,singular_to_plural+first_letter,True
a p p l e,a,apple,a,plural_first,singular_to_plural+first_letter,True
o r a n g e,o,orange,o,plural_first,singular_to_plural+first_letter,True
b a n a n a,b,banana,b,plural_first,singular_to_plural+first_letter,True
p o t a t o,p,potato,p,plural_first,singular_to_plural+first_letter,True
t o m a t o,t,tomato,t,plural_first,singular_to_plural+first_letter,True
b o x,b,box,b,plural_first,singular_to_plural+first_letter,True
b r u s h,b,brush,b,plural_first,singular_to_plural+first_letter,True
w a t c h,w,watch,w,plural_first,singular_to_plural+first_letter,True
b e a c h,b,beach,b,plural_first,singular_to_plural+first_letter,True
c l a s s,c,class,c,plural_first,singular_to_plural+first_letter,True
b u s,b,bus,b,plural_first,singular_to_plural+first_letter,True
k i s s,k,kiss,k,plural_first,singular_to_plural+first_letter,True
d i s h,d,dish,d,plural_first,singular_to_plural+first_letter,True
f o x,f,fox,f,plural_first,singular_to_plural+first_letter,True
c h u r c h,c,church,c,plural_first,singular_to_plural+first_letter,True
b a b y,b,baby,b,plural_first,singular_to_plural+first_letter,True
l a d y,l,lady,l,plural_first,singular_to_plural+first_letter,True
s t o r y,s,story,s,plural_first,singular_to_plural+first_letter,True
p a r t y,p,party,p,plural_first,singular_to_plural+first_letter,True
l i b r a r y,l,library,l,plural_first,singular_to_plural+first_letter,True
b e r r y,b,berry,b,plural_first,singular_to_plural+first_letter,True
b u t t e r f l y,b,butterfly,b,plural_first,singular_to_plural+first_letter,True
l e a f,l,leaf,l,plural_first,singular_to_plural+first_letter,True
w o l f,w,wolf,w,plural_first,singular_to_plural+first_letter,True
l i f e,l,life,l,plural_first,singular_to_plural+first_letter,True
w i f e,w,wife,w,plural_first,singular_to_plural+first_letter,True
h a l f,h,half,h,plural_first,singular_to_plural+first_letter,True
l o a f,l,loaf,l,plural_first,singular_to_plural+first_letter,True
s h e l f,s,shelf,s,plural_first,singular_to_plural+first_letter,True
t h i e f,t,thief,t,plural_first,singular_to_plural+first_letter,True
s c a r f,s,scarf,s,plural_first,singular_to_plural+first_letter,True
c a l f,c,calf,c,plural_first,singular_to_plural+first_letter,True
h e r o,h,hero,h,plural_first,singular_to_plural+first_letter,True
e c h o,e,echo,e,plural_first,singular_to_plural+first_letter,True
c a r g o,c,cargo,c,plural_first,singular_to_plural+first_letter,True
m o s q u i t o,m,mosquito,m,plural_first,singular_to_plural+first_letter,True
v o l c a n o,v,volcano,v,plural_first,singular_to_plural+first_letter,True
p i a n o,p,piano,p,plural_first,singular_to_plural+first_letter,True
p h o t o,p,photo,p,plural_first,singular_to_plural+first_letter,True
v i d e o,v,video,v,plural_first,singular_to_plural+first_letter,True
r a d i o,r,radio,r,plural_first,singular_to_plural+first_letter,True
s t u d i o,s,studio,s,plural_first,singular_to_plural+first_letter,True
t r e e,t,tree,t,plural_first,singular_to_plural+first_letter,True
k e y,k,key,k,plural_first,singular_to_plural+first_letter,True
b o y,b,boy,b,plural_first,singular_to_plural+first_letter,True
t o y,t,toy,t,plural_first,singular_to_plural+first_letter,True
d a y,d,day,d,plural_first,singular_to_plural+first_letter,True
w a y,w,way,w,plural_first,singular_to_plural+first_letter,True
e y e,e,eye,e,plural_first,singular_to_plural+first_letter,True
g u y,g,guy,g,plural_first,singular_to_plural+first_letter,True
r a y,r,ray,r,plural_first,singular_to_plural+first_letter,True
b a y,b,bay,b,plural_first,singular_to_plural+first_letter,True
a r m,a,arm,a,plural_first,singular_to_plural+first_letter,True
l e g,l,leg,l,plural_first,singular_to_plural+first_letter,True
e a r,e,ear,e,plural_first,singular_to_plural+first_letter,True
h a n d,h,hand,h,plural_first,singular_to_plural+first_letter,True
f i n g e r,f,finger,f,plural_first,singular_to_plural+first_letter,True
t o e,t,toe,t,plural_first,singular_to_plural+first_letter,True
n o s e,n,nose,n,plural_first,singular_to_plural+first_letter,True
b o n e,b,bone,b,plural_first,singular_to_plural+first_letter,True
m u s c l e,m,muscle,m,plural_first,singular_to_plural+first_letter,True
n e r v e,n,nerve,n,plural_first,singular_to_plural+first_letter,True
v e i n,v,vein,v,plural_first,singular_to_plural+first_letter,True
a r t e r y,a,artery,a,plural_first,singular_to_plural+first_letter,True
l u n g,l,lung,l,plural_first,singular_to_plural+first_letter,True
k i d n e y,k,kidney,k,plural_first,singular_to_plural+first_letter,True
l i v e r,l,liver,l,plural_first,singular_to_plural+first_letter,True
b r a i n,b,brain,b,plural_first,singular_to_plural+first_letter,True
h e a r t,h,heart,h,plural_first,singular_to_plural+first_letter,True
s t o m a c h,s,stomach,s,plural_first,singular_to_plural+first_letter,True
t e a c h e r,t,teacher,t,plural_first,singular_to_plural+first_letter,True
s t u d e n t,s,student,s,plural_first,singular_to_plural+first_letter,True
d o c t o r,d,doctor,d,plural_first,singular_to_plural+first_letter,True
n u r s e,n,nurse,n,plural_first,singular_to_plural+first_letter,True
f a r m e r,f,farmer,f,plural_first,singular_to_plural+first_letter,True
w o r k e r,w,worker,w,plural_first,singular_to_plural+first_letter,True
d r i v e r,d,driver,d,plural_first,singular_to_plural+first_letter,True
p i l o t,p,pilot,p,plural_first,singular_to_plural+first_letter,True
s i n g e r,s,singer,s,plural_first,singular_to_plural+first_letter,True
d a n c e r,d,dancer,d,plural_first,singular_to_plural+first_letter,True
w r i t e r,w,writer,w,plural_first,singular_to_plural+first_letter,True
p a i n t e r,p,painter,p,plural_first,singular_to_plural+first_letter,True
p l a y e r,p,player,p,plural_first,singular_to_plural+first_letter,True
s w i m m e r,s,swimmer,s,plural_first,singular_to_plural+first_letter,True
r u n n e r,r,runner,r,plural_first,singular_to_plural+first_letter,True
b u i l d e r,b,builder,b,plural_first,singular_to_plural+first_letter,True
s o l d i e r,s,soldier,s,plural_first,singular_to_plural+first_letter,True
s a i l o r,s,sailor,s,plural_first,singular_to_plural+first_letter,True
o f f i c e r,o,officer,o,plural_first,singular_to_plural+first_letter,True
l a w y e r,l,lawyer,l,plural_first,singular_to_plural+first_letter,True
e n g i n e e r,e,engineer,e,plural_first,singular_to_plural+first_letter,True
s c i e n t i s t,s,scientist,s,plural_first,singular_to_plural+first_letter,True
m u s i c i a n,m,musician,m,plural_first,singular_to_plural+first_letter,True
a r t i s t,a,artist,a,plural_first,singular_to_plural+first_letter,True
a c t o r,a,actor,a,plural_first,singular_to_plural+first_letter,True
a c t r e s s,a,actress,a,plural_first,singular_to_plural+first_letter,True
c h e f,c,chef,c,plural_first,singular_to_plural+first_letter,True
b a k e r,b,baker,b,plural_first,singular_to_plural+first_letter,True
b u t c h e r,b,butcher,b,plural_first,singular_to_plural+first_letter,True
t a i l o r,t,tailor,t,plural_first,singular_to_plural+first_letter,True
c l e r k,c,clerk,c,plural_first,singular_to_plural+first_letter,True
m a n a g e r,m,manager,m,plural_first,singular_to_plural+first_letter,True
d i r e c t o r,d,director,d,plural_first,singular_to_plural+first_letter,True
p r e s i d e n t,p,president,p,plural_first,singular_to_plural+first_letter,True
k i n g,k,king,k,plural_first,singular_to_plural+first_letter,True
q u e e n,q,queen,q,plural_first,singular_to_plural+first_letter,True
p r i n c e,p,prince,p,plural_first,singular_to_plural+first_letter,True
p r i n c e s s,p,princess,p,plural_first,singular_to_plural+first_letter,True
e m p e r o r,e,emperor,e,plural_first,singular_to_plural+first_letter,True
e m p r e s s,e,empress,e,plural_first,singular_to_plural+first_letter,True
d u k e,d,duke,d,plural_first,singular_to_plural+first_letter,True
d u c h e s s,d,duchess,d,plural_first,singular_to_plural+first_letter,True
l o r d,l,lord,l,plural_first,singular_to_plural+first_letter,True
k n i g h t,k,knight,k,plural_first,singular_to_plural+first_letter,True
h e r o i n e,h,heroine,h,plural_first,singular_to_plural+first_letter,True
v i l l a i n,v,villain,v,plural_first,singular_to_plural+first_letter,True
s e l f,s,self,s,plural_first,singular_to_plural+first_letter,True
e l f,e,elf,e,plural_first,singular_to_plural+first_letter,True
w h a r f,w,wharf,w,plural_first,singular_to_plural+first_letter,True
b e l i e f,b,belief,b,plural_first,singular_to_plural+first_letter,True
c h i e f,c,chief,c,plural_first,singular_to_plural+first_letter,True
c l i f f,c,cliff,c,plural_first,singular_to_plural+first_letter,True
p r o o f,p,proof,p,plural_first,singular_to_plural+first_letter,True
r o o f,r,roof,r,plural_first,singular_to_plural+first_letter,True
s a f e,s,safe,s,plural_first,singular_to_plural+first_letter,True
g r i e f,g,grief,g,plural_first,singular_to_plural+first_letter,True
r e e f,r,reef,r,plural_first,singular_to_plural+first_letter,True
g u l f,g,gulf,g,plural_first,singular_to_plural+first_letter,True
d w a r f,d,dwarf,d,plural_first,singular_to_plural+first_letter,True
h o o f,h,hoof,h,plural_first,singular_to_plural+first_letter,True
d a t u m,d,datum,d,plural_first,singular_to_plural+first_letter,True
m e d i u m,m,medium,m,plural_first,singular_to_plural+first_letter,True
c u r r i c u l u m,c,curriculum,c,plural_first,singular_to_plural+first_letter,True
p h e n o m e n o n,p,phenomenon,p,plural_first,singular_to_plural+first_letter,True
c r i t e r i o n,c,criterion,c,plural_first,singular_to_plural+first_letter,True
a n a l y s i s,a,analysis,a,plural_first,singular_to_plural+first_letter,True
b a s i s,b,basis,b,plural_first,singular_to_plural+first_letter,True
c r i s i s,c,crisis,c,plural_first,singular_to_plural+first_letter,True
t h e s i s,t,thesis,t,plural_first,singular_to_plural+first_letter,True
o a s i s,o,oasis,o,plural_first,singular_to_plural+first_letter,True
a x i s,a,axis,a,plural_first,singular_to_plural+first_letter,True
p a r e n t h e s i s,p,parenthesis,p,plural_first,singular_to_plural+first_letter,True
r u n,G N I N N U R,run,GNINNUR,gerund_upper_reverse,present_to_gerund+uppercase+reverse,True
s w i m,G N I M M I W S,swim,GNIMMIWS,gerund_upper_reverse,present_to_gerund+uppercase+reverse,True
w a l k,G N I K L A W,walk,GNIKLAW,gerund_upper_reverse,present_to_gerund+uppercase+reverse,True
j u m p,G N I P M U J,jump,GNIPMUJ,gerund_upper_reverse,present_to_gerund+uppercase+reverse,True
d a n c e,G N I C N A D,dance,GNICNAD,gerund_upper_reverse,present_to_gerund+uppercase+reverse,True
s i n g,G N I G N I S,sing,GNIGNIS,gerund_upper_reverse,present_to_gerund+uppercase+reverse,True
r e a d,G N I D A E R,read,GNIDAER,gerund_upper_reverse,present_to_gerund+uppercase+reverse,True
w r i t e,G N I T I R W,write,GNITIRW,gerund_upper_reverse,present_to_gerund+uppercase+reverse,True
s l e e p,G N I P E E L S,sleep,GNIPEELS,gerund_upper_reverse,present_to_gerund+uppercase+reverse,True
e a t,G N I T A E,eat,GNITAE,gerund_upper_reverse,present_to_gerund+uppercase+reverse,True
d r i n k,G N I K N I R D,drink,GNIKNIRD,gerund_upper_reverse,present_to_gerund+uppercase+reverse,True
t a l k,G N I K L A T,talk,GNIKLAT,gerund_upper_reverse,present_to_gerund+uppercase+reverse,True
l i s t e n,G N I N E T S I L,listen,GNINETSIL,gerund_upper_reverse,present_to_gerund+uppercase+reverse,True
t h i n k,G N I K N I H T,think,GNIKNIHT,gerund_upper_reverse,present_to_gerund+uppercase+reverse,True
w o r k,G N I K R O W,work,GNIKROW,gerund_upper_reverse,present_to_gerund+uppercase+reverse,True
p l a y,G N I Y A L P,play,GNIYALP,gerund_upper_reverse,present_to_gerund+uppercase+reverse,True
s t u d y,G N I Y D U T S,study,GNIYDUTS,gerund_upper_reverse,present_to_gerund+uppercase+reverse,True
l e a r n,G N I N R A E L,learn,GNINRAEL,gerund_upper_reverse,present_to_gerund+uppercase+reverse,True
t e a c h,G N I H C A E T,teach,GNIHCAET,gerund_upper_reverse,present_to_gerund+uppercase+reverse,True
b u i l d,G N I D L I U B,build,GNIDLIUB,gerund_upper_reverse,present_to_gerund+uppercase+reverse,True
c r e a t e,G N I T A E R C,create,GNITAERC,gerund_upper_reverse,present_to_gerund+uppercase+reverse,True
p a i n t,G N I T N I A P,paint,GNITNIAP,gerund_upper_reverse,present_to_gerund+uppercase+reverse,True
d r a w,G N I W A R D,draw,GNIWARD,gerund_upper_reverse,present_to_gerund+uppercase+reverse,True
c o o k,G N I K O O C,cook,GNIKOOC,gerund_upper_reverse,present_to_gerund+uppercase+reverse,True
b a k e,G N I K A B,bake,GNIKAB,gerund_upper_reverse,present_to_gerund+uppercase+reverse,True
c l e a n,G N I N A E L C,clean,GNINAELC,gerund_upper_reverse,present_to_gerund+uppercase+reverse,True
w a s h,G N I H S A W,wash,GNIHSAW,gerund_upper_reverse,present_to_gerund+uppercase+reverse,True
d r i v e,G N I V I R D,drive,GNIVIRD,gerund_upper_reverse,present_to_gerund+uppercase+reverse,True
f l y,G N I Y L F,fly,GNIYLF,gerund_upper_reverse,present_to_gerund+uppercase+reverse,True
s a i l,G N I L I A S,sail,GNILIAS,gerund_upper_reverse,present_to_gerund+uppercase+reverse,True
c l i m b,G N I B M I L C,climb,GNIBMILC,gerund_upper_reverse,present_to_gerund+uppercase+reverse,True
h i k e,G N I K I H,hike,GNIKIH,gerund_upper_reverse,present_to_gerund+uppercase+reverse,True
b i k e,G N I K I B,bike,GNIKIB,gerund_upper_reverse,present_to_gerund+uppercase+reverse,True
s k i,G N I I K S,ski,GNIIKS,gerund_upper_reverse,present_to_gerund+uppercase+reverse,True
s k a t e,G N I T A K S,skate,GNITAKS,gerund_upper_reverse,present_to_gerund+uppercase+reverse,True
f i s h,G N I H S I F,fish,GNIHSIF,gerund_upper_reverse,present_to_gerund+uppercase+reverse,True
h u n t,G N I T N U H,hunt,GNITNUH,gerund_upper_reverse,present_to_gerund+uppercase+reverse,True
c a m p,G N I P M A C,camp,GNIPMAC,gerund_upper_reverse,present_to_gerund+uppercase+reverse,True
t r a v e l,G N I L E V A R T,travel,GNILEVART,gerund_upper_reverse,present_to_gerund+uppercase+reverse,True
e x p l o r e,G N I R O L P X E,explore,GNIROLPXE,gerund_upper_reverse,present_to_gerund+uppercase+reverse,True
l a u g h,G N I H G U A L,laugh,GNIHGUAL,gerund_upper_reverse,present_to_gerund+uppercase+reverse,True
s m i l e,G N I L I M S,smile,GNILIMS,gerund_upper_reverse,present_to_gerund+uppercase+reverse,True
c r y,G N I Y R C,cry,GNIYRC,gerund_upper_reverse,present_to_gerund+uppercase+reverse,True
s h o u t,G N I T U O H S,shout,GNITUOHS,gerund_upper_reverse,present_to_gerund+uppercase+reverse,True
w h i s p e r,G N I R E P S I H W,whisper,GNIREPSIHW,gerund_upper_reverse,present_to_gerund+uppercase+reverse,True
l o v e,G N I V O L,love,GNIVOL,gerund_upper_reverse,present_to_gerund+uppercase+reverse,True
h a t e,G N I T A H,hate,GNITAH,gerund_upper_reverse,present_to_gerund+uppercase+reverse,True
h e l p,G N I P L E H,help,GNIPLEH,gerund_upper_reverse,present_to_gerund+uppercase+reverse,True
s h a r e,G N I R A H S,share,GNIRAHS,gerund_upper_reverse,present_to_gerund+uppercase+reverse,True
c a r e,G N I R A C,care,GNIRAC,gerund_upper_reverse,present_to_gerund+uppercase+reverse,True
m e e t,G N I T E E M,meet,GNITEEM,gerund_upper_reverse,present_to_gerund+uppercase+reverse,True
s e e,G N I E E S,see,GNIEES,gerund_upper_reverse,present_to_gerund+uppercase+reverse,True
h e a r,G N I R A E H,hear,GNIRAEH,gerund_upper_reverse,present_to_gerund+uppercase+reverse,True
f e e l,G N I L E E F,feel,GNILEEF,gerund_upper_reverse,present_to_gerund+uppercase+reverse,True
s m e l l,G N I L L E M S,smell,GNILLEMS,gerund_upper_reverse,present_to_gerund+uppercase+reverse,True
t a s t e,G N I T S A T,taste,GNITSAT,gerund_upper_reverse,present_to_gerund+uppercase+reverse,True
t o u c h,G N I H C U O T,touch,GNIHCUOT,gerund_upper_reverse,present_to_gerund+uppercase+reverse,True
h o l d,G N I D L O H,hold,GNIDLOH,gerund_upper_reverse,present_to_gerund+uppercase+reverse,True
c a r r y,G N I Y R R A C,carry,GNIYRRAC,gerund_upper_reverse,present_to_gerund+uppercase+reverse,True
t h r o w,G N I W O R H T,throw,GNIWORHT,gerund_upper_reverse,present_to_gerund+uppercase+reverse,True
c a t c h,G N I H C T A C,catch,GNIHCTAC,gerund_upper_reverse,present_to_gerund+uppercase+reverse,True
p u s h,G N I H S U P,push,GNIHSUP,gerund_upper_reverse,present_to_gerund+uppercase+reverse,True
p u l l,G N I L L U P,pull,GNILLUP,gerund_upper_reverse,present_to_gerund+uppercase+reverse,True
o p e n,G N I N E P O,open,GNINEPO,gerund_upper_reverse,present_to_gerund+uppercase+reverse,True
c l o s e,G N I S O L C,close,GNISOLC,gerund_upper_reverse,present_to_gerund+uppercase+reverse,True
s t a r t,G N I T R A T S,start,GNITRATS,gerund_upper_reverse,present_to_gerund+uppercase+reverse,True
s t o p,G N I P P O T S,stop,GNIPPOTS,gerund_upper_reverse,present_to_gerund+uppercase+reverse,True
b e g i n,G N I N N I G E B,begin,GNINNIGEB,gerund_upper_reverse,present_to_gerund+uppercase+reverse,True
e n d,G N I D N E,end,GNIDNE,gerund_upper_reverse,present_to_gerund+uppercase+reverse,True
f i n i s h,G N I H S I N I F,finish,GNIHSINIF,gerund_upper_reverse,present_to_gerund+uppercase+reverse,True
s t a n d,G N I D N A T S,stand,GNIDNATS,gerund_upper_reverse,present_to_gerund+uppercase+reverse,True
s i t,G N I T T I S,sit,GNITTIS,gerund_upper_reverse,present_to_gerund+uppercase+reverse,True
l i e,G N I Y L,lie,GNIYL,gerund_upper_reverse,present_to_gerund+uppercase+reverse,True
k n e e l,G N I L E E N K,kneel,GNILEENK,gerund_upper_reverse,present_to_gerund+uppercase+reverse,True
b e n d,G N I D N E B,bend,GNIDNEB,gerund_upper_reverse,present_to_gerund+uppercase+reverse,True
s t r e t c h,G N I H C T E R T S,stretch,GNIHCTERTS,gerund_upper_reverse,present_to_gerund+uppercase+reverse,True
r e l a x,G N I X A L E R,relax,GNIXALER,gerund_upper_reverse,present_to_gerund+uppercase+reverse,True
r e s t,G N I T S E R,rest,GNITSER,gerund_upper_reverse,present_to_gerund+uppercase+reverse,True
w a i t,G N I T I A W,wait,GNITIAW,gerund_upper_reverse,present_to_gerund+uppercase+reverse,True
m o v e,G N I V O M,move,GNIVOM,gerund_upper_reverse,present_to_gerund+uppercase+reverse,True
l i v e,G N I V I L,live,GNIVIL,gerund_upper_reverse,present_to_gerund+uppercase+reverse,True
g i v e,G N I V I G,give,GNIVIG,gerund_upper_reverse,present_to_gerund+uppercase+reverse,True
t a k e,G N I K A T,take,GNIKAT,gerund_upper_reverse,present_to_gerund+uppercase+reverse,True
m a k e,G N I K A M,make,GNIKAM,gerund_upper_reverse,present_to_gerund+uppercase+reverse,True
c o m e,G N I M O C,come,GNIMOC,gerund_upper_reverse,present_to_gerund+uppercase+reverse,True
l e a v e,G N I V A E L,leave,GNIVAEL,gerund_upper_reverse,present_to_gerund+uppercase+reverse,True
a r r i v e,G N I V I R R A,arrive,GNIVIRRA,gerund_upper_reverse,present_to_gerund+uppercase+reverse,True
b e l i e v e,G N I V E I L E B,believe,GNIVEILEB,gerund_upper_reverse,present_to_gerund+uppercase+reverse,True
a c h i e v e,G N I V E I H C A,achieve,GNIVEIHCA,gerund_upper_reverse,present_to_gerund+uppercase+reverse,True
r e c e i v e,G N I V I E C E R,receive,GNIVIECER,gerund_upper_reverse,present_to_gerund+uppercase+reverse,True
d e c i d e,G N I D I C E D,decide,GNIDICED,gerund_upper_reverse,present_to_gerund+uppercase+reverse,True
h o p e,G N I P O H,hope,GNIPOH,gerund_upper_reverse,present_to_gerund+uppercase+reverse,True
c h a n g e,G N I G N A H C,change,GNIGNAHC,gerund_upper_reverse,present_to_gerund+uppercase+reverse,True
m a n a g e,G N I G A N A M,manage,GNIGANAM,gerund_upper_reverse,present_to_gerund+uppercase+reverse,True
i m p r o v e,G N I V O R P M I,improve,GNIVORPMI,gerund_upper_reverse,present_to_gerund+uppercase+reverse,True
p r a c t i c e,G N I C I T C A R P,practice,GNICITCARP,gerund_upper_reverse,present_to_gerund+uppercase+reverse,True
n o t i c e,G N I C I T O N,notice,GNICITON,gerund_upper_reverse,present_to_gerund+uppercase+reverse,True
r e a l i z e,G N I Z I L A E R,realize,GNIZILAER,gerund_upper_reverse,present_to_gerund+uppercase+reverse,True
o r g a n i z e,G N I Z I N A G R O,organize,GNIZINAGRO,gerund_upper_reverse,present_to_gerund+uppercase+reverse,True
r e c o g n i z e,G N I Z I N G O C E R,recognize,GNIZINGOCER,gerund_upper_reverse,present_to_gerund+uppercase+reverse,True
a p o l o g i z e,G N I Z I G O L O P A,apologize,GNIZIGOLOPA,gerund_upper_reverse,present_to_gerund+uppercase+reverse,True
c r i t i c i z e,G N I Z I C I T I R C,criticize,GNIZICITIRC,gerund_upper_reverse,present_to_gerund+uppercase+reverse,True
a d v e r t i s e,G N I S I T R E V D A,advertise,GNISITREVDA,gerund_upper_reverse,present_to_gerund+uppercase+reverse,True
e x e r c i s e,G N I S I C R E X E,exercise,GNISICREXE,gerund_upper_reverse,present_to_gerund+uppercase+reverse,True
s u r p r i s e,G N I S I R P R U S,surprise,GNISIRPRUS,gerund_upper_reverse,present_to_gerund+uppercase+reverse,True
p r o m i s e,G N I S I M O R P,promise,GNISIMORP,gerund_upper_reverse,present_to_gerund+uppercase+reverse,True
i m a g i n e,G N I N I G A M I,imagine,GNINIGAMI,gerund_upper_reverse,present_to_gerund+uppercase+reverse,True
e x a m i n e,G N I N I M A X E,examine,GNINIMAXE,gerund_upper_reverse,present_to_gerund+uppercase+reverse,True
d e t e r m i n e,G N I N I M R E T E D,determine,GNINIMRETED,gerund_upper_reverse,present_to_gerund+uppercase+reverse,True
c o n t i n u e,G N I U N I T N O C,continue,GNIUNITNOC,gerund_upper_reverse,present_to_gerund+uppercase+reverse,True
a r g u e,G N I U G R A,argue,GNIUGRA,gerund_upper_reverse,present_to_gerund+uppercase+reverse,True
i s s u e,G N I U S S I,issue,GNIUSSI,gerund_upper_reverse,present_to_gerund+uppercase+reverse,True
r e s c u e,G N I U C S E R,rescue,GNIUCSER,gerund_upper_reverse,present_to_gerund+uppercase+reverse,True
p u r s u e,G N I U S R U P,pursue,GNIUSRUP,gerund_upper_reverse,present_to_gerund+uppercase+reverse,True
v a l u e,G N I U L A V,value,GNIULAV,gerund_upper_reverse,present_to_gerund+uppercase+reverse,True
i n v i t e,G N I T I V N I,invite,GNITIVNI,gerund_upper_reverse,present_to_gerund+uppercase+reverse,True
e x c i t e,G N I T I C X E,excite,GNITICXE,gerund_upper_reverse,present_to_gerund+uppercase+reverse,True
u n i t e,G N I T I N U,unite,GNITINU,gerund_upper_reverse,present_to_gerund+uppercase+reverse,True
c o m p e t e,G N I T E P M O C,compete,GNITEPMOC,gerund_upper_reverse,present_to_gerund+uppercase+reverse,True
c o m p l e t e,G N I T E L P M O C,complete,GNITELPMOC,gerund_upper_reverse,present_to_gerund+uppercase+reverse,True
d e l e t e,G N I T E L E D,delete,GNITELED,gerund_upper_reverse,present_to_gerund+uppercase+reverse,True
g r e e t,G N I T E E R G,greet,GNITEERG,gerund_upper_reverse,present_to_gerund+uppercase+reverse,True
r e p e a t,G N I T A E P E R,repeat,GNITAEPER,gerund_upper_reverse,present_to_gerund+uppercase+reverse,True
d e f e a t,G N I T A E F E D,defeat,GNITAEFED,gerund_upper_reverse,present_to_gerund+uppercase+reverse,True
t r e a t,G N I T A E R T,treat,GNITAERT,gerund_upper_reverse,present_to_gerund+uppercase+reverse,True
r e l a t e,G N I T A L E R,relate,GNITALER,gerund_upper_reverse,present_to_gerund+uppercase+reverse,True
c e l e b r a t e,G N I T A R B E L E C,celebrate,GNITARBELEC,gerund_upper_reverse,present_to_gerund+uppercase+reverse,True
d e m o n s t r a t e,G N I T A R T S N O M E D,demonstrate,GNITARTSNOMED,gerund_upper_reverse,present_to_gerund+uppercase+reverse,True
h e s i t a t e,G N I T A T I S E H,hesitate,GNITATISEH,gerund_upper_reverse,present_to_gerund+uppercase+reverse,True
a p p r e c i a t e,G N I T A I C E R P P A,appreciate,GNITAICERPPA,gerund_upper_reverse,present_to_gerund+uppercase+reverse,True
c o m m u n i c a t e,G N I T A C I N U M M O C,communicate,GNITACINUMMOC,gerund_upper_reverse,present_to_gerund+uppercase+reverse,True
e d u c a t e,G N I T A C U D E,educate,GNITACUDE,gerund_upper_reverse,present_to_gerund+uppercase+reverse,True
i n v e s t i g a t e,G N I T A G I T S E V N I,investigate,GNITAGITSEVNI,gerund_upper_reverse,present_to_gerund+uppercase+reverse,True
c o n c e n t r a t e,G N I T A R T N E C N O C,concentrate,GNITARTNECNOC,gerund_upper_reverse,present_to_gerund+uppercase+reverse,True
c o o p e r a t e,G N I T A R E P O O C,cooperate,GNITAREPOOC,gerund_upper_reverse,present_to_gerund+uppercase+reverse,True
d e c o r a t e,G N I T A R O C E D,decorate,GNITAROCED,gerund_upper_reverse,present_to_gerund+uppercase+reverse,True
o p e r a t e,G N I T A R E P O,operate,GNITAREPO,gerund_upper_reverse,present_to_gerund+uppercase+reverse,True
s e p a r a t e,G N I T A R A P E S,separate,GNITARAPES,gerund_upper_reverse,present_to_gerund+uppercase+reverse,True
p a r t i c i p a t e,G N I T A P I C I T R A P,participate,GNITAPICITRAP,gerund_upper_reverse,present_to_gerund+uppercase+reverse,True
n a v i g a t e,G N I T A G I V A N,navigate,GNITAGIVAN,gerund_upper_reverse,present_to_gerund+uppercase+reverse,True
m o t i v a t e,G N I T A V I T O M,motivate,GNITAVITOM,gerund_upper_reverse,present_to_gerund+uppercase+reverse,True
a c t i v a t e,G N I T A V I T C A,activate,GNITAVITCA,gerund_upper_reverse,present_to_gerund+uppercase+reverse,True
i l l u s t r a t e,G N I T A R T S U L L I,illustrate,GNITARTSULLI,gerund_upper_reverse,present_to_gerund+uppercase+reverse,True
c a l c u l a t e,G N I T A L U C L A C,calculate,GNITALUCLAC,gerund_upper_reverse,present_to_gerund+uppercase+reverse,True
t r a n s l a t e,G N I T A L S N A R T,translate,GNITALSNART,gerund_upper_reverse,present_to_gerund+uppercase+reverse,True
a c c e l e r a t e,G N I T A R E L E C C A,accelerate,GNITARELECCA,gerund_upper_reverse,present_to_gerund+uppercase+reverse,True
d o m i n a t e,G N I T A N I M O D,dominate,GNITANIMOD,gerund_upper_reverse,present_to_gerund+uppercase+reverse,True
e l i m i n a t e,G N I T A N I M I L E,eliminate,GNITANIMILE,gerund_upper_reverse,present_to_gerund+uppercase+reverse,True
f a s c i n a t e,G N I T A N I C S A F,fascinate,GNITANICSAF,gerund_upper_reverse,present_to_gerund+uppercase+reverse,True
g e n e r a t e,G N I T A R E N E G,generate,GNITARENEG,gerund_upper_reverse,present_to_gerund+uppercase+reverse,True
i m i t a t e,G N I T A T I M I,imitate,GNITATIMI,gerund_upper_reverse,present_to_gerund+uppercase+reverse,True
i r r i t a t e,G N I T A T I R R I,irritate,GNITATIRRI,gerund_upper_reverse,present_to_gerund+uppercase+reverse,True
m e d i t a t e,G N I T A T I D E M,meditate,GNITATIDEM,gerund_upper_reverse,present_to_gerund+uppercase+reverse,True
n e g o t i a t e,G N I T A I T O G E N,negotiate,GNITAITOGEN,gerund_upper_reverse,present_to_gerund+uppercase+reverse,True
p e n e t r a t e,G N I T A R T E N E P,penetrate,GNITARTENEP,gerund_upper_reverse,present_to_gerund+uppercase+reverse,True
r a d i a t e,G N I T A I D A R,radiate,GNITAIDAR,gerund_upper_reverse,present_to_gerund+uppercase+reverse,True
r o t a t e,G N I T A T O R,rotate,GNITATOR,gerund_upper_reverse,present_to_gerund+uppercase+reverse,True
s t i m u l a t e,G N I T A L U M I T S,stimulate,GNITALUMITS,gerund_upper_reverse,present_to_gerund+uppercase+reverse,True
t o l e r a t e,G N I T A R E L O T,tolerate,GNITARELOT,gerund_upper_reverse,present_to_gerund+uppercase+reverse,True
v a l i d a t e,G N I T A D I L A V,validate,GNITADILAV,gerund_upper_reverse,present_to_gerund+uppercase+reverse,True
v i b r a t e,G N I T A R B I V,vibrate,GNITARBIV,gerund_upper_reverse,present_to_gerund+uppercase+reverse,True
a n t i c i p a t e,G N I T A P I C I T N A,anticipate,GNITAPICITNA,gerund_upper_reverse,present_to_gerund+uppercase+reverse,True
c o n t e m p l a t e,G N I T A L P M E T N O C,contemplate,GNITALPMETNOC,gerund_upper_reverse,present_to_gerund+uppercase+reverse,True
c o o r d i n a t e,G N I T A N I D R O O C,coordinate,GNITANIDROOC,gerund_upper_reverse,present_to_gerund+uppercase+reverse,True
c u l t i v a t e,G N I T A V I T L U C,cultivate,GNITAVITLUC,gerund_upper_reverse,present_to_gerund+uppercase+reverse,True
d e d i c a t e,G N I T A C I D E D,dedicate,GNITACIDED,gerund_upper_reverse,present_to_gerund+uppercase+reverse,True
d e s i g n a t e,G N I T A N G I S E D,designate,GNITANGISED,gerund_upper_reverse,present_to_gerund+uppercase+reverse,True
d e v i a t e,G N I T A I V E D,deviate,GNITAIVED,gerund_upper_reverse,present_to_gerund+uppercase+reverse,True
e s c a l a t e,G N I T A L A C S E,escalate,GNITALACSE,gerund_upper_reverse,present_to_gerund+uppercase+reverse,True
e v a l u a t e,G N I T A U L A V E,evaluate,GNITAULAVE,gerund_upper_reverse,present_to_gerund+uppercase+reverse,True
e v a p o r a t e,G N I T A R O P A V E,evaporate,GNITAROPAVE,gerund_upper_reverse,present_to_gerund+uppercase+reverse,True
e x a g g e r a t e,G N I T A R E G G A X E,exaggerate,GNITAREGGAXE,gerund_upper_reverse,present_to_gerund+uppercase+reverse,True
h i b e r n a t e,G N I T A N R E B I H,hibernate,GNITANREBIH,gerund_upper_reverse,present_to_gerund+uppercase+reverse,True
i n c o r p o r a t e,G N I T A R O P R O C N I,incorporate,GNITAROPROCNI,gerund_upper_reverse,present_to_gerund+uppercase+reverse,True
i n n o v a t e,G N I T A V O N N I,innovate,GNITAVONNI,gerund_upper_reverse,present_to_gerund+uppercase+reverse,True
i n t e g r a t e,G N I T A R G E T N I,integrate,GNITARGETNI,gerund_upper_reverse,present_to_gerund+uppercase+reverse,True
i n i t i a t e,G N I T A I T I N I,initiate,GNITAITINI,gerund_upper_reverse,present_to_gerund+uppercase+reverse,True
t e r m i n a t e,G N I T A N I M R E T,terminate,GNITANIMRET,gerund_upper_reverse,present_to_gerund+uppercase+reverse,True
c h i l d,N E R D L I H C,child,NERDLIHC,plural_upper_reverse,singular_to_plural+uppercase+reverse,True
m o u s e,E C I M,mouse,ECIM,plural_upper_reverse,singular_to_plural+uppercase+reverse,True
f o o t,T E E F,foot,TEEF,plural_upper_reverse,singular_to_plural+uppercase+reverse,True
t o o t h,H T E E T,tooth,HTEET,plural_upper_reverse,singular_to_plural+uppercase+reverse,True
w o m a n,N E M O W,woman,NEMOW,plural_upper_reverse,singular_to_plural+uppercase+reverse,True
m a n,N E M,man,NEM,plural_upper_reverse,singular_to_plural+uppercase+reverse,True
p e r s o n,E L P O E P,person,ELPOEP,plural_upper_reverse,singular_to_plural+uppercase+reverse,True
b i r d,S D R I B,bird,SDRIB,plural_upper_reverse,singular_to_plural+uppercase+reverse,True
s h e e p,P E E H S,sheep,PEEHS,plural_upper_reverse,singular_to_plural+uppercase+reverse,True
d e e r,R E E D,deer,REED,plural_upper_reverse,singular_to_plural+uppercase+reverse,True
g o o s e,E S E E G,goose,ESEEG,plural_upper_reverse,singular_to_plural+uppercase+reverse,True
o x,N E X O,ox,NEXO,plural_upper_reverse,singular_to_plural+uppercase+reverse,True
c o m p u t e r,S R E T U P M O C,computer,SRETUPMOC,plural_upper_reverse,singular_to_plural+uppercase+reverse,True
p h o n e,S E N O H P,phone,SENOHP,plural_upper_reverse,singular_to_plural+uppercase+reverse,True
p e n,S N E P,pen,SNEP,plural_upper_reverse,singular_to_plural+uppercase+reverse,True
p e n c i l,S L I C N E P,pencil,SLICNEP,plural_upper_reverse,singular_to_plural+uppercase+reverse,True
p a p e r,S R E P A P,paper,SREPAP,plural_upper_reverse,singular_to_plural+uppercase+reverse,True
c u p,S P U C,cup,SPUC,plural_upper_reverse,singular_to_plural+uppercase+reverse,True
g l a s s,S E S S A L G,glass,SESSALG,plural_upper_reverse,singular_to_plural+uppercase+reverse,True
p l a t e,S E T A L P,plate,SETALP,plural_upper_reverse,singular_to_plural+uppercase+reverse,True
k n i f e,S E V I N K,knife,SEVINK,plural_upper_reverse,singular_to_plural+uppercase+reverse,True
f o r k,S K R O F,fork,SKROF,plural_upper_reverse,singular_to_plural+uppercase+reverse,True
s p o o n,S N O O P S,spoon,SNOOPS,plural_upper_reverse,singular_to_plural+uppercase+reverse,True
a p p l e,S E L P P A,apple,SELPPA,plural_upper_reverse,singular_to_plural+uppercase+reverse,True
o r a n g e,S E G N A R O,orange,SEGNARO,plural_upper_reverse,singular_to_plural+uppercase+reverse,True
b a n a n a,S A N A N A B,banana,SANANAB,plural_upper_reverse,singular_to_plural+uppercase+reverse,True
p o t a t o,S E O T A T O P,potato,SEOTATOP,plural_upper_reverse,singular_to_plural+uppercase+reverse,True
t o m a t o,S E O T A M O T,tomato,SEOTAMOT,plural_upper_reverse,singular_to_plural+uppercase+reverse,True
b o x,S E X O B,box,SEXOB,plural_upper_reverse,singular_to_plural+uppercase+reverse,True
b r u s h,S E H S U R B,brush,SEHSURB,plural_upper_reverse,singular_to_plural+uppercase+reverse,True
w a t c h,S E H C T A W,watch,SEHCTAW,plural_upper_reverse,singular_to_plural+uppercase+reverse,True
b e a c h,S E H C A E B,beach,SEHCAEB,plural_upper_reverse,singular_to_plural+uppercase+reverse,True
c l a s s,S E S S A L C,class,SESSALC,plural_upper_reverse,singular_to_plural+uppercase+reverse,True
b u s,S E S U B,bus,SESUB,plural_upper_reverse,singular_to_plural+uppercase+reverse,True
k i s s,S E S S I K,kiss,SESSIK,plural_upper_reverse,singular_to_plural+uppercase+reverse,True
d i s h,S E H S I D,dish,SEHSID,plural_upper_reverse,singular_to_plural+uppercase+reverse,True
f o x,S E X O F,fox,SEXOF,plural_upper_reverse,singular_to_plural+uppercase+reverse,True
c h u r c h,S E H C R U H C,church,SEHCRUHC,plural_upper_reverse,singular_to_plural+uppercase+reverse,True
b a b y,S E I B A B,baby,SEIBAB,plural_upper_reverse,singular_to_plural+uppercase+reverse,True
l a d y,S E I D A L,lady,SEIDAL,plural_upper_reverse,singular_to_plural+uppercase+reverse,True
s t o r y,S E I R O T S,story,SEIROTS,plural_upper_reverse,singular_to_plural+uppercase+reverse,True
p a r t y,S E I T R A P,party,SEITRAP,plural_upper_reverse,singular_to_plural+uppercase+reverse,True
l i b r a r y,S E I R A R B I L,library,SEIRARBIL,plural_upper_reverse,singular_to_plural+uppercase+reverse,True
b e r r y,S E I R R E B,berry,SEIRREB,plural_upper_reverse,singular_to_plural+uppercase+reverse,True
b u t t e r f l y,S E I L F R E T T U B,butterfly,SEILFRETTUB,plural_upper_reverse,singular_to_plural+uppercase+reverse,True
l e a f,S E V A E L,leaf,SEVAEL,plural_upper_reverse,singular_to_plural+uppercase+reverse,True
w o l f,S E V L O W,wolf,SEVLOW,plural_upper_reverse,singular_to_plural+uppercase+reverse,True
l i f e,S E V I L,life,SEVIL,plural_upper_reverse,singular_to_plural+uppercase+reverse,True
w i f e,S E V I W,wife,SEVIW,plural_upper_reverse,singular_to_plural+uppercase+reverse,True
h a l f,S E V L A H,half,SEVLAH,plural_upper_reverse,singular_to_plural+uppercase+reverse,True
l o a f,S E V A O L,loaf,SEVAOL,plural_upper_reverse,singular_to_plural+uppercase+reverse,True
s h e l f,S E V L E H S,shelf,SEVLEHS,plural_upper_reverse,singular_to_plural+uppercase+reverse,True
t h i e f,S E V E I H T,thief,SEVEIHT,plural_upper_reverse,singular_to_plural+uppercase+reverse,True
s c a r f,S E V R A C S,scarf,SEVRACS,plural_upper_reverse,singular_to_plural+uppercase+reverse,True
c a l f,S E V L A C,calf,SEVLAC,plural_upper_reverse,singular_to_plural+uppercase+reverse,True
h e r o,S E O R E H,hero,SEOREH,plural_upper_reverse,singular_to_plural+uppercase+reverse,True
e c h o,S E O H C E,echo,SEOHCE,plural_upper_reverse,singular_to_plural+uppercase+reverse,True
c a r g o,S E O G R A C,cargo,SEOGRAC,plural_upper_reverse,singular_to_plural+uppercase+reverse,True
m o s q u i t o,S E O T I U Q S O M,mosquito,SEOTIUQSOM,plural_upper_reverse,singular_to_plural+uppercase+reverse,True
v o l c a n o,S E O N A C L O V,volcano,SEONACLOV,plural_upper_reverse,singular_to_plural+uppercase+reverse,True
p i a n o,S O N A I P,piano,SONAIP,plural_upper_reverse,singular_to_plural+uppercase+reverse,True
p h o t o,S O T O H P,photo,SOTOHP,plural_upper_reverse,singular_to_plural+uppercase+reverse,True
v i d e o,S O E D I V,video,SOEDIV,plural_upper_reverse,singular_to_plural+uppercase+reverse,True
r a d i o,S O I D A R,radio,SOIDAR,plural_upper_reverse,singular_to_plural+uppercase+reverse,True
s t u d i o,S O I D U T S,studio,SOIDUTS,plural_upper_reverse,singular_to_plural+uppercase+reverse,True
t r e e,S E E R T,tree,SEERT,plural_upper_reverse,singular_to_plural+uppercase+reverse,True
k e y,S Y E K,key,SYEK,plural_upper_reverse,singular_to_plural+uppercase+reverse,True
b o y,S Y O B,boy,SYOB,plural_upper_reverse,singular_to_plural+uppercase+reverse,True
t o y,S Y O T,toy,SYOT,plural_upper_reverse,singular_to_plural+uppercase+reverse,True
d a y,S Y A D,day,SYAD,plural_upper_reverse,singular_to_plural+uppercase+reverse,True
w a y,S Y A W,way,SYAW,plural_upper_reverse,singular_to_plural+uppercase+reverse,True
e y e,S E Y E,eye,SEYE,plural_upper_reverse,singular_to_plural+uppercase+reverse,True
g u y,S Y U G,guy,SYUG,plural_upper_reverse,singular_to_plural+uppercase+reverse,True
r a y,S Y A R,ray,SYAR,plural_upper_reverse,singular_to_plural+uppercase+reverse,True
b a y,S Y A B,bay,SYAB,plural_upper_reverse,singular_to_plural+uppercase+reverse,True
a r m,S M R A,arm,SMRA,plural_upper_reverse,singular_to_plural+uppercase+reverse,True
l e g,S G E L,leg,SGEL,plural_upper_reverse,singular_to_plural+uppercase+reverse,True
e a r,S R A E,ear,SRAE,plural_upper_reverse,singular_to_plural+uppercase+reverse,True
h a n d,S D N A H,hand,SDNAH,plural_upper_reverse,singular_to_plural+uppercase+reverse,True
f i n g e r,S R E G N I F,finger,SREGNIF,plural_upper_reverse,singular_to_plural+uppercase+reverse,True
t o e,S E O T,toe,SEOT,plural_upper_reverse,singular_to_plural+uppercase+reverse,True
n o s e,S E S O N,nose,SESON,plural_upper_reverse,singular_to_plural+uppercase+reverse,True
b o n e,S E N O B,bone,SENOB,plural_upper_reverse,singular_to_plural+uppercase+reverse,True
m u s c l e,S E L C S U M,muscle,SELCSUM,plural_upper_reverse,singular_to_plural+uppercase+reverse,True
n e r v e,S E V R E N,nerve,SEVREN,plural_upper_reverse,singular_to_plural+uppercase+reverse,True
v e i n,S N I E V,vein,SNIEV,plural_upper_reverse,singular_to_plural+uppercase+reverse,True
a r t e r y,S E I R E T R A,artery,SEIRETRA,plural_upper_reverse,singular_to_plural+uppercase+reverse,True
l u n g,S G N U L,lung,SGNUL,plural_upper_reverse,singular_to_plural+uppercase+reverse,True
k i d n e y,S Y E N D I K,kidney,SYENDIK,plural_upper_reverse,singular_to_plural+uppercase+reverse,True
l i v e r,S R E V I L,liver,SREVIL,plural_upper_reverse,singular_to_plural+uppercase+reverse,True
b r a i n,S N I A R B,brain,SNIARB,plural_upper_reverse,singular_to_plural+uppercase+reverse,True
h e a r t,S T R A E H,heart,STRAEH,plural_upper_reverse,singular_to_plural+uppercase+reverse,True
s t o m a c h,S H C A M O T S,stomach,SHCAMOTS,plural_upper_reverse,singular_to_plural+uppercase+reverse,True
t e a c h e r,S R E H C A E T,teacher,SREHCAET,plural_upper_reverse,singular_to_plural+uppercase+reverse,True
s t u d e n t,S T N E D U T S,student,STNEDUTS,plural_upper_reverse,singular_to_plural+uppercase+reverse,True
d o c t o r,S R O T C O D,doctor,SROTCOD,plural_upper_reverse,singular_to_plural+uppercase+reverse,True
n u r s e,S E S R U N,nurse,SESRUN,plural_upper_reverse,singular_to_plural+uppercase+reverse,True
f a r m e r,S R E M R A F,farmer,SREMRAF,plural_upper_reverse,singular_to_plural+uppercase+reverse,True
w o r k e r,S R E K R O W,worker,SREKROW,plural_upper_reverse,singular_to_plural+uppercase+reverse,True
d r i v e r,S R E V I R D,driver,SREVIRD,plural_upper_reverse,singular_to_plural+uppercase+reverse,True
p i l o t,S T O L I P,pilot,STOLIP,plural_upper_reverse,singular_to_plural+uppercase+reverse,True
s i n g e r,S R E G N I S,singer,SREGNIS,plural_upper_reverse,singular_to_plural+uppercase+reverse,True
d a n c e r,S R E C N A D,dancer,SRECNAD,plural_upper_reverse,singular_to_plural+uppercase+reverse,True
w r i t e r,S R E T I R W,writer,SRETIRW,plural_upper_reverse,singular_to_plural+uppercase+reverse,True
p a i n t e r,S R E T N I A P,painter,SRETNIAP,plural_upper_reverse,singular_to_plural+uppercase+reverse,True
p l a y e r,S R E Y A L P,player,SREYALP,plural_upper_reverse,singular_to_plural+uppercase+reverse,True
s w i m m e r,S R E M M I W S,swimmer,SREMMIWS,plural_upper_reverse,singular_to_plural+uppercase+reverse,True
r u n n e r,S R E N N U R,runner,SRENNUR,plural_upper_reverse,singular_to_plural+uppercase+reverse,True
b u i l d e r,S R E D L I U B,builder,SREDLIUB,plural_upper_reverse,singular_to_plural+uppercase+reverse,True
s o l d i e r,S R E I D L O S,soldier,SREIDLOS,plural_upper_reverse,singular_to_plural+uppercase+reverse,True
s a i l o r,S R O L I A S,sailor,SROLIAS,plural_upper_reverse,singular_to_plural+uppercase+reverse,True
o f f i c e r,S R E C I F F O,officer,SRECIFFO,plural_upper_reverse,singular_to_plural+uppercase+reverse,True
l a w y e r,S R E Y W A L,lawyer,SREYWAL,plural_upper_reverse,singular_to_plural+uppercase+reverse,True
e n g i n e e r,S R E E N I G N E,engineer,SREENIGNE,plural_upper_reverse,singular_to_plural+uppercase+reverse,True
s c i e n t i s t,S T S I T N E I C S,scientist,STSITNEICS,plural_upper_reverse,singular_to_plural+uppercase+reverse,True
m u s i c i a n,S N A I C I S U M,musician,SNAICISUM,plural_upper_reverse,singular_to_plural+uppercase+reverse,True
a r t i s t,S T S I T R A,artist,STSITRA,plural_upper_reverse,singular_to_plural+uppercase+reverse,True
a c t o r,S R O T C A,actor,SROTCA,plural_upper_reverse,singular_to_plural+uppercase+reverse,True
a c t r e s s,S E S S E R T C A,actress,SESSERTCA,plural_upper_reverse,singular_to_plural+uppercase+reverse,True
c h e f,S F E H C,chef,SFEHC,plural_upper_reverse,singular_to_plural+uppercase+reverse,True
b a k e r,S R E K A B,baker,SREKAB,plural_upper_reverse,singular_to_plural+uppercase+reverse,True
b u t c h e r,S R E H C T U B,butcher,SREHCTUB,plural_upper_reverse,singular_to_plural+uppercase+reverse,True
t a i l o r,S R O L I A T,tailor,SROLIAT,plural_upper_reverse,singular_to_plural+uppercase+reverse,True
c l e r k,S K R E L C,clerk,SKRELC,plural_upper_reverse,singular_to_plural+uppercase+reverse,True
m a n a g e r,S R E G A N A M,manager,SREGANAM,plural_upper_reverse,singular_to_plural+uppercase+reverse,True
d i r e c t o r,S R O T C E R I D,director,SROTCERID,plural_upper_reverse,singular_to_plural+uppercase+reverse,True
p r e s i d e n t,S T N E D I S E R P,president,STNEDISERP,plural_upper_reverse,singular_to_plural+uppercase+reverse,True
k i n g,S G N I K,king,SGNIK,plural_upper_reverse,singular_to_plural+uppercase+reverse,True
q u e e n,S N E E U Q,queen,SNEEUQ,plural_upper_reverse,singular_to_plural+uppercase+reverse,True
p r i n c e,S E C N I R P,prince,SECNIRP,plural_upper_reverse,singular_to_plural+uppercase+reverse,True
p r i n c e s s,S E S S E C N I R P,princess,SESSECNIRP,plural_upper_reverse,singular_to_plural+uppercase+reverse,True
e m p e r o r,S R O R E P M E,emperor,SROREPME,plural_upper_reverse,singular_to_plural+uppercase+reverse,True
e m p r e s s,S E S S E R P M E,empress,SESSERPME,plural_upper_reverse,singular_to_plural+uppercase+reverse,True
d u k e,S E K U D,duke,SEKUD,plural_upper_reverse,singular_to_plural+uppercase+reverse,True
d u c h e s s,S E S S E H C U D,duchess,SESSEHCUD,plural_upper_reverse,singular_to_plural+uppercase+reverse,True
l o r d,S D R O L,lord,SDROL,plural_upper_reverse,singular_to_plural+uppercase+reverse,True
k n i g h t,S T H G I N K,knight,STHGINK,plural_upper_reverse,singular_to_plural+uppercase+reverse,True
h e r o i n e,S E N I O R E H,heroine,SENIOREH,plural_upper_reverse,singular_to_plural+uppercase+reverse,True
v i l l a i n,S N I A L L I V,villain,SNIALLIV,plural_upper_reverse,singular_to_plural+uppercase+reverse,True
s e l f,S E V L E S,self,SEVLES,plural_upper_reverse,singular_to_plural+uppercase+reverse,True
e l f,S E V L E,elf,SEVLE,plural_upper_reverse,singular_to_plural+uppercase+reverse,True
w h a r f,S E V R A H W,wharf,SEVRAHW,plural_upper_reverse,singular_to_plural+uppercase+reverse,True
b e l i e f,S F E I L E B,belief,SFEILEB,plural_upper_reverse,singular_to_plural+uppercase+reverse,True
c h i e f,S F E I H C,chief,SFEIHC,plural_upper_reverse,singular_to_plural+uppercase+reverse,True
c l i f f,S F F I L C,cliff,SFFILC,plural_upper_reverse,singular_to_plural+uppercase+reverse,True
p r o o f,S F O O R P,proof,SFOORP,plural_upper_reverse,singular_to_plural+uppercase+reverse,True
r o o f,S F O O R,roof,SFOOR,plural_upper_reverse,singular_to_plural+uppercase+reverse,True
s a f e,S E F A S,safe,SEFAS,plural_upper_reverse,singular_to_plural+uppercase+reverse,True
g r i e f,S F E I R G,grief,SFEIRG,plural_upper_reverse,singular_to_plural+uppercase+reverse,True
r e e f,S F E E R,reef,SFEER,plural_upper_reverse,singular_to_plural+uppercase+reverse,True
g u l f,S F L U G,gulf,SFLUG,plural_upper_reverse,singular_to_plural+uppercase+reverse,True
d w a r f,S E V R A W D,dwarf,SEVRAWD,plural_upper_reverse,singular_to_plural+uppercase+reverse,True
h o o f,S E V O O H,hoof,SEVOOH,plural_upper_reverse,singular_to_plural+uppercase+reverse,True
d a t u m,A T A D,datum,ATAD,plural_upper_reverse,singular_to_plural+uppercase+reverse,True
m e d i u m,A I D E M,medium,AIDEM,plural_upper_reverse,singular_to_plural+uppercase+reverse,True
c u r r i c u l u m,A L U C I R R U C,curriculum,ALUCIRRUC,plural_upper_reverse,singular_to_plural+uppercase+reverse,True
p h e n o m e n o n,A N E M O N E H P,phenomenon,ANEMONEHP,plural_upper_reverse,singular_to_plural+uppercase+reverse,True
c r i t e r i o n,A I R E T I R C,criterion,AIRETIRC,plural_upper_reverse,singular_to_plural+uppercase+reverse,True
a n a l y s i s,S E S Y L A N A,analysis,SESYLANA,plural_upper_reverse,singular_to_plural+uppercase+reverse,True
b a s i s,S E S A B,basis,SESAB,plural_upper_reverse,singular_to_plural+uppercase+reverse,True
c r i s i s,S E S I R C,crisis,SESIRC,plural_upper_reverse,singular_to_plural+uppercase+reverse,True
t h e s i s,S E S E H T,thesis,SESEHT,plural_upper_reverse,singular_to_plural+uppercase+reverse,True
o a s i s,S E S A O,oasis,SESAO,plural_upper_reverse,singular_to_plural+uppercase+reverse,True
a x i s,S E X A,axis,SEXA,plural_upper_reverse,singular_to_plural+uppercase+reverse,True
p a r e n t h e s i s,S E S E H T N E R A P,parenthesis,SESEHTNERAP,plural_upper_reverse,singular_to_plural+uppercase+reverse,True
h e l l o,R U O J N O B,hello,RUOJNOB,translate_eng_fr_upper_reverse,translate_eng_fr+uppercase+reverse,True
g o o d b y e,R I O V E R   U A,goodbye,RIOVER UA,translate_eng_fr_upper_reverse,translate_eng_fr+uppercase+reverse,True
t h a n k   y o u,I C R E M,thank you,ICREM,translate_eng_fr_upper_reverse,translate_eng_fr+uppercase+reverse,True
p l e a s e,T Î A L P   S U O V   L I ' S,please,TÎALP SUOV LI'S,translate_eng_fr_upper_reverse,translate_eng_fr+uppercase+reverse,True
y e s,I U O,yes,IUO,translate_eng_fr_upper_reverse,translate_eng_fr+uppercase+reverse,True
n o,N O N,no,NON,translate_eng_fr_upper_reverse,translate_eng_fr+uppercase+reverse,True
w a t e r,U A E,water,UAE,translate_eng_fr_upper_reverse,translate_eng_fr+uppercase+reverse,True
h o u s e,N O S I A M,house,NOSIAM,translate_eng_fr_upper_reverse,translate_eng_fr+uppercase+reverse,True
c a t,T A H C,cat,TAHC,translate_eng_fr_upper_reverse,translate_eng_fr+uppercase+reverse,True
d o g,N E I H C,dog,NEIHC,translate_eng_fr_upper_reverse,translate_eng_fr+uppercase+reverse,True
g o o d   m o r n i n g,R U O J N O B,good morning,RUOJNOB,translate_eng_fr_upper_reverse,translate_eng_fr+uppercase+reverse,True
g o o d   e v e n i n g,R I O S N O B,good evening,RIOSNOB,translate_eng_fr_upper_reverse,translate_eng_fr+uppercase+reverse,True
g o o d   n i g h t,T I U N   E N N O B,good night,TIUN ENNOB,translate_eng_fr_upper_reverse,translate_eng_fr+uppercase+reverse,True
h o w   a r e   y o u,S U O V - Z E L L A   T N E M M O C,how are you,SUOV-ZELLA TNEMMOC,translate_eng_fr_upper_reverse,translate_eng_fr+uppercase+reverse,True
I   l o v e   y o u,E M I A ' T   E J,I love you,EMIA'T EJ,translate_eng_fr_upper_reverse,translate_eng_fr+uppercase+reverse,True
f r i e n d,I M A,friend,IMA,translate_eng_fr_upper_reverse,translate_eng_fr+uppercase+reverse,True
f a m i l y,E L L I M A F,family,ELLIMAF,translate_eng_fr_upper_reverse,translate_eng_fr+uppercase+reverse,True
f o o d,E R U T I R R U O N,food,ERUTIRRUON,translate_eng_fr_upper_reverse,translate_eng_fr+uppercase+reverse,True
b o o k,E R V I L,book,ERVIL,translate_eng_fr_upper_reverse,translate_eng_fr+uppercase+reverse,True
c a r,E R U T I O V,car,ERUTIOV,translate_eng_fr_upper_reverse,translate_eng_fr+uppercase+reverse,True
t r e e,E R B R A,tree,ERBRA,translate_eng_fr_upper_reverse,translate_eng_fr+uppercase+reverse,True
f l o w e r,R U E L F,flower,RUELF,translate_eng_fr_upper_reverse,translate_eng_fr+uppercase+reverse,True
s u n,L I E L O S,sun,LIELOS,translate_eng_fr_upper_reverse,translate_eng_fr+uppercase+reverse,True
m o o n,E N U L,moon,ENUL,translate_eng_fr_upper_reverse,translate_eng_fr+uppercase+reverse,True
s t a r,E L I O T É,star,ELIOTÉ,translate_eng_fr_upper_reverse,translate_eng_fr+uppercase+reverse,True
b r e a d,N I A P,bread,NIAP,translate_eng_fr_upper_reverse,translate_eng_fr+uppercase+reverse,True
c h e e s e,E G A M O R F,cheese,EGAMORF,translate_eng_fr_upper_reverse,translate_eng_fr+uppercase+reverse,True
w i n e,N I V,wine,NIV,translate_eng_fr_upper_reverse,translate_eng_fr+uppercase+reverse,True
c o f f e e,É F A C,coffee,ÉFAC,translate_eng_fr_upper_reverse,translate_eng_fr+uppercase+reverse,True
t e a,É H T,tea,ÉHT,translate_eng_fr_upper_reverse,translate_eng_fr+uppercase+reverse,True
m i l k,T I A L,milk,TIAL,translate_eng_fr_upper_reverse,translate_eng_fr+uppercase+reverse,True
s u g a r,E R C U S,sugar,ERCUS,translate_eng_fr_upper_reverse,translate_eng_fr+uppercase+reverse,True
s a l t,L E S,salt,LES,translate_eng_fr_upper_reverse,translate_eng_fr+uppercase+reverse,True
p e p p e r,E R V I O P,pepper,ERVIOP,translate_eng_fr_upper_reverse,translate_eng_fr+uppercase+reverse,True
t a b l e,E L B A T,table,ELBAT,translate_eng_fr_upper_reverse,translate_eng_fr+uppercase+reverse,True
c h a i r,E S I A H C,chair,ESIAHC,translate_eng_fr_upper_reverse,translate_eng_fr+uppercase+reverse,True
d o o r,E T R O P,door,ETROP,translate_eng_fr_upper_reverse,translate_eng_fr+uppercase+reverse,True
w i n d o w,E R T Ê N E F,window,ERTÊNEF,translate_eng_fr_upper_reverse,translate_eng_fr+uppercase+reverse,True
s t r e e t,E U R,street,EUR,translate_eng_fr_upper_reverse,translate_eng_fr+uppercase+reverse,True
c i t y,E L L I V,city,ELLIV,translate_eng_fr_upper_reverse,translate_eng_fr+uppercase+reverse,True
c o u n t r y,S Y A P,country,SYAP,translate_eng_fr_upper_reverse,translate_eng_fr+uppercase+reverse,True
w o r l d,E D N O M,world,EDNOM,translate_eng_fr_upper_reverse,translate_eng_fr+uppercase+reverse,True
t i m e,S P M E T,time,SPMET,translate_eng_fr_upper_reverse,translate_eng_fr+uppercase+reverse,True
d a y,R U O J,day,RUOJ,translate_eng_fr_upper_reverse,translate_eng_fr+uppercase+reverse,True
n i g h t,T I U N,night,TIUN,translate_eng_fr_upper_reverse,translate_eng_fr+uppercase+reverse,True
w e e k,E N I A M E S,week,ENIAMES,translate_eng_fr_upper_reverse,translate_eng_fr+uppercase+reverse,True
m o n t h,S I O M,month,SIOM,translate_eng_fr_upper_reverse,translate_eng_fr+uppercase+reverse,True
y e a r,N A,year,NA,translate_eng_fr_upper_reverse,translate_eng_fr+uppercase+reverse,True
t o d a y,I U H ' D R U O J U A,today,IUH'DRUOJUA,translate_eng_fr_upper_reverse,translate_eng_fr+uppercase+reverse,True
t o m o r r o w,N I A M E D,tomorrow,NIAMED,translate_eng_fr_upper_reverse,translate_eng_fr+uppercase+reverse,True
y e s t e r d a y,R E I H,yesterday,REIH,translate_eng_fr_upper_reverse,translate_eng_fr+uppercase+reverse,True
s c h o o l,E L O C É,school,ELOCÉ,translate_eng_fr_upper_reverse,translate_eng_fr+uppercase+reverse,True
s t u d e n t,T N A I D U T É,student,TNAIDUTÉ,translate_eng_fr_upper_reverse,translate_eng_fr+uppercase+reverse,True
t e a c h e r,R U E S S E F O R P,teacher,RUESSEFORP,translate_eng_fr_upper_reverse,translate_eng_fr+uppercase+reverse,True
h o r s e,L A V E H C,horse,LAVEHC,translate_eng_fr_upper_reverse,translate_eng_fr+uppercase+reverse,True
l e t t e r,E R T T E L,letter,ERTTEL,translate_eng_fr_upper_reverse,translate_eng_fr+uppercase+reverse,True
w o r d,T O M,word,TOM,translate_eng_fr_upper_reverse,translate_eng_fr+uppercase+reverse,True
s e n t e n c e,E S A R H P,sentence,ESARHP,translate_eng_fr_upper_reverse,translate_eng_fr+uppercase+reverse,True
p a g e,E G A P,page,EGAP,translate_eng_fr_upper_reverse,translate_eng_fr+uppercase+reverse,True
m u s i c,E U Q I S U M,music,EUQISUM,translate_eng_fr_upper_reverse,translate_eng_fr+uppercase+reverse,True
s o n g,N O S N A H C,song,NOSNAHC,translate_eng_fr_upper_reverse,translate_eng_fr+uppercase+reverse,True
g a m e,U E J,game,UEJ,translate_eng_fr_upper_reverse,translate_eng_fr+uppercase+reverse,True
s p o r t,T R O P S,sport,TROPS,translate_eng_fr_upper_reverse,translate_eng_fr+uppercase+reverse,True
b a l l,E L L A B,ball,ELLAB,translate_eng_fr_upper_reverse,translate_eng_fr+uppercase+reverse,True
h a n d,N I A M,hand,NIAM,translate_eng_fr_upper_reverse,translate_eng_fr+uppercase+reverse,True
h e a d,E T Ê T,head,ETÊT,translate_eng_fr_upper_reverse,translate_eng_fr+uppercase+reverse,True
e y e,L I Œ,eye,LIŒ,translate_eng_fr_upper_reverse,translate_eng_fr+uppercase+reverse,True
e a r,E L L I E R O,ear,ELLIERO,translate_eng_fr_upper_reverse,translate_eng_fr+uppercase+reverse,True
n o s e,Z E N,nose,ZEN,translate_eng_fr_upper_reverse,translate_eng_fr+uppercase+reverse,True
m o u t h,E H C U O B,mouth,EHCUOB,translate_eng_fr_upper_reverse,translate_eng_fr+uppercase+reverse,True
h e a r t,R U Œ C,heart,RUŒC,translate_eng_fr_upper_reverse,translate_eng_fr+uppercase+reverse,True
b r a i n,U A E V R E C,brain,UAEVREC,translate_eng_fr_upper_reverse,translate_eng_fr+uppercase+reverse,True
b o d y,S P R O C,body,SPROC,translate_eng_fr_upper_reverse,translate_eng_fr+uppercase+reverse,True
r e d,E G U O R,red,EGUOR,translate_eng_fr_upper_reverse,translate_eng_fr+uppercase+reverse,True
b l u e,U E L B,blue,UELB,translate_eng_fr_upper_reverse,translate_eng_fr+uppercase+reverse,True
g r e e n,T R E V,green,TREV,translate_eng_fr_upper_reverse,translate_eng_fr+uppercase+reverse,True
y e l l o w,E N U A J,yellow,ENUAJ,translate_eng_fr_upper_reverse,translate_eng_fr+uppercase+reverse,True
b l a c k,R I O N,black,RION,translate_eng_fr_upper_reverse,translate_eng_fr+uppercase+reverse,True
w h i t e,C N A L B,white,CNALB,translate_eng_fr_upper_reverse,translate_eng_fr+uppercase+reverse,True
p u r p l e,T E L O I V,purple,TELOIV,translate_eng_fr_upper_reverse,translate_eng_fr+uppercase+reverse,True
p i n k,E S O R,pink,ESOR,translate_eng_fr_upper_reverse,translate_eng_fr+uppercase+reverse,True
g r a y,S I R G,gray,SIRG,translate_eng_fr_upper_reverse,translate_eng_fr+uppercase+reverse,True
b r o w n,N O R R A M,brown,NORRAM,translate_eng_fr_upper_reverse,translate_eng_fr+uppercase+reverse,True
b i g,D N A R G,big,DNARG,translate_eng_fr_upper_reverse,translate_eng_fr+uppercase+reverse,True
s m a l l,T I T E P,small,TITEP,translate_eng_fr_upper_reverse,translate_eng_fr+uppercase+reverse,True
h o t,D U A H C,hot,DUAHC,translate_eng_fr_upper_reverse,translate_eng_fr+uppercase+reverse,True
c o l d,D I O R F,cold,DIORF,translate_eng_fr_upper_reverse,translate_eng_fr+uppercase+reverse,True
n e w,U A E V U O N,new,UAEVUON,translate_eng_fr_upper_reverse,translate_eng_fr+uppercase+reverse,True
o l d,X U E I V,old,XUEIV,translate_eng_fr_upper_reverse,translate_eng_fr+uppercase+reverse,True
g o o d,N O B,good,NOB,translate_eng_fr_upper_reverse,translate_eng_fr+uppercase+reverse,True
b a d,S I A V U A M,bad,SIAVUAM,translate_eng_fr_upper_reverse,translate_eng_fr+uppercase+reverse,True
h a p p y,X U E R U E H,happy,XUERUEH,translate_eng_fr_upper_reverse,translate_eng_fr+uppercase+reverse,True
s a d,E T S I R T,sad,ETSIRT,translate_eng_fr_upper_reverse,translate_eng_fr+uppercase+reverse,True
f a s t,E D I P A R,fast,EDIPAR,translate_eng_fr_upper_reverse,translate_eng_fr+uppercase+reverse,True
s l o w,T N E L,slow,TNEL,translate_eng_fr_upper_reverse,translate_eng_fr+uppercase+reverse,True
s t r o n g,T R O F,strong,TROF,translate_eng_fr_upper_reverse,translate_eng_fr+uppercase+reverse,True
w e a k,E L B I A F,weak,ELBIAF,translate_eng_fr_upper_reverse,translate_eng_fr+uppercase+reverse,True
b e a u t i f u l,U A E B,beautiful,UAEB,translate_eng_fr_upper_reverse,translate_eng_fr+uppercase+reverse,True
u g l y,D I A L,ugly,DIAL,translate_eng_fr_upper_reverse,translate_eng_fr+uppercase+reverse,True
y o u n g,E N U E J,young,ENUEJ,translate_eng_fr_upper_reverse,translate_eng_fr+uppercase+reverse,True
r i c h,E H C I R,rich,EHCIR,translate_eng_fr_upper_reverse,translate_eng_fr+uppercase+reverse,True
p o o r,E R V U A P,poor,ERVUAP,translate_eng_fr_upper_reverse,translate_eng_fr+uppercase+reverse,True
c l e a n,E R P O R P,clean,ERPORP,translate_eng_fr_upper_reverse,translate_eng_fr+uppercase+reverse,True
d i r t y,E L A S,dirty,ELAS,translate_eng_fr_upper_reverse,translate_eng_fr+uppercase+reverse,True
e a s y,E L I C A F,easy,ELICAF,translate_eng_fr_upper_reverse,translate_eng_fr+uppercase+reverse,True
d i f f i c u l t,E L I C I F F I D,difficult,ELICIFFID,translate_eng_fr_upper_reverse,translate_eng_fr+uppercase+reverse,True
l o n g,G N O L,long,GNOL,translate_eng_fr_upper_reverse,translate_eng_fr+uppercase+reverse,True
s h o r t,T R U O C,short,TRUOC,translate_eng_fr_upper_reverse,translate_eng_fr+uppercase+reverse,True
h i g h,T U A H,high,TUAH,translate_eng_fr_upper_reverse,translate_eng_fr+uppercase+reverse,True
l o w,S A B,low,SAB,translate_eng_fr_upper_reverse,translate_eng_fr+uppercase+reverse,True
w i d e,E G R A L,wide,EGRAL,translate_eng_fr_upper_reverse,translate_eng_fr+uppercase+reverse,True
n a r r o w,T I O R T É,narrow,TIORTÉ,translate_eng_fr_upper_reverse,translate_eng_fr+uppercase+reverse,True
h e a v y,D R U O L,heavy,DRUOL,translate_eng_fr_upper_reverse,translate_eng_fr+uppercase+reverse,True
l i g h t,R E G É L,light,REGÉL,translate_eng_fr_upper_reverse,translate_eng_fr+uppercase+reverse,True
f u l l,N I E L P,full,NIELP,translate_eng_fr_upper_reverse,translate_eng_fr+uppercase+reverse,True
e m p t y,E D I V,empty,EDIV,translate_eng_fr_upper_reverse,translate_eng_fr+uppercase+reverse,True
r i g h t,T I O R D,right,TIORD,translate_eng_fr_upper_reverse,translate_eng_fr+uppercase+reverse,True
l e f t,E H C U A G,left,EHCUAG,translate_eng_fr_upper_reverse,translate_eng_fr+uppercase+reverse,True
u p,T U A H,up,TUAH,translate_eng_fr_upper_reverse,translate_eng_fr+uppercase+reverse,True
d o w n,S A B,down,SAB,translate_eng_fr_upper_reverse,translate_eng_fr+uppercase+reverse,True
i n s i d e,S N A D E D,inside,SNADED,translate_eng_fr_upper_reverse,translate_eng_fr+uppercase+reverse,True
o u t s i d e,S R O H E D,outside,SROHED,translate_eng_fr_upper_reverse,translate_eng_fr+uppercase+reverse,True
f r o n t,T N A V E D,front,TNAVED,translate_eng_fr_upper_reverse,translate_eng_fr+uppercase+reverse,True
b a c k,E R È I R R E D,back,ERÈIRRED,translate_eng_fr_upper_reverse,translate_eng_fr+uppercase+reverse,True
n e a r,S È R P,near,SÈRP,translate_eng_fr_upper_reverse,translate_eng_fr+uppercase+reverse,True
f a r,N I O L,far,NIOL,translate_eng_fr_upper_reverse,translate_eng_fr+uppercase+reverse,True
f i r s t,R E I M E R P,first,REIMERP,translate_eng_fr_upper_reverse,translate_eng_fr+uppercase+reverse,True
l a s t,R E I N R E D,last,REINRED,translate_eng_fr_upper_reverse,translate_eng_fr+uppercase+reverse,True
o p e n,T R E V U O,open,TREVUO,translate_eng_fr_upper_reverse,translate_eng_fr+uppercase+reverse,True
c l o s e d,É M R E F,closed,ÉMREF,translate_eng_fr_upper_reverse,translate_eng_fr+uppercase+reverse,True
o n e,N U,one,NU,translate_eng_fr_upper_reverse,translate_eng_fr+uppercase+reverse,True
t w o,X U E D,two,XUED,translate_eng_fr_upper_reverse,translate_eng_fr+uppercase+reverse,True
t h r e e,S I O R T,three,SIORT,translate_eng_fr_upper_reverse,translate_eng_fr+uppercase+reverse,True
f o u r,E R T A U Q,four,ERTAUQ,translate_eng_fr_upper_reverse,translate_eng_fr+uppercase+reverse,True
f i v e,Q N I C,five,QNIC,translate_eng_fr_upper_reverse,translate_eng_fr+uppercase+reverse,True
s i x,X I S,six,XIS,translate_eng_fr_upper_reverse,translate_eng_fr+uppercase+reverse,True
s e v e n,T P E S,seven,TPES,translate_eng_fr_upper_reverse,translate_eng_fr+uppercase+reverse,True
e i g h t,T I U H,eight,TIUH,translate_eng_fr_upper_reverse,translate_eng_fr+uppercase+reverse,True
n i n e,F U E N,nine,FUEN,translate_eng_fr_upper_reverse,translate_eng_fr+uppercase+reverse,True
t e n,X I D,ten,XID,translate_eng_fr_upper_reverse,translate_eng_fr+uppercase+reverse,True
h u n d r e d,T N E C,hundred,TNEC,translate_eng_fr_upper_reverse,translate_eng_fr+uppercase+reverse,True
t h o u s a n d,E L L I M,thousand,ELLIM,translate_eng_fr_upper_reverse,translate_eng_fr+uppercase+reverse,True
b r o t h e r,E R È R F,brother,ERÈRF,translate_eng_fr_upper_reverse,translate_eng_fr+uppercase+reverse,True
s i s t e r,R U Œ S,sister,RUŒS,translate_eng_fr_upper_reverse,translate_eng_fr+uppercase+reverse,True
f a t h e r,E R È P,father,ERÈP,translate_eng_fr_upper_reverse,translate_eng_fr+uppercase+reverse,True
m o t h e r,E R È M,mother,ERÈM,translate_eng_fr_upper_reverse,translate_eng_fr+uppercase+reverse,True
s o n,S L I F,son,SLIF,translate_eng_fr_upper_reverse,translate_eng_fr+uppercase+reverse,True
d a u g h t e r,E L L I F,daughter,ELLIF,translate_eng_fr_upper_reverse,translate_eng_fr+uppercase+reverse,True
h u s b a n d,I R A M,husband,IRAM,translate_eng_fr_upper_reverse,translate_eng_fr+uppercase+reverse,True
w i f e,E M M E F,wife,EMMEF,translate_eng_fr_upper_reverse,translate_eng_fr+uppercase+reverse,True
g r a n d f a t h e r,E R È P - D N A R G,grandfather,ERÈP-DNARG,translate_eng_fr_upper_reverse,translate_eng_fr+uppercase+reverse,True
g r a n d m o t h e r,E R È M - D N A R G,grandmother,ERÈM-DNARG,translate_eng_fr_upper_reverse,translate_eng_fr+uppercase+reverse,True
u n c l e,E L C N O,uncle,ELCNO,translate_eng_fr_upper_reverse,translate_eng_fr+uppercase+reverse,True
a u n t,E T N A T,aunt,ETNAT,translate_eng_fr_upper_reverse,translate_eng_fr+uppercase+reverse,True
c o u s i n,N I S U O C,cousin,NISUOC,translate_eng_fr_upper_reverse,translate_eng_fr+uppercase+reverse,True
k i n g,I O R,king,IOR,translate_eng_fr_upper_reverse,translate_eng_fr+uppercase+reverse,True
q u e e n,E N I E R,queen,ENIER,translate_eng_fr_upper_reverse,translate_eng_fr+uppercase+reverse,True
p r i n c e,E C N I R P,prince,ECNIRP,translate_eng_fr_upper_reverse,translate_eng_fr+uppercase+reverse,True
p r i n c e s s,E S S E C N I R P,princess,ESSECNIRP,translate_eng_fr_upper_reverse,translate_eng_fr+uppercase+reverse,True
m a n,E M M O H,man,EMMOH,translate_eng_fr_upper_reverse,translate_eng_fr+uppercase+reverse,True
w o m a n,E M M E F,woman,EMMEF,translate_eng_fr_upper_reverse,translate_eng_fr+uppercase+reverse,True
b o y,N O Ç R A G,boy,NOÇRAG,translate_eng_fr_upper_reverse,translate_eng_fr+uppercase+reverse,True
g i r l,E L L I F,girl,ELLIF,translate_eng_fr_upper_reverse,translate_eng_fr+uppercase+reverse,True
b a b y,É B É B,baby,ÉBÉB,translate_eng_fr_upper_reverse,translate_eng_fr+uppercase+reverse,True
d o c t o r,N I C E D É M,doctor,NICEDÉM,translate_eng_fr_upper_reverse,translate_eng_fr+uppercase+reverse,True
n u r s e,E R È I M R I F N I,nurse,ERÈIMRIFNI,translate_eng_fr_upper_reverse,translate_eng_fr+uppercase+reverse,True
l a w y e r,T A C O V A,lawyer,TACOVA,translate_eng_fr_upper_reverse,translate_eng_fr+uppercase+reverse,True
p o l i c e,E C I L O P,police,ECILOP,translate_eng_fr_upper_reverse,translate_eng_fr+uppercase+reverse,True
s o l d i e r,T A D L O S,soldier,TADLOS,translate_eng_fr_upper_reverse,translate_eng_fr+uppercase+reverse,True
f a r m e r,R E I M R E F,farmer,REIMREF,translate_eng_fr_upper_reverse,translate_eng_fr+uppercase+reverse,True
w o r k e r,R E I R V U O,worker,REIRVUO,translate_eng_fr_upper_reverse,translate_eng_fr+uppercase+reverse,True
a r t i s t,E T S I T R A,artist,ETSITRA,translate_eng_fr_upper_reverse,translate_eng_fr+uppercase+reverse,True
m u s i c i a n,N E I C I S U M,musician,NEICISUM,translate_eng_fr_upper_reverse,translate_eng_fr+uppercase+reverse,True
h e l l o,A L O H,hello,ALOH,translate_eng_sp_upper_reverse,translate_eng_sp+uppercase+reverse,True
g o o d b y e,S Ó I D A,goodbye,SÓIDA,translate_eng_sp_upper_reverse,translate_eng_sp+uppercase+reverse,True
t h a n k   y o u,S A I C A R G,thank you,SAICARG,translate_eng_sp_upper_reverse,translate_eng_sp+uppercase+reverse,True
p l e a s e,R O V A F   R O P,please,ROVAF ROP,translate_eng_sp_upper_reverse,translate_eng_sp+uppercase+reverse,True
y e s,Í S,yes,ÍS,translate_eng_sp_upper_reverse,translate_eng_sp+uppercase+reverse,True
w a t e r,A U G A,water,AUGA,translate_eng_sp_upper_reverse,translate_eng_sp+uppercase+reverse,True
h o u s e,A S A C,house,ASAC,translate_eng_sp_upper_reverse,translate_eng_sp+uppercase+reverse,True
c a t,O T A G,cat,OTAG,translate_eng_sp_upper_reverse,translate_eng_sp+uppercase+reverse,True
d o g,O R R E P,dog,ORREP,translate_eng_sp_upper_reverse,translate_eng_sp+uppercase+reverse,True
g o o d   m o r n i n g,S A Í D   S O N E U B,good morning,SAÍD SONEUB,translate_eng_sp_upper_reverse,translate_eng_sp+uppercase+reverse,True
g o o d   e v e n i n g,S E D R A T   S A N E U B,good evening,SEDRAT SANEUB,translate_eng_sp_upper_reverse,translate_eng_sp+uppercase+reverse,True
g o o d   n i g h t,S E H C O N   S A N E U B,good night,SEHCON SANEUB,translate_eng_sp_upper_reverse,translate_eng_sp+uppercase+reverse,True
h o w   a r e   y o u,S Á T S E   O M Ó C,how are you,SÁTSE OMÓC,translate_eng_sp_upper_reverse,translate_eng_sp+uppercase+reverse,True
i   l o v e   y o u,O R E I U Q   E T,i love you,OREIUQ ET,translate_eng_sp_upper_reverse,translate_eng_sp+uppercase+reverse,True
f r i e n d,O G I M A,friend,OGIMA,translate_eng_sp_upper_reverse,translate_eng_sp+uppercase+reverse,True
f a m i l y,A I L I M A F,family,AILIMAF,translate_eng_sp_upper_reverse,translate_eng_sp+uppercase+reverse,True
f o o d,A D I M O C,food,ADIMOC,translate_eng_sp_upper_reverse,translate_eng_sp+uppercase+reverse,True
b o o k,O R B I L,book,ORBIL,translate_eng_sp_upper_reverse,translate_eng_sp+uppercase+reverse,True
c a r,E H C O C,car,EHCOC,translate_eng_sp_upper_reverse,translate_eng_sp+uppercase+reverse,True
t r e e,L O B R Á,tree,LOBRÁ,translate_eng_sp_upper_reverse,translate_eng_sp+uppercase+reverse,True
f l o w e r,R O L F,flower,ROLF,translate_eng_sp_upper_reverse,translate_eng_sp+uppercase+reverse,True
s u n,L O S,sun,LOS,translate_eng_sp_upper_reverse,translate_eng_sp+uppercase+reverse,True
m o o n,A N U L,moon,ANUL,translate_eng_sp_upper_reverse,translate_eng_sp+uppercase+reverse,True
s t a r,A L L E R T S E,star,ALLERTSE,translate_eng_sp_upper_reverse,translate_eng_sp+uppercase+reverse,True
b r e a d,N A P,bread,NAP,translate_eng_sp_upper_reverse,translate_eng_sp+uppercase+reverse,True
c h e e s e,O S E U Q,cheese,OSEUQ,translate_eng_sp_upper_reverse,translate_eng_sp+uppercase+reverse,True
w i n e,O N I V,wine,ONIV,translate_eng_sp_upper_reverse,translate_eng_sp+uppercase+reverse,True
t e a,É T,tea,ÉT,translate_eng_sp_upper_reverse,translate_eng_sp+uppercase+reverse,True
m i l k,E H C E L,milk,EHCEL,translate_eng_sp_upper_reverse,translate_eng_sp+uppercase+reverse,True
s u g a r,R A C Ú Z A,sugar,RACÚZA,translate_eng_sp_upper_reverse,translate_eng_sp+uppercase+reverse,True
s a l t,L A S,salt,LAS,translate_eng_sp_upper_reverse,translate_eng_sp+uppercase+reverse,True
p e p p e r,A T N E I M I P,pepper,ATNEIMIP,translate_eng_sp_upper_reverse,translate_eng_sp+uppercase+reverse,True
t a b l e,A S E M,table,ASEM,translate_eng_sp_upper_reverse,translate_eng_sp+uppercase+reverse,True
c h a i r,A L L I S,chair,ALLIS,translate_eng_sp_upper_reverse,translate_eng_sp+uppercase+reverse,True
d o o r,A T R E U P,door,ATREUP,translate_eng_sp_upper_reverse,translate_eng_sp+uppercase+reverse,True
w i n d o w,A N A T N E V,window,ANATNEV,translate_eng_sp_upper_reverse,translate_eng_sp+uppercase+reverse,True
s t r e e t,E L L A C,street,ELLAC,translate_eng_sp_upper_reverse,translate_eng_sp+uppercase+reverse,True
c i t y,D A D U I C,city,DADUIC,translate_eng_sp_upper_reverse,translate_eng_sp+uppercase+reverse,True
c o u n t r y,S Í A P,country,SÍAP,translate_eng_sp_upper_reverse,translate_eng_sp+uppercase+reverse,True
w o r l d,O D N U M,world,ODNUM,translate_eng_sp_upper_reverse,translate_eng_sp+uppercase+reverse,True
t i m e,O P M E I T,time,OPMEIT,translate_eng_sp_upper_reverse,translate_eng_sp+uppercase+reverse,True
d a y,A Í D,day,AÍD,translate_eng_sp_upper_reverse,translate_eng_sp+uppercase+reverse,True
n i g h t,E H C O N,night,EHCON,translate_eng_sp_upper_reverse,translate_eng_sp+uppercase+reverse,True
w e e k,A N A M E S,week,ANAMES,translate_eng_sp_upper_reverse,translate_eng_sp+uppercase+reverse,True
m o n t h,S E M,month,SEM,translate_eng_sp_upper_reverse,translate_eng_sp+uppercase+reverse,True
y e a r,O Ñ A,year,OÑA,translate_eng_sp_upper_reverse,translate_eng_sp+uppercase+reverse,True
t o d a y,Y O H,today,YOH,translate_eng_sp_upper_reverse,translate_eng_sp+uppercase+reverse,True
t o m o r r o w,A N A Ñ A M,tomorrow,ANAÑAM,translate_eng_sp_upper_reverse,translate_eng_sp+uppercase+reverse,True
y e s t e r d a y,R E Y A,yesterday,REYA,translate_eng_sp_upper_reverse,translate_eng_sp+uppercase+reverse,True
c h i l d,O Ñ I N,child,OÑIN,translate_eng_sp_upper_reverse,translate_eng_sp+uppercase+reverse,True
s c h o o l,A L E U C S E,school,ALEUCSE,translate_eng_sp_upper_reverse,translate_eng_sp+uppercase+reverse,True
s t u d e n t,E T N A I D U T S E,student,ETNAIDUTSE,translate_eng_sp_upper_reverse,translate_eng_sp+uppercase+reverse,True
t e a c h e r,R O S E F O R P,teacher,ROSEFORP,translate_eng_sp_upper_reverse,translate_eng_sp+uppercase+reverse,True
a p p l e,A N A Z N A M,apple,ANAZNAM,translate_eng_sp_upper_reverse,translate_eng_sp+uppercase+reverse,True
o r a n g e,A J N A R A N,orange,AJNARAN,translate_eng_sp_upper_reverse,translate_eng_sp+uppercase+reverse,True
f i s h,Z E P,fish,ZEP,translate_eng_sp_upper_reverse,translate_eng_sp+uppercase+reverse,True
b i r d,O R A J Á P,bird,ORAJÁP,translate_eng_sp_upper_reverse,translate_eng_sp+uppercase+reverse,True
h o r s e,O L L A B A C,horse,OLLABAC,translate_eng_sp_upper_reverse,translate_eng_sp+uppercase+reverse,True
l e t t e r,A T R A C,letter,ATRAC,translate_eng_sp_upper_reverse,translate_eng_sp+uppercase+reverse,True
w o r d,A R B A L A P,word,ARBALAP,translate_eng_sp_upper_reverse,translate_eng_sp+uppercase+reverse,True
s e n t e n c e,E S A R F,sentence,ESARF,translate_eng_sp_upper_reverse,translate_eng_sp+uppercase+reverse,True
p a g e,A N I G Á P,page,ANIGÁP,translate_eng_sp_upper_reverse,translate_eng_sp+uppercase+reverse,True
m u s i c,A C I S Ú M,music,ACISÚM,translate_eng_sp_upper_reverse,translate_eng_sp+uppercase+reverse,True
s o n g,N Ó I C N A C,song,NÓICNAC,translate_eng_sp_upper_reverse,translate_eng_sp+uppercase+reverse,True
d a n c e,E L I A B,dance,ELIAB,translate_eng_sp_upper_reverse,translate_eng_sp+uppercase+reverse,True
g a m e,O G E U J,game,OGEUJ,translate_eng_sp_upper_reverse,translate_eng_sp+uppercase+reverse,True
s p o r t,E T R O P E D,sport,ETROPED,translate_eng_sp_upper_reverse,translate_eng_sp+uppercase+reverse,True
b a l l,A T O L E P,ball,ATOLEP,translate_eng_sp_upper_reverse,translate_eng_sp+uppercase+reverse,True
h a n d,O N A M,hand,ONAM,translate_eng_sp_upper_reverse,translate_eng_sp+uppercase+reverse,True
f o o t,E I P,foot,EIP,translate_eng_sp_upper_reverse,translate_eng_sp+uppercase+reverse,True
h e a d,A Z E B A C,head,AZEBAC,translate_eng_sp_upper_reverse,translate_eng_sp+uppercase+reverse,True
e y e,O J O,eye,OJO,translate_eng_sp_upper_reverse,translate_eng_sp+uppercase+reverse,True
e a r,A J E R O,ear,AJERO,translate_eng_sp_upper_reverse,translate_eng_sp+uppercase+reverse,True
n o s e,Z I R A N,nose,ZIRAN,translate_eng_sp_upper_reverse,translate_eng_sp+uppercase+reverse,True
m o u t h,A C O B,mouth,ACOB,translate_eng_sp_upper_reverse,translate_eng_sp+uppercase+reverse,True
h e a r t,N Ó Z A R O C,heart,NÓZAROC,translate_eng_sp_upper_reverse,translate_eng_sp+uppercase+reverse,True
b r a i n,O R B E R E C,brain,ORBEREC,translate_eng_sp_upper_reverse,translate_eng_sp+uppercase+reverse,True
b o d y,O P R E U C,body,OPREUC,translate_eng_sp_upper_reverse,translate_eng_sp+uppercase+reverse,True
r e d,O J O R,red,OJOR,translate_eng_sp_upper_reverse,translate_eng_sp+uppercase+reverse,True
b l u e,L U Z A,blue,LUZA,translate_eng_sp_upper_reverse,translate_eng_sp+uppercase+reverse,True
g r e e n,E D R E V,green,EDREV,translate_eng_sp_upper_reverse,translate_eng_sp+uppercase+reverse,True
y e l l o w,O L L I R A M A,yellow,OLLIRAMA,translate_eng_sp_upper_reverse,translate_eng_sp+uppercase+reverse,True
b l a c k,O R G E N,black,ORGEN,translate_eng_sp_upper_reverse,translate_eng_sp+uppercase+reverse,True
w h i t e,O C N A L B,white,OCNALB,translate_eng_sp_upper_reverse,translate_eng_sp+uppercase+reverse,True
p u r p l e,O D A R O M,purple,ODAROM,translate_eng_sp_upper_reverse,translate_eng_sp+uppercase+reverse,True
p i n k,A S O R,pink,ASOR,translate_eng_sp_upper_reverse,translate_eng_sp+uppercase+reverse,True
g r a y,S I R G,gray,SIRG,translate_eng_sp_upper_reverse,translate_eng_sp+uppercase+reverse,True
b r o w n,N Ó R R A M,brown,NÓRRAM,translate_eng_sp_upper_reverse,translate_eng_sp+uppercase+reverse,True
b i g,E D N A R G,big,EDNARG,translate_eng_sp_upper_reverse,translate_eng_sp+uppercase+reverse,True
s m a l l,O Ñ E U Q E P,small,OÑEUQEP,translate_eng_sp_upper_reverse,translate_eng_sp+uppercase+reverse,True
h o t,E T N E I L A C,hot,ETNEILAC,translate_eng_sp_upper_reverse,translate_eng_sp+uppercase+reverse,True
c o l d,O Í R F,cold,OÍRF,translate_eng_sp_upper_reverse,translate_eng_sp+uppercase+reverse,True
n e w,O V E U N,new,OVEUN,translate_eng_sp_upper_reverse,translate_eng_sp+uppercase+reverse,True
o l d,O J E I V,old,OJEIV,translate_eng_sp_upper_reverse,translate_eng_sp+uppercase+reverse,True
g o o d,O N E U B,good,ONEUB,translate_eng_sp_upper_reverse,translate_eng_sp+uppercase+reverse,True
b a d,O L A M,bad,OLAM,translate_eng_sp_upper_reverse,translate_eng_sp+uppercase+reverse,True
h a p p y,Z I L E F,happy,ZILEF,translate_eng_sp_upper_reverse,translate_eng_sp+uppercase+reverse,True
s a d,E T S I R T,sad,ETSIRT,translate_eng_sp_upper_reverse,translate_eng_sp+uppercase+reverse,True
f a s t,O D I P Á R,fast,ODIPÁR,translate_eng_sp_upper_reverse,translate_eng_sp+uppercase+reverse,True
s l o w,O T N E L,slow,OTNEL,translate_eng_sp_upper_reverse,translate_eng_sp+uppercase+reverse,True
s t r o n g,E T R E U F,strong,ETREUF,translate_eng_sp_upper_reverse,translate_eng_sp+uppercase+reverse,True
w e a k,L I B É D,weak,LIBÉD,translate_eng_sp_upper_reverse,translate_eng_sp+uppercase+reverse,True
b e a u t i f u l,O S O M R E H,beautiful,OSOMREH,translate_eng_sp_upper_reverse,translate_eng_sp+uppercase+reverse,True
u g l y,O E F,ugly,OEF,translate_eng_sp_upper_reverse,translate_eng_sp+uppercase+reverse,True
y o u n g,N E V O J,young,NEVOJ,translate_eng_sp_upper_reverse,translate_eng_sp+uppercase+reverse,True
r i c h,O C I R,rich,OCIR,translate_eng_sp_upper_reverse,translate_eng_sp+uppercase+reverse,True
p o o r,E R B O P,poor,ERBOP,translate_eng_sp_upper_reverse,translate_eng_sp+uppercase+reverse,True
c l e a n,O I P M I L,clean,OIPMIL,translate_eng_sp_upper_reverse,translate_eng_sp+uppercase+reverse,True
d i r t y,O I C U S,dirty,OICUS,translate_eng_sp_upper_reverse,translate_eng_sp+uppercase+reverse,True
e a s y,L I C Á F,easy,LICÁF,translate_eng_sp_upper_reverse,translate_eng_sp+uppercase+reverse,True
d i f f i c u l t,L I C Í F I D,difficult,LICÍFID,translate_eng_sp_upper_reverse,translate_eng_sp+uppercase+reverse,True
l o n g,O G R A L,long,OGRAL,translate_eng_sp_upper_reverse,translate_eng_sp+uppercase+reverse,True
s h o r t,O T R O C,short,OTROC,translate_eng_sp_upper_reverse,translate_eng_sp+uppercase+reverse,True
h i g h,O T L A,high,OTLA,translate_eng_sp_upper_reverse,translate_eng_sp+uppercase+reverse,True
l o w,O J A B,low,OJAB,translate_eng_sp_upper_reverse,translate_eng_sp+uppercase+reverse,True
w i d e,O H C N A,wide,OHCNA,translate_eng_sp_upper_reverse,translate_eng_sp+uppercase+reverse,True
n a r r o w,O H C E R T S E,narrow,OHCERTSE,translate_eng_sp_upper_reverse,translate_eng_sp+uppercase+reverse,True
h e a v y,O D A S E P,heavy,ODASEP,translate_eng_sp_upper_reverse,translate_eng_sp+uppercase+reverse,True
l i g h t,O R E G I L,light,OREGIL,translate_eng_sp_upper_reverse,translate_eng_sp+uppercase+reverse,True
f u l l,O N E L L,full,ONELL,translate_eng_sp_upper_reverse,translate_eng_sp+uppercase+reverse,True
e m p t y,O Í C A V,empty,OÍCAV,translate_eng_sp_upper_reverse,translate_eng_sp+uppercase+reverse,True
r i g h t,O H C E R E D,right,OHCERED,translate_eng_sp_upper_reverse,translate_eng_sp+uppercase+reverse,True
l e f t,O D R E I U Q Z I,left,ODREIUQZI,translate_eng_sp_upper_reverse,translate_eng_sp+uppercase+reverse,True
u p,A B I R R A,up,ABIRRA,translate_eng_sp_upper_reverse,translate_eng_sp+uppercase+reverse,True
d o w n,O J A B A,down,OJABA,translate_eng_sp_upper_reverse,translate_eng_sp+uppercase+reverse,True
i n s i d e,O R T N E D,inside,ORTNED,translate_eng_sp_upper_reverse,translate_eng_sp+uppercase+reverse,True
o u t s i d e,A R E U F,outside,AREUF,translate_eng_sp_upper_reverse,translate_eng_sp+uppercase+reverse,True
f r o n t,E T N E R F,front,ETNERF,translate_eng_sp_upper_reverse,translate_eng_sp+uppercase+reverse,True
b a c k,S Á R T A,back,SÁRTA,translate_eng_sp_upper_reverse,translate_eng_sp+uppercase+reverse,True
n e a r,A C R E C,near,ACREC,translate_eng_sp_upper_reverse,translate_eng_sp+uppercase+reverse,True
f a r,S O J E L,far,SOJEL,translate_eng_sp_upper_reverse,translate_eng_sp+uppercase+reverse,True
f i r s t,O R E M I R P,first,OREMIRP,translate_eng_sp_upper_reverse,translate_eng_sp+uppercase+reverse,True
l a s t,O M I T L Ú,last,OMITLÚ,translate_eng_sp_upper_reverse,translate_eng_sp+uppercase+reverse,True
o p e n,O T R E I B A,open,OTREIBA,translate_eng_sp_upper_reverse,translate_eng_sp+uppercase+reverse,True
c l o s e d,O D A R R E C,closed,ODARREC,translate_eng_sp_upper_reverse,translate_eng_sp+uppercase+reverse,True
o n e,O N U,one,ONU,translate_eng_sp_upper_reverse,translate_eng_sp+uppercase+reverse,True
t w o,S O D,two,SOD,translate_eng_sp_upper_reverse,translate_eng_sp+uppercase+reverse,True
t h r e e,S E R T,three,SERT,translate_eng_sp_upper_reverse,translate_eng_sp+uppercase+reverse,True
f o u r,O R T A U C,four,ORTAUC,translate_eng_sp_upper_reverse,translate_eng_sp+uppercase+reverse,True
f i v e,O C N I C,five,OCNIC,translate_eng_sp_upper_reverse,translate_eng_sp+uppercase+reverse,True
s i x,S I E S,six,SIES,translate_eng_sp_upper_reverse,translate_eng_sp+uppercase+reverse,True
s e v e n,E T E I S,seven,ETEIS,translate_eng_sp_upper_reverse,translate_eng_sp+uppercase+reverse,True
e i g h t,O H C O,eight,OHCO,translate_eng_sp_upper_reverse,translate_eng_sp+uppercase+reverse,True
n i n e,E V E U N,nine,EVEUN,translate_eng_sp_upper_reverse,translate_eng_sp+uppercase+reverse,True
t e n,Z E I D,ten,ZEID,translate_eng_sp_upper_reverse,translate_eng_sp+uppercase+reverse,True
h u n d r e d,N E I C,hundred,NEIC,translate_eng_sp_upper_reverse,translate_eng_sp+uppercase+reverse,True
t h o u s a n d,L I M,thousand,LIM,translate_eng_sp_upper_reverse,translate_eng_sp+uppercase+reverse,True
b r o t h e r,O N A M R E H,brother,ONAMREH,translate_eng_sp_upper_reverse,translate_eng_sp+uppercase+reverse,True
s i s t e r,A N A M R E H,sister,ANAMREH,translate_eng_sp_upper_reverse,translate_eng_sp+uppercase+reverse,True
f a t h e r,E R D A P,father,ERDAP,translate_eng_sp_upper_reverse,translate_eng_sp+uppercase+reverse,True
m o t h e r,E R D A M,mother,ERDAM,translate_eng_sp_upper_reverse,translate_eng_sp+uppercase+reverse,True
s o n,O J I H,son,OJIH,translate_eng_sp_upper_reverse,translate_eng_sp+uppercase+reverse,True
d a u g h t e r,A J I H,daughter,AJIH,translate_eng_sp_upper_reverse,translate_eng_sp+uppercase+reverse,True
h u s b a n d,O S O P S E,husband,OSOPSE,translate_eng_sp_upper_reverse,translate_eng_sp+uppercase+reverse,True
w i f e,A S O P S E,wife,ASOPSE,translate_eng_sp_upper_reverse,translate_eng_sp+uppercase+reverse,True
g r a n d f a t h e r,O L E U B A,grandfather,OLEUBA,translate_eng_sp_upper_reverse,translate_eng_sp+uppercase+reverse,True
g r a n d m o t h e r,A L E U B A,grandmother,ALEUBA,translate_eng_sp_upper_reverse,translate_eng_sp+uppercase+reverse,True
u n c l e,O Í T,uncle,OÍT,translate_eng_sp_upper_reverse,translate_eng_sp+uppercase+reverse,True
a u n t,A Í T,aunt,AÍT,translate_eng_sp_upper_reverse,translate_eng_sp+uppercase+reverse,True
c o u s i n,O M I R P,cousin,OMIRP,translate_eng_sp_upper_reverse,translate_eng_sp+uppercase+reverse,True
k i n g,Y E R,king,YER,translate_eng_sp_upper_reverse,translate_eng_sp+uppercase+reverse,True
q u e e n,A N I E R,queen,ANIER,translate_eng_sp_upper_reverse,translate_eng_sp+uppercase+reverse,True
p r i n c e,E P I C N Í R P,prince,EPICNÍRP,translate_eng_sp_upper_reverse,translate_eng_sp+uppercase+reverse,True
p r i n c e s s,A S E C N I R P,princess,ASECNIRP,translate_eng_sp_upper_reverse,translate_eng_sp+uppercase+reverse,True
m a n,E R B M O H,man,ERBMOH,translate_eng_sp_upper_reverse,translate_eng_sp+uppercase+reverse,True
w o m a n,R E J U M,woman,REJUM,translate_eng_sp_upper_reverse,translate_eng_sp+uppercase+reverse,True
g i r l,A Ñ I N,girl,AÑIN,translate_eng_sp_upper_reverse,translate_eng_sp+uppercase+reverse,True
b a b y,É B E B,baby,ÉBEB,translate_eng_sp_upper_reverse,translate_eng_sp+uppercase+reverse,True
d o c t o r,O C I D É M,doctor,OCIDÉM,translate_eng_sp_upper_reverse,translate_eng_sp+uppercase+reverse,True
n u r s e,A R E M R E F N E,nurse,AREMREFNE,translate_eng_sp_upper_reverse,translate_eng_sp+uppercase+reverse,True
l a w y e r,O D A G O B A,lawyer,ODAGOBA,translate_eng_sp_upper_reverse,translate_eng_sp+uppercase+reverse,True
p o l i c e,A Í C I L O P,police,AÍCILOP,translate_eng_sp_upper_reverse,translate_eng_sp+uppercase+reverse,True
s o l d i e r,O D A D L O S,soldier,ODADLOS,translate_eng_sp_upper_reverse,translate_eng_sp+uppercase+reverse,True
f a r m e r,O R E J N A R G,farmer,OREJNARG,translate_eng_sp_upper_reverse,translate_eng_sp+uppercase+reverse,True
w o r k e r,R O D A J A B A R T,worker,RODAJABART,translate_eng_sp_upper_reverse,translate_eng_sp+uppercase+reverse,True
a r t i s t,A T S I T R A,artist,ATSITRA,translate_eng_sp_upper_reverse,translate_eng_sp+uppercase+reverse,True
m u s i c i a n,O C I S Ú M,musician,OCISÚM,translate_eng_sp_upper_reverse,translate_eng_sp+uppercase+reverse,True
s i n g e r,E T N A T N A C,singer,ETNATNAC,translate_eng_sp_upper_reverse,translate_eng_sp+uppercase+reverse,True
